const unsigned char PROGMEM HUM_wav[] = {
  0x52, 0x49, 0x46, 0x46, 0xca, 0xf9, 0x01, 0x00, 0x57, 0x41, 0x56, 0x45,
  0x66, 0x6d, 0x74, 0x20, 0x10, 0x00, 0x00, 0x00, 0x01, 0x00, 0x01, 0x00,
  0x22, 0x56, 0x00, 0x00, 0x44, 0xac, 0x00, 0x00, 0x02, 0x00, 0x10, 0x00,
  0x64, 0x61, 0x74, 0x61, 0xa6, 0xf9, 0x01, 0x00, 0x00, 0x00, 0x00, 0x00,
  0x00, 0x00, 0x02, 0x00, 0x05, 0x00, 0x0c, 0x00, 0x16, 0x00, 0x20, 0x00,
  0x34, 0x00, 0x4c, 0x00, 0x70, 0x00, 0x8a, 0x00, 0xac, 0x00, 0xcd, 0x00,
  0xf5, 0x00, 0x0f, 0x01, 0x38, 0x01, 0x5b, 0x01, 0x83, 0x01, 0xad, 0x01,
  0xda, 0x01, 0x06, 0x02, 0x22, 0x02, 0x51, 0x02, 0x85, 0x02, 0xbd, 0x02,
  0xf1, 0x02, 0x11, 0x03, 0x4c, 0x03, 0x86, 0x03, 0xab, 0x03, 0xe6, 0x03,
  0x0a, 0x04, 0x4c, 0x04, 0x6d, 0x04, 0x90, 0x04, 0xd6, 0x04, 0xfb, 0x04,
  0x1a, 0x05, 0x40, 0x05, 0x8c, 0x05, 0xae, 0x05, 0xd5, 0x05, 0xf3, 0x05,
  0x1d, 0x06, 0x3b, 0x06, 0x63, 0x06, 0x83, 0x06, 0xa7, 0x06, 0xcc, 0x06,
  0xef, 0x06, 0x12, 0x07, 0x37, 0x07, 0x57, 0x07, 0x7e, 0x07, 0xa0, 0x07,
  0x88, 0x07, 0xaa, 0x07, 0xcc, 0x07, 0xef, 0x07, 0x11, 0x08, 0xf3, 0x07,
  0x12, 0x08, 0x36, 0x08, 0x55, 0x08, 0x78, 0x08, 0x52, 0x08, 0x72, 0x08,
  0x92, 0x08, 0xb2, 0x08, 0x89, 0x08, 0xa5, 0x08, 0xc7, 0x08, 0xe5, 0x08,
  0xb4, 0x08, 0xd4, 0x08, 0xf1, 0x08, 0xba, 0x08, 0xdc, 0x08, 0xf4, 0x08,
  0x16, 0x09, 0x2e, 0x09, 0xf7, 0x08, 0xb6, 0x08, 0xd5, 0x08, 0xed, 0x08,
  0xab, 0x08, 0xc8, 0x08, 0x7f, 0x08, 0x9b, 0x08, 0x52, 0x08, 0x68, 0x08,
  0x1f, 0x08, 0x35, 0x08, 0xe6, 0x07, 0x94, 0x07, 0x45, 0x07, 0x54, 0x07,
  0x01, 0x07, 0xa9, 0x06, 0x4b, 0x06, 0xf2, 0x05, 0x93, 0x05, 0x9f, 0x05,
  0x40, 0x05, 0x69, 0x04, 0x01, 0x04, 0x9a, 0x03, 0x2d, 0x03, 0xbf, 0x02,
  0xdb, 0x01, 0x63, 0x01, 0xf4, 0x00, 0xfe, 0xff, 0x87, 0xff, 0x08, 0xff,
  0x89, 0xfe, 0x8b, 0xfd, 0x07, 0xfd, 0xff, 0xfb, 0x79, 0xfb, 0xe6, 0xfa,
  0xde, 0xf9, 0x44, 0xf9, 0xb7, 0xf8, 0x1f, 0xf8, 0x87, 0xf7, 0x65, 0xf6,
  0xc9, 0xf5, 0x27, 0xf5, 0x8a, 0xf4, 0xe2, 0xf3, 0x3f, 0xf3, 0x08, 0xf2,
  0x5c, 0xf1, 0xb0, 0xf0, 0x91, 0xf0, 0xe4, 0xef, 0x2c, 0xef, 0x15, 0xef,
  0x54, 0xee, 0xa8, 0xed, 0x7e, 0xed, 0xc7, 0xec, 0xa4, 0xec, 0xe3, 0xeb,
  0xc4, 0xeb, 0x9c, 0xeb, 0xde, 0xea, 0xb4, 0xea, 0x95, 0xea, 0x6c, 0xea,
  0x4a, 0xea, 0x80, 0xe9, 0x5a, 0xe9, 0x35, 0xe9, 0x0f, 0xe9, 0xea, 0xe8,
  0xc2, 0xe8, 0xa1, 0xe8, 0x75, 0xe8, 0x56, 0xe8, 0x2a, 0xe8, 0x0b, 0xe8,
  0xdf, 0xe7, 0xbe, 0xe7, 0x48, 0xe8, 0x25, 0xe8, 0x00, 0xe8, 0xdc, 0xe7,
  0xb6, 0xe7, 0x93, 0xe7, 0x26, 0xe8, 0x04, 0xe8, 0xdf, 0xe7, 0xbd, 0xe7,
  0x98, 0xe7, 0x34, 0xe8, 0x10, 0xe8, 0xf1, 0xe7, 0x8c, 0xe8, 0x6e, 0xe8,
  0x4a, 0xe8, 0x2a, 0xe8, 0x0a, 0xe8, 0xac, 0xe8, 0x91, 0xe8, 0x6a, 0xe8,
  0x1b, 0xe9, 0xf6, 0xe8, 0xdb, 0xe8, 0xb9, 0xe8, 0x9c, 0xe8, 0x4a, 0xe9,
  0x2d, 0xe9, 0x10, 0xe9, 0xf0, 0xe8, 0xa8, 0xe9, 0x89, 0xe9, 0x6c, 0xe9,
  0x4f, 0xe9, 0x35, 0xe9, 0xec, 0xe9, 0xd5, 0xe9, 0xb6, 0xe9, 0x9a, 0xe9,
  0x81, 0xe9, 0x40, 0xea, 0x27, 0xea, 0xee, 0xea, 0xd0, 0xea, 0x9f, 0xeb,
  0x82, 0xeb, 0x6a, 0xeb, 0x3a, 0xec, 0x05, 0xed, 0xf3, 0xec, 0xc2, 0xed,
  0xb0, 0xed, 0x82, 0xee, 0x60, 0xef, 0x46, 0xef, 0x26, 0xf0, 0x02, 0xf1,
  0xe2, 0xf1, 0xc4, 0xf2, 0xa8, 0xf3, 0x8c, 0xf4, 0x7a, 0xf5, 0x5d, 0xf6,
  0x51, 0xf7, 0x39, 0xf8, 0x30, 0xf9, 0x1f, 0xfa, 0x11, 0xfc, 0x0a, 0xfd,
  0x03, 0xfe, 0x04, 0xff, 0xfd, 0xff, 0x02, 0x02, 0xfe, 0x02, 0x02, 0x04,
  0xff, 0x05, 0xff, 0x06, 0x02, 0x08, 0xfe, 0x09, 0x02, 0x0b, 0xff, 0x0b,
  0xff, 0x0c, 0x01, 0x0e, 0x00, 0x0f, 0x00, 0x10, 0x00, 0x11, 0x00, 0x13,
  0x00, 0x14, 0xff, 0x14, 0x03, 0x16, 0xfc, 0x16, 0x03, 0x18, 0xff, 0x17,
  0xff, 0x18, 0x03, 0x1a, 0xfc, 0x1a, 0x04, 0x1c, 0xfc, 0x1b, 0x04, 0x1d,
  0xfc, 0x1c, 0x04, 0x1e, 0xfc, 0x1d, 0x03, 0x1f, 0xff, 0x1e, 0xff, 0x1f,
  0x03, 0x20, 0xfc, 0x1f, 0x03, 0x21, 0xff, 0x20, 0x00, 0x21, 0x00, 0x21,
  0x00, 0x22, 0x00, 0x22, 0x00, 0x22, 0x00, 0x22, 0x00, 0x22, 0xff, 0x21,
  0x02, 0x23, 0xfe, 0x22, 0x01, 0x23, 0xff, 0x22, 0x01, 0x23, 0xff, 0x22,
  0x01, 0x23, 0x00, 0x22, 0xfe, 0x21, 0x03, 0x22, 0xfd, 0x21, 0x02, 0x22,
  0x00, 0x22, 0xff, 0x21, 0x01, 0x22, 0x00, 0x21, 0xff, 0x20, 0x01, 0x21,
  0xff, 0x1f, 0x01, 0x20, 0xff, 0x1f, 0x01, 0x20, 0xff, 0x1e, 0x01, 0x1f,
  0xfe, 0x1e, 0x02, 0x1f, 0xff, 0x1d, 0x01, 0x1e, 0xff, 0x1d, 0xff, 0x1d,
  0x03, 0x1d, 0xfe, 0x1c, 0x01, 0x1c, 0xff, 0x1b, 0x00, 0x1c, 0x01, 0x1c,
  0x00, 0x1c, 0x00, 0x1b, 0xff, 0x1a, 0x01, 0x1b, 0xff, 0x19, 0x02, 0x1a,
  0xfe, 0x19, 0x01, 0x1a, 0xff, 0x19, 0x01, 0x19, 0xff, 0x18, 0x01, 0x19,
  0xff, 0x17, 0x00, 0x18, 0x01, 0x18, 0xfe, 0x16, 0x03, 0x17, 0xfd, 0x15,
  0x03, 0x16, 0xfc, 0x15, 0x04, 0x15, 0xfe, 0x13, 0x01, 0x14, 0xff, 0x12,
  0x01, 0x12, 0xff, 0x11, 0x02, 0x11, 0xfd, 0x10, 0x03, 0x10, 0xfd, 0x0e,
  0x03, 0x0d, 0xfe, 0x0b, 0x00, 0x0b, 0x02, 0x0b, 0xfe, 0x09, 0x01, 0x08,
  0x00, 0x07, 0xff, 0x05, 0x01, 0x05, 0x00, 0x04, 0x00, 0x03, 0x00, 0x01,
  0x00, 0x00, 0x00, 0xff, 0xff, 0xfd, 0x02, 0xfc, 0xfe, 0xfa, 0x02, 0xf9,
  0xff, 0xf7, 0x00, 0xf7, 0x00, 0xf6, 0x00, 0xf4, 0x00, 0xf3, 0x01, 0xf2,
  0xff, 0xf0, 0x00, 0xf0, 0x00, 0xef, 0x00, 0xed, 0x00, 0xec, 0x00, 0xeb,
  0x01, 0xea, 0xfe, 0xe8, 0x02, 0xe8, 0xfe, 0xe6, 0x02, 0xe6, 0xfe, 0xe5,
  0x02, 0xe5, 0xfd, 0xe3, 0x04, 0xe3, 0xfd, 0xe1, 0x01, 0xe2, 0xff, 0xe0,
  0x00, 0xe1, 0x01, 0xe0, 0x01, 0xe0, 0xfd, 0xde, 0x04, 0xdf, 0xfa, 0xde,
  0x07, 0xde, 0xfb, 0xdd, 0x02, 0xde, 0x02, 0xdd, 0xfb, 0xdc, 0x06, 0xdd,
  0xfb, 0xdc, 0x03, 0xdd, 0xfe, 0xdc, 0x02, 0xdc, 0xfe, 0xdc, 0x02, 0xdd,
  0xfe, 0xdc, 0x01, 0xdd, 0x00, 0xdd, 0xff, 0xdc, 0x01, 0xdd, 0xff, 0xdc,
  0x02, 0xdd, 0xfd, 0xdc, 0x03, 0xde, 0xfc, 0xdd, 0x05, 0xde, 0xfc, 0xdd,
  0x03, 0xde, 0xfd, 0xde, 0x03, 0xdf, 0xfd, 0xde, 0x03, 0xe0, 0xfe, 0xdf,
  0x00, 0xe0, 0x02, 0xe1, 0xfd, 0xe0, 0x03, 0xe1, 0xfd, 0xe0, 0x02, 0xe2,
  0x00, 0xe2, 0xfe, 0xe1, 0x03, 0xe3, 0xfc, 0xe2, 0x04, 0xe3, 0xfe, 0xe3,
  0x00, 0xe4, 0x01, 0xe4, 0xfe, 0xe4, 0x03, 0xe5, 0xfd, 0xe4, 0x02, 0xe6,
  0xff, 0xe5, 0x00, 0xe6, 0x01, 0xe6, 0xff, 0xe6, 0x01, 0xe7, 0xff, 0xe6,
  0x00, 0xe8, 0x01, 0xe8, 0xff, 0xe8, 0x01, 0xe9, 0x00, 0xea, 0xff, 0xe9,
  0x01, 0xeb, 0xff, 0xea, 0x01, 0xec, 0xff, 0xeb, 0x02, 0xed, 0xfd, 0xed,
  0x02, 0xee, 0xff, 0xee, 0x00, 0xf0, 0x01, 0xf1, 0xff, 0xf1, 0x00, 0xf3,
  0x00, 0xf4, 0x01, 0xf5, 0xff, 0xf5, 0x01, 0xf7, 0xff, 0xf7, 0x01, 0xf9,
  0xff, 0xf9, 0x01, 0xfb, 0xff, 0xfb, 0x01, 0xfe, 0x00, 0xff, 0xfe, 0xff,
  0x03, 0x01, 0xfd, 0x01, 0x03, 0x04, 0xfd, 0x04, 0x03, 0x06, 0xfd, 0x07,
  0x02, 0x09, 0x00, 0x0a, 0xfe, 0x0a, 0x03, 0x0c, 0xfd, 0x0d, 0x01, 0x0f,
  0x01, 0x10, 0xff, 0x10, 0x01, 0x12, 0xff, 0x12, 0x00, 0x14, 0x01, 0x15,
  0xff, 0x15, 0x01, 0x17, 0x00, 0x18, 0xfe, 0x17, 0x03, 0x19, 0xfd, 0x19,
  0x02, 0x1b, 0xff, 0x1a, 0x00, 0x1c, 0x01, 0x1d, 0xfe, 0x1c, 0x03, 0x1e,
  0xfd, 0x1d, 0x02, 0x1e, 0xff, 0x1e, 0x00, 0x1f, 0x01, 0x20, 0xff, 0x1f,
  0x01, 0x20, 0xff, 0x1f, 0x00, 0x20, 0x00, 0x21, 0x01, 0x21, 0xfe, 0x20,
  0x03, 0x21, 0xfc, 0x20, 0x04, 0x21, 0xfc, 0x20, 0x04, 0x21, 0xfc, 0x20,
  0x04, 0x21, 0xfd, 0x20, 0x02, 0x21, 0xff, 0x20, 0x00, 0x21, 0x01, 0x20,
  0xfe, 0x1f, 0x02, 0x20, 0xff, 0x1f, 0x00, 0x20, 0x01, 0x20, 0xff, 0x1e,
  0x00, 0x1f, 0x00, 0x1f, 0x00, 0x1f, 0x00, 0x1f, 0x01, 0x1e, 0xfe, 0x1d,
  0x02, 0x1e, 0xfe, 0x1d, 0x01, 0x1d, 0x00, 0x1d, 0xff, 0x1c, 0x01, 0x1d,
  0x00, 0x1c, 0xff, 0x1b, 0x01, 0x1c, 0x00, 0x1c, 0xff, 0x1a, 0x01, 0x1b,
  0x00, 0x1b, 0x00, 0x1b, 0xff, 0x19, 0x03, 0x1a, 0xfc, 0x19, 0x03, 0x19,
  0xfe, 0x18, 0x01, 0x18, 0x00, 0x18, 0x01, 0x17, 0xfd, 0x16, 0x04, 0x16,
  0xfc, 0x15, 0x03, 0x15, 0xff, 0x14, 0xff, 0x13, 0x02, 0x13, 0xff, 0x11,
  0x00, 0x12, 0x01, 0x11, 0xfe, 0x0f, 0x02, 0x0f, 0xff, 0x0d, 0x01, 0x0d,
  0xff, 0x0b, 0x01, 0x0b, 0xfe, 0x08, 0x03, 0x08, 0xfd, 0x06, 0x03, 0x06,
  0xfd, 0x04, 0x02, 0x03, 0x00, 0x02, 0xff, 0x00, 0x01, 0xff, 0xff, 0xfd,
  0x01, 0xfd, 0xff, 0xfa, 0x02, 0xfa, 0xfd, 0xf8, 0x03, 0xf7, 0xfe, 0xf5,
  0x01, 0xf5, 0xff, 0xf2, 0x01, 0xf2, 0xff, 0xf0, 0x02, 0xf0, 0xfe, 0xee,
  0x01, 0xee, 0xfe, 0xec, 0x04, 0xec, 0xfc, 0xea, 0x03, 0xea, 0xfe, 0xe8,
  0xff, 0xe7, 0x04, 0xe7, 0xfb, 0xe5, 0x05, 0xe5, 0xfb, 0xe3, 0x04, 0xe3,
  0xfd, 0xe2, 0x02, 0xe2, 0xff, 0xe1, 0x00, 0xe1, 0x01, 0xe1, 0xff, 0xdf,
  0x00, 0xe0, 0x01, 0xdf, 0xfe, 0xde, 0x03, 0xdf, 0xfd, 0xdd, 0x02, 0xde,
  0xff, 0xdd, 0x00, 0xdd, 0x01, 0xdd, 0xff, 0xdc, 0x01, 0xdd, 0xff, 0xdc,
  0x00, 0xdd, 0x01, 0xdc, 0xff, 0xdb, 0x01, 0xdd, 0x00, 0xdd, 0xff, 0xdc,
  0x01, 0xdd, 0x00, 0xdd, 0xfe, 0xdc, 0x03, 0xdd, 0xfe, 0xdc, 0x01, 0xdd,
  0x00, 0xdd, 0xfe, 0xdd, 0x02, 0xde, 0x00, 0xde, 0xff, 0xdd, 0x01, 0xde,
  0xff, 0xde, 0x00, 0xdf, 0x01, 0xdf, 0xff, 0xde, 0x01, 0xe0, 0xff, 0xdf,
  0x01, 0xe0, 0xff, 0xdf, 0x01, 0xe1, 0xff, 0xe0, 0x02, 0xe1, 0xfd, 0xe0,
  0x03, 0xe2, 0xfe, 0xe1, 0x01, 0xe2, 0x00, 0xe2, 0x00, 0xe3, 0xfe, 0xe2,
  0x03, 0xe3, 0xfe, 0xe2, 0x00, 0xe4, 0x01, 0xe4, 0xff, 0xe3, 0x00, 0xe4,
  0x02, 0xe4, 0xfd, 0xe4, 0x02, 0xe5, 0xfe, 0xe4, 0x03, 0xe5, 0xfd, 0xe5,
  0x04, 0xe6, 0xfb, 0xe5, 0x04, 0xe6, 0xfd, 0xe6, 0x02, 0xe7, 0x00, 0xe7,
  0xfe, 0xe7, 0x02, 0xe8, 0xff, 0xe8, 0x01, 0xe9, 0xff, 0xe9, 0x01, 0xea,
  0xfe, 0xea, 0x03, 0xeb, 0xfd, 0xeb, 0x03, 0xec, 0xfd, 0xec, 0x03, 0xee,
  0xfd, 0xee, 0x02, 0xef, 0xff, 0xef, 0x00, 0xf1, 0x01, 0xf2, 0xfe, 0xf2,
  0x02, 0xf4, 0xff, 0xf4, 0x00, 0xf6, 0x00, 0xf7, 0x00, 0xf8, 0x00, 0xf9,
  0x00, 0xfa, 0x01, 0xfc, 0xfe, 0xfc, 0x02, 0xfe, 0xff, 0xfe, 0x00, 0x00,
  0x00, 0x02, 0x00, 0x03, 0x00, 0x04, 0x01, 0x06, 0xfe, 0x06, 0x02, 0x09,
  0xfe, 0x09, 0x02, 0x0b, 0xff, 0x0b, 0xff, 0x0d, 0x02, 0x0e, 0xfe, 0x0e,
  0x02, 0x10, 0xfe, 0x11, 0x02, 0x13, 0xfe, 0x13, 0x01, 0x15, 0x00, 0x16,
  0xff, 0x16, 0x02, 0x18, 0xfd, 0x18, 0x04, 0x1a, 0xfc, 0x19, 0x03, 0x1b,
  0xfe, 0x1b, 0x01, 0x1d, 0x00, 0x1d, 0x01, 0x1e, 0xfd, 0x1d, 0x03, 0x1f,
  0xfd, 0x1e, 0x03, 0x20, 0xfe, 0x1f, 0x01, 0x20, 0xff, 0x1f, 0x00, 0x21,
  0x01, 0x21, 0xff, 0x20, 0x01, 0x22, 0xfe, 0x21, 0x03, 0x22, 0xfd, 0x21,
  0x02, 0x22, 0xff, 0x21, 0x00, 0x23, 0x01, 0x23, 0xff, 0x22, 0x00, 0x23,
  0x00, 0x23, 0x01, 0x23, 0xff, 0x22, 0x01, 0x22, 0xff, 0x21, 0x00, 0x22,
  0x01, 0x22, 0xff, 0x21, 0x01, 0x22, 0xff, 0x21, 0x00, 0x22, 0x01, 0x21,
  0xfe, 0x20, 0x02, 0x21, 0xff, 0x20, 0x00, 0x20, 0x01, 0x20, 0xfe, 0x1f,
  0x02, 0x20, 0xfe, 0x1e, 0x02, 0x1f, 0xff, 0x1e, 0x00, 0x1e, 0x01, 0x1e,
  0xfe, 0x1d, 0x03, 0x1e, 0xfd, 0x1c, 0x03, 0x1d, 0xfd, 0x1c, 0x02, 0x1c,
  0xff, 0x1b, 0x01, 0x1c, 0x00, 0x1c, 0xfe, 0x1a, 0x03, 0x1b, 0xfc, 0x1a,
  0x04, 0x1b, 0xfd, 0x1a, 0x02, 0x1a, 0xff, 0x19, 0x00, 0x1a, 0xff, 0x18,
  0x02, 0x19, 0xfe, 0x18, 0x02, 0x19, 0xfe, 0x18, 0x01, 0x18, 0x00, 0x18,
  0x00, 0x18, 0x00, 0x17, 0x00, 0x17, 0x00, 0x16, 0x00, 0x15, 0x00, 0x15,
  0x01, 0x15, 0xfe, 0x13, 0x03, 0x13, 0xfc, 0x12, 0x04, 0x12, 0xfd, 0x10,
  0x02, 0x10, 0xff, 0x0e, 0x00, 0x0e, 0x01, 0x0d, 0xfe, 0x0c, 0x02, 0x0c,
  0xfe, 0x09, 0x02, 0x09, 0xff, 0x07, 0x01, 0x07, 0xff, 0x05, 0x00, 0x05,
  0x01, 0x03, 0xff, 0x01, 0x01, 0x01, 0x00, 0x00, 0xff, 0xfe, 0x01, 0xfd,
  0xff, 0xfb, 0x01, 0xfa, 0xff, 0xf8, 0x00, 0xf8, 0x01, 0xf6, 0xff, 0xf4,
  0x01, 0xf3, 0xff, 0xf1, 0x00, 0xf1, 0x01, 0xf0, 0xff, 0xee, 0x02, 0xee,
  0xfd, 0xec, 0x03, 0xec, 0xfe, 0xea, 0x01, 0xe9, 0x00, 0xe8, 0x00, 0xe7,
  0x00, 0xe6, 0xff, 0xe4, 0x02, 0xe5, 0xfd, 0xe3, 0x04, 0xe3, 0xfd, 0xe1,
  0x01, 0xe2, 0x00, 0xe1, 0x00, 0xe1, 0x00, 0xe0, 0x01, 0xe0, 0xfe, 0xde,
  0x02, 0xdf, 0xff, 0xde, 0x01, 0xde, 0xfe, 0xdd, 0x03, 0xde, 0xfc, 0xdd,
  0x05, 0xde, 0xfc, 0xdd, 0x02, 0xdd, 0xff, 0xdc, 0x00, 0xdd, 0x01, 0xdd,
  0xfe, 0xdc, 0x03, 0xdd, 0xfc, 0xdc, 0x04, 0xdd, 0xfd, 0xdd, 0x01, 0xde,
  0x00, 0xde, 0x00, 0xde, 0x00, 0xde, 0x00, 0xde, 0x00, 0xdf, 0xff, 0xde,
  0x02, 0xdf, 0xfe, 0xde, 0x01, 0xdf, 0x00, 0xe0, 0xff, 0xdf, 0x02, 0xe0,
  0xfe, 0xdf, 0x01, 0xe1, 0xff, 0xe0, 0x01, 0xe1, 0x00, 0xe2, 0x00, 0xe2,
  0x00, 0xe2, 0xff, 0xe1, 0x01, 0xe3, 0x00, 0xe3, 0x00, 0xe3, 0xff, 0xe2,
  0x02, 0xe4, 0xfd, 0xe3, 0x04, 0xe4, 0xfc, 0xe4, 0x02, 0xe5, 0x00, 0xe5,
  0x00, 0xe6, 0x00, 0xe6, 0xff, 0xe5, 0x01, 0xe7, 0x00, 0xe7, 0x00, 0xe7,
  0x00, 0xe8, 0xff, 0xe7, 0x01, 0xe9, 0x00, 0xe9, 0x00, 0xea, 0xff, 0xe9,
  0x02, 0xeb, 0xfe, 0xea, 0x02, 0xec, 0xfe, 0xeb, 0x02, 0xed, 0xfd, 0xed,
  0x05, 0xee, 0xfb, 0xee, 0x03, 0xf0, 0xff, 0xf0, 0xff, 0xf1, 0x03, 0xf3,
  0xfc, 0xf2, 0x04, 0xf4, 0xfd, 0xf4, 0x01, 0xf6, 0x01, 0xf8, 0xfe, 0xf8,
  0x02, 0xfa, 0xff, 0xfa, 0x00, 0xfc, 0x00, 0xfd, 0x00, 0xff, 0x00, 0x00,
  0x00, 0x01, 0x00, 0x02, 0x00, 0x03, 0xff, 0x04, 0x02, 0x06, 0xfe, 0x06,
  0x02, 0x08, 0xfe, 0x09, 0x01, 0x0b, 0x00, 0x0c, 0x00, 0x0d, 0xff, 0x0e,
  0x02, 0x10, 0xfe, 0x10, 0x02, 0x12, 0xfe, 0x12, 0x01, 0x14, 0x00, 0x15,
  0x00, 0x16, 0x01, 0x17, 0xfe, 0x17, 0x03, 0x18, 0xfc, 0x18, 0x05, 0x1a,
  0xfb, 0x1a, 0x05, 0x1b, 0xfc, 0x1b, 0x03, 0x1c, 0xfd, 0x1c, 0x03, 0x1e,
  0xfd, 0x1d, 0x03, 0x1f, 0xff, 0x1e, 0xff, 0x1e, 0x02, 0x20, 0xfd, 0x1f,
  0x02, 0x20, 0x00, 0x20, 0x00, 0x21, 0x00, 0x21, 0xff, 0x20, 0x01, 0x21,
  0xff, 0x20, 0x01, 0x21, 0xff, 0x20, 0x00, 0x21, 0x01, 0x21, 0xff, 0x20,
  0x00, 0x21, 0x00, 0x21, 0x00, 0x21, 0x01, 0x21, 0xff, 0x20, 0x00, 0x21,
  0x01, 0x21, 0xfe, 0x20, 0x02, 0x21, 0xff, 0x1f, 0x00, 0x20, 0x02, 0x20,
  0xfc, 0x1f, 0x04, 0x20, 0xfd, 0x1e, 0x02, 0x1f, 0xff, 0x1e, 0x00, 0x1f,
  0x01, 0x1f, 0xfe, 0x1e, 0x02, 0x1e, 0xfe, 0x1d, 0x02, 0x1e, 0xfe, 0x1d,
  0x02, 0x1d, 0xfe, 0x1c, 0x02, 0x1d, 0xff, 0x1c, 0x00, 0x1c, 0x00, 0x1c,
  0x00, 0x1c, 0x00, 0x1c, 0x00, 0x1b, 0x01, 0x1b, 0xfe, 0x1a, 0x02, 0x1b,
  0xfd, 0x19, 0x03, 0x1a, 0xff, 0x19, 0xff, 0x18, 0x02, 0x19, 0xfe, 0x17,
  0x01, 0x18, 0x00, 0x18, 0xff, 0x16, 0x02, 0x17, 0xfe, 0x15, 0x02, 0x16,
  0xfe, 0x14, 0x01, 0x14, 0x00, 0x14, 0x00, 0x13, 0x00, 0x13, 0x00, 0x12,
  0x00, 0x11, 0x00, 0x10, 0x00, 0x0f, 0x00, 0x0e, 0x01, 0x0d, 0xfe, 0x0c,
  0x02, 0x0c, 0xfe, 0x0a, 0x01, 0x0a, 0x01, 0x09, 0xff, 0x07, 0x00, 0x07,
  0x00, 0x06, 0xff, 0x04, 0x02, 0x03, 0xfe, 0x01, 0x02, 0x01, 0xfe, 0xff,
  0x02, 0xff, 0xfe, 0xfc, 0x01, 0xfc, 0x00, 0xfb, 0x00, 0xf9, 0xff, 0xf7,
  0x02, 0xf7, 0xfd, 0xf5, 0x03, 0xf5, 0xfe, 0xf3, 0x01, 0xf3, 0xff, 0xf1,
  0x02, 0xf1, 0xfd, 0xee, 0x03, 0xee, 0xfd, 0xec, 0x02, 0xec, 0x01, 0xeb,
  0xfd, 0xe9, 0x03, 0xe9, 0xfd, 0xe7, 0x02, 0xe7, 0x00, 0xe7, 0x00, 0xe6,
  0xff, 0xe4, 0x01, 0xe4, 0xff, 0xe3, 0x01, 0xe3, 0x00, 0xe3, 0xff, 0xe1,
  0x01, 0xe1, 0xff, 0xe0, 0x01, 0xe0, 0xff, 0xdf, 0x01, 0xdf, 0xff, 0xde,
  0x01, 0xdf, 0xff, 0xdd, 0x00, 0xde, 0x01, 0xdd, 0xff, 0xdc, 0x00, 0xdd,
  0x01, 0xdd, 0xfe, 0xdc, 0x02, 0xdd, 0xff, 0xdc, 0x00, 0xdd, 0x00, 0xdd,
  0x00, 0xdd, 0x00, 0xdd, 0x00, 0xdd, 0x00, 0xdd, 0x00, 0xdd, 0x00, 0xdd,
  0x00, 0xdd, 0x00, 0xdd, 0x00, 0xde, 0x00, 0xde, 0x00, 0xde, 0x00, 0xde,
  0x01, 0xde, 0xfe, 0xde, 0x02, 0xdf, 0xff, 0xde, 0xff, 0xde, 0x03, 0xe0,
  0xfd, 0xdf, 0x01, 0xe0, 0x01, 0xe0, 0xfd, 0xe0, 0x04, 0xe1, 0xfc, 0xe0,
  0x04, 0xe1, 0xfc, 0xe1, 0x03, 0xe2, 0xfe, 0xe1, 0x02, 0xe3, 0xfd, 0xe2,
  0x04, 0xe3, 0xfc, 0xe2, 0x03, 0xe4, 0xff, 0xe3, 0x00, 0xe4, 0x00, 0xe4,
  0x00, 0xe5, 0xff, 0xe4, 0x02, 0xe5, 0xff, 0xe5, 0x00, 0xe6, 0x00, 0xe6,
  0x00, 0xe6, 0x00, 0xe7, 0x01, 0xe7, 0xfe, 0xe7, 0x02, 0xe8, 0xff, 0xe7,
  0x00, 0xe9, 0x01, 0xe9, 0xfe, 0xe9, 0x02, 0xea, 0xff, 0xea, 0x01, 0xeb,
  0xfe, 0xeb, 0x03, 0xed, 0xfd, 0xec, 0x03, 0xee, 0xfe, 0xee, 0x01, 0xf0,
  0xff, 0xf0, 0x01, 0xf2, 0xff, 0xf1, 0x01, 0xf3, 0xff, 0xf3, 0x01, 0xf5,
  0xff, 0xf5, 0x00, 0xf7, 0x01, 0xf8, 0xfe, 0xf9, 0x02, 0xfb, 0xff, 0xfb,
  0x00, 0xfd, 0x01, 0xfe, 0xff, 0xff, 0x00, 0x01, 0x01, 0x02, 0xfe, 0x02,
  0x03, 0x05, 0xfd, 0x05, 0x02, 0x07, 0xfe, 0x08, 0x02, 0x0a, 0xff, 0x0a,
  0x01, 0x0c, 0xfd, 0x0c, 0x04, 0x0e, 0xfc, 0x0f, 0x03, 0x11, 0xff, 0x11,
  0x00, 0x13, 0x00, 0x14, 0x00, 0x15, 0x00, 0x16, 0x00, 0x17, 0x00, 0x18,
  0x00, 0x19, 0x00, 0x1a, 0x00, 0x1a, 0x00, 0x1b, 0x00, 0x1c, 0xff, 0x1b,
  0x02, 0x1d, 0xff, 0x1c, 0x00, 0x1e, 0x00, 0x1e, 0x00, 0x1f, 0xff, 0x1e,
  0x03, 0x20, 0xfc, 0x1f, 0x05, 0x20, 0xfa, 0x20, 0x06, 0x21, 0xfa, 0x20,
  0x05, 0x21, 0xfe, 0x20, 0x00, 0x22, 0x00, 0x22, 0x01, 0x22, 0xfe, 0x21,
  0x03, 0x22, 0xfd, 0x21, 0x02, 0x22, 0xff, 0x21, 0x00, 0x22, 0x01, 0x22,
  0xff, 0x21, 0x01, 0x22, 0x00, 0x21, 0xfe, 0x20, 0x03, 0x21, 0xfe, 0x20,
  0x01, 0x21, 0x00, 0x21, 0xff, 0x1f, 0x01, 0x20, 0x00, 0x20, 0x00, 0x20,
  0x00, 0x1f, 0xff, 0x1e, 0x02, 0x1f, 0xfe, 0x1e, 0x02, 0x1f, 0xff, 0x1d,
  0xff, 0x1d, 0x03, 0x1e, 0xfc, 0x1c, 0x04, 0x1d, 0xfd, 0x1c, 0x01, 0x1d,
  0x01, 0x1c, 0xfd, 0x1b, 0x04, 0x1c, 0xfd, 0x1b, 0x02, 0x1b, 0xfe, 0x1a,
  0x01, 0x1b, 0x00, 0x1b, 0xff, 0x19, 0x03, 0x1a, 0xfc, 0x19, 0x03, 0x1a,
  0xfe, 0x18, 0x01, 0x19, 0x01, 0x19, 0xfe, 0x17, 0x02, 0x18, 0xfe, 0x16,
  0x02, 0x17, 0xff, 0x16, 0x00, 0x16, 0x01, 0x16, 0xfe, 0x14, 0x03, 0x14,
  0xfd, 0x13, 0x02, 0x13, 0xff, 0x11, 0x00, 0x12, 0x01, 0x11, 0xff, 0x0f,
  0x00, 0x0f, 0x01, 0x0e, 0xfe, 0x0c, 0x02, 0x0c, 0xff, 0x0a, 0x00, 0x0a,
  0x01, 0x09, 0xff, 0x06, 0xff, 0x05, 0x03, 0x05, 0xfc, 0x03, 0x04, 0x03,
  0xfd, 0x00, 0x02, 0x00, 0xfe, 0xfd, 0x03, 0xfd, 0xfc, 0xfb, 0x04, 0xfb,
  0xfc, 0xf8, 0x04, 0xf8, 0xfd, 0xf5, 0x02, 0xf5, 0xfe, 0xf3, 0x01, 0xf3,
  0x00, 0xf1, 0x01, 0xf0, 0xfe, 0xee, 0x02, 0xee, 0xfe, 0xec, 0x01, 0xec,
  0x00, 0xeb, 0x00, 0xea, 0x01, 0xe9, 0xff, 0xe7, 0xff, 0xe6, 0x01, 0xe6,
  0x00, 0xe5, 0x00, 0xe4, 0x00, 0xe4, 0x00, 0xe3, 0xff, 0xe1, 0x02, 0xe1,
  0xfe, 0xe0, 0x01, 0xe0, 0x00, 0xe0, 0xff, 0xdf, 0x02, 0xdf, 0xfe, 0xde,
  0x01, 0xde, 0x00, 0xde, 0xff, 0xdd, 0x02, 0xde, 0xfe, 0xdc, 0x01, 0xdd,
  0x00, 0xdd, 0xff, 0xdc, 0x02, 0xdd, 0xfe, 0xdc, 0x02, 0xdd, 0xfd, 0xdc,
  0x03, 0xdd, 0xfe, 0xdc, 0x01, 0xdd, 0x01, 0xdd, 0xfe, 0xdc, 0x01, 0xdd,
  0x00, 0xdd, 0x00, 0xdd, 0x01, 0xde, 0xfe, 0xdd, 0x02, 0xde, 0xfe, 0xdd,
  0x03, 0xde, 0xfd, 0xde, 0x02, 0xdf, 0xfe, 0xde, 0x02, 0xdf, 0xff, 0xdf,
  0x00, 0xe0, 0x01, 0xe0, 0xfe, 0xdf, 0x03, 0xe1, 0xfd, 0xe0, 0x02, 0xe1,
  0xff, 0xe0, 0x01, 0xe2, 0xff, 0xe1, 0x01, 0xe2, 0xff, 0xe2, 0x00, 0xe3,
  0x01, 0xe3, 0xff, 0xe2, 0x01, 0xe4, 0xff, 0xe3, 0x00, 0xe4, 0x00, 0xe4,
  0x00, 0xe4, 0x01, 0xe5, 0xff, 0xe4, 0x00, 0xe5, 0x01, 0xe5, 0xfe, 0xe5,
  0x02, 0xe6, 0xff, 0xe5, 0x00, 0xe7, 0x01, 0xe7, 0xfe, 0xe6, 0x02, 0xe7,
  0xff, 0xe7, 0x00, 0xe8, 0x01, 0xe9, 0xfe, 0xe8, 0x03, 0xea, 0xfd, 0xe9,
  0x03, 0xeb, 0xfd, 0xea, 0x02, 0xec, 0xff, 0xeb, 0x01, 0xed, 0xff, 0xed,
  0x01, 0xef, 0xff, 0xee, 0x00, 0xf0, 0x01, 0xf1, 0xff, 0xf1, 0x00, 0xf3,
  0x01, 0xf4, 0x00, 0xf5, 0xfe, 0xf5, 0x03, 0xf7, 0xfd, 0xf7, 0x03, 0xf9,
  0xfd, 0xf9, 0x03, 0xfb, 0xfd, 0xfc, 0x03, 0xfe, 0xfe, 0xfe, 0x00, 0x00,
  0x01, 0x01, 0xff, 0x01, 0x01, 0x04, 0xff, 0x04, 0x01, 0x07, 0xfe, 0x07,
  0x03, 0x09, 0xfd, 0x0a, 0x02, 0x0c, 0xff, 0x0c, 0x00, 0x0e, 0x01, 0x0f,
  0x00, 0x10, 0xfe, 0x10, 0x03, 0x12, 0xfd, 0x12, 0x02, 0x14, 0x00, 0x15,
  0xfe, 0x15, 0x03, 0x17, 0xfd, 0x17, 0x02, 0x19, 0xff, 0x19, 0x00, 0x1b,
  0x01, 0x1c, 0xff, 0x1b, 0x01, 0x1d, 0xff, 0x1c, 0x01, 0x1e, 0xff, 0x1d,
  0x01, 0x1f, 0x00, 0x1f, 0xff, 0x1f, 0x01, 0x20, 0x00, 0x20, 0xfe, 0x1f,
  0x03, 0x21, 0xfd, 0x20, 0x03, 0x21, 0xfe, 0x20, 0x00, 0x22, 0x01, 0x22,
  0xff, 0x21, 0x01, 0x22, 0xff, 0x21, 0x01, 0x22, 0xff, 0x21, 0x01, 0x22,
  0xfe, 0x21, 0x03, 0x22, 0xfd, 0x21, 0x02, 0x22, 0xff, 0x21, 0x00, 0x22,
  0x01, 0x22, 0xfe, 0x21, 0x03, 0x22, 0xfd, 0x20, 0x02, 0x21, 0xff, 0x20,
  0x00, 0x21, 0x01, 0x21, 0xff, 0x20, 0x01, 0x20, 0xff, 0x1f, 0x01, 0x20,
  0xff, 0x1f, 0x00, 0x1f, 0x01, 0x1f, 0xff, 0x1e, 0x00, 0x1f, 0x02, 0x1e,
  0xfc, 0x1d, 0x04, 0x1e, 0xfd, 0x1d, 0x02, 0x1d, 0xfe, 0x1c, 0x02, 0x1d,
  0xfe, 0x1c, 0x02, 0x1c, 0xff, 0x1b, 0xff, 0x1b, 0x01, 0x1b, 0x01, 0x1b,
  0xfe, 0x1a, 0x02, 0x1b, 0xfe, 0x1a, 0x01, 0x1a, 0x00, 0x1a, 0x00, 0x1a,
  0x00, 0x1a, 0x00, 0x19, 0xff, 0x18, 0x01, 0x19, 0xff, 0x18, 0x02, 0x18,
  0xfe, 0x17, 0x02, 0x18, 0xfd, 0x16, 0x03, 0x17, 0xfe, 0x15, 0x01, 0x16,
  0x01, 0x15, 0xfe, 0x13, 0x01, 0x14, 0x01, 0x13, 0xfd, 0x11, 0x04, 0x12,
  0xfd, 0x10, 0x01, 0x10, 0x01, 0x0f, 0xfe, 0x0d, 0x02, 0x0d, 0xfe, 0x0b,
  0x02, 0x0b, 0xfe, 0x08, 0x02, 0x08, 0xfe, 0x06, 0x03, 0x06, 0xfc, 0x04,
  0x04, 0x03, 0xfd, 0x01, 0x02, 0x01, 0xff, 0xfe, 0x01, 0xfe, 0xfe, 0xfc,
  0x03, 0xfb, 0xfc, 0xf9, 0x04, 0xf9, 0xfd, 0xf6, 0x01, 0xf6, 0x00, 0xf4,
  0xff, 0xf2, 0x01, 0xf2, 0x00, 0xf1, 0xfe, 0xee, 0x04, 0xee, 0xfb, 0xec,
  0x04, 0xec, 0xfe, 0xea, 0x00, 0xea, 0x01, 0xe9, 0xff, 0xe7, 0x00, 0xe7,
  0x02, 0xe6, 0xfd, 0xe4, 0x02, 0xe5, 0xff, 0xe3, 0x00, 0xe3, 0x01, 0xe2,
  0xff, 0xe1, 0x00, 0xe1, 0x01, 0xe0, 0xff, 0xdf, 0x01, 0xe0, 0xff, 0xde,
  0x00, 0xdf, 0x01, 0xdf, 0xff, 0xdd, 0x01, 0xde, 0xff, 0xdd, 0x00, 0xde,
  0x00, 0xde, 0x01, 0xde, 0xff, 0xdd, 0x01, 0xdd, 0xff, 0xdc, 0x00, 0xdd,
  0x00, 0xdd, 0x01, 0xdd, 0xff, 0xdd, 0x00, 0xde, 0x00, 0xde, 0x01, 0xde,
  0xfe, 0xdd, 0x02, 0xde, 0xfe, 0xdd, 0x02, 0xdf, 0xfe, 0xde, 0x02, 0xdf,
  0xfd, 0xde, 0x04, 0xdf, 0xfe, 0xdf, 0xff, 0xdf, 0x02, 0xe0, 0xfe, 0xdf,
  0x02, 0xe1, 0xfe, 0xe0, 0x02, 0xe1, 0xff, 0xe0, 0x00, 0xe2, 0x01, 0xe2,
  0xfe, 0xe1, 0x02, 0xe2, 0xff, 0xe2, 0x00, 0xe3, 0x00, 0xe3, 0x00, 0xe3,
  0x01, 0xe4, 0xff, 0xe3, 0x00, 0xe4, 0x00, 0xe5, 0x00, 0xe5, 0x01, 0xe5,
  0xff, 0xe5, 0x00, 0xe6, 0x00, 0xe7, 0x00, 0xe7, 0x01, 0xe7, 0xff, 0xe7,
  0x00, 0xe8, 0x01, 0xe9, 0xfe, 0xe8, 0x02, 0xea, 0xff, 0xe9, 0x01, 0xeb,
  0xff, 0xeb, 0x00, 0xec, 0x01, 0xed, 0xfe, 0xed, 0x03, 0xee, 0xfd, 0xee,
  0x01, 0xf0, 0x01, 0xf1, 0xfe, 0xf1, 0x02, 0xf3, 0xfe, 0xf3, 0x02, 0xf5,
  0xfe, 0xf5, 0x02, 0xf7, 0xff, 0xf7, 0xff, 0xf8, 0x02, 0xfa, 0xfe, 0xfa,
  0x02, 0xfd, 0xff, 0xfd, 0xff, 0xfe, 0x02, 0x01, 0xfe, 0x01, 0x02, 0x04,
  0xff, 0x04, 0xff, 0x05, 0x02, 0x07, 0xff, 0x07, 0x00, 0x0a, 0x01, 0x0b,
  0xfe, 0x0b, 0x01, 0x0d, 0x01, 0x0f, 0xfe, 0x0f, 0x03, 0x11, 0xfc, 0x11,
  0x04, 0x13, 0xfd, 0x13, 0x01, 0x16, 0x01, 0x17, 0xfd, 0x17, 0x04, 0x19,
  0xfd, 0x18, 0x01, 0x1a, 0x00, 0x1b, 0xff, 0x1b, 0x01, 0x1c, 0x00, 0x1d,
  0x00, 0x1d, 0x00, 0x1e, 0xff, 0x1d, 0x02, 0x1f, 0xfe, 0x1e, 0x02, 0x20,
  0xfe, 0x1f, 0x02, 0x20, 0xff, 0x20, 0x01, 0x21, 0xfe, 0x20, 0x02, 0x21,
  0xfe, 0x21, 0x03, 0x22, 0xfd, 0x21, 0x02, 0x22, 0xff, 0x21, 0x00, 0x22,
  0x01, 0x22, 0xff, 0x21, 0x00, 0x22, 0x01, 0x22, 0xff, 0x21, 0x01, 0x22,
  0x00, 0x22, 0xff, 0x21, 0x00, 0x21, 0x01, 0x21, 0xff, 0x20, 0x02, 0x21,
  0xfe, 0x20, 0x00, 0x21, 0x01, 0x20, 0xff, 0x1f, 0x01, 0x20, 0xff, 0x1f,
  0x01, 0x20, 0x00, 0x1f, 0xff, 0x1e, 0x01, 0x1f, 0xff, 0x1e, 0x02, 0x1e,
  0xfe, 0x1d, 0x01, 0x1e, 0x00, 0x1e, 0x00, 0x1e, 0x01, 0x1d, 0xfe, 0x1c,
  0x02, 0x1d, 0xfe, 0x1b, 0x03, 0x1c, 0xfd, 0x1b, 0x02, 0x1c, 0xff, 0x1b,
  0x00, 0x1c, 0x01, 0x1b, 0xff, 0x1a, 0x00, 0x1b, 0x01, 0x1a, 0xfe, 0x19,
  0x03, 0x1a, 0xfc, 0x19, 0x04, 0x19, 0xfc, 0x18, 0x04, 0x19, 0xfc, 0x17,
  0x03, 0x18, 0xfe, 0x16, 0x01, 0x17, 0x00, 0x16, 0xfe, 0x15, 0x03, 0x15,
  0xfe, 0x14, 0x00, 0x14, 0x01, 0x13, 0xff, 0x12, 0x00, 0x12, 0x01, 0x11,
  0xff, 0x0f, 0x00, 0x0f, 0x01, 0x0e, 0xff, 0x0c, 0x00, 0x0c, 0x01, 0x0b,
  0xff, 0x09, 0x00, 0x09, 0x02, 0x08, 0xfc, 0x06, 0x04, 0x06, 0xfd, 0x03,
  0x02, 0x03, 0x00, 0x02, 0xfe, 0x00, 0x02, 0xff, 0xfe, 0xfd, 0x02, 0xfd,
  0xff, 0xfb, 0x01, 0xfa, 0xfd, 0xf8, 0x05, 0xf7, 0xfb, 0xf5, 0x04, 0xf5,
  0xfd, 0xf2, 0x02, 0xf2, 0xfe, 0xf0, 0x03, 0xf0, 0xfd, 0xee, 0x02, 0xee,
  0xff, 0xec, 0xff, 0xeb, 0x03, 0xeb, 0xfc, 0xe8, 0x04, 0xe8, 0xfc, 0xe6,
  0x03, 0xe6, 0xff, 0xe5, 0xff, 0xe4, 0x01, 0xe4, 0x00, 0xe3, 0xff, 0xe1,
  0x02, 0xe2, 0xfd, 0xe0, 0x02, 0xe1, 0x01, 0xe0, 0xfd, 0xdf, 0x03, 0xdf,
  0xfe, 0xde, 0x01, 0xde, 0x00, 0xde, 0x00, 0xde, 0xff, 0xdd, 0x01, 0xdd,
  0x00, 0xdd, 0xff, 0xdc, 0x01, 0xdc, 0x00, 0xdc, 0xfe, 0xdb, 0x04, 0xdc,
  0xfb, 0xdb, 0x05, 0xdc, 0xfc, 0xdb, 0x02, 0xdc, 0x00, 0xdc, 0xff, 0xdb,
  0x02, 0xdc, 0xfd, 0xdb, 0x03, 0xdc, 0xfd, 0xdb, 0x03, 0xdd, 0xfe, 0xdc,
  0x01, 0xdd, 0x00, 0xde, 0xff, 0xdd, 0x00, 0xde, 0x02, 0xde, 0xfd, 0xdd,
  0x03, 0xdf, 0xfe, 0xde, 0x00, 0xdf, 0x02, 0xdf, 0xfd, 0xdf, 0x02, 0xe0,
  0xff, 0xdf, 0x01, 0xe0, 0xff, 0xe0, 0x01, 0xe1, 0xff, 0xe1, 0x00, 0xe2,
  0x01, 0xe2, 0xff, 0xe1, 0x00, 0xe2, 0x01, 0xe3, 0xfe, 0xe2, 0x02, 0xe3,
  0xff, 0xe3, 0x00, 0xe4, 0x00, 0xe4, 0x00, 0xe4, 0x00, 0xe4, 0x00, 0xe4,
  0x00, 0xe5, 0x00, 0xe5, 0x00, 0xe5, 0x00, 0xe6, 0x00, 0xe6, 0x00, 0xe6,
  0x00, 0xe6, 0xff, 0xe6, 0x02, 0xe7, 0xfe, 0xe6, 0x02, 0xe7, 0xfd, 0xe7,
  0x03, 0xe8, 0xfe, 0xe8, 0x02, 0xe9, 0xfe, 0xe8, 0x00, 0xea, 0x01, 0xeb,
  0xff, 0xea, 0x02, 0xec, 0xfd, 0xeb, 0x02, 0xed, 0xff, 0xed, 0x00, 0xee,
  0x02, 0xef, 0xfc, 0xef, 0x05, 0xf1, 0xfb, 0xf1, 0x04, 0xf3, 0xfe, 0xf3,
  0x00, 0xf5, 0x02, 0xf6, 0xfd, 0xf6, 0x03, 0xf8, 0xfe, 0xf8, 0x01, 0xfb,
  0x00, 0xfc, 0xff, 0xfc, 0x02, 0xfe, 0xfe, 0xfe, 0x02, 0x01, 0xfe, 0x01,
  0x00, 0x03, 0x02, 0x04, 0xfe, 0x05, 0x02, 0x07, 0xfd, 0x08, 0x02, 0x0a,
  0xff, 0x0a, 0x01, 0x0d, 0x00, 0x0e, 0xfe, 0x0e, 0x03, 0x10, 0xfc, 0x10,
  0x04, 0x12, 0xfe, 0x12, 0x00, 0x14, 0x01, 0x15, 0xff, 0x15, 0x00, 0x17,
  0x01, 0x18, 0xff, 0x18, 0x01, 0x1a, 0xff, 0x1a, 0x00, 0x1c, 0x00, 0x1c,
  0x00, 0x1d, 0x01, 0x1e, 0xff, 0x1d, 0x00, 0x1f, 0xff, 0x1e, 0x02, 0x1f,
  0xfe, 0x1f, 0x02, 0x20, 0xfe, 0x1f, 0x01, 0x21, 0x00, 0x21, 0x01, 0x21,
  0xfe, 0x20, 0x02, 0x22, 0xfe, 0x21, 0x01, 0x22, 0x01, 0x22, 0xfe, 0x21,
  0x03, 0x22, 0xfc, 0x21, 0x04, 0x22, 0xfc, 0x21, 0x04, 0x22, 0xfd, 0x22,
  0x02, 0x22, 0xfe, 0x21, 0x02, 0x22, 0xfe, 0x21, 0x02, 0x22, 0xff, 0x21,
  0x00, 0x22, 0x00, 0x22, 0x00, 0x21, 0xff, 0x20, 0x02, 0x21, 0xfe, 0x20,
  0x02, 0x21, 0xfe, 0x1f, 0x01, 0x20, 0xff, 0x1f, 0x01, 0x20, 0x00, 0x1f,
  0xff, 0x1e, 0x01, 0x1f, 0xff, 0x1d, 0x01, 0x1e, 0xff, 0x1d, 0x01, 0x1e,
  0x00, 0x1d, 0xff, 0x1c, 0x02, 0x1d, 0xfd, 0x1b, 0x04, 0x1c, 0xfc, 0x1b,
  0x04, 0x1b, 0xfc, 0x1a, 0x04, 0x1b, 0xfc, 0x1a, 0x04, 0x1a, 0xfc, 0x19,
  0x03, 0x1a, 0xff, 0x18, 0xff, 0x18, 0x02, 0x19, 0xfe, 0x17, 0x02, 0x18,
  0xfe, 0x16, 0x01, 0x17, 0x00, 0x17, 0x00, 0x16, 0x01, 0x15, 0xfe, 0x14,
  0x02, 0x14, 0xfd, 0x13, 0x04, 0x13, 0xfd, 0x11, 0x02, 0x11, 0xff, 0x10,
  0xff, 0x0f, 0x02, 0x0f, 0xfe, 0x0d, 0x02, 0x0d, 0xfe, 0x0b, 0x02, 0x0b,
  0xff, 0x09, 0xff, 0x08, 0x03, 0x07, 0xfc, 0x05, 0x04, 0x05, 0xfe, 0x03,
  0xff, 0x02, 0x04, 0x01, 0xfb, 0xff, 0x05, 0xff, 0xfc, 0xfd, 0x02, 0xfc,
  0x00, 0xfb, 0x00, 0xf9, 0xff, 0xf7, 0x02, 0xf7, 0xfe, 0xf5, 0x01, 0xf4,
  0x00, 0xf3, 0xff, 0xf1, 0x02, 0xf0, 0xfe, 0xee, 0x02, 0xee, 0xfe, 0xec,
  0x01, 0xec, 0x00, 0xeb, 0x00, 0xea, 0x00, 0xe9, 0x00, 0xe8, 0x00, 0xe7,
  0x00, 0xe7, 0x00, 0xe6, 0x00, 0xe5, 0xff, 0xe3, 0x02, 0xe3, 0xfe, 0xe1,
  0x02, 0xe2, 0xfe, 0xe1, 0x01, 0xe1, 0x00, 0xe0, 0x00, 0xe0, 0x00, 0xdf,
  0x00, 0xdf, 0x00, 0xdf, 0xff, 0xde, 0x02, 0xde, 0xfe, 0xdd, 0x02, 0xde,
  0xfe, 0xdd, 0x01, 0xde, 0xff, 0xdd, 0x02, 0xde, 0xfe, 0xdd, 0x02, 0xde,
  0xfe, 0xdd, 0x01, 0xde, 0x01, 0xde, 0xfe, 0xdd, 0x02, 0xde, 0xfe, 0xdd,
  0x01, 0xde, 0x01, 0xde, 0xfe, 0xde, 0x02, 0xdf, 0xfe, 0xde, 0x02, 0xdf,
  0xfe, 0xde, 0x03, 0xe0, 0xfc, 0xdf, 0x04, 0xe0, 0xfd, 0xdf, 0x02, 0xe0,
  0x00, 0xe1, 0xfe, 0xe0, 0x03, 0xe1, 0xfd, 0xe0, 0x02, 0xe2, 0xff, 0xe1,
  0x01, 0xe2, 0xfe, 0xe1, 0x04, 0xe3, 0xfb, 0xe2, 0x05, 0xe3, 0xfc, 0xe2,
  0x02, 0xe4, 0x00, 0xe4, 0xff, 0xe3, 0x01, 0xe5, 0x00, 0xe5, 0xff, 0xe4,
  0x01, 0xe5, 0x00, 0xe6, 0xfe, 0xe5, 0x03, 0xe6, 0xfe, 0xe6, 0x01, 0xe7,
  0x00, 0xe8, 0xff, 0xe7, 0x01, 0xe9, 0x00, 0xe9, 0x00, 0xea, 0x00, 0xea,
  0x00, 0xeb, 0x00, 0xec, 0x00, 0xec, 0x00, 0xed, 0xff, 0xed, 0x03, 0xef,
  0xfc, 0xee, 0x03, 0xf0, 0xfe, 0xf0, 0x01, 0xf2, 0x00, 0xf3, 0x00, 0xf5,
  0xfe, 0xf5, 0x03, 0xf7, 0xfe, 0xf7, 0x01, 0xf9, 0x00, 0xfa, 0xfe, 0xfb,
  0x03, 0xfd, 0xfd, 0xfd, 0x03, 0xff, 0xfe, 0xff, 0x00, 0x02, 0x01, 0x04,
  0xff, 0x04, 0x00, 0x07, 0x02, 0x08, 0xfc, 0x08, 0x05, 0x0b, 0xfc, 0x0b,
  0x02, 0x0e, 0x00, 0x0f, 0xff, 0x0f, 0x01, 0x11, 0xff, 0x11, 0x02, 0x13,
  0xfd, 0x13, 0x04, 0x16, 0xfc, 0x16, 0x02, 0x18, 0x01, 0x18, 0xfd, 0x18,
  0x03, 0x1a, 0xff, 0x1a, 0xff, 0x1b, 0x01, 0x1d, 0x00, 0x1d, 0xff, 0x1d,
  0x03, 0x1e, 0xfc, 0x1e, 0x03, 0x1f, 0xfe, 0x1e, 0x02, 0x20, 0xff, 0x1f,
  0x00, 0x20, 0x00, 0x20, 0x00, 0x21, 0x01, 0x21, 0xff, 0x20, 0x00, 0x22,
  0x00, 0x22, 0x00, 0x22, 0x00, 0x22, 0x01, 0x22, 0xfe, 0x21, 0x01, 0x22,
  0x00, 0x23, 0x00, 0x23, 0xff, 0x21, 0x03, 0x22, 0xfb, 0x21, 0x05, 0x22,
  0xfd, 0x21, 0x01, 0x22, 0x01, 0x22, 0xfe, 0x21, 0x02, 0x22, 0xfe, 0x21,
  0x02, 0x22, 0xff, 0x21, 0x00, 0x21, 0x01, 0x21, 0xfe, 0x20, 0x02, 0x21,
  0xfe, 0x1f, 0x02, 0x20, 0xff, 0x1f, 0x00, 0x20, 0x01, 0x20, 0xfd, 0x1e,
  0x04, 0x1f, 0xfd, 0x1e, 0x02, 0x1f, 0xff, 0x1d, 0x00, 0x1e, 0xff, 0x1d,
  0x03, 0x1e, 0xfc, 0x1c, 0x04, 0x1d, 0xfd, 0x1c, 0x02, 0x1d, 0xff, 0x1b,
  0x01, 0x1c, 0xfe, 0x1b, 0x03, 0x1c, 0xfd, 0x1a, 0x03, 0x1b, 0xfd, 0x1a,
  0x02, 0x1b, 0xff, 0x1a, 0x00, 0x1a, 0x01, 0x1a, 0xfe, 0x19, 0x02, 0x19,
  0xfe, 0x18, 0x02, 0x19, 0xfe, 0x17, 0x02, 0x18, 0xff, 0x16, 0x00, 0x17,
  0x01, 0x16, 0xfe, 0x15, 0x01, 0x15, 0x01, 0x15, 0xff, 0x13, 0x01, 0x13,
  0xff, 0x11, 0x00, 0x12, 0x00, 0x11, 0x01, 0x10, 0xfe, 0x0e, 0x03, 0x0e,
  0xfd, 0x0c, 0x03, 0x0c, 0xfd, 0x0a, 0x02, 0x0a, 0xff, 0x08, 0x01, 0x08,
  0x00, 0x07, 0xff, 0x04, 0x02, 0x04, 0xfd, 0x02, 0x04, 0x02, 0xfd, 0x00,
  0x01, 0x00, 0x01, 0xfe, 0xfe, 0xfc, 0x02, 0xfb, 0xfe, 0xf9, 0x01, 0xf9,
  0x01, 0xf7, 0xfe, 0xf5, 0x02, 0xf4, 0xfe, 0xf2, 0x01, 0xf2, 0x00, 0xf1,
  0x00, 0xf0, 0x00, 0xef, 0x00, 0xee, 0xff, 0xec, 0x02, 0xec, 0xfe, 0xea,
  0x01, 0xe9, 0x00, 0xe8, 0xff, 0xe6, 0x02, 0xe6, 0xff, 0xe5, 0xfe, 0xe4,
  0x04, 0xe3, 0xfc, 0xe2, 0x04, 0xe2, 0xfd, 0xe1, 0x01, 0xe1, 0x00, 0xe0,
  0x00, 0xdf, 0x00, 0xdf, 0x00, 0xdf, 0x00, 0xdf, 0x00, 0xde, 0x00, 0xde,
  0x00, 0xdd, 0x00, 0xdd, 0x00, 0xdd, 0x00, 0xdd, 0x00, 0xdc, 0x01, 0xdc,
  0xfe, 0xdb, 0x03, 0xdc, 0xfd, 0xdb, 0x02, 0xdc, 0x00, 0xdc, 0xfe, 0xdb,
  0x03, 0xdc, 0xfd, 0xdb, 0x03, 0xdc, 0xfe, 0xdb, 0x01, 0xdc, 0xff, 0xdb,
  0x00, 0xdc, 0x02, 0xdd, 0xfd, 0xdc, 0x04, 0xdd, 0xfb, 0xdc, 0x05, 0xdd,
  0xfb, 0xdd, 0x04, 0xde, 0xfe, 0xdd, 0x01, 0xde, 0x00, 0xdf, 0xfe, 0xde,
  0x03, 0xe0, 0xfc, 0xdf, 0x05, 0xe0, 0xfb, 0xdf, 0x04, 0xe1, 0xfe, 0xe0,
  0x00, 0xe1, 0x00, 0xe1, 0x01, 0xe2, 0xfd, 0xe1, 0x05, 0xe3, 0xfb, 0xe2,
  0x04, 0xe3, 0xfd, 0xe2, 0x02, 0xe4, 0xfe, 0xe3, 0x03, 0xe4, 0xfd, 0xe3,
  0x03, 0xe5, 0xfd, 0xe4, 0x02, 0xe5, 0xff, 0xe4, 0x01, 0xe5, 0x00, 0xe6,
  0xff, 0xe5, 0x01, 0xe6, 0xff, 0xe5, 0x01, 0xe7, 0xff, 0xe6, 0x01, 0xe7,
  0xff, 0xe6, 0x01, 0xe8, 0xff, 0xe7, 0x00, 0xe9, 0x00, 0xe9, 0x00, 0xe9,
  0x01, 0xea, 0xfe, 0xe9, 0x02, 0xeb, 0xfe, 0xeb, 0x01, 0xec, 0x00, 0xed,
  0x00, 0xed, 0x00, 0xee, 0x00, 0xef, 0x00, 0xf0, 0x00, 0xf1, 0x00, 0xf2,
  0x00, 0xf3, 0xff, 0xf3, 0x02, 0xf5, 0xff, 0xf5, 0xff, 0xf6, 0x02, 0xf8,
  0xfd, 0xf8, 0x03, 0xfb, 0xff, 0xfb, 0xfe, 0xfc, 0x03, 0xfe, 0xfe, 0xff,
  0x01, 0x01, 0x00, 0x02, 0xfe, 0x02, 0x03, 0x04, 0xfe, 0x05, 0x01, 0x07,
  0x00, 0x09, 0xff, 0x09, 0x00, 0x0b, 0x01, 0x0d, 0xff, 0x0d, 0x01, 0x0f,
  0xff, 0x0f, 0x00, 0x11, 0x00, 0x12, 0x00, 0x13, 0x00, 0x14, 0x01, 0x15,
  0xfe, 0x15, 0x03, 0x17, 0xfd, 0x17, 0x02, 0x1a, 0x00, 0x1a, 0xfe, 0x1a,
  0x04, 0x1c, 0xfc, 0x1b, 0x03, 0x1d, 0xff, 0x1d, 0xfe, 0x1d, 0x04, 0x1f,
  0xfc, 0x1e, 0x04, 0x20, 0xfd, 0x1f, 0x01, 0x20, 0xff, 0x20, 0x02, 0x21,
  0xfe, 0x20, 0x02, 0x21, 0xfe, 0x20, 0x01, 0x22, 0x00, 0x22, 0x00, 0x22,
  0x00, 0x22, 0xff, 0x21, 0x02, 0x22, 0xfe, 0x21, 0x02, 0x22, 0xfe, 0x21,
  0x01, 0x22, 0x00, 0x22, 0xff, 0x21, 0x01, 0x22, 0x00, 0x21, 0xff, 0x20,
  0x02, 0x21, 0xfe, 0x20, 0x01, 0x21, 0xff, 0x20, 0x01, 0x21, 0x00, 0x21,
  0x00, 0x20, 0x00, 0x20, 0xff, 0x1f, 0x01, 0x20, 0xff, 0x1e, 0x01, 0x1f,
  0x00, 0x1f, 0xff, 0x1d, 0x01, 0x1e, 0xff, 0x1d, 0x01, 0x1e, 0x00, 0x1d,
  0xff, 0x1c, 0x01, 0x1d, 0xff, 0x1b, 0x01, 0x1c, 0x00, 0x1c, 0x00, 0x1c,
  0xff, 0x1a, 0x01, 0x1b, 0xff, 0x1a, 0x01, 0x1a, 0x00, 0x1a, 0x00, 0x19,
  0xff, 0x18, 0x02, 0x19, 0xfd, 0x17, 0x03, 0x18, 0xfe, 0x16, 0x01, 0x17,
  0x00, 0x16, 0xff, 0x15, 0x01, 0x15, 0xff, 0x14, 0x02, 0x14, 0xfd, 0x13,
  0x03, 0x13, 0xfe, 0x11, 0x01, 0x11, 0xff, 0x10, 0x02, 0x10, 0xfe, 0x0e,
  0x02, 0x0e, 0xfe, 0x0c, 0x01, 0x0c, 0x00, 0x0b, 0x00, 0x0a, 0x01, 0x09,
  0xfe, 0x07, 0x02, 0x07, 0xff, 0x05, 0x00, 0x04, 0x01, 0x03, 0xfe, 0x01,
  0x03, 0x00, 0xfc, 0xfe, 0x04, 0xfe, 0xfd, 0xfc, 0x02, 0xfb, 0xff, 0xf9,
  0x00, 0xf9, 0x00, 0xf7, 0x00, 0xf6, 0x01, 0xf5, 0xfe, 0xf3, 0x01, 0xf3,
  0x01, 0xf1, 0xfe, 0xef, 0x03, 0xef, 0xfd, 0xed, 0x01, 0xed, 0x01, 0xeb,
  0xff, 0xe9, 0x01, 0xe9, 0xff, 0xe7, 0x00, 0xe7, 0x01, 0xe6, 0x00, 0xe5,
  0xff, 0xe4, 0x01, 0xe4, 0xff, 0xe3, 0x01, 0xe3, 0x00, 0xe2, 0xff, 0xe0,
  0x01, 0xe1, 0x00, 0xe1, 0xff, 0xdf, 0x01, 0xe0, 0xff, 0xde, 0x01, 0xdf,
  0xff, 0xdd, 0x01, 0xde, 0xff, 0xdd, 0x00, 0xde, 0x01, 0xde, 0xfe, 0xdd,
  0x02, 0xdd, 0x00, 0xdd, 0xfe, 0xdc, 0x03, 0xdd, 0xfc, 0xdc, 0x03, 0xdd,
  0xff, 0xdc, 0x00, 0xdd, 0x01, 0xdd, 0xfe, 0xdc, 0x01, 0xde, 0x00, 0xde,
  0xff, 0xdd, 0x02, 0xde, 0xff, 0xdd, 0xff, 0xdd, 0x02, 0xdf, 0xfe, 0xde,
  0x02, 0xdf, 0xfe, 0xde, 0x02, 0xe0, 0xfe, 0xdf, 0x02, 0xe0, 0xfe, 0xdf,
  0x02, 0xe1, 0xfe, 0xe0, 0x02, 0xe1, 0xfe, 0xe0, 0x01, 0xe2, 0x00, 0xe2,
  0x00, 0xe2, 0x00, 0xe2, 0xff, 0xe1, 0x02, 0xe3, 0xfd, 0xe2, 0x04, 0xe3,
  0xfc, 0xe2, 0x03, 0xe4, 0xfe, 0xe3, 0x01, 0xe4, 0x00, 0xe5, 0xff, 0xe4,
  0x02, 0xe5, 0xfd, 0xe4, 0x03, 0xe5, 0xfe, 0xe5, 0x01, 0xe6, 0x00, 0xe6,
  0xff, 0xe6, 0x01, 0xe7, 0xff, 0xe6, 0x01, 0xe8, 0xff, 0xe7, 0x01, 0xe9,
  0xff, 0xe8, 0x01, 0xea, 0xff, 0xe9, 0x00, 0xeb, 0x01, 0xec, 0xff, 0xeb,
  0x01, 0xed, 0xff, 0xed, 0x01, 0xee, 0xff, 0xee, 0x02, 0xf0, 0xfe, 0xf0,
  0x00, 0xf2, 0x02, 0xf3, 0xfd, 0xf3, 0x04, 0xf5, 0xfc, 0xf5, 0x02, 0xf7,
  0x00, 0xf8, 0xff, 0xf8, 0x02, 0xfa, 0xfe, 0xfa, 0x01, 0xfc, 0xff, 0xfd,
  0x02, 0xff, 0xfe, 0xff, 0x02, 0x02, 0xfe, 0x02, 0x01, 0x04, 0xff, 0x05,
  0x02, 0x07, 0xfe, 0x07, 0x01, 0x09, 0x00, 0x0b, 0xff, 0x0b, 0x01, 0x0d,
  0x00, 0x0e, 0xfe, 0x0e, 0x03, 0x11, 0xfd, 0x11, 0x03, 0x13, 0xfd, 0x13,
  0x03, 0x15, 0xfc, 0x15, 0x04, 0x17, 0xfd, 0x17, 0x02, 0x18, 0x00, 0x19,
  0xfe, 0x19, 0x02, 0x1b, 0xff, 0x1b, 0x00, 0x1d, 0x01, 0x1d, 0xff, 0x1d,
  0x00, 0x1e, 0x01, 0x1f, 0xff, 0x1e, 0x00, 0x20, 0x00, 0x20, 0x01, 0x20,
  0xff, 0x20, 0x01, 0x21, 0xfe, 0x20, 0x02, 0x22, 0xfe, 0x21, 0x03, 0x22,
  0xfc, 0x21, 0x04, 0x22, 0xfc, 0x21, 0x04, 0x22, 0xfd, 0x21, 0x02, 0x22,
  0xff, 0x21, 0x00, 0x22, 0x01, 0x22, 0xff, 0x21, 0x01, 0x22, 0xff, 0x21,
  0x01, 0x22, 0xff, 0x21, 0x01, 0x22, 0x00, 0x22, 0xff, 0x21, 0x01, 0x22,
  0xff, 0x20, 0x01, 0x21, 0xff, 0x20, 0x01, 0x21, 0xff, 0x1f, 0x01, 0x20,
  0x00, 0x20, 0xfe, 0x1f, 0x03, 0x1f, 0xfe, 0x1e, 0x01, 0x1f, 0x00, 0x1f,
  0xfe, 0x1d, 0x04, 0x1e, 0xfc, 0x1d, 0x03, 0x1e, 0xff, 0x1c, 0xff, 0x1c,
  0x02, 0x1d, 0xfe, 0x1c, 0x01, 0x1c, 0x00, 0x1c, 0x00, 0x1c, 0x00, 0x1c,
  0x00, 0x1b, 0x00, 0x1b, 0xff, 0x1a, 0x01, 0x1a, 0xff, 0x19, 0x02, 0x1a,
  0xff, 0x18, 0x00, 0x19, 0x00, 0x19, 0xff, 0x17, 0x01, 0x18, 0x00, 0x18,
  0x00, 0x17, 0x00, 0x16, 0x00, 0x16, 0xff, 0x14, 0x02, 0x15, 0xfd, 0x13,
  0x03, 0x14, 0xfd, 0x12, 0x03, 0x12, 0xfe, 0x10, 0x01, 0x10, 0xff, 0x0e,
  0x00, 0x0f, 0x01, 0x0e, 0x00, 0x0d, 0x00, 0x0c, 0xff, 0x0a, 0x01, 0x09,
  0xff, 0x07, 0x02, 0x07, 0xfe, 0x05, 0x01, 0x05, 0x00, 0x03, 0xff, 0x01,
  0x02, 0x01, 0xfd, 0xff, 0x03, 0xff, 0xfd, 0xfc, 0x03, 0xfc, 0xfe, 0xfa,
  0x00, 0xf9, 0x02, 0xf8, 0xfd, 0xf6, 0x02, 0xf5, 0x00, 0xf4, 0xff, 0xf2,
  0x02, 0xf2, 0xfe, 0xef, 0x01, 0xef, 0xff, 0xed, 0x02, 0xed, 0xfe, 0xeb,
  0x02, 0xeb, 0xfe, 0xe9, 0x01, 0xe9, 0x00, 0xe8, 0x00, 0xe7, 0x00, 0xe6,
  0x00, 0xe5, 0xff, 0xe3, 0x02, 0xe4, 0xfe, 0xe2, 0x02, 0xe2, 0xfe, 0xe1,
  0x02, 0xe1, 0xfe, 0xdf, 0x01, 0xe0, 0x00, 0xdf, 0x00, 0xdf, 0x01, 0xdf,
  0xfe, 0xdd, 0x02, 0xde, 0xfe, 0xdd, 0x01, 0xde, 0x00, 0xdd, 0x00, 0xdd,
  0x00, 0xdd, 0x00, 0xdd, 0xff, 0xdc, 0x01, 0xdd, 0x00, 0xdd, 0x00, 0xdd,
  0x00, 0xdd, 0xff, 0xdc, 0x02, 0xdd, 0xfe, 0xdc, 0x02, 0xdd, 0xff, 0xdc,
  0xff, 0xdc, 0x02, 0xde, 0xfe, 0xdd, 0x02, 0xde, 0xfe, 0xdd, 0x01, 0xdf,
  0x00, 0xdf, 0x00, 0xdf, 0xff, 0xde, 0x01, 0xdf, 0xff, 0xdf, 0x02, 0xe0,
  0xfe, 0xdf, 0x01, 0xe1, 0xff, 0xe0, 0x02, 0xe1, 0xfe, 0xe0, 0x01, 0xe2,
  0xff, 0xe1, 0x02, 0xe2, 0xfd, 0xe1, 0x04, 0xe3, 0xfc, 0xe2, 0x02, 0xe3,
  0x00, 0xe4, 0xff, 0xe3, 0x01, 0xe4, 0x00, 0xe4, 0xff, 0xe3, 0x01, 0xe5,
  0xff, 0xe4, 0x01, 0xe5, 0xff, 0xe5, 0x00, 0xe6, 0x01, 0xe6, 0xff, 0xe6,
  0x02, 0xe7, 0xfd, 0xe6, 0x03, 0xe8, 0xfd, 0xe7, 0x03, 0xe9, 0xff, 0xe8,
  0xff, 0xe9, 0x02, 0xea, 0xfd, 0xea, 0x04, 0xeb, 0xfd, 0xeb, 0x01, 0xed,
  0xff, 0xed, 0x01, 0xee, 0xff, 0xee, 0x01, 0xf0, 0xff, 0xf0, 0x01, 0xf2,
  0xff, 0xf2, 0x01, 0xf4, 0xfe, 0xf4, 0x02, 0xf6, 0x00, 0xf7, 0xfe, 0xf7,
  0x03, 0xf9, 0xfd, 0xf9, 0x02, 0xfb, 0x00, 0xfc, 0xfe, 0xfc, 0x03, 0xff,
  0xfd, 0xff, 0x03, 0x01, 0xfe, 0x02, 0x00, 0x04, 0x02, 0x05, 0xfd, 0x06,
  0x03, 0x08, 0xfe, 0x08, 0x00, 0x0a, 0x01, 0x0c, 0x00, 0x0d, 0x00, 0x0e,
  0x00, 0x0f, 0xff, 0x0f, 0x01, 0x11, 0x00, 0x13, 0x01, 0x14, 0xff, 0x14,
  0xff, 0x15, 0x02, 0x17, 0xfd, 0x17, 0x05, 0x19, 0xfb, 0x19, 0x03, 0x1a,
  0xfe, 0x1a, 0x01, 0x1c, 0x00, 0x1c, 0x01, 0x1d, 0xfd, 0x1c, 0x03, 0x1e,
  0xff, 0x1d, 0xff, 0x1e, 0x02, 0x1f, 0xfe, 0x1f, 0x01, 0x20, 0x01, 0x21,
  0xfd, 0x20, 0x03, 0x21, 0xfd, 0x20, 0x03, 0x22, 0xfe, 0x21, 0x01, 0x22,
  0xff, 0x21, 0x00, 0x22, 0x01, 0x22, 0xff, 0x21, 0x01, 0x22, 0xfe, 0x21,
  0x02, 0x22, 0x00, 0x22, 0xff, 0x21, 0x01, 0x22, 0xff, 0x21, 0x01, 0x22,
  0x00, 0x22, 0xff, 0x21, 0x02, 0x22, 0xfe, 0x20, 0x02, 0x21, 0xfe, 0x20,
  0x01, 0x21, 0x00, 0x21, 0xff, 0x1f, 0x02, 0x20, 0xfd, 0x1f, 0x04, 0x20,
  0xfb, 0x1f, 0x04, 0x1f, 0xfd, 0x1e, 0x03, 0x1f, 0xfe, 0x1e, 0x01, 0x1e,
  0xfe, 0x1d, 0x03, 0x1e, 0xfd, 0x1c, 0x03, 0x1d, 0xfe, 0x1c, 0x00, 0x1d,
  0x01, 0x1c, 0xff, 0x1b, 0x01, 0x1c, 0x00, 0x1c, 0xff, 0x1b, 0x00, 0x1b,
  0x01, 0x1b, 0x00, 0x1b, 0x00, 0x1b, 0xff, 0x19, 0x01, 0x1a, 0xff, 0x19,
  0x01, 0x19, 0x00, 0x19, 0xff, 0x18, 0x00, 0x18, 0x01, 0x18, 0xff, 0x16,
  0x01, 0x17, 0xff, 0x15, 0x01, 0x16, 0xfe, 0x14, 0x03, 0x15, 0xfc, 0x13,
  0x04, 0x13, 0xfd, 0x12, 0x02, 0x12, 0xff, 0x10, 0x00, 0x10, 0x01, 0x0f,
  0xfd, 0x0d, 0x04, 0x0e, 0xfd, 0x0b, 0x03, 0x0b, 0xfe, 0x09, 0xff, 0x08,
  0x03, 0x08, 0xfd, 0x06, 0x03, 0x06, 0xfd, 0x03, 0x02, 0x03, 0xff, 0x01,
  0x01, 0x01, 0xff, 0xff, 0x00, 0xfe, 0x01, 0xfd, 0xfe, 0xfa, 0x03, 0xfa,
  0xfe, 0xf8, 0x01, 0xf8, 0xff, 0xf5, 0x00, 0xf5, 0x01, 0xf4, 0xff, 0xf1,
  0x01, 0xf1, 0xff, 0xee, 0x00, 0xef, 0x01, 0xee, 0xff, 0xec, 0x00, 0xec,
  0x01, 0xea, 0xfe, 0xe8, 0x03, 0xe8, 0xfe, 0xe7, 0x00, 0xe7, 0x01, 0xe5,
  0xff, 0xe3, 0x00, 0xe3, 0x01, 0xe3, 0xff, 0xe1, 0x00, 0xe2, 0x02, 0xe1,
  0xfd, 0xdf, 0x02, 0xe0, 0xff, 0xde, 0x01, 0xdf, 0x00, 0xde, 0xff, 0xdd,
  0x02, 0xde, 0xfc, 0xdd, 0x06, 0xdd, 0xfa, 0xdc, 0x04, 0xdd, 0xff, 0xdb,
  0xff, 0xdb, 0x02, 0xdc, 0xfe, 0xdb, 0x00, 0xdc, 0x02, 0xdc, 0xfe, 0xdb,
  0x02, 0xdc, 0xff, 0xdb, 0xff, 0xdb, 0x02, 0xdc, 0xfe, 0xdb, 0x01, 0xdc,
  0x01, 0xdd, 0xfe, 0xdc, 0x02, 0xdd, 0xfe, 0xdc, 0x02, 0xdd, 0xfe, 0xdc,
  0x02, 0xde, 0xfe, 0xdd, 0x02, 0xde, 0xff, 0xdd, 0x00, 0xdf, 0x00, 0xdf,
  0x00, 0xdf, 0x01, 0xdf, 0xfe, 0xdf, 0x02, 0xe0, 0xff, 0xe0, 0xff, 0xe0,
  0x03, 0xe1, 0xfc, 0xe0, 0x04, 0xe1, 0xfc, 0xe1, 0x04, 0xe2, 0xfd, 0xe1,
  0x02, 0xe3, 0xfe, 0xe2, 0x01, 0xe3, 0x00, 0xe3, 0x01, 0xe4, 0xfe, 0xe3,
  0x02, 0xe4, 0xfe, 0xe4, 0x01, 0xe5, 0x00, 0xe5, 0x00, 0xe5, 0x00, 0xe5,
  0x00, 0xe5, 0x00, 0xe6, 0x00, 0xe6, 0x00, 0xe6, 0x00, 0xe6, 0xff, 0xe5,
  0x02, 0xe7, 0xfd, 0xe6, 0x04, 0xe7, 0xfc, 0xe7, 0x03, 0xe8, 0xfe, 0xe8,
  0x01, 0xe9, 0xff, 0xe9, 0x02, 0xea, 0xfd, 0xe9, 0x04, 0xeb, 0xfc, 0xea,
  0x03, 0xec, 0xfe, 0xec, 0x01, 0xed, 0x00, 0xee, 0xff, 0xee, 0x02, 0xf0,
  0xfd, 0xf0, 0x04, 0xf2, 0xfc, 0xf1, 0x02, 0xf3, 0xff, 0xf4, 0x01, 0xf6,
  0xff, 0xf6, 0x02, 0xf8, 0xfd, 0xf8, 0x03, 0xfa, 0xfd, 0xfb, 0x03, 0xfd,
  0xfe, 0xfd, 0x01, 0x00, 0x00, 0x01, 0xff, 0x01, 0x02, 0x04, 0xfe, 0x04,
  0x01, 0x07, 0xff, 0x07, 0x01, 0x0a, 0x00, 0x0b, 0x00, 0x0c, 0xff, 0x0d,
  0x01, 0x0f, 0xfe, 0x0f, 0x03, 0x11, 0xfd, 0x12, 0x03, 0x14, 0xfd, 0x13,
  0x02, 0x15, 0xff, 0x15, 0x00, 0x18, 0x00, 0x19, 0x01, 0x1a, 0xff, 0x19,
  0x01, 0x1b, 0xff, 0x1b, 0x00, 0x1d, 0x01, 0x1d, 0xfe, 0x1d, 0x03, 0x1e,
  0xfd, 0x1e, 0x02, 0x1f, 0xff, 0x1f, 0x00, 0x20, 0x00, 0x20, 0x01, 0x21,
  0xff, 0x20, 0x00, 0x21, 0x01, 0x21, 0xfe, 0x20, 0x03, 0x22, 0xfd, 0x21,
  0x03, 0x22, 0xfd, 0x21, 0x02, 0x22, 0xff, 0x21, 0x01, 0x22, 0xff, 0x21,
  0x01, 0x22, 0xff, 0x21, 0x00, 0x22, 0x01, 0x22, 0xff, 0x20, 0x01, 0x21,
  0x00, 0x21, 0xfe, 0x20, 0x02, 0x21, 0xff, 0x20, 0x00, 0x21, 0x01, 0x20,
  0xfe, 0x1f, 0x02, 0x20, 0xfe, 0x1f, 0x03, 0x20, 0xfc, 0x1e, 0x04, 0x1f,
  0xfc, 0x1e, 0x03, 0x1e, 0xff, 0x1d, 0x00, 0x1e, 0x01, 0x1e, 0xfe, 0x1c,
  0x02, 0x1d, 0xfe, 0x1c, 0x01, 0x1d, 0x01, 0x1c, 0xfe, 0x1b, 0x02, 0x1c,
  0xfd, 0x1a, 0x03, 0x1b, 0xfe, 0x19, 0x01, 0x1a, 0x00, 0x19, 0xff, 0x18,
  0x01, 0x19, 0xff, 0x17, 0x02, 0x18, 0xfd, 0x16, 0x04, 0x17, 0xfc, 0x15,
  0x03, 0x16, 0xfe, 0x14, 0x02, 0x14, 0xff, 0x13, 0x00, 0x13, 0x00, 0x12,
  0x00, 0x12, 0x01, 0x11, 0xff, 0x0f, 0x01, 0x0f, 0xfe, 0x0d, 0x02, 0x0d,
  0xff, 0x0b, 0x00, 0x0b, 0x01, 0x0a, 0xfe, 0x08, 0x02, 0x08, 0xfe, 0x06,
  0x01, 0x06, 0x01, 0x05, 0xfd, 0x02, 0x04, 0x02, 0xfc, 0x00, 0x02, 0x00,
  0x00, 0xfe, 0xff, 0xfc, 0x01, 0xfb, 0x00, 0xfa, 0xfe, 0xf8, 0x02, 0xf8,
  0xff, 0xf6, 0x01, 0xf6, 0xff, 0xf3, 0x01, 0xf3, 0xfe, 0xf0, 0x03, 0xf0,
  0xfe, 0xee, 0x01, 0xee, 0xff, 0xec, 0x00, 0xeb, 0x01, 0xea, 0xff, 0xe8,
  0x01, 0xe8, 0xff, 0xe6, 0x00, 0xe6, 0x00, 0xe6, 0x01, 0xe5, 0xfe, 0xe3,
  0x03, 0xe3, 0xfc, 0xe2, 0x03, 0xe2, 0xff, 0xe1, 0x00, 0xe1, 0x01, 0xe1,
  0xff, 0xdf, 0x00, 0xdf, 0x00, 0xdf, 0x00, 0xdf, 0x00, 0xdf, 0x01, 0xde,
  0xff, 0xdd, 0x00, 0xdd, 0x00, 0xdd, 0x00, 0xdd, 0x00, 0xdd, 0x01, 0xdd,
  0xfe, 0xdc, 0x02, 0xdd, 0xfe, 0xdc, 0x02, 0xdd, 0xfe, 0xdc, 0x02, 0xdd,
  0xfe, 0xdc, 0x02, 0xdd, 0xfe, 0xdd, 0x02, 0xde, 0xfe, 0xdd, 0x03, 0xde,
  0xfc, 0xdd, 0x04, 0xdf, 0xfc, 0xde, 0x04, 0xdf, 0xfd, 0xde, 0x02, 0xdf,
  0xff, 0xdf, 0x00, 0xe0, 0x00, 0xe0, 0x00, 0xe0, 0x01, 0xe1, 0xff, 0xe0,
  0x00, 0xe1, 0x01, 0xe1, 0xff, 0xe1, 0x01, 0xe2, 0xff, 0xe1, 0x00, 0xe2,
  0x02, 0xe3, 0xfe, 0xe2, 0x02, 0xe3, 0xfd, 0xe2, 0x03, 0xe4, 0xfe, 0xe3,
  0x01, 0xe4, 0x00, 0xe4, 0xff, 0xe3, 0x02, 0xe4, 0xfd, 0xe4, 0x02, 0xe5,
  0xff, 0xe4, 0x01, 0xe5, 0xff, 0xe5, 0x01, 0xe6, 0xfe, 0xe5, 0x03, 0xe7,
  0xfd, 0xe6, 0x03, 0xe7, 0xfd, 0xe7, 0x03, 0xe8, 0xfd, 0xe8, 0x03, 0xe9,
  0xfd, 0xe9, 0x03, 0xea, 0xfd, 0xea, 0x03, 0xec, 0xfe, 0xeb, 0x01, 0xed,
  0xff, 0xed, 0x01, 0xef, 0xff, 0xee, 0x01, 0xf0, 0x00, 0xf1, 0xff, 0xf1,
  0x01, 0xf3, 0xff, 0xf3, 0x00, 0xf5, 0x02, 0xf6, 0xfd, 0xf6, 0x03, 0xf9,
  0xfd, 0xf9, 0x02, 0xfb, 0x00, 0xfc, 0xff, 0xfd, 0x00, 0xff, 0x01, 0x00,
  0xff, 0x00, 0x01, 0x02, 0xff, 0x03, 0x00, 0x05, 0x01, 0x06, 0xff, 0x07,
  0x01, 0x09, 0xff, 0x0a, 0x00, 0x0c, 0x01, 0x0d, 0xff, 0x0d, 0x01, 0x0f,
  0xff, 0x0f, 0x01, 0x12, 0xfe, 0x11, 0x04, 0x13, 0xfb, 0x14, 0x05, 0x16,
  0xfb, 0x16, 0x05, 0x18, 0xfc, 0x18, 0x02, 0x19, 0x00, 0x1a, 0xff, 0x1a,
  0x01, 0x1c, 0x00, 0x1d, 0xfe, 0x1c, 0x03, 0x1e, 0xfd, 0x1d, 0x02, 0x1f,
  0xff, 0x1e, 0x00, 0x20, 0x01, 0x20, 0xfe, 0x20, 0x02, 0x21, 0xfe, 0x20,
  0x02, 0x21, 0xff, 0x21, 0xff, 0x21, 0x03, 0x22, 0xfc, 0x22, 0x04, 0x23,
  0xfd, 0x22, 0x02, 0x23, 0xfe, 0x22, 0x02, 0x23, 0xff, 0x22, 0x00, 0x23,
  0x01, 0x23, 0xff, 0x22, 0x00, 0x23, 0x01, 0x23, 0xff, 0x22, 0x01, 0x23,
  0xff, 0x22, 0x01, 0x23, 0xff, 0x21, 0x01, 0x22, 0x00, 0x22, 0xff, 0x21,
  0x02, 0x22, 0xfd, 0x21, 0x04, 0x21, 0xfb, 0x20, 0x06, 0x21, 0xfa, 0x1f,
  0x05, 0x20, 0xfd, 0x1f, 0x01, 0x20, 0x00, 0x1f, 0x00, 0x1f, 0x00, 0x1f,
  0xff, 0x1e, 0x03, 0x1e, 0xfc, 0x1d, 0x04, 0x1e, 0xfd, 0x1c, 0x01, 0x1d,
  0x01, 0x1d, 0xfe, 0x1b, 0x02, 0x1c, 0xff, 0x1b, 0x00, 0x1c, 0x01, 0x1c,
  0xfe, 0x1a, 0x02, 0x1b, 0xff, 0x1a, 0x00, 0x1b, 0x01, 0x1a, 0xff, 0x19,
  0x01, 0x1a, 0xfe, 0x18, 0x03, 0x19, 0xfd, 0x18, 0x03, 0x19, 0xfe, 0x17,
  0x00, 0x18, 0x01, 0x18, 0xfe, 0x16, 0x03, 0x17, 0xfc, 0x15, 0x05, 0x16,
  0xfb, 0x14, 0x03, 0x14, 0xff, 0x13, 0xff, 0x12, 0x02, 0x13, 0xff, 0x11,
  0xff, 0x10, 0x02, 0x10, 0xfe, 0x0e, 0x01, 0x0e, 0x00, 0x0d, 0x00, 0x0c,
  0xff, 0x0a, 0x02, 0x0a, 0xfd, 0x08, 0x03, 0x08, 0xff, 0x06, 0xff, 0x05,
  0x03, 0x04, 0xfc, 0x02, 0x03, 0x01, 0xff, 0xff, 0x00, 0xff, 0x01, 0xfe,
  0xfe, 0xfc, 0x02, 0xfb, 0xfe, 0xf9, 0x03, 0xf8, 0xfc, 0xf6, 0x03, 0xf6,
  0xfe, 0xf4, 0x01, 0xf3, 0x00, 0xf2, 0xff, 0xf0, 0x02, 0xf0, 0xfd, 0xee,
  0x04, 0xee, 0xfc, 0xec, 0x03, 0xec, 0xfe, 0xe9, 0x02, 0xe9, 0xfe, 0xe7,
  0x02, 0xe7, 0xff, 0xe5, 0xff, 0xe5, 0x03, 0xe5, 0xfc, 0xe3, 0x04, 0xe3,
  0xfd, 0xe1, 0x02, 0xe1, 0xfe, 0xe0, 0x03, 0xe0, 0xfd, 0xdf, 0x03, 0xdf,
  0xfe, 0xde, 0x00, 0xde, 0x01, 0xde, 0xff, 0xdd, 0x01, 0xdd, 0xff, 0xdc,
  0x01, 0xdd, 0xfe, 0xdc, 0x03, 0xdd, 0xfd, 0xdb, 0x02, 0xdc, 0x00, 0xdc,
  0xfe, 0xdb, 0x03, 0xdc, 0xfe, 0xdb, 0x00, 0xdc, 0x02, 0xdc, 0xfd, 0xdb,
  0x03, 0xdc, 0xfd, 0xdb, 0x02, 0xdd, 0xff, 0xdc, 0x01, 0xdd, 0xff, 0xdc,
  0x01, 0xdd, 0xfe, 0xdc, 0x03, 0xde, 0xfd, 0xdd, 0x02, 0xde, 0xff, 0xdd,
  0x01, 0xdf, 0xfe, 0xde, 0x03, 0xdf, 0xfc, 0xde, 0x04, 0xdf, 0xfd, 0xdf,
  0x02, 0xe0, 0xff, 0xe0, 0x00, 0xe1, 0x00, 0xe1, 0x01, 0xe1, 0xff, 0xe1,
  0x01, 0xe2, 0xff, 0xe1, 0x01, 0xe2, 0xff, 0xe2, 0x01, 0xe3, 0xff, 0xe2,
  0x00, 0xe4, 0x02, 0xe4, 0xfd, 0xe3, 0x03, 0xe4, 0xfd, 0xe4, 0x02, 0xe5,
  0xff, 0xe4, 0x01, 0xe5, 0xff, 0xe4, 0x01, 0xe6, 0xff, 0xe5, 0x01, 0xe6,
  0xff, 0xe6, 0x01, 0xe7, 0xff, 0xe6, 0x00, 0xe7, 0x01, 0xe8, 0xff, 0xe7,
  0x00, 0xe9, 0x01, 0xe9, 0xfd, 0xe9, 0x04, 0xea, 0xfd, 0xea, 0x01, 0xec,
  0x00, 0xec, 0x00, 0xed, 0xff, 0xed, 0x02, 0xee, 0xfe, 0xee, 0x01, 0xf0,
  0x00, 0xf1, 0x00, 0xf2, 0xff, 0xf2, 0x03, 0xf4, 0xfc, 0xf4, 0x04, 0xf7,
  0xfd, 0xf7, 0x02, 0xf9, 0xff, 0xf9, 0x00, 0xfb, 0x00, 0xfd, 0x01, 0xfe,
  0xfe, 0xfe, 0x03, 0x01, 0xfc, 0x01, 0x03, 0x03, 0xff, 0x04, 0x00, 0x06,
  0x01, 0x07, 0xfe, 0x07, 0x02, 0x0a, 0xff, 0x0a, 0x01, 0x0d, 0xff, 0x0d,
  0x00, 0x0f, 0x00, 0x10, 0x00, 0x11, 0x00, 0x12, 0x00, 0x13, 0x00, 0x14,
  0x00, 0x15, 0x00, 0x16, 0xff, 0x16, 0x01, 0x18, 0xff, 0x18, 0x02, 0x1a,
  0xfe, 0x1a, 0x01, 0x1b, 0x00, 0x1c, 0xff, 0x1c, 0x02, 0x1d, 0xfe, 0x1d,
  0x01, 0x1e, 0x00, 0x1f, 0xff, 0x1e, 0x01, 0x20, 0x00, 0x20, 0x00, 0x20,
  0xff, 0x1f, 0x02, 0x21, 0xfd, 0x20, 0x03, 0x21, 0xfd, 0x20, 0x03, 0x21,
  0xfe, 0x20, 0x02, 0x21, 0xfe, 0x20, 0x01, 0x22, 0xff, 0x21, 0x02, 0x22,
  0xff, 0x20, 0x00, 0x21, 0x00, 0x21, 0x00, 0x21, 0xff, 0x20, 0x03, 0x21,
  0xfc, 0x20, 0x03, 0x21, 0xff, 0x20, 0xff, 0x1f, 0x01, 0x20, 0x00, 0x20,
  0x00, 0x20, 0x00, 0x20, 0xff, 0x1e, 0x01, 0x1f, 0xff, 0x1e, 0x01, 0x1f,
  0x00, 0x1f, 0xfe, 0x1d, 0x04, 0x1e, 0xfc, 0x1d, 0x02, 0x1d, 0x00, 0x1d,
  0xfe, 0x1c, 0x03, 0x1d, 0xfe, 0x1c, 0x01, 0x1c, 0xff, 0x1b, 0x00, 0x1c,
  0x00, 0x1b, 0x00, 0x1b, 0x01, 0x1b, 0xfe, 0x19, 0x02, 0x1a, 0xfe, 0x18,
  0x02, 0x19, 0xfe, 0x17, 0x02, 0x18, 0xfe, 0x17, 0x02, 0x17, 0xff, 0x16,
  0x00, 0x16, 0x00, 0x15, 0x00, 0x15, 0x00, 0x14, 0x01, 0x13, 0xfe, 0x11,
  0x02, 0x12, 0xfe, 0x10, 0x02, 0x10, 0xff, 0x0e, 0x00, 0x0e, 0x00, 0x0d,
  0x00, 0x0c, 0x00, 0x0b, 0x00, 0x0a, 0x00, 0x09, 0x00, 0x07, 0x00, 0x06,
  0x00, 0x05, 0xff, 0x03, 0x02, 0x03, 0xfd, 0x01, 0x03, 0x00, 0xfe, 0xfe,
  0x01, 0xfd, 0xff, 0xfb, 0x01, 0xfb, 0xff, 0xf8, 0x01, 0xf8, 0x00, 0xf7,
  0xff, 0xf4, 0x01, 0xf4, 0xff, 0xf2, 0x01, 0xf2, 0x00, 0xf0, 0x00, 0xef,
  0x00, 0xee, 0xff, 0xec, 0x01, 0xeb, 0x00, 0xea, 0x00, 0xe9, 0x01, 0xe8,
  0xfe, 0xe6, 0x02, 0xe6, 0xfe, 0xe4, 0x02, 0xe4, 0xff, 0xe2, 0x00, 0xe2,
  0x00, 0xe2, 0x00, 0xe1, 0x00, 0xe1, 0x00, 0xe0, 0x01, 0xdf, 0xfe, 0xde,
  0x01, 0xde, 0x01, 0xde, 0xfe, 0xdd, 0x02, 0xde, 0xff, 0xdc, 0xff, 0xdc,
  0x03, 0xdc, 0xfd, 0xdb, 0x02, 0xdc, 0xff, 0xdb, 0x00, 0xdc, 0x01, 0xdc,
  0xff, 0xdb, 0x01, 0xdc, 0xff, 0xdb, 0x01, 0xdc, 0xff, 0xdb, 0x01, 0xdd,
  0x00, 0xdd, 0xff, 0xdc, 0x01, 0xdd, 0xff, 0xdc, 0x01, 0xdd, 0xff, 0xdc,
  0x01, 0xde, 0xff, 0xdd, 0x01, 0xde, 0xff, 0xdd, 0x01, 0xde, 0xfe, 0xdd,
  0x03, 0xdf, 0xfd, 0xde, 0x03, 0xdf, 0xfe, 0xdf, 0x00, 0xe0, 0x02, 0xe0,
  0xfd, 0xdf, 0x04, 0xe1, 0xfc, 0xe0, 0x03, 0xe1, 0xfe, 0xe0, 0x02, 0xe2,
  0xff, 0xe1, 0x00, 0xe2, 0x00, 0xe2, 0x00, 0xe3, 0x01, 0xe3, 0xff, 0xe2,
  0x00, 0xe3, 0x00, 0xe4, 0x00, 0xe4, 0x00, 0xe4, 0x01, 0xe4, 0xfd, 0xe3,
  0x04, 0xe5, 0xfc, 0xe4, 0x03, 0xe5, 0xfe, 0xe4, 0x01, 0xe6, 0x00, 0xe6,
  0x00, 0xe6, 0xff, 0xe5, 0x02, 0xe7, 0xfe, 0xe6, 0x01, 0xe8, 0x00, 0xe8,
  0xff, 0xe7, 0x03, 0xe9, 0xfb, 0xe9, 0x05, 0xea, 0xfc, 0xea, 0x03, 0xeb,
  0xff, 0xeb, 0x00, 0xed, 0xff, 0xec, 0x02, 0xee, 0xfd, 0xee, 0x03, 0xf0,
  0xfe, 0xf0, 0x01, 0xf1, 0xff, 0xf1, 0x01, 0xf3, 0xff, 0xf4, 0x01, 0xf6,
  0xff, 0xf6, 0x00, 0xf8, 0x02, 0xf9, 0xfd, 0xf9, 0x03, 0xfb, 0xfe, 0xfb,
  0x00, 0xfe, 0x02, 0xff, 0xfd, 0xff, 0x02, 0x01, 0x00, 0x03, 0xff, 0x03,
  0x01, 0x06, 0xff, 0x06, 0x01, 0x08, 0xff, 0x09, 0x01, 0x0b, 0xff, 0x0b,
  0x01, 0x0d, 0xff, 0x0d, 0x01, 0x10, 0xff, 0x10, 0x01, 0x12, 0xfe, 0x12,
  0x03, 0x14, 0xfc, 0x14, 0x05, 0x16, 0xfc, 0x16, 0x01, 0x18, 0x01, 0x19,
  0xfe, 0x19, 0x03, 0x1a, 0xfd, 0x1a, 0x03, 0x1c, 0xfd, 0x1c, 0x03, 0x1e,
  0xfd, 0x1d, 0x02, 0x1f, 0x00, 0x1f, 0xff, 0x1f, 0x01, 0x20, 0x00, 0x20,
  0xff, 0x20, 0x01, 0x21, 0x00, 0x21, 0xfe, 0x21, 0x04, 0x22, 0xfb, 0x21,
  0x05, 0x22, 0xfc, 0x22, 0x03, 0x23, 0xfe, 0x22, 0x01, 0x23, 0x00, 0x23,
  0x00, 0x23, 0xff, 0x22, 0x01, 0x23, 0x00, 0x23, 0x01, 0x23, 0xff, 0x22,
  0xff, 0x22, 0x01, 0x23, 0x00, 0x23, 0x00, 0x23, 0x00, 0x23, 0x00, 0x22,
  0xff, 0x21, 0x02, 0x22, 0xfd, 0x21, 0x02, 0x22, 0x00, 0x21, 0xff, 0x20,
  0x01, 0x21, 0xff, 0x20, 0x00, 0x20, 0x01, 0x20, 0xff, 0x1f, 0x00, 0x20,
  0x01, 0x1f, 0xfe, 0x1e, 0x03, 0x1f, 0xfc, 0x1d, 0x05, 0x1e, 0xfb, 0x1d,
  0x04, 0x1d, 0xfe, 0x1c, 0x00, 0x1d, 0x01, 0x1d, 0xff, 0x1b, 0x01, 0x1c,
  0xff, 0x1b, 0x01, 0x1c, 0xff, 0x1a, 0x01, 0x1b, 0xff, 0x1a, 0x01, 0x1a,
  0xff, 0x19, 0x01, 0x1a, 0xff, 0x18, 0x02, 0x19, 0xfd, 0x18, 0x03, 0x19,
  0xfe, 0x17, 0x00, 0x18, 0x01, 0x17, 0xff, 0x16, 0x01, 0x16, 0x00, 0x16,
  0xff, 0x14, 0x01, 0x15, 0xfe, 0x13, 0x03, 0x14, 0xfe, 0x12, 0x01, 0x12,
  0x00, 0x12, 0xff, 0x10, 0x01, 0x10, 0x00, 0x0f, 0xff, 0x0d, 0x02, 0x0d,
  0xfd, 0x0b, 0x03, 0x0b, 0xfe, 0x09, 0x01, 0x09, 0x00, 0x08, 0xff, 0x05,
  0x02, 0x05, 0xfd, 0x03, 0x04, 0x03, 0xfb, 0x01, 0x05, 0x00, 0xfd, 0xfe,
  0x00, 0xfe, 0x02, 0xfc, 0xfe, 0xfa, 0x01, 0xfa, 0x00, 0xf9, 0xff, 0xf6,
  0x02, 0xf6, 0xfe, 0xf3, 0x02, 0xf3, 0xfe, 0xf1, 0x02, 0xf1, 0xfe, 0xee,
  0x02, 0xee, 0xfe, 0xec, 0x02, 0xec, 0xff, 0xea, 0x00, 0xea, 0x00, 0xe9,
  0x00, 0xe8, 0x00, 0xe7, 0x00, 0xe6, 0x01, 0xe5, 0xff, 0xe3, 0x00, 0xe4,
  0x00, 0xe3, 0x00, 0xe2, 0x00, 0xe2, 0x01, 0xe1, 0xfe, 0xdf, 0x02, 0xe0,
  0xfe, 0xde, 0x02, 0xdf, 0xfe, 0xde, 0x03, 0xde, 0xfc, 0xdd, 0x03, 0xde,
  0xff, 0xdc, 0x00, 0xdd, 0x00, 0xdd, 0x01, 0xdd, 0xfd, 0xdc, 0x05, 0xdd,
  0xfb, 0xdb, 0x03, 0xdc, 0xff, 0xdb, 0xff, 0xdb, 0x03, 0xdd, 0xfc, 0xdc,
  0x04, 0xdc, 0xfc, 0xdc, 0x04, 0xdd, 0xfc, 0xdc, 0x04, 0xdd, 0xfc, 0xdc,
  0x03, 0xdd, 0xff, 0xdd, 0x00, 0xde, 0x00, 0xde, 0x00, 0xde, 0x00, 0xde,
  0x00, 0xdf, 0x00, 0xdf, 0x00, 0xdf, 0xff, 0xdf, 0x02, 0xe0, 0xfd, 0xdf,
  0x04, 0xe0, 0xfc, 0xe0, 0x04, 0xe1, 0xfb, 0xe0, 0x05, 0xe2, 0xfc, 0xe1,
  0x04, 0xe2, 0xfd, 0xe1, 0x01, 0xe3, 0x00, 0xe3, 0x00, 0xe3, 0x00, 0xe4,
  0x01, 0xe4, 0xfe, 0xe3, 0x01, 0xe4, 0x00, 0xe5, 0x00, 0xe5, 0x00, 0xe6,
  0x01, 0xe6, 0xfd, 0xe5, 0x03, 0xe6, 0xfe, 0xe6, 0x01, 0xe7, 0x01, 0xe8,
  0xfe, 0xe7, 0x02, 0xe9, 0xfe, 0xe8, 0x01, 0xea, 0x00, 0xea, 0x01, 0xeb,
  0xff, 0xea, 0x01, 0xec, 0xff, 0xeb, 0xff, 0xec, 0x03, 0xee, 0xfd, 0xee,
  0x03, 0xef, 0xfe, 0xef, 0x00, 0xf1, 0x01, 0xf2, 0xfe, 0xf2, 0x03, 0xf4,
  0xfd, 0xf4, 0x03, 0xf6, 0xfd, 0xf6, 0x03, 0xf8, 0xfd, 0xf9, 0x02, 0xfb,
  0xff, 0xfb, 0x01, 0xfd, 0xff, 0xfe, 0x01, 0x00, 0xff, 0x00, 0x00, 0x02,
  0x01, 0x04, 0x00, 0x05, 0xff, 0x05, 0x01, 0x07, 0xff, 0x08, 0x00, 0x0a,
  0x02, 0x0b, 0xfd, 0x0b, 0x02, 0x0e, 0xff, 0x0e, 0x00, 0x10, 0x01, 0x11,
  0xfe, 0x11, 0x02, 0x13, 0xff, 0x13, 0x00, 0x15, 0x01, 0x16, 0xfe, 0x16,
  0x02, 0x18, 0xff, 0x18, 0x01, 0x1a, 0xff, 0x1a, 0x00, 0x1b, 0x01, 0x1c,
  0xfe, 0x1b, 0x03, 0x1d, 0xfd, 0x1d, 0x01, 0x1e, 0x01, 0x1f, 0xfe, 0x1e,
  0x02, 0x20, 0xfe, 0x1f, 0x02, 0x20, 0xfe, 0x20, 0x02, 0x21, 0xff, 0x20,
  0xff, 0x20, 0x03, 0x22, 0xfd, 0x21, 0x01, 0x22, 0x02, 0x22, 0xfc, 0x21,
  0x04, 0x22, 0xfe, 0x21, 0x00, 0x22, 0x01, 0x22, 0xfe, 0x21, 0x03, 0x22,
  0xfd, 0x21, 0x03, 0x22, 0xfd, 0x21, 0x02, 0x22, 0xff, 0x21, 0x01, 0x21,
  0xff, 0x20, 0x01, 0x21, 0xff, 0x20, 0x00, 0x21, 0x00, 0x20, 0x01, 0x20,
  0xff, 0x1f, 0x01, 0x20, 0xff, 0x1e, 0x00, 0x1f, 0x00, 0x1f, 0x01, 0x1f,
  0xfe, 0x1d, 0x03, 0x1e, 0xfc, 0x1d, 0x05, 0x1e, 0xfa, 0x1c, 0x06, 0x1d,
  0xfb, 0x1c, 0x04, 0x1d, 0xfd, 0x1b, 0x02, 0x1c, 0xff, 0x1b, 0x00, 0x1c,
  0x01, 0x1b, 0xfe, 0x1a, 0x03, 0x1b, 0xfc, 0x1a, 0x04, 0x1a, 0xfd, 0x19,
  0x02, 0x19, 0xff, 0x18, 0xff, 0x18, 0x03, 0x18, 0xfd, 0x17, 0x02, 0x17,
  0xfe, 0x16, 0x02, 0x16, 0xfe, 0x15, 0x03, 0x15, 0xfc, 0x14, 0x03, 0x14,
  0xff, 0x12, 0xff, 0x11, 0x03, 0x12, 0xfc, 0x10, 0x04, 0x10, 0xfc, 0x0e,
  0x04, 0x0e, 0xfd, 0x0c, 0x02, 0x0c, 0xfe, 0x0a, 0x03, 0x0a, 0xfc, 0x08,
  0x04, 0x08, 0xfc, 0x06, 0x03, 0x05, 0xff, 0x03, 0xff, 0x02, 0x02, 0x01,
  0xfe, 0xff, 0x01, 0xff, 0x00, 0xfd, 0xff, 0xfb, 0x02, 0xfb, 0xfd, 0xf9,
  0x03, 0xf8, 0xfe, 0xf6, 0x00, 0xf6, 0x02, 0xf4, 0xfc, 0xf2, 0x04, 0xf2,
  0xfd, 0xf0, 0x02, 0xef, 0xff, 0xed, 0x00, 0xed, 0xff, 0xeb, 0x03, 0xeb,
  0xfc, 0xe9, 0x04, 0xe9, 0xfd, 0xe7, 0x01, 0xe7, 0x01, 0xe6, 0xfe, 0xe4,
  0x03, 0xe4, 0xfd, 0xe3, 0x02, 0xe3, 0xff, 0xe1, 0x01, 0xe2, 0xff, 0xe0,
  0x01, 0xe0, 0xff, 0xdf, 0x00, 0xdf, 0x01, 0xdf, 0xfe, 0xdd, 0x02, 0xde,
  0xfe, 0xdd, 0x02, 0xde, 0xff, 0xdc, 0x00, 0xdd, 0x00, 0xdd, 0x00, 0xdc,
  0x00, 0xdc, 0x01, 0xdc, 0xff, 0xdb, 0x01, 0xdc, 0xff, 0xdb, 0x01, 0xdc,
  0xff, 0xdb, 0x01, 0xdc, 0x00, 0xdc, 0xff, 0xdb, 0x01, 0xdc, 0xff, 0xdb,
  0x01, 0xdc, 0x00, 0xdc, 0xff, 0xdc, 0x01, 0xdd, 0xff, 0xdc, 0x01, 0xdd,
  0xff, 0xdc, 0x01, 0xde, 0x00, 0xde, 0xff, 0xdd, 0x02, 0xde, 0xfd, 0xde,
  0x03, 0xdf, 0xfe, 0xde, 0x01, 0xe0, 0x00, 0xe0, 0x00, 0xe0, 0x00, 0xe1,
  0x00, 0xe1, 0x00, 0xe1, 0xff, 0xe0, 0x02, 0xe2, 0xfe, 0xe1, 0x02, 0xe2,
  0xfe, 0xe2, 0x02, 0xe3, 0xfe, 0xe2, 0x02, 0xe3, 0xfe, 0xe3, 0x02, 0xe4,
  0xfe, 0xe3, 0x02, 0xe5, 0xfe, 0xe4, 0x02, 0xe5, 0xfe, 0xe4, 0x02, 0xe6,
  0xfe, 0xe5, 0x01, 0xe6, 0x00, 0xe7, 0x00, 0xe7, 0x00, 0xe7, 0x00, 0xe8,
  0xff, 0xe7, 0x02, 0xe9, 0xfe, 0xe8, 0x02, 0xea, 0xfe, 0xe9, 0x01, 0xeb,
  0x00, 0xeb, 0xff, 0xeb, 0x02, 0xed, 0xfd, 0xec, 0x03, 0xee, 0xfd, 0xee,
  0x02, 0xf0, 0x00, 0xf1, 0xff, 0xf0, 0x01, 0xf2, 0xfe, 0xf2, 0x02, 0xf4,
  0xff, 0xf4, 0x02, 0xf7, 0xfe, 0xf7, 0xff, 0xf8, 0x02, 0xfa, 0xfe, 0xfa,
  0x02, 0xfc, 0x00, 0xfd, 0xfe, 0xfe, 0x02, 0x00, 0xfe, 0x00, 0x02, 0x02,
  0xff, 0x03, 0x00, 0x05, 0x00, 0x06, 0x01, 0x08, 0xfe, 0x08, 0x03, 0x0a,
  0xfd, 0x0a, 0x02, 0x0c, 0x00, 0x0e, 0xfe, 0x0e, 0x02, 0x10, 0xff, 0x10,
  0x00, 0x12, 0x02, 0x13, 0xfc, 0x13, 0x04, 0x15, 0xfd, 0x15, 0x01, 0x17,
  0x01, 0x18, 0xfe, 0x18, 0x02, 0x1a, 0xfe, 0x1a, 0x02, 0x1b, 0xff, 0x1b,
  0x01, 0x1d, 0xfe, 0x1c, 0x01, 0x1e, 0x00, 0x1f, 0x00, 0x1f, 0x01, 0x1f,
  0xfe, 0x1f, 0x02, 0x20, 0xfe, 0x20, 0x02, 0x21, 0xfe, 0x20, 0x02, 0x21,
  0xff, 0x21, 0x00, 0x22, 0x00, 0x22, 0x01, 0x22, 0xfe, 0x21, 0x02, 0x22,
  0xff, 0x21, 0xff, 0x21, 0x02, 0x22, 0xff, 0x21, 0x00, 0x22, 0x00, 0x22,
  0x00, 0x22, 0x00, 0x22, 0xff, 0x21, 0x02, 0x22, 0xfd, 0x21, 0x04, 0x21,
  0xfc, 0x20, 0x03, 0x21, 0xfd, 0x20, 0x02, 0x21, 0xff, 0x1f, 0x01, 0x20,
  0xff, 0x1f, 0x01, 0x20, 0xff, 0x1e, 0x00, 0x1f, 0x01, 0x1f, 0xff, 0x1e,
  0x01, 0x1e, 0xff, 0x1d, 0x01, 0x1e, 0xff, 0x1c, 0x01, 0x1d, 0xff, 0x1c,
  0x00, 0x1d, 0x02, 0x1c, 0xfd, 0x1b, 0x03, 0x1c, 0xfc, 0x1b, 0x05, 0x1b,
  0xfc, 0x1a, 0x04, 0x1b, 0xfc, 0x19, 0x02, 0x1a, 0x00, 0x19, 0xff, 0x18,
  0x01, 0x19, 0x00, 0x18, 0x00, 0x18, 0x00, 0x17, 0x00, 0x17, 0xff, 0x15,
  0x02, 0x16, 0xff, 0x14, 0x00, 0x14, 0x01, 0x13, 0xff, 0x12, 0x01, 0x12,
  0xff, 0x10, 0x01, 0x10, 0xff, 0x0e, 0x01, 0x0f, 0x00, 0x0e, 0xfe, 0x0c,
  0x03, 0x0b, 0xfd, 0x09, 0x03, 0x09, 0xfe, 0x07, 0x01, 0x07, 0xff, 0x05,
  0x01, 0x04, 0xff, 0x02, 0x01, 0x02, 0x00, 0x01, 0x00, 0xff, 0x00, 0xfe,
  0xff, 0xfb, 0x01, 0xfb, 0xff, 0xf9, 0x02, 0xf8, 0xfe, 0xf6, 0x01, 0xf6,
  0x00, 0xf5, 0x00, 0xf4, 0xff, 0xf1, 0x01, 0xf1, 0x00, 0xf0, 0xff, 0xee,
  0x03, 0xee, 0xfc, 0xec, 0x03, 0xec, 0xfe, 0xe9, 0x02, 0xe9, 0xfd, 0xe7,
  0x04, 0xe8, 0xfc, 0xe6, 0x03, 0xe6, 0xff, 0xe4, 0xff, 0xe3, 0x02, 0xe3,
  0xff, 0xe2, 0x00, 0xe2, 0x00, 0xe2, 0xff, 0xe0, 0x01, 0xe0, 0x01, 0xe0,
  0xfe, 0xde, 0x01, 0xdf, 0x00, 0xdf, 0xff, 0xdd, 0x02, 0xde, 0xfe, 0xdd,
  0x01, 0xdd, 0xff, 0xdc, 0x02, 0xdd, 0xfe, 0xdc, 0x02, 0xdd, 0xfe, 0xdc,
  0x01, 0xdc, 0x00, 0xdc, 0x00, 0xdc, 0x00, 0xdc, 0x00, 0xdc, 0x00, 0xdc,
  0x00, 0xdd, 0x01, 0xdd, 0xfe, 0xdc, 0x02, 0xdd, 0xfe, 0xdc, 0x01, 0xdd,
  0x00, 0xdd, 0x01, 0xde, 0xfe, 0xdd, 0x02, 0xde, 0xfd, 0xdd, 0x03, 0xde,
  0xfe, 0xde, 0x01, 0xdf, 0xff, 0xde, 0x01, 0xdf, 0xff, 0xdf, 0x00, 0xe0,
  0x00, 0xe0, 0x00, 0xe0, 0x01, 0xe1, 0xff, 0xe0, 0x00, 0xe1, 0x00, 0xe2,
  0x00, 0xe2, 0x00, 0xe2, 0x01, 0xe2, 0xff, 0xe2, 0x00, 0xe3, 0x00, 0xe3,
  0x01, 0xe3, 0xfe, 0xe2, 0x02, 0xe4, 0xfe, 0xe3, 0x02, 0xe4, 0xff, 0xe4,
  0x00, 0xe5, 0x00, 0xe5, 0x00, 0xe5, 0x00, 0xe6, 0x01, 0xe6, 0xfe, 0xe5,
  0x02, 0xe6, 0xff, 0xe6, 0x00, 0xe7, 0x01, 0xe8, 0xff, 0xe7, 0x00, 0xe8,
  0x01, 0xe9, 0xff, 0xe8, 0x01, 0xea, 0xff, 0xe9, 0x00, 0xeb, 0x00, 0xec,
  0x02, 0xec, 0xfd, 0xec, 0x03, 0xee, 0xfd, 0xee, 0x02, 0xef, 0xff, 0xef,
  0x01, 0xf1, 0xff, 0xf1, 0x01, 0xf3, 0xff, 0xf3, 0x00, 0xf5, 0x01, 0xf6,
  0xfe, 0xf6, 0x03, 0xf8, 0xfd, 0xf9, 0x02, 0xfb, 0x00, 0xfc, 0xfe, 0xfc,
  0x03, 0xfe, 0xfd, 0xff, 0x03, 0x01, 0xfe, 0x01, 0x00, 0x03, 0x02, 0x05,
  0xfd, 0x05, 0x03, 0x08, 0xfe, 0x08, 0x01, 0x0a, 0x00, 0x0b, 0xff, 0x0c,
  0x01, 0x0e, 0x00, 0x0f, 0xff, 0x0f, 0x02, 0x11, 0xfd, 0x11, 0x03, 0x13,
  0xfd, 0x13, 0x03, 0x15, 0xfe, 0x15, 0x00, 0x17, 0x01, 0x18, 0xfe, 0x18,
  0x03, 0x1a, 0xfd, 0x1a, 0x02, 0x1c, 0xfe, 0x1b, 0x02, 0x1d, 0xff, 0x1d,
  0x00, 0x1e, 0x00, 0x1f, 0x00, 0x1f, 0x00, 0x20, 0x01, 0x20, 0xfe, 0x1f,
  0x02, 0x21, 0xfe, 0x20, 0x02, 0x21, 0xff, 0x21, 0x00, 0x22, 0x00, 0x22,
  0xff, 0x21, 0x03, 0x23, 0xfc, 0x22, 0x05, 0x23, 0xfb, 0x22, 0x03, 0x23,
  0xff, 0x22, 0x00, 0x23, 0x01, 0x23, 0x00, 0x23, 0xff, 0x22, 0x00, 0x23,
  0x01, 0x23, 0xfe, 0x22, 0x02, 0x23, 0x00, 0x23, 0xfe, 0x22, 0x03, 0x22,
  0xfc, 0x21, 0x04, 0x22, 0xfc, 0x21, 0x04, 0x21, 0xfd, 0x20, 0x01, 0x21,
  0x01, 0x21, 0xfe, 0x1f, 0x01, 0x20, 0x00, 0x20, 0xff, 0x1f, 0x02, 0x1f,
  0xfe, 0x1e, 0x02, 0x1f, 0xfd, 0x1e, 0x04, 0x1e, 0xfb, 0x1d, 0x05, 0x1e,
  0xfd, 0x1c, 0x00, 0x1d, 0x02, 0x1d, 0xfd, 0x1b, 0x03, 0x1c, 0xfe, 0x1b,
  0x01, 0x1c, 0xff, 0x1a, 0x00, 0x1b, 0x02, 0x1b, 0xfc, 0x1a, 0x05, 0x1a,
  0xfb, 0x19, 0x04, 0x1a, 0xfe, 0x19, 0x01, 0x19, 0xff, 0x18, 0x01, 0x19,
  0xff, 0x17, 0x01, 0x18, 0xff, 0x17, 0x02, 0x17, 0xfe, 0x16, 0x01, 0x16,
  0x00, 0x16, 0xff, 0x14, 0x02, 0x15, 0xfd, 0x13, 0x03, 0x14, 0xfe, 0x12,
  0x02, 0x12, 0xfe, 0x11, 0x00, 0x11, 0x02, 0x10, 0xfd, 0x0e, 0x04, 0x0e,
  0xfc, 0x0c, 0x02, 0x0c, 0x00, 0x0b, 0x00, 0x0a, 0xff, 0x08, 0x01, 0x08,
  0xff, 0x06, 0x01, 0x06, 0x00, 0x04, 0xfe, 0x02, 0x03, 0x02, 0xfd, 0x00,
  0x04, 0xff, 0xfb, 0xfd, 0x05, 0xfc, 0xfb, 0xfa, 0x05, 0xfa, 0xfd, 0xf8,
  0x01, 0xf7, 0x00, 0xf6, 0xff, 0xf4, 0x02, 0xf4, 0xfe, 0xf1, 0x01, 0xf1,
  0x00, 0xf0, 0xff, 0xee, 0x02, 0xee, 0xfe, 0xeb, 0x02, 0xeb, 0xfd, 0xe9,
  0x04, 0xe9, 0xfc, 0xe7, 0x04, 0xe7, 0xfd, 0xe5, 0x01, 0xe5, 0x01, 0xe4,
  0xfe, 0xe2, 0x03, 0xe2, 0xfc, 0xe1, 0x05, 0xe1, 0xfa, 0xe0, 0x06, 0xe0,
  0xfc, 0xde, 0x01, 0xdf, 0x02, 0xdf, 0xfc, 0xdd, 0x04, 0xde, 0xfe, 0xdd,
  0x00, 0xdd, 0x02, 0xdd, 0xfd, 0xdc, 0x02, 0xdd, 0x00, 0xdd, 0xff, 0xdc,
  0x02, 0xdd, 0xfd, 0xdc, 0x02, 0xdd, 0xff, 0xdc, 0x02, 0xdd, 0xfe, 0xdc,
  0x00, 0xdd, 0x01, 0xdd, 0xff, 0xdc, 0x02, 0xdd, 0xfe, 0xdc, 0x01, 0xdd,
  0xff, 0xdd, 0x02, 0xde, 0xfe, 0xdd, 0x02, 0xde, 0xfe, 0xdd, 0x02, 0xdf,
  0xff, 0xde, 0x00, 0xdf, 0x00, 0xdf, 0x00, 0xe0, 0x00, 0xe0, 0x01, 0xe0,
  0xfe, 0xe0, 0x02, 0xe1, 0xff, 0xe0, 0x00, 0xe2, 0x01, 0xe2, 0xfe, 0xe1,
  0x02, 0xe2, 0xff, 0xe2, 0x01, 0xe3, 0xff, 0xe2, 0x00, 0xe4, 0x00, 0xe4,
  0x00, 0xe4, 0x01, 0xe5, 0xfe, 0xe4, 0x02, 0xe5, 0xfe, 0xe5, 0x02, 0xe6,
  0xff, 0xe6, 0x00, 0xe7, 0x00, 0xe7, 0x00, 0xe8, 0x00, 0xe8, 0x00, 0xe9,
  0x00, 0xe9, 0x01, 0xea, 0xfe, 0xe9, 0x02, 0xeb, 0xfe, 0xeb, 0x02, 0xec,
  0xfe, 0xec, 0x03, 0xee, 0xfd, 0xed, 0x02, 0xef, 0xff, 0xef, 0x00, 0xf1,
  0x01, 0xf2, 0xff, 0xf2, 0x00, 0xf4, 0x00, 0xf5, 0x00, 0xf6, 0x00, 0xf7,
  0x01, 0xf8, 0xfe, 0xf8, 0x02, 0xfa, 0xfe, 0xfa, 0x02, 0xfd, 0xff, 0xfd,
  0xff, 0xfe, 0x03, 0x00, 0xfc, 0x00, 0x04, 0x03, 0xfd, 0x03, 0x02, 0x05,
  0xfe, 0x05, 0x03, 0x07, 0xfb, 0x08, 0x05, 0x0a, 0xfc, 0x0a, 0x04, 0x0c,
  0xfd, 0x0d, 0x02, 0x0f, 0xfe, 0x0f, 0x01, 0x11, 0x01, 0x12, 0xff, 0x12,
  0x00, 0x14, 0x01, 0x15, 0xff, 0x15, 0x00, 0x17, 0x01, 0x18, 0xff, 0x18,
  0x00, 0x19, 0x02, 0x1a, 0xfd, 0x1a, 0x02, 0x1c, 0xff, 0x1b, 0x01, 0x1d,
  0xff, 0x1c, 0x01, 0x1e, 0x00, 0x1e, 0xfe, 0x1e, 0x03, 0x1f, 0xfd, 0x1f,
  0x03, 0x20, 0xfe, 0x1f, 0x00, 0x21, 0x01, 0x21, 0xff, 0x20, 0x01, 0x21,
  0x00, 0x21, 0xfe, 0x21, 0x02, 0x22, 0xff, 0x21, 0x01, 0x22, 0xff, 0x21,
  0x01, 0x22, 0xfe, 0x21, 0x03, 0x22, 0xfd, 0x21, 0x03, 0x22, 0xfd, 0x21,
  0x02, 0x21, 0x00, 0x21, 0xfe, 0x20, 0x04, 0x21, 0xfb, 0x20, 0x04, 0x21,
  0xfe, 0x1f, 0x00, 0x20, 0x01, 0x20, 0xff, 0x1f, 0x01, 0x20, 0xfe, 0x1e,
  0x03, 0x1f, 0xfd, 0x1e, 0x02, 0x1e, 0xff, 0x1d, 0x01, 0x1e, 0xfe, 0x1d,
  0x04, 0x1d, 0xfb, 0x1c, 0x04, 0x1d, 0xfe, 0x1c, 0x00, 0x1c, 0x01, 0x1c,
  0xff, 0x1b, 0x00, 0x1c, 0x00, 0x1b, 0x01, 0x1b, 0xfe, 0x1a, 0x02, 0x1b,
  0xfe, 0x19, 0x02, 0x1a, 0xfe, 0x19, 0x02, 0x19, 0xfe, 0x18, 0x01, 0x19,
  0x00, 0x18, 0x00, 0x17, 0x00, 0x17, 0x00, 0x16, 0xff, 0x15, 0x01, 0x15,
  0x01, 0x15, 0xfd, 0x13, 0x04, 0x13, 0xfc, 0x12, 0x03, 0x12, 0x00, 0x11,
  0xfe, 0x0f, 0x02, 0x0f, 0xfe, 0x0d, 0x02, 0x0d, 0xff, 0x0b, 0x01, 0x0b,
  0xff, 0x09, 0x01, 0x09, 0xfe, 0x07, 0x03, 0x07, 0xfc, 0x05, 0x05, 0x04,
  0xfc, 0x02, 0x02, 0x02, 0x00, 0x01, 0xfe, 0xff, 0x03, 0xfe, 0xfe, 0xfc,
  0x01, 0xfc, 0x00, 0xfb, 0x00, 0xf9, 0xff, 0xf7, 0x02, 0xf6, 0xfe, 0xf4,
  0x02, 0xf4, 0xfe, 0xf2, 0x02, 0xf1, 0xfe, 0xef, 0x02, 0xef, 0xfe, 0xed,
  0x02, 0xed, 0xfe, 0xeb, 0x02, 0xeb, 0xfe, 0xe9, 0x01, 0xe9, 0x00, 0xe8,
  0x00, 0xe7, 0xff, 0xe5, 0x02, 0xe5, 0xfe, 0xe3, 0x01, 0xe3, 0x00, 0xe3,
  0xff, 0xe1, 0x01, 0xe1, 0x00, 0xe1, 0xff, 0xdf, 0x02, 0xe0, 0xfe, 0xde,
  0x01, 0xdf, 0x00, 0xde, 0xff, 0xdd, 0x01, 0xde, 0x00, 0xdd, 0xff, 0xdc,
  0x02, 0xdd, 0xfd, 0xdc, 0x03, 0xdc, 0xfd, 0xdb, 0x03, 0xdc, 0xfd, 0xdb,
  0x03, 0xdc, 0xfe, 0xdb, 0x01, 0xdc, 0xff, 0xdb, 0x01, 0xdc, 0xff, 0xdb,
  0x02, 0xdc, 0xfd, 0xdb, 0x04, 0xdc, 0xfb, 0xdb, 0x05, 0xdc, 0xfd, 0xdc,
  0x00, 0xdd, 0x03, 0xdd, 0xfb, 0xdc, 0x05, 0xdd, 0xfd, 0xdc, 0x02, 0xde,
  0xfe, 0xdd, 0x02, 0xde, 0xfd, 0xde, 0x04, 0xdf, 0xfd, 0xde, 0x02, 0xdf,
  0xfe, 0xdf, 0x02, 0xe0, 0xff, 0xdf, 0x00, 0xe1, 0x01, 0xe1, 0xfe, 0xe0,
  0x02, 0xe2, 0xff, 0xe1, 0x00, 0xe2, 0x00, 0xe2, 0x01, 0xe3, 0xfe, 0xe2,
  0x02, 0xe3, 0xff, 0xe3, 0x00, 0xe4, 0x01, 0xe4, 0xfe, 0xe3, 0x03, 0xe4,
  0xfc, 0xe4, 0x05, 0xe5, 0xfa, 0xe4, 0x07, 0xe6, 0xf9, 0xe5, 0x06, 0xe6,
  0xfb, 0xe5, 0x04, 0xe7, 0xfd, 0xe6, 0x02, 0xe7, 0xff, 0xe6, 0x01, 0xe8,
  0xff, 0xe7, 0x00, 0xe9, 0x01, 0xe9, 0xfe, 0xe9, 0x03, 0xea, 0xfd, 0xea,
  0x02, 0xeb, 0xff, 0xeb, 0x01, 0xec, 0xfe, 0xec, 0x02, 0xee, 0xff, 0xed,
  0x01, 0xef, 0xff, 0xef, 0x01, 0xf1, 0xfe, 0xf1, 0x02, 0xf3, 0xff, 0xf3,
  0x00, 0xf5, 0x01, 0xf6, 0xff, 0xf6, 0x01, 0xf8, 0xff, 0xf8, 0x00, 0xfa,
  0x01, 0xfc, 0xff, 0xfc, 0x01, 0xfe, 0xff, 0xfe, 0x01, 0x00, 0xff, 0x01,
  0x01, 0x03, 0xff, 0x04, 0xff, 0x05, 0x03, 0x07, 0xfd, 0x07, 0x03, 0x0a,
  0xfe, 0x0a, 0xff, 0x0b, 0x03, 0x0d, 0xfd, 0x0d, 0x03, 0x0f, 0xfd, 0x10,
  0x02, 0x12, 0xff, 0x12, 0x01, 0x14, 0x00, 0x15, 0xfe, 0x15, 0x03, 0x17,
  0xfc, 0x17, 0x05, 0x19, 0xfc, 0x18, 0x03, 0x1a, 0xfd, 0x1a, 0x03, 0x1c,
  0xfe, 0x1c, 0x01, 0x1d, 0x00, 0x1e, 0x00, 0x1e, 0x00, 0x1f, 0x00, 0x1f,
  0x00, 0x20, 0xff, 0x1f, 0x03, 0x20, 0xfc, 0x20, 0x04, 0x21, 0xfd, 0x20,
  0x01, 0x22, 0x01, 0x22, 0xfe, 0x21, 0x03, 0x22, 0xfd, 0x22, 0x02, 0x23,
  0xfe, 0x22, 0x03, 0x23, 0xfe, 0x22, 0x00, 0x23, 0x01, 0x23, 0xfe, 0x22,
  0x03, 0x23, 0xfd, 0x22, 0x02, 0x23, 0xff, 0x22, 0x00, 0x23, 0x01, 0x23,
  0xff, 0x21, 0x01, 0x22, 0xfe, 0x21, 0x02, 0x22, 0xff, 0x21, 0x01, 0x21,
  0x00, 0x21, 0xfd, 0x20, 0x04, 0x21, 0xfd, 0x1f, 0x02, 0x20, 0xff, 0x1f,
  0x00, 0x20, 0x00, 0x1f, 0x00, 0x1f, 0x01, 0x1f, 0xff, 0x1d, 0x00, 0x1e,
  0x01, 0x1e, 0xfe, 0x1d, 0x03, 0x1d, 0xfd, 0x1c, 0x02, 0x1d, 0xff, 0x1b,
  0x00, 0x1c, 0x00, 0x1c, 0x00, 0x1c, 0x00, 0x1b, 0xff, 0x1a, 0x03, 0x1b,
  0xfc, 0x1a, 0x03, 0x1a, 0xff, 0x19, 0xff, 0x19, 0x03, 0x19, 0xfd, 0x18,
  0x02, 0x19, 0xff, 0x18, 0x00, 0x18, 0x01, 0x18, 0xff, 0x17, 0x00, 0x17,
  0x01, 0x17, 0xff, 0x15, 0x01, 0x16, 0xfe, 0x14, 0x03, 0x15, 0xfc, 0x13,
  0x05, 0x14, 0xfb, 0x12, 0x04, 0x12, 0xfe, 0x10, 0x00, 0x10, 0x02, 0x10,
  0xfc, 0x0e, 0x04, 0x0e, 0xfd, 0x0c, 0x03, 0x0b, 0xfd, 0x09, 0x04, 0x09,
  0xfa, 0x07, 0x05, 0x07, 0xfd, 0x04, 0x02, 0x04, 0x00, 0x03, 0xfe, 0x01,
  0x02, 0x00, 0xfe, 0xfe, 0x02, 0xfe, 0xff, 0xfb, 0x00, 0xfb, 0x01, 0xf9,
  0xfe, 0xf7, 0x02, 0xf7, 0xfe, 0xf4, 0x03, 0xf4, 0xfd, 0xf2, 0x01, 0xf1,
  0x01, 0xf0, 0xfe, 0xee, 0x02, 0xee, 0xff, 0xec, 0xff, 0xeb, 0x02, 0xeb,
  0xff, 0xe9, 0xff, 0xe8, 0x03, 0xe8, 0xfc, 0xe6, 0x04, 0xe6, 0xfc, 0xe4,
  0x04, 0xe4, 0xfc, 0xe3, 0x04, 0xe3, 0xfd, 0xe1, 0x02, 0xe1, 0xff, 0xe0,
  0xff, 0xdf, 0x03, 0xe0, 0xfc, 0xde, 0x04, 0xdf, 0xfd, 0xde, 0x02, 0xde,
  0xff, 0xdd, 0x01, 0xde, 0xfe, 0xdd, 0x02, 0xde, 0xff, 0xdc, 0x00, 0xdd,
  0x00, 0xdd, 0x00, 0xdd, 0x00, 0xdd, 0x00, 0xdd, 0x00, 0xdd, 0x00, 0xdd,
  0xff, 0xdc, 0x01, 0xdd, 0x00, 0xdd, 0xff, 0xdd, 0x03, 0xde, 0xfb, 0xdd,
  0x05, 0xde, 0xfc, 0xdd, 0x03, 0xde, 0xfe, 0xdd, 0x00, 0xdf, 0x02, 0xdf,
  0xfd, 0xde, 0x03, 0xe0, 0xfe, 0xdf, 0x00, 0xe0, 0x02, 0xe0, 0xfd, 0xe0,
  0x03, 0xe1, 0xff, 0xe0, 0xff, 0xe0, 0x02, 0xe2, 0xfe, 0xe1, 0x01, 0xe2,
  0x00, 0xe3, 0x00, 0xe3, 0x00, 0xe3, 0xff, 0xe2, 0x01, 0xe4, 0xff, 0xe3,
  0x01, 0xe5, 0xff, 0xe4, 0x01, 0xe5, 0xfe, 0xe5, 0x03, 0xe6, 0xfd, 0xe5,
  0x03, 0xe7, 0xfe, 0xe6, 0x00, 0xe8, 0x01, 0xe8, 0xfe, 0xe8, 0x03, 0xe9,
  0xfe, 0xe9, 0x00, 0xea, 0x01, 0xeb, 0xff, 0xea, 0x01, 0xec, 0xff, 0xec,
  0x01, 0xed, 0xff, 0xed, 0x02, 0xef, 0xfe, 0xef, 0x01, 0xf1, 0x00, 0xf2,
  0xff, 0xf1, 0x02, 0xf3, 0xfd, 0xf3, 0x03, 0xf5, 0xfe, 0xf5, 0x01, 0xf7,
  0xff, 0xf8, 0x01, 0xfa, 0xff, 0xfa, 0x01, 0xfc, 0xff, 0xfd, 0x01, 0xff,
  0xff, 0xff, 0x01, 0x01, 0xff, 0x01, 0x02, 0x04, 0xfe, 0x04, 0x01, 0x06,
  0xff, 0x07, 0x01, 0x09, 0x00, 0x0a, 0x00, 0x0b, 0xff, 0x0c, 0x00, 0x0e,
  0x01, 0x0f, 0xff, 0x0f, 0x01, 0x11, 0xfe, 0x11, 0x02, 0x13, 0xff, 0x14,
  0x01, 0x16, 0xff, 0x16, 0x00, 0x18, 0x01, 0x19, 0xfe, 0x18, 0x03, 0x1a,
  0xfd, 0x1a, 0x03, 0x1c, 0xfe, 0x1b, 0x01, 0x1d, 0xff, 0x1c, 0x01, 0x1e,
  0xff, 0x1e, 0x02, 0x1f, 0xfe, 0x1e, 0x02, 0x20, 0xfe, 0x1f, 0x01, 0x21,
  0x01, 0x21, 0xfd, 0x20, 0x03, 0x21, 0xff, 0x21, 0xff, 0x21, 0x02, 0x22,
  0xfd, 0x21, 0x02, 0x22, 0x00, 0x22, 0x00, 0x22, 0xff, 0x21, 0x01, 0x22,
  0xfe, 0x21, 0x04, 0x22, 0xfb, 0x21, 0x05, 0x22, 0xfb, 0x21, 0x04, 0x22,
  0xfe, 0x21, 0x00, 0x22, 0x00, 0x22, 0x01, 0x21, 0xff, 0x20, 0x01, 0x21,
  0xff, 0x20, 0x01, 0x21, 0xff, 0x1f, 0x01, 0x20, 0xff, 0x1f, 0x02, 0x20,
  0xfe, 0x1e, 0x01, 0x1f, 0xfe, 0x1e, 0x03, 0x1f, 0xfe, 0x1d, 0x02, 0x1e,
  0xfd, 0x1d, 0x02, 0x1e, 0xff, 0x1c, 0x01, 0x1d, 0x00, 0x1d, 0xff, 0x1c,
  0x01, 0x1c, 0xff, 0x1b, 0x01, 0x1c, 0xff, 0x1b, 0x01, 0x1b, 0xff, 0x1a,
  0x00, 0x1b, 0x01, 0x1a, 0xff, 0x19, 0x01, 0x1a, 0xff, 0x19, 0x01, 0x19,
  0xfe, 0x18, 0x03, 0x19, 0xfd, 0x17, 0x02, 0x18, 0x00, 0x17, 0xfe, 0x16,
  0x03, 0x16, 0xfd, 0x15, 0x02, 0x15, 0xff, 0x13, 0x01, 0x14, 0xff, 0x12,
  0x01, 0x12, 0xff, 0x10, 0x00, 0x11, 0x01, 0x10, 0xff, 0x0e, 0x01, 0x0e,
  0x00, 0x0d, 0xfe, 0x0b, 0x02, 0x0b, 0xff, 0x09, 0x01, 0x09, 0xff, 0x07,
  0x01, 0x07, 0xfe, 0x04, 0x03, 0x04, 0xfd, 0x02, 0x03, 0x02, 0xfd, 0x00,
  0x02, 0xff, 0x00, 0xfe, 0xff, 0xfc, 0x02, 0xfb, 0xfe, 0xf9, 0x01, 0xf9,
  0xff, 0xf6, 0x01, 0xf6, 0xff, 0xf4, 0x02, 0xf4, 0xfd, 0xf1, 0x03, 0xf1,
  0xfd, 0xef, 0x02, 0xef, 0x00, 0xee, 0xfe, 0xec, 0x04, 0xec, 0xfc, 0xe9,
  0x03, 0xe9, 0xfe, 0xe8, 0x01, 0xe8, 0xff, 0xe6, 0x02, 0xe6, 0xfd, 0xe4,
  0x04, 0xe4, 0xfc, 0xe2, 0x02, 0xe3, 0x00, 0xe2, 0xfe, 0xe0, 0x03, 0xe1,
  0xfe, 0xdf, 0x00, 0xdf, 0x01, 0xdf, 0xfe, 0xde, 0x03, 0xde, 0xfd, 0xdd,
  0x03, 0xdd, 0xfd, 0xdc, 0x02, 0xdd, 0xff, 0xdc, 0x00, 0xdc, 0x01, 0xdc,
  0xff, 0xdb, 0x01, 0xdc, 0xfe, 0xdb, 0x03, 0xdc, 0xfd, 0xdb, 0x02, 0xdc,
  0xff, 0xdb, 0x00, 0xdc, 0x02, 0xdc, 0xfd, 0xdb, 0x03, 0xdc, 0xfc, 0xdb,
  0x04, 0xdc, 0xfd, 0xdb, 0x03, 0xdd, 0xfd, 0xdc, 0x02, 0xdd, 0xff, 0xdc,
  0x00, 0xde, 0x00, 0xde, 0x01, 0xde, 0xfe, 0xdd, 0x03, 0xdf, 0xfd, 0xde,
  0x02, 0xdf, 0xff, 0xdf, 0x00, 0xe0, 0x00, 0xe0, 0x01, 0xe0, 0xfe, 0xe0,
  0x03, 0xe1, 0xfc, 0xe0, 0x04, 0xe2, 0xfd, 0xe1, 0x01, 0xe2, 0x01, 0xe3,
  0xfe, 0xe2, 0x02, 0xe3, 0xfe, 0xe2, 0x02, 0xe4, 0xfe, 0xe3, 0x02, 0xe4,
  0xfe, 0xe4, 0x02, 0xe5, 0xfe, 0xe4, 0x01, 0xe5, 0x00, 0xe6, 0x00, 0xe6,
  0x01, 0xe6, 0xfe, 0xe6, 0x01, 0xe7, 0xff, 0xe6, 0x03, 0xe8, 0xfb, 0xe7,
  0x06, 0xe9, 0xfa, 0xe8, 0x04, 0xea, 0xfe, 0xe9, 0x02, 0xeb, 0xfd, 0xea,
  0x03, 0xec, 0xfd, 0xeb, 0x03, 0xed, 0xfe, 0xed, 0x02, 0xee, 0xfd, 0xee,
  0x04, 0xf0, 0xfd, 0xf0, 0x02, 0xf2, 0xff, 0xf1, 0x00, 0xf3, 0x01, 0xf4,
  0xff, 0xf5, 0x01, 0xf7, 0xff, 0xf7, 0x02, 0xf9, 0xfd, 0xf9, 0x03, 0xfb,
  0xfd, 0xfb, 0x02, 0xfd, 0x00, 0xfe, 0xfe, 0xff, 0x04, 0x01, 0xfb, 0x01,
  0x04, 0x03, 0xfe, 0x04, 0x00, 0x06, 0x02, 0x07, 0xfd, 0x08, 0x03, 0x0a,
  0xfd, 0x0a, 0x03, 0x0c, 0xfe, 0x0d, 0x00, 0x0f, 0x01, 0x10, 0xff, 0x10,
  0x00, 0x12, 0x01, 0x13, 0xfe, 0x13, 0x02, 0x15, 0xff, 0x15, 0x00, 0x17,
  0x01, 0x18, 0xff, 0x18, 0x00, 0x19, 0x01, 0x1a, 0xfe, 0x1a, 0x02, 0x1c,
  0x00, 0x1c, 0xfe, 0x1c, 0x04, 0x1e, 0xfa, 0x1d, 0x06, 0x1f, 0xfc, 0x1e,
  0x01, 0x1f, 0x03, 0x20, 0xfb, 0x1f, 0x05, 0x21, 0xfc, 0x20, 0x02, 0x21,
  0x00, 0x21, 0xff, 0x20, 0x01, 0x22, 0xff, 0x21, 0x01, 0x22, 0xff, 0x21,
  0x02, 0x22, 0xfd, 0x21, 0x03, 0x22, 0xfc, 0x21, 0x05, 0x22, 0xfc, 0x21,
  0x04, 0x22, 0xfc, 0x21, 0x02, 0x22, 0xff, 0x21, 0x01, 0x22, 0x00, 0x22,
  0x00, 0x22, 0xff, 0x21, 0x01, 0x21, 0xff, 0x20, 0x01, 0x21, 0x00, 0x21,
  0x00, 0x20, 0xff, 0x1f, 0x01, 0x20, 0x00, 0x20, 0x00, 0x20, 0x00, 0x1f,
  0x00, 0x1f, 0x00, 0x1f, 0x00, 0x1e, 0x00, 0x1e, 0x00, 0x1e, 0x00, 0x1e,
  0x00, 0x1d, 0x01, 0x1d, 0xfe, 0x1c, 0x01, 0x1c, 0x01, 0x1c, 0xfe, 0x1b,
  0x03, 0x1b, 0xfd, 0x1a, 0x02, 0x1b, 0xfe, 0x19, 0x03, 0x1a, 0xfc, 0x19,
  0x04, 0x19, 0xfd, 0x18, 0x02, 0x19, 0xfe, 0x17, 0x02, 0x18, 0xfe, 0x16,
  0x02, 0x17, 0xff, 0x15, 0x00, 0x15, 0x01, 0x15, 0xff, 0x13, 0x01, 0x14,
  0xfe, 0x12, 0x03, 0x12, 0xfc, 0x10, 0x05, 0x11, 0xfb, 0x0f, 0x04, 0x0f,
  0xfd, 0x0d, 0x02, 0x0d, 0xff, 0x0b, 0x00, 0x0b, 0x01, 0x0a, 0xff, 0x08,
  0x00, 0x08, 0x02, 0x07, 0xfd, 0x05, 0x02, 0x05, 0xff, 0x02, 0x00, 0x02,
  0x01, 0x01, 0x00, 0x00, 0xfe, 0xfd, 0x02, 0xfd, 0xff, 0xfb, 0x00, 0xfb,
  0x01, 0xf9, 0xff, 0xf7, 0x01, 0xf7, 0xff, 0xf5, 0x01, 0xf4, 0x00, 0xf3,
  0xfe, 0xf1, 0x03, 0xf1, 0xfd, 0xee, 0x03, 0xee, 0xfe, 0xec, 0x00, 0xec,
  0x00, 0xeb, 0x00, 0xea, 0x01, 0xe9, 0xff, 0xe7, 0x00, 0xe7, 0x00, 0xe6,
  0x01, 0xe5, 0xff, 0xe4, 0x00, 0xe4, 0x01, 0xe3, 0xfe, 0xe2, 0x03, 0xe2,
  0xfd, 0xe0, 0x02, 0xe1, 0xfe, 0xdf, 0x03, 0xe0, 0xfc, 0xde, 0x04, 0xdf,
  0xfc, 0xde, 0x03, 0xde, 0xfe, 0xdd, 0x02, 0xde, 0xfe, 0xdd, 0x01, 0xde,
  0xff, 0xdc, 0x01, 0xdd, 0xff, 0xdc, 0x02, 0xdd, 0xfd, 0xdc, 0x02, 0xdd,
  0x00, 0xdd, 0xff, 0xdc, 0x01, 0xdd, 0xff, 0xdc, 0x00, 0xdd, 0x02, 0xdd,
  0xfd, 0xdd, 0x03, 0xde, 0xfd, 0xdd, 0x02, 0xde, 0xff, 0xdd, 0x00, 0xde,
  0x01, 0xdf, 0xff, 0xde, 0x00, 0xdf, 0x00, 0xdf, 0x00, 0xe0, 0x00, 0xe0,
  0x01, 0xe0, 0xfe, 0xdf, 0x02, 0xe1, 0xfe, 0xe0, 0x02, 0xe1, 0xfe, 0xe0,
  0x02, 0xe2, 0xfe, 0xe1, 0x01, 0xe2, 0x01, 0xe2, 0xfe, 0xe2, 0x01, 0xe3,
  0xff, 0xe2, 0x01, 0xe4, 0x00, 0xe4, 0xff, 0xe3, 0x02, 0xe4, 0xfd, 0xe4,
  0x03, 0xe5, 0xfe, 0xe4, 0x01, 0xe5, 0x00, 0xe6, 0x00, 0xe6, 0x00, 0xe6,
  0x00, 0xe7, 0x00, 0xe7, 0x00, 0xe8, 0x00, 0xe8, 0x00, 0xe9, 0xff, 0xe8,
  0x02, 0xea, 0xfe, 0xe9, 0x01, 0xea, 0x00, 0xeb, 0xfe, 0xeb, 0x03, 0xec,
  0xfd, 0xec, 0x03, 0xee, 0xfe, 0xee, 0x00, 0xef, 0x02, 0xf0, 0xfc, 0xf0,
  0x05, 0xf2, 0xfc, 0xf2, 0x02, 0xf4, 0x00, 0xf5, 0xff, 0xf5, 0x01, 0xf7,
  0xff, 0xf7, 0x00, 0xf9, 0x01, 0xfb, 0xff, 0xfb, 0x01, 0xfd, 0xff, 0xfd,
  0x01, 0xff, 0xfe, 0x00, 0x03, 0x02, 0xfe, 0x02, 0x01, 0x05, 0x00, 0x06,
  0xff, 0x06, 0x01, 0x09, 0x00, 0x0a, 0x00, 0x0b, 0x00, 0x0c, 0xff, 0x0d,
  0x02, 0x0f, 0xfd, 0x0f, 0x03, 0x11, 0xfe, 0x11, 0x01, 0x13, 0x00, 0x14,
  0xff, 0x14, 0x01, 0x16, 0xff, 0x16, 0x01, 0x18, 0x00, 0x19, 0xff, 0x19,
  0x01, 0x1b, 0x00, 0x1c, 0xff, 0x1b, 0x02, 0x1d, 0xfe, 0x1c, 0x01, 0x1e,
  0x00, 0x1f, 0x00, 0x1f, 0x00, 0x1f, 0x00, 0x20, 0x00, 0x20, 0xff, 0x20,
  0x01, 0x21, 0x00, 0x21, 0xff, 0x20, 0x02, 0x22, 0xfd, 0x21, 0x03, 0x22,
  0xfd, 0x21, 0x02, 0x22, 0x00, 0x23, 0xff, 0x22, 0x01, 0x23, 0xfe, 0x22,
  0x03, 0x23, 0xfe, 0x22, 0x02, 0x23, 0xfe, 0x22, 0x00, 0x23, 0x01, 0x23,
  0x00, 0x23, 0x01, 0x23, 0xfe, 0x22, 0x01, 0x22, 0x00, 0x22, 0x00, 0x22,
  0x00, 0x22, 0x00, 0x22, 0xff, 0x20, 0x03, 0x21, 0xfc, 0x20, 0x03, 0x21,
  0xfe, 0x20, 0x01, 0x20, 0x01, 0x20, 0xfe, 0x1f, 0x01, 0x1f, 0x00, 0x1f,
  0x00, 0x1f, 0x00, 0x1f, 0x00, 0x1e, 0x00, 0x1e, 0x01, 0x1e, 0xfe, 0x1c,
  0x03, 0x1d, 0xfb, 0x1c, 0x06, 0x1c, 0xfb, 0x1b, 0x03, 0x1c, 0xff, 0x1b,
  0xff, 0x1a, 0x02, 0x1b, 0xfe, 0x1a, 0x02, 0x1a, 0xfe, 0x19, 0x01, 0x1a,
  0x01, 0x19, 0xfe, 0x18, 0x03, 0x19, 0xfd, 0x17, 0x01, 0x18, 0x01, 0x17,
  0xff, 0x16, 0x00, 0x16, 0x01, 0x16, 0xfe, 0x14, 0x02, 0x15, 0xff, 0x13,
  0x00, 0x13, 0x00, 0x12, 0x00, 0x12, 0xff, 0x10, 0x02, 0x10, 0xfe, 0x0e,
  0x02, 0x0e, 0xfe, 0x0c, 0x01, 0x0c, 0x00, 0x0b, 0xff, 0x09, 0x01, 0x09,
  0x00, 0x08, 0xff, 0x06, 0x02, 0x06, 0xfd, 0x04, 0x03, 0x03, 0xfd, 0x01,
  0x03, 0x01, 0xfd, 0xff, 0x03, 0xff, 0xfe, 0xfc, 0x01, 0xfc, 0x00, 0xfa,
  0xff, 0xf8, 0x01, 0xf8, 0x00, 0xf7, 0xff, 0xf4, 0x02, 0xf4, 0xfe, 0xf2,
  0x02, 0xf2, 0xfe, 0xef, 0x01, 0xef, 0x00, 0xee, 0x00, 0xed, 0x00, 0xec,
  0x00, 0xeb, 0xff, 0xe9, 0x02, 0xe9, 0xff, 0xe7, 0x00, 0xe7, 0x00, 0xe6,
  0xff, 0xe4, 0x02, 0xe5, 0xfe, 0xe3, 0x02, 0xe3, 0xfe, 0xe1, 0x02, 0xe2,
  0xfe, 0xe0, 0x02, 0xe1, 0xfe, 0xdf, 0x01, 0xe0, 0x00, 0xdf, 0x01, 0xdf,
  0xfe, 0xde, 0x02, 0xde, 0xfe, 0xdd, 0x02, 0xde, 0xff, 0xdd, 0x01, 0xdd,
  0xff, 0xdc, 0x00, 0xdd, 0x01, 0xdd, 0xff, 0xdc, 0x01, 0xdd, 0xff, 0xdc,
  0x01, 0xdd, 0x00, 0xdd, 0xff, 0xdc, 0x01, 0xdd, 0xff, 0xdc, 0x02, 0xdd,
  0xfe, 0xdd, 0x01, 0xde, 0xff, 0xdd, 0x01, 0xde, 0x00, 0xde, 0x00, 0xde,
  0xff, 0xde, 0x01, 0xdf, 0xff, 0xde, 0x01, 0xdf, 0x00, 0xe0, 0xff, 0xdf,
  0x01, 0xe0, 0xff, 0xdf, 0x01, 0xe1, 0xff, 0xe0, 0x01, 0xe1, 0x00, 0xe2,
  0xfe, 0xe1, 0x03, 0xe2, 0xfc, 0xe1, 0x05, 0xe3, 0xfb, 0xe2, 0x05, 0xe3,
  0xfa, 0xe3, 0x06, 0xe4, 0xfb, 0xe3, 0x04, 0xe5, 0xfd, 0xe4, 0x02, 0xe5,
  0xff, 0xe5, 0x00, 0xe6, 0x00, 0xe7, 0x00, 0xe7, 0x00, 0xe7, 0x00, 0xe8,
  0x01, 0xe8, 0xfe, 0xe8, 0x02, 0xe9, 0xff, 0xe9, 0x00, 0xea, 0x01, 0xeb,
  0xfe, 0xeb, 0x02, 0xec, 0xfe, 0xec, 0x02, 0xee, 0xfe, 0xee, 0x02, 0xf0,
  0xfe, 0xef, 0x02, 0xf1, 0xfe, 0xf1, 0x01, 0xf3, 0x00, 0xf4, 0xff, 0xf4,
  0x02, 0xf6, 0xfe, 0xf6, 0x02, 0xf8, 0xfe, 0xf9, 0x01, 0xfb, 0x00, 0xfc,
  0x00, 0xfd, 0x00, 0xfe, 0x00, 0x00, 0xff, 0x00, 0x03, 0x03, 0xfc, 0x03,
  0x04, 0x05, 0xfd, 0x05, 0x01, 0x08, 0x00, 0x09, 0x00, 0x0a, 0x00, 0x0c,
  0x00, 0x0d, 0x00, 0x0e, 0xff, 0x0e, 0x01, 0x10, 0x01, 0x12, 0xfd, 0x12,
  0x03, 0x14, 0xfd, 0x14, 0x03, 0x16, 0xfe, 0x16, 0x02, 0x18, 0xfd, 0x18,
  0x03, 0x1a, 0xfd, 0x1a, 0x03, 0x1b, 0xfe, 0x1b, 0x02, 0x1d, 0xfd, 0x1c,
  0x03, 0x1e, 0xfe, 0x1d, 0x00, 0x1f, 0x03, 0x1f, 0xfa, 0x1f, 0x07, 0x20,
  0xfa, 0x1f, 0x04, 0x21, 0xfe, 0x20, 0x00, 0x21, 0x00, 0x22, 0x01, 0x22,
  0xfe, 0x21, 0x03, 0x22, 0xfc, 0x21, 0x04, 0x22, 0xfc, 0x21, 0x04, 0x23,
  0xfc, 0x22, 0x04, 0x23, 0xfc, 0x22, 0x04, 0x23, 0xfc, 0x22, 0x03, 0x23,
  0xfe, 0x21, 0x01, 0x22, 0x00, 0x22, 0x00, 0x22, 0xff, 0x21, 0x02, 0x22,
  0xfd, 0x21, 0x03, 0x21, 0xfe, 0x20, 0x01, 0x21, 0x00, 0x21, 0xff, 0x1f,
  0x01, 0x20, 0xff, 0x1f, 0x02, 0x20, 0xfd, 0x1f, 0x04, 0x1f, 0xfc, 0x1e,
  0x03, 0x1f, 0xff, 0x1e, 0xff, 0x1d, 0x02, 0x1e, 0xff, 0x1d, 0x00, 0x1d,
  0x01, 0x1d, 0xfe, 0x1c, 0x02, 0x1d, 0xfe, 0x1c, 0x02, 0x1c, 0xff, 0x1b,
  0x00, 0x1c, 0x00, 0x1b, 0x00, 0x1b, 0xff, 0x1a, 0x02, 0x1b, 0xfe, 0x19,
  0x01, 0x1a, 0x00, 0x1a, 0xff, 0x18, 0x01, 0x19, 0x00, 0x18, 0xff, 0x17,
  0x01, 0x18, 0xff, 0x16, 0x01, 0x17, 0x00, 0x16, 0xff, 0x15, 0x02, 0x15,
  0xfe, 0x14, 0x00, 0x14, 0x02, 0x13, 0xfd, 0x11, 0x04, 0x12, 0xfd, 0x10,
  0x00, 0x10, 0x02, 0x0f, 0xfe, 0x0d, 0x01, 0x0d, 0x00, 0x0c, 0xff, 0x0a,
  0x01, 0x0a, 0x00, 0x09, 0xff, 0x07, 0x02, 0x07, 0xfd, 0x05, 0x04, 0x05,
  0xfb, 0x02, 0x05, 0x02, 0xfc, 0x00, 0x03, 0x00, 0xfe, 0xfe, 0x01, 0xfd,
  0x00, 0xfc, 0x00, 0xfa, 0x00, 0xf9, 0x00, 0xf8, 0xff, 0xf6, 0x02, 0xf5,
  0xfe, 0xf3, 0x01, 0xf3, 0x01, 0xf2, 0xfe, 0xf0, 0x01, 0xef, 0xff, 0xed,
  0x00, 0xed, 0x02, 0xec, 0xfe, 0xea, 0x01, 0xea, 0xff, 0xe8, 0x01, 0xe8,
  0xff, 0xe6, 0x01, 0xe6, 0xff, 0xe4, 0x01, 0xe4, 0xff, 0xe3, 0x02, 0xe3,
  0xfc, 0xe1, 0x05, 0xe2, 0xfc, 0xe0, 0x02, 0xe0, 0x00, 0xe0, 0xff, 0xdf,
  0x00, 0xdf, 0x02, 0xdf, 0xfc, 0xdd, 0x05, 0xde, 0xfc, 0xdd, 0x03, 0xdd,
  0xfd, 0xdc, 0x02, 0xdd, 0x00, 0xdc, 0xff, 0xdb, 0x02, 0xdc, 0xfd, 0xdb,
  0x03, 0xdc, 0xfe, 0xdb, 0x01, 0xdc, 0x00, 0xdc, 0xff, 0xdb, 0x01, 0xdc,
  0x00, 0xdc, 0xff, 0xdb, 0x02, 0xdc, 0xfe, 0xdb, 0x01, 0xdc, 0x00, 0xdc,
  0xff, 0xdb, 0x02, 0xdd, 0xfe, 0xdc, 0x01, 0xdd, 0xff, 0xdc, 0x01, 0xde,
  0xff, 0xdd, 0x02, 0xde, 0xfd, 0xdd, 0x03, 0xdf, 0xfd, 0xde, 0x03, 0xdf,
  0xfd, 0xdf, 0x03, 0xe0, 0xfd, 0xdf, 0x02, 0xe1, 0xff, 0xe0, 0x01, 0xe1,
  0xff, 0xe0, 0x01, 0xe2, 0xff, 0xe1, 0x00, 0xe2, 0x01, 0xe3, 0xff, 0xe2,
  0x01, 0xe3, 0x00, 0xe3, 0xff, 0xe3, 0x00, 0xe4, 0x01, 0xe4, 0xff, 0xe3,
  0x01, 0xe5, 0x00, 0xe5, 0xfe, 0xe4, 0x02, 0xe6, 0x00, 0xe6, 0xff, 0xe5,
  0x02, 0xe6, 0xfd, 0xe6, 0x02, 0xe7, 0xff, 0xe6, 0x01, 0xe7, 0xff, 0xe7,
  0x01, 0xe9, 0xfe, 0xe8, 0x02, 0xe9, 0xff, 0xe9, 0x00, 0xea, 0x00, 0xeb,
  0x00, 0xeb, 0x00, 0xec, 0x00, 0xec, 0x01, 0xed, 0xfd, 0xed, 0x04, 0xef,
  0xfc, 0xee, 0x03, 0xf0, 0xfe, 0xf0, 0x01, 0xf2, 0x00, 0xf3, 0x00, 0xf4,
  0xff, 0xf4, 0x02, 0xf6, 0xfe, 0xf6, 0x02, 0xf8, 0xfe, 0xf8, 0x02, 0xfa,
  0xfe, 0xfa, 0x02, 0xfc, 0xff, 0xfd, 0x00, 0xff, 0x00, 0x00, 0x01, 0x01,
  0xfe, 0x01, 0x02, 0x04, 0xfe, 0x04, 0x03, 0x07, 0xfd, 0x07, 0x02, 0x09,
  0xfe, 0x0a, 0x02, 0x0c, 0xff, 0x0c, 0x00, 0x0e, 0x01, 0x0f, 0xfe, 0x10,
  0x02, 0x12, 0xff, 0x12, 0x00, 0x14, 0x00, 0x15, 0x00, 0x16, 0x00, 0x17,
  0x00, 0x18, 0x01, 0x19, 0xfd, 0x19, 0x04, 0x1a, 0xfc, 0x1a, 0x04, 0x1c,
  0xfd, 0x1c, 0x01, 0x1d, 0x00, 0x1e, 0x00, 0x1e, 0x00, 0x1f, 0x00, 0x1f,
  0x00, 0x20, 0x00, 0x20, 0x00, 0x20, 0x00, 0x21, 0x00, 0x21, 0x00, 0x21,
  0x00, 0x21, 0x00, 0x22, 0x00, 0x22, 0x00, 0x22, 0x00, 0x22, 0x00, 0x22,
  0x00, 0x22, 0x00, 0x22, 0xff, 0x21, 0x01, 0x22, 0x00, 0x22, 0x00, 0x22,
  0x00, 0x22, 0xff, 0x21, 0x01, 0x22, 0x00, 0x22, 0x00, 0x22, 0x00, 0x22,
  0x00, 0x22, 0xff, 0x21, 0x03, 0x21, 0xfc, 0x20, 0x04, 0x21, 0xfc, 0x20,
  0x04, 0x20, 0xfc, 0x1f, 0x03, 0x20, 0xff, 0x1f, 0xff, 0x1e, 0x03, 0x1f,
  0xfc, 0x1e, 0x03, 0x1f, 0xff, 0x1d, 0x00, 0x1e, 0x01, 0x1e, 0xfe, 0x1c,
  0x02, 0x1d, 0xfe, 0x1c, 0x03, 0x1d, 0xfd, 0x1b, 0x02, 0x1c, 0xff, 0x1a,
  0xff, 0x1a, 0x02, 0x1b, 0xfe, 0x1a, 0x02, 0x1a, 0xff, 0x19, 0x00, 0x19,
  0x00, 0x19, 0x00, 0x19, 0x01, 0x18, 0xfe, 0x17, 0x02, 0x17, 0xfe, 0x15,
  0x02, 0x16, 0x00, 0x15, 0xfe, 0x14, 0x03, 0x14, 0xfc, 0x12, 0x04, 0x13,
  0xfd, 0x11, 0x02, 0x11, 0x00, 0x10, 0xff, 0x0e, 0x01, 0x0f, 0xff, 0x0d,
  0x00, 0x0d, 0x01, 0x0c, 0xff, 0x0a, 0x01, 0x0a, 0xff, 0x08, 0x00, 0x07,
  0x01, 0x06, 0xff, 0x04, 0x01, 0x04, 0xff, 0x01, 0x00, 0x01, 0x01, 0x00,
  0xff, 0xfe, 0x01, 0xfe, 0xff, 0xfb, 0x01, 0xfb, 0xff, 0xf9, 0x01, 0xf9,
  0x00, 0xf7, 0xfe, 0xf5, 0x03, 0xf5, 0xfd, 0xf2, 0x02, 0xf2, 0xff, 0xf0,
  0x00, 0xf0, 0x00, 0xef, 0x01, 0xed, 0xfe, 0xeb, 0x01, 0xeb, 0x00, 0xea,
  0x00, 0xe9, 0x00, 0xe8, 0x00, 0xe8, 0xff, 0xe6, 0x01, 0xe6, 0x00, 0xe5,
  0x00, 0xe4, 0xff, 0xe2, 0x01, 0xe3, 0xff, 0xe1, 0x02, 0xe1, 0xfd, 0xe0,
  0x03, 0xe0, 0xfe, 0xdf, 0x01, 0xe0, 0x00, 0xdf, 0xff, 0xde, 0x01, 0xde,
  0x00, 0xde, 0xff, 0xdd, 0x02, 0xde, 0xfd, 0xdd, 0x03, 0xde, 0xfe, 0xdd,
  0x01, 0xdd, 0xff, 0xdc, 0x01, 0xdd, 0xff, 0xdc, 0x01, 0xdd, 0xff, 0xdd,
  0x00, 0xde, 0x01, 0xde, 0xfe, 0xdd, 0x03, 0xde, 0xfc, 0xdd, 0x03, 0xde,
  0xfe, 0xde, 0x01, 0xdf, 0x00, 0xdf, 0x00, 0xdf, 0x00, 0xdf, 0xff, 0xdf,
  0x02, 0xe0, 0xfd, 0xdf, 0x04, 0xe0, 0xfd, 0xdf, 0x01, 0xe1, 0x01, 0xe1,
  0xfe, 0xe0, 0x02, 0xe2, 0xff, 0xe1, 0xff, 0xe1, 0x02, 0xe2, 0xfe, 0xe1,
  0x03, 0xe3, 0xfc, 0xe2, 0x04, 0xe3, 0xfc, 0xe2, 0x04, 0xe4, 0xfd, 0xe3,
  0x02, 0xe4, 0xff, 0xe4, 0x00, 0xe5, 0x01, 0xe5, 0xff, 0xe4, 0x00, 0xe5,
  0x01, 0xe6, 0xff, 0xe5, 0x01, 0xe7, 0x00, 0xe7, 0xff, 0xe6, 0x01, 0xe8,
  0xff, 0xe7, 0x02, 0xe9, 0xfe, 0xe8, 0x02, 0xea, 0xfe, 0xea, 0x01, 0xeb,
  0xff, 0xeb, 0x02, 0xed, 0xfe, 0xec, 0x02, 0xee, 0xfe, 0xee, 0x01, 0xf0,
  0xff, 0xf0, 0x02, 0xf2, 0xff, 0xf2, 0xff, 0xf3, 0x02, 0xf5, 0xfe, 0xf5,
  0x01, 0xf7, 0x01, 0xf8, 0xfe, 0xf8, 0x01, 0xfb, 0x00, 0xfc, 0x00, 0xfd,
  0x00, 0xfe, 0x00, 0x00, 0xff, 0x00, 0x01, 0x02, 0x00, 0x03, 0x00, 0x05,
  0x00, 0x06, 0xff, 0x07, 0x02, 0x09, 0xfe, 0x09, 0x01, 0x0b, 0x00, 0x0d,
  0x00, 0x0e, 0xff, 0x0e, 0x02, 0x10, 0xfe, 0x10, 0x01, 0x12, 0x00, 0x13,
  0x00, 0x14, 0xff, 0x14, 0x01, 0x16, 0x00, 0x17, 0x00, 0x18, 0x00, 0x19,
  0x00, 0x1a, 0xff, 0x1a, 0x02, 0x1c, 0xff, 0x1b, 0x00, 0x1d, 0x01, 0x1e,
  0xfe, 0x1d, 0x02, 0x1e, 0xff, 0x1e, 0x00, 0x1f, 0x01, 0x20, 0xff, 0x1f,
  0x01, 0x20, 0xfe, 0x20, 0x03, 0x21, 0xfd, 0x20, 0x03, 0x22, 0xfd, 0x21,
  0x02, 0x22, 0x00, 0x23, 0xff, 0x22, 0x01, 0x23, 0xff, 0x22, 0x01, 0x23,
  0xff, 0x22, 0x01, 0x23, 0xff, 0x22, 0x01, 0x23, 0xff, 0x22, 0x01, 0x23,
  0xfe, 0x22, 0x03, 0x23, 0xfd, 0x22, 0x02, 0x23, 0xff, 0x22, 0x00, 0x22,
  0x01, 0x22, 0xfe, 0x21, 0x03, 0x22, 0xfd, 0x21, 0x02, 0x21, 0x00, 0x21,
  0xfe, 0x20, 0x03, 0x21, 0xfd, 0x1f, 0x03, 0x20, 0xfe, 0x1f, 0x01, 0x20,
  0xff, 0x1e, 0x00, 0x1f, 0x02, 0x1f, 0xfe, 0x1e, 0x01, 0x1e, 0xff, 0x1d,
  0x01, 0x1e, 0x00, 0x1e, 0xff, 0x1c, 0x02, 0x1d, 0xfd, 0x1c, 0x03, 0x1c,
  0xfe, 0x1b, 0x01, 0x1c, 0xff, 0x1b, 0x02, 0x1c, 0xfc, 0x1a, 0x05, 0x1b,
  0xfc, 0x1a, 0x02, 0x1a, 0x00, 0x1a, 0xfe, 0x19, 0x03, 0x1a, 0xfd, 0x18,
  0x03, 0x19, 0xfd, 0x18, 0x03, 0x18, 0xfe, 0x16, 0x01, 0x17, 0x00, 0x16,
  0xff, 0x15, 0x02, 0x16, 0xfe, 0x14, 0x02, 0x14, 0xfe, 0x13, 0x02, 0x13,
  0xff, 0x12, 0xff, 0x11, 0x02, 0x11, 0xfe, 0x0f, 0x02, 0x0f, 0xff, 0x0d,
  0xff, 0x0c, 0x02, 0x0c, 0xfe, 0x0b, 0x01, 0x0a, 0x00, 0x09, 0x00, 0x08,
  0x00, 0x06, 0x00, 0x05, 0x00, 0x04, 0xff, 0x02, 0x02, 0x02, 0xfe, 0xff,
  0x03, 0xff, 0xfc, 0xfd, 0x04, 0xfd, 0xfc, 0xfb, 0x03, 0xfa, 0xfe, 0xf8,
  0x02, 0xf7, 0xfe, 0xf5, 0x02, 0xf5, 0xfe, 0xf3, 0x01, 0xf3, 0x00, 0xf1,
  0x00, 0xf0, 0x00, 0xef, 0x01, 0xee, 0xff, 0xec, 0x00, 0xec, 0x00, 0xeb,
  0x00, 0xea, 0x01, 0xe9, 0xff, 0xe7, 0x01, 0xe6, 0xff, 0xe5, 0x00, 0xe5,
  0x01, 0xe4, 0xff, 0xe2, 0x00, 0xe2, 0x01, 0xe2, 0xff, 0xe0, 0x01, 0xe0,
  0xff, 0xdf, 0x00, 0xe0, 0x01, 0xdf, 0xfe, 0xde, 0x03, 0xde, 0xfd, 0xdd,
  0x02, 0xde, 0x00, 0xdd, 0xfe, 0xdc, 0x03, 0xdd, 0xfe, 0xdc, 0x00, 0xdc,
  0x02, 0xdc, 0xfd, 0xdb, 0x03, 0xdc, 0xfe, 0xdb, 0x00, 0xdc, 0x02, 0xdc,
  0xfe, 0xdb, 0x01, 0xdc, 0xff, 0xdb, 0x01, 0xdc, 0xff, 0xdb, 0x02, 0xdc,
  0xfd, 0xdb, 0x03, 0xdd, 0xfe, 0xdc, 0x01, 0xdd, 0x00, 0xdd, 0xff, 0xdc,
  0x02, 0xde, 0xfe, 0xdd, 0x01, 0xde, 0xff, 0xdd, 0x01, 0xdf, 0x00, 0xdf,
  0x00, 0xdf, 0xff, 0xdf, 0x00, 0xe0, 0x00, 0xe0, 0x01, 0xe1, 0x00, 0xe1,
  0xff, 0xe0, 0x01, 0xe1, 0xfe, 0xe1, 0x02, 0xe2, 0xff, 0xe1, 0x01, 0xe2,
  0xff, 0xe2, 0x00, 0xe3, 0x01, 0xe4, 0xfe, 0xe3, 0x02, 0xe4, 0xfe, 0xe3,
  0x02, 0xe4, 0xff, 0xe4, 0x00, 0xe5, 0x00, 0xe5, 0x00, 0xe5, 0x00, 0xe5,
  0x01, 0xe5, 0xfe, 0xe5, 0x01, 0xe6, 0x01, 0xe7, 0xfe, 0xe6, 0x03, 0xe7,
  0xfc, 0xe6, 0x03, 0xe7, 0xff, 0xe7, 0x00, 0xe9, 0x01, 0xe9, 0xfe, 0xe8,
  0x01, 0xea, 0x00, 0xea, 0x00, 0xeb, 0x01, 0xeb, 0xfe, 0xeb, 0x01, 0xec,
  0x00, 0xed, 0x00, 0xed, 0x00, 0xee, 0x00, 0xef, 0xff, 0xef, 0x02, 0xf1,
  0xff, 0xf1, 0x00, 0xf3, 0xff, 0xf3, 0x02, 0xf5, 0xfd, 0xf5, 0x05, 0xf7,
  0xfa, 0xf7, 0x05, 0xf9, 0xfd, 0xf9, 0x01, 0xfc, 0x00, 0xfd, 0x00, 0xfe,
  0xff, 0xfe, 0x02, 0x01, 0xfd, 0x01, 0x03, 0x03, 0xfd, 0x04, 0x03, 0x06,
  0xfd, 0x07, 0x02, 0x09, 0x00, 0x0b, 0xfe, 0x0b, 0x02, 0x0d, 0xff, 0x0d,
  0x01, 0x0f, 0xff, 0x0f, 0x00, 0x11, 0x01, 0x13, 0xff, 0x13, 0x01, 0x15,
  0xff, 0x15, 0x01, 0x17, 0xff, 0x17, 0x01, 0x19, 0xff, 0x19, 0x00, 0x1b,
  0x01, 0x1b, 0xff, 0x1b, 0x00, 0x1d, 0x01, 0x1d, 0xff, 0x1d, 0xff, 0x1d,
  0x03, 0x1f, 0xfc, 0x1e, 0x04, 0x1f, 0xfd, 0x1f, 0x02, 0x20, 0xfe, 0x1f,
  0x02, 0x21, 0xff, 0x20, 0xff, 0x20, 0x03, 0x21, 0xfb, 0x20, 0x06, 0x21,
  0xfa, 0x21, 0x05, 0x22, 0xfd, 0x21, 0x01, 0x22, 0x01, 0x22, 0xfd, 0x21,
  0x04, 0x22, 0xfc, 0x21, 0x03, 0x22, 0xfe, 0x21, 0x02, 0x21, 0xfe, 0x20,
  0x01, 0x21, 0x00, 0x21, 0xfe, 0x20, 0x04, 0x21, 0xfc, 0x1f, 0x02, 0x20,
  0x00, 0x20, 0xff, 0x1f, 0x01, 0x20, 0x00, 0x1f, 0xff, 0x1e, 0x01, 0x1f,
  0xff, 0x1e, 0x01, 0x1e, 0xff, 0x1d, 0x01, 0x1e, 0xff, 0x1c, 0x01, 0x1d,
  0xff, 0x1c, 0x00, 0x1d, 0x01, 0x1c, 0xfe, 0x1b, 0x03, 0x1c, 0xfe, 0x1a,
  0x01, 0x1b, 0xff, 0x19, 0x01, 0x1a, 0xff, 0x19, 0x02, 0x19, 0xfd, 0x18,
  0x04, 0x18, 0xfc, 0x17, 0x04, 0x18, 0xfd, 0x16, 0x01, 0x17, 0x00, 0x16,
  0x01, 0x15, 0xfe, 0x14, 0x03, 0x14, 0xfd, 0x12, 0x02, 0x13, 0xff, 0x11,
  0x01, 0x12, 0xff, 0x10, 0x02, 0x10, 0xfc, 0x0e, 0x05, 0x0e, 0xfb, 0x0c,
  0x05, 0x0c, 0xfc, 0x0a, 0x03, 0x0a, 0xfe, 0x08, 0x00, 0x08, 0x01, 0x07,
  0xff, 0x05, 0x02, 0x05, 0xfe, 0x03, 0x02, 0x02, 0xfd, 0x00, 0x03, 0xff,
  0xfe, 0xfd, 0x01, 0xfd, 0x00, 0xfc, 0x00, 0xfb, 0xfe, 0xf8, 0x03, 0xf8,
  0xfd, 0xf6, 0x03, 0xf6, 0xfe, 0xf4, 0x00, 0xf3, 0x01, 0xf2, 0xfe, 0xf0,
  0x03, 0xef, 0xfd, 0xed, 0x02, 0xed, 0xff, 0xeb, 0x01, 0xeb, 0xfe, 0xe9,
  0x03, 0xe9, 0xfd, 0xe7, 0x02, 0xe7, 0xff, 0xe5, 0x01, 0xe6, 0xff, 0xe4,
  0x01, 0xe4, 0xff, 0xe3, 0x01, 0xe3, 0xff, 0xe1, 0x01, 0xe2, 0xff, 0xe0,
  0x01, 0xe1, 0xff, 0xdf, 0x01, 0xe0, 0xff, 0xde, 0x00, 0xdf, 0x01, 0xdf,
  0xff, 0xdd, 0x01, 0xde, 0x00, 0xde, 0xff, 0xdd, 0x01, 0xde, 0xff, 0xdc,
  0x01, 0xdd, 0x00, 0xdd, 0x00, 0xdd, 0xff, 0xdc, 0x02, 0xdd, 0xfe, 0xdc,
  0x01, 0xdd, 0x00, 0xdd, 0xff, 0xdc, 0x02, 0xde, 0xfe, 0xdd, 0x02, 0xde,
  0xfe, 0xdd, 0x01, 0xde, 0x00, 0xde, 0x00, 0xdf, 0x00, 0xdf, 0x01, 0xdf,
  0xfe, 0xde, 0x02, 0xe0, 0xfe, 0xdf, 0x01, 0xe0, 0x00, 0xe0, 0x00, 0xe1,
  0x00, 0xe1, 0xff, 0xe0, 0x02, 0xe1, 0xfd, 0xe0, 0x03, 0xe2, 0xfe, 0xe1,
  0x01, 0xe2, 0x00, 0xe3, 0xff, 0xe2, 0x02, 0xe3, 0xfe, 0xe2, 0x02, 0xe3,
  0xfd, 0xe3, 0x03, 0xe4, 0xfe, 0xe3, 0x01, 0xe4, 0x00, 0xe4, 0xff, 0xe4,
  0x01, 0xe5, 0x00, 0xe5, 0xfe, 0xe4, 0x03, 0xe6, 0xfe, 0xe5, 0x01, 0xe7,
  0x00, 0xe7, 0xff, 0xe7, 0x01, 0xe8, 0x00, 0xe8, 0x00, 0xe9, 0xff, 0xe8,
  0x01, 0xea, 0xff, 0xe9, 0x01, 0xeb, 0xff, 0xeb, 0x00, 0xec, 0x01, 0xed,
  0xfe, 0xed, 0x02, 0xee, 0xfe, 0xee, 0x01, 0xf0, 0x01, 0xf1, 0xfe, 0xf1,
  0x02, 0xf2, 0xfe, 0xf2, 0x02, 0xf4, 0xff, 0xf4, 0x01, 0xf6, 0xff, 0xf6,
  0x00, 0xf8, 0x01, 0xf9, 0xfe, 0xf9, 0x03, 0xfc, 0xfd, 0xfc, 0x03, 0xfe,
  0xfd, 0xfe, 0x01, 0x00, 0x01, 0x02, 0xff, 0x02, 0x00, 0x04, 0x02, 0x05,
  0xfc, 0x06, 0x05, 0x08, 0xfb, 0x08, 0x04, 0x0a, 0xfe, 0x0a, 0x01, 0x0c,
  0xff, 0x0c, 0x01, 0x0e, 0x00, 0x0f, 0xff, 0x0f, 0x01, 0x11, 0xff, 0x11,
  0x01, 0x14, 0x00, 0x15, 0xff, 0x15, 0x00, 0x17, 0x02, 0x17, 0xfe, 0x17,
  0x01, 0x19, 0xff, 0x19, 0x00, 0x1a, 0x01, 0x1b, 0x00, 0x1c, 0xff, 0x1b,
  0x01, 0x1d, 0xff, 0x1c, 0x00, 0x1e, 0x01, 0x1e, 0xff, 0x1e, 0x01, 0x1f,
  0xff, 0x1f, 0x01, 0x20, 0xff, 0x1f, 0x01, 0x21, 0xff, 0x20, 0x01, 0x21,
  0x00, 0x22, 0xff, 0x21, 0x01, 0x22, 0x00, 0x22, 0xff, 0x21, 0x02, 0x22,
  0xfd, 0x21, 0x03, 0x22, 0xfe, 0x21, 0x01, 0x22, 0x00, 0x22, 0x00, 0x22,
  0xff, 0x21, 0x01, 0x22, 0x00, 0x22, 0xff, 0x21, 0x02, 0x22, 0xfe, 0x21,
  0x00, 0x21, 0x02, 0x21, 0xfe, 0x20, 0x01, 0x21, 0x01, 0x21, 0xfd, 0x20,
  0x03, 0x20, 0xfe, 0x1f, 0x01, 0x20, 0x00, 0x20, 0x00, 0x1f, 0xff, 0x1e,
  0x02, 0x1f, 0xfe, 0x1e, 0x01, 0x1e, 0x00, 0x1e, 0xff, 0x1d, 0x02, 0x1e,
  0xfe, 0x1c, 0x02, 0x1d, 0xfd, 0x1c, 0x04, 0x1c, 0xfc, 0x1b, 0x03, 0x1c,
  0xff, 0x1b, 0xff, 0x1a, 0x02, 0x1b, 0xff, 0x1a, 0xff, 0x1a, 0x03, 0x1a,
  0xfc, 0x19, 0x04, 0x1a, 0xfe, 0x18, 0x00, 0x19, 0x00, 0x19, 0x01, 0x18,
  0xfe, 0x17, 0x03, 0x17, 0xfd, 0x16, 0x02, 0x16, 0xff, 0x15, 0x00, 0x15,
  0x00, 0x14, 0x00, 0x14, 0x00, 0x13, 0x01, 0x13, 0xff, 0x11, 0x00, 0x11,
  0x00, 0x10, 0x00, 0x0f, 0x01, 0x0e, 0xfe, 0x0c, 0x03, 0x0d, 0xfd, 0x0b,
  0x02, 0x0b, 0xff, 0x09, 0x00, 0x08, 0x00, 0x07, 0x01, 0x06, 0xff, 0x04,
  0x00, 0x04, 0x01, 0x03, 0xfe, 0x01, 0x03, 0x00, 0xfd, 0xfe, 0x03, 0xfd,
  0xfd, 0xfb, 0x02, 0xfb, 0xff, 0xf9, 0x01, 0xf9, 0xff, 0xf6, 0x01, 0xf6,
  0xfe, 0xf4, 0x02, 0xf3, 0x00, 0xf2, 0xfe, 0xf0, 0x03, 0xf0, 0xfc, 0xee,
  0x05, 0xee, 0xfc, 0xec, 0x02, 0xec, 0xff, 0xea, 0x00, 0xea, 0x01, 0xe9,
  0xff, 0xe7, 0x01, 0xe6, 0xfe, 0xe4, 0x03, 0xe5, 0xfd, 0xe3, 0x02, 0xe4,
  0xff, 0xe2, 0x00, 0xe2, 0x01, 0xe1, 0xff, 0xe0, 0x00, 0xe0, 0x00, 0xe0,
  0x00, 0xe0, 0x00, 0xdf, 0x00, 0xdf, 0x00, 0xde, 0xff, 0xdd, 0x02, 0xde,
  0xfe, 0xdc, 0x01, 0xdd, 0x00, 0xdd, 0xff, 0xdc, 0x02, 0xdd, 0xff, 0xdc,
  0xff, 0xdc, 0x02, 0xdd, 0xfe, 0xdc, 0x01, 0xdd, 0x00, 0xdd, 0x00, 0xdd,
  0x00, 0xdd, 0x00, 0xdd, 0xff, 0xdc, 0x02, 0xdd, 0xfe, 0xdc, 0x02, 0xdd,
  0xfe, 0xdd, 0x01, 0xde, 0x00, 0xde, 0xff, 0xdd, 0x02, 0xdf, 0xfd, 0xde,
  0x03, 0xdf, 0xfd, 0xde, 0x03, 0xe0, 0xfd, 0xdf, 0x03, 0xe0, 0xfd, 0xdf,
  0x03, 0xe1, 0xfe, 0xe0, 0x01, 0xe1, 0xff, 0xe1, 0x01, 0xe2, 0x00, 0xe2,
  0x00, 0xe3, 0x00, 0xe3, 0xff, 0xe2, 0x01, 0xe3, 0x00, 0xe3, 0x00, 0xe4,
  0x00, 0xe4, 0x00, 0xe4, 0xff, 0xe3, 0x02, 0xe4, 0xfe, 0xe4, 0x01, 0xe5,
  0x01, 0xe5, 0xfd, 0xe5, 0x03, 0xe6, 0xfe, 0xe5, 0x01, 0xe6, 0x01, 0xe7,
  0xfd, 0xe6, 0x03, 0xe7, 0xfd, 0xe7, 0x03, 0xe8, 0xfe, 0xe8, 0x01, 0xe9,
  0xff, 0xe9, 0x00, 0xea, 0x01, 0xeb, 0xff, 0xea, 0x01, 0xec, 0xff, 0xec,
  0x00, 0xed, 0x01, 0xee, 0xfe, 0xee, 0x03, 0xf0, 0xfd, 0xf0, 0x02, 0xf2,
  0x00, 0xf3, 0xfe, 0xf3, 0x03, 0xf5, 0xfd, 0xf5, 0x03, 0xf7, 0xfd, 0xf7,
  0x02, 0xf9, 0x00, 0xfb, 0xfe, 0xfb, 0x04, 0xfd, 0xfb, 0xfd, 0x04, 0x00,
  0xfe, 0x00, 0x00, 0x02, 0x02, 0x04, 0xfd, 0x04, 0x04, 0x06, 0xfb, 0x07,
  0x04, 0x09, 0xff, 0x09, 0xff, 0x0a, 0x02, 0x0d, 0xfe, 0x0d, 0x01, 0x0f,
  0x00, 0x10, 0x00, 0x11, 0xff, 0x11, 0x02, 0x13, 0xfe, 0x13, 0x02, 0x15,
  0xfd, 0x15, 0x04, 0x17, 0xfb, 0x17, 0x05, 0x19, 0xfb, 0x19, 0x04, 0x1b,
  0xfe, 0x1a, 0x00, 0x1c, 0x01, 0x1d, 0xfe, 0x1c, 0x02, 0x1e, 0xfe, 0x1d,
  0x02, 0x1f, 0xff, 0x1e, 0x00, 0x1f, 0x00, 0x20, 0x00, 0x20, 0x00, 0x20,
  0x00, 0x21, 0x00, 0x21, 0x00, 0x21, 0xff, 0x20, 0x02, 0x22, 0xfe, 0x21,
  0x01, 0x22, 0x00, 0x22, 0xff, 0x21, 0x01, 0x22, 0x00, 0x22, 0x00, 0x22,
  0xff, 0x21, 0x02, 0x22, 0xfe, 0x21, 0x01, 0x22, 0x00, 0x22, 0x00, 0x22,
  0xff, 0x21, 0x02, 0x21, 0xfd, 0x20, 0x03, 0x21, 0xfe, 0x20, 0x01, 0x21,
  0xff, 0x20, 0x01, 0x21, 0x00, 0x20, 0xfe, 0x1f, 0x03, 0x20, 0xfd, 0x1f,
  0x03, 0x1f, 0xfd, 0x1e, 0x03, 0x1f, 0xfd, 0x1e, 0x04, 0x1e, 0xfb, 0x1d,
  0x04, 0x1e, 0xfe, 0x1d, 0x01, 0x1d, 0x00, 0x1d, 0xff, 0x1c, 0x01, 0x1d,
  0xff, 0x1b, 0x02, 0x1c, 0xfe, 0x1a, 0x01, 0x1b, 0xff, 0x1a, 0x02, 0x1b,
  0xfd, 0x19, 0x04, 0x1a, 0xfc, 0x19, 0x03, 0x19, 0xff, 0x18, 0xff, 0x18,
  0x01, 0x18, 0x00, 0x18, 0x00, 0x17, 0x00, 0x17, 0x00, 0x16, 0xff, 0x15,
  0x02, 0x15, 0xff, 0x14, 0x00, 0x14, 0x00, 0x13, 0x00, 0x13, 0x00, 0x12,
  0x01, 0x11, 0xfe, 0x10, 0x02, 0x10, 0xff, 0x0e, 0xff, 0x0d, 0x03, 0x0d,
  0xfd, 0x0c, 0x01, 0x0b, 0x01, 0x0a, 0xfd, 0x08, 0x04, 0x08, 0xfd, 0x06,
  0x02, 0x06, 0xff, 0x04, 0xff, 0x03, 0x03, 0x02, 0xfc, 0x00, 0x04, 0x00,
  0xfd, 0xfe, 0x02, 0xfe, 0xff, 0xfc, 0x00, 0xfb, 0x00, 0xfa, 0x00, 0xf9,
  0x01, 0xf7, 0xfe, 0xf5, 0x02, 0xf5, 0xff, 0xf3, 0x00, 0xf2, 0x01, 0xf1,
  0xfe, 0xef, 0x02, 0xef, 0xff, 0xed, 0x00, 0xed, 0x01, 0xec, 0xff, 0xea,
  0x00, 0xea, 0x00, 0xe9, 0x00, 0xe8, 0x00, 0xe7, 0x01, 0xe7, 0xfe, 0xe5,
  0x02, 0xe5, 0xfe, 0xe3, 0x02, 0xe3, 0xff, 0xe1, 0x00, 0xe2, 0x00, 0xe2,
  0x00, 0xe1, 0x00, 0xe0, 0x02, 0xe0, 0xfc, 0xde, 0x04, 0xdf, 0xfd, 0xde,
  0x03, 0xdf, 0xfe, 0xdd, 0x00, 0xde, 0x01, 0xde, 0xff, 0xdc, 0x02, 0xdd,
  0xfe, 0xdc, 0x00, 0xdd, 0x01, 0xdd, 0xff, 0xdc, 0x02, 0xdd, 0xfe, 0xdc,
  0x01, 0xdd, 0xff, 0xdc, 0x01, 0xdd, 0x00, 0xdd, 0x00, 0xdd, 0x00, 0xdd,
  0xff, 0xdc, 0x01, 0xdd, 0xff, 0xdc, 0x01, 0xdd, 0x00, 0xde, 0xfe, 0xdd,
  0x03, 0xde, 0xfc, 0xdd, 0x05, 0xde, 0xfa, 0xde, 0x06, 0xdf, 0xfa, 0xde,
  0x07, 0xdf, 0xf9, 0xde, 0x06, 0xe0, 0xfb, 0xdf, 0x04, 0xe0, 0xfd, 0xe0,
  0x03, 0xe1, 0xfd, 0xe0, 0x03, 0xe1, 0xfd, 0xe1, 0x02, 0xe2, 0xff, 0xe1,
  0x00, 0xe3, 0x02, 0xe3, 0xfc, 0xe2, 0x04, 0xe3, 0xfc, 0xe2, 0x04, 0xe4,
  0xfe, 0xe3, 0x00, 0xe5, 0x01, 0xe5, 0xfd, 0xe4, 0x04, 0xe5, 0xfd, 0xe4,
  0x02, 0xe6, 0xff, 0xe5, 0x00, 0xe6, 0x00, 0xe7, 0xff, 0xe6, 0x02, 0xe7,
  0xfe, 0xe7, 0x02, 0xe8, 0xfe, 0xe7, 0x01, 0xe9, 0x00, 0xe9, 0xff, 0xe9,
  0x02, 0xea, 0xfd, 0xea, 0x03, 0xec, 0xfe, 0xeb, 0x01, 0xed, 0xff, 0xec,
  0x01, 0xee, 0xff, 0xee, 0x01, 0xf0, 0x00, 0xf1, 0xff, 0xf1, 0x00, 0xf2,
  0x01, 0xf3, 0xff, 0xf3, 0x01, 0xf5, 0x00, 0xf7, 0xfe, 0xf7, 0x02, 0xf9,
  0xff, 0xf9, 0x00, 0xfb, 0x02, 0xfc, 0xfc, 0xfd, 0x05, 0xff, 0xfa, 0xff,
  0x06, 0x01, 0xfb, 0x02, 0x04, 0x04, 0xfd, 0x04, 0x02, 0x06, 0xfe, 0x07,
  0x02, 0x09, 0xfe, 0x09, 0x01, 0x0b, 0x00, 0x0d, 0x00, 0x0e, 0x00, 0x0f,
  0xff, 0x0f, 0x01, 0x12, 0x00, 0x13, 0xff, 0x12, 0x02, 0x14, 0xfd, 0x14,
  0x04, 0x16, 0xfd, 0x16, 0x02, 0x18, 0xfd, 0x18, 0x04, 0x1a, 0xfd, 0x19,
  0x02, 0x1b, 0xff, 0x1b, 0x00, 0x1c, 0x01, 0x1d, 0xff, 0x1d, 0x01, 0x1e,
  0xfe, 0x1e, 0x03, 0x1f, 0xfd, 0x1e, 0x03, 0x20, 0xfe, 0x1f, 0x01, 0x20,
  0xff, 0x20, 0x01, 0x21, 0xff, 0x20, 0x01, 0x21, 0x00, 0x21, 0xff, 0x20,
  0x01, 0x22, 0xff, 0x21, 0x01, 0x22, 0xff, 0x21, 0x01, 0x22, 0x00, 0x22,
  0xff, 0x21, 0x01, 0x22, 0xff, 0x20, 0x01, 0x21, 0x00, 0x21, 0xff, 0x20,
  0x01, 0x21, 0xff, 0x20, 0x02, 0x21, 0xfe, 0x1f, 0x01, 0x20, 0xff, 0x1f,
  0x02, 0x20, 0xfe, 0x1f, 0x02, 0x1f, 0xfe, 0x1e, 0x01, 0x1f, 0x00, 0x1f,
  0x00, 0x1e, 0x00, 0x1e, 0xff, 0x1d, 0x02, 0x1e, 0xfd, 0x1c, 0x03, 0x1d,
  0xff, 0x1c, 0xff, 0x1c, 0x02, 0x1c, 0xfe, 0x1b, 0x00, 0x1c, 0x02, 0x1c,
  0xff, 0x1a, 0xff, 0x1a, 0x02, 0x1b, 0xfd, 0x19, 0x03, 0x19, 0xff, 0x18,
  0xff, 0x18, 0x02, 0x18, 0xfd, 0x17, 0x03, 0x17, 0xfd, 0x16, 0x03, 0x16,
  0xfe, 0x15, 0x01, 0x15, 0xff, 0x14, 0x01, 0x14, 0xff, 0x12, 0x01, 0x12,
  0xff, 0x11, 0x01, 0x11, 0xff, 0x0f, 0x02, 0x0f, 0xfd, 0x0d, 0x03, 0x0d,
  0xfd, 0x0b, 0x03, 0x0b, 0xfe, 0x09, 0x01, 0x09, 0x00, 0x08, 0xff, 0x06,
  0x02, 0x06, 0xfe, 0x04, 0x01, 0x03, 0x01, 0x02, 0xfd, 0xff, 0x05, 0xff,
  0xfa, 0xfd, 0x05, 0xfd, 0xfc, 0xfa, 0x04, 0xfa, 0xfc, 0xf7, 0x04, 0xf7,
  0xfb, 0xf5, 0x05, 0xf5, 0xfd, 0xf3, 0x01, 0xf2, 0x01, 0xf1, 0xfd, 0xef,
  0x04, 0xee, 0xfc, 0xed, 0x03, 0xed, 0xff, 0xea, 0x00, 0xea, 0x01, 0xe9,
  0xfe, 0xe7, 0x01, 0xe7, 0x01, 0xe6, 0xfe, 0xe4, 0x03, 0xe4, 0xfc, 0xe2,
  0x03, 0xe2, 0x00, 0xe2, 0xfe, 0xe0, 0x02, 0xe1, 0xff, 0xe0, 0x00, 0xe0,
  0x01, 0xdf, 0xff, 0xde, 0x00, 0xdf, 0x00, 0xde, 0x01, 0xde, 0xff, 0xdd,
  0x00, 0xdd, 0x01, 0xdd, 0xfd, 0xdc, 0x04, 0xdd, 0xfd, 0xdc, 0x02, 0xdd,
  0xff, 0xdc, 0x00, 0xdd, 0x00, 0xdc, 0x00, 0xdc, 0x00, 0xdc, 0x00, 0xdd,
  0x00, 0xdd, 0x00, 0xdd, 0xff, 0xdc, 0x02, 0xdd, 0xfd, 0xdc, 0x04, 0xde,
  0xfb, 0xdd, 0x05, 0xde, 0xfb, 0xdd, 0x05, 0xde, 0xfc, 0xde, 0x03, 0xdf,
  0xfe, 0xde, 0x01, 0xdf, 0x00, 0xe0, 0xff, 0xdf, 0x02, 0xe0, 0xfd, 0xdf,
  0x04, 0xe1, 0xfc, 0xe0, 0x03, 0xe1, 0xfe, 0xe1, 0x01, 0xe2, 0x00, 0xe2,
  0x00, 0xe2, 0x00, 0xe2, 0xff, 0xe2, 0x01, 0xe3, 0xff, 0xe2, 0x03, 0xe4,
  0xfc, 0xe3, 0x04, 0xe4, 0xfb, 0xe3, 0x05, 0xe4, 0xfd, 0xe4, 0x02, 0xe5,
  0xfe, 0xe4, 0x02, 0xe5, 0xff, 0xe4, 0x00, 0xe6, 0x01, 0xe6, 0xfd, 0xe5,
  0x04, 0xe6, 0xfd, 0xe6, 0x02, 0xe7, 0xfe, 0xe7, 0x01, 0xe8, 0xff, 0xe7,
  0x02, 0xe9, 0xfe, 0xe9, 0x01, 0xea, 0xff, 0xe9, 0x01, 0xeb, 0xff, 0xeb,
  0x02, 0xec, 0xfe, 0xec, 0x01, 0xee, 0x00, 0xee, 0xff, 0xee, 0x02, 0xf0,
  0xfe, 0xf0, 0x01, 0xf2, 0x00, 0xf3, 0x00, 0xf4, 0xff, 0xf4, 0x02, 0xf6,
  0xfd, 0xf6, 0x04, 0xf8, 0xfd, 0xf9, 0x01, 0xfb, 0x00, 0xfc, 0xff, 0xfc,
  0x03, 0xfe, 0xfc, 0xfe, 0x03, 0x00, 0xfe, 0x01, 0x01, 0x03, 0x00, 0x05,
  0x00, 0x06, 0xff, 0x06, 0x01, 0x08, 0xff, 0x09, 0x01, 0x0b, 0x00, 0x0c,
  0x00, 0x0d, 0xfe, 0x0e, 0x03, 0x10, 0xfd, 0x10, 0x04, 0x12, 0xfc, 0x12,
  0x03, 0x14, 0xfd, 0x14, 0x03, 0x16, 0xfe, 0x16, 0x01, 0x18, 0xff, 0x18,
  0x01, 0x1a, 0xff, 0x1a, 0x01, 0x1b, 0xff, 0x1b, 0x00, 0x1c, 0x01, 0x1d,
  0xfe, 0x1d, 0x03, 0x1e, 0xfd, 0x1e, 0x02, 0x1f, 0xff, 0x1e, 0x00, 0x20,
  0x01, 0x20, 0xfe, 0x1f, 0x03, 0x21, 0xfc, 0x20, 0x04, 0x21, 0xfd, 0x21,
  0x02, 0x22, 0xff, 0x21, 0xff, 0x21, 0x02, 0x22, 0xfe, 0x22, 0x02, 0x23,
  0xfe, 0x22, 0x01, 0x23, 0x00, 0x23, 0x00, 0x23, 0x00, 0x23, 0x00, 0x23,
  0xff, 0x22, 0x02, 0x23, 0xfd, 0x21, 0x04, 0x22, 0xfc, 0x21, 0x03, 0x22,
  0xfe, 0x21, 0x01, 0x22, 0xff, 0x20, 0x02, 0x21, 0xfe, 0x20, 0x01, 0x21,
  0xff, 0x1f, 0x01, 0x20, 0x00, 0x20, 0x00, 0x20, 0x00, 0x1f, 0xfe, 0x1e,
  0x03, 0x1f, 0xfe, 0x1e, 0x01, 0x1e, 0x01, 0x1e, 0xfd, 0x1d, 0x03, 0x1e,
  0xfe, 0x1c, 0x01, 0x1d, 0x00, 0x1d, 0x00, 0x1d, 0xff, 0x1b, 0x02, 0x1c,
  0xfe, 0x1b, 0x01, 0x1b, 0x00, 0x1b, 0xff, 0x1a, 0x02, 0x1b, 0xfe, 0x1a,
  0x01, 0x1a, 0x00, 0x1a, 0xff, 0x19, 0x01, 0x1a, 0x00, 0x19, 0x00, 0x19,
  0x00, 0x19, 0xff, 0x18, 0x01, 0x18, 0x00, 0x18, 0x01, 0x17, 0xfd, 0x16,
  0x04, 0x16, 0xfb, 0x14, 0x05, 0x15, 0xfd, 0x14, 0x01, 0x14, 0x01, 0x13,
  0xfd, 0x11, 0x03, 0x12, 0xfd, 0x10, 0x04, 0x10, 0xfd, 0x0e, 0x01, 0x0e,
  0x00, 0x0d, 0xfe, 0x0b, 0x04, 0x0b, 0xfc, 0x09, 0x03, 0x09, 0xfe, 0x07,
  0x01, 0x07, 0x00, 0x06, 0xff, 0x03, 0x02, 0x03, 0xfe, 0x01, 0x01, 0x01,
  0x01, 0x00, 0xfd, 0xfe, 0x04, 0xfd, 0xfc, 0xfb, 0x03, 0xfb, 0xfe, 0xf8,
  0x02, 0xf8, 0xfe, 0xf6, 0x02, 0xf5, 0xfe, 0xf3, 0x02, 0xf3, 0xfe, 0xf0,
  0x01, 0xf0, 0x00, 0xef, 0x01, 0xee, 0xfe, 0xec, 0x02, 0xec, 0xfe, 0xea,
  0x02, 0xea, 0xff, 0xe8, 0x00, 0xe8, 0x00, 0xe7, 0x00, 0xe6, 0x01, 0xe5,
  0xfe, 0xe3, 0x02, 0xe3, 0xff, 0xe2, 0x00, 0xe2, 0x01, 0xe1, 0xff, 0xe0,
  0xff, 0xdf, 0x03, 0xe0, 0xfd, 0xde, 0x02, 0xde, 0xff, 0xdd, 0x00, 0xde,
  0x01, 0xde, 0xff, 0xdd, 0x00, 0xdd, 0x01, 0xdd, 0xfe, 0xdc, 0x04, 0xdd,
  0xfb, 0xdc, 0x04, 0xdc, 0xfe, 0xdb, 0x00, 0xdc, 0x02, 0xdc, 0xfd, 0xdb,
  0x03, 0xdc, 0xfd, 0xdb, 0x03, 0xdc, 0xfe, 0xdb, 0x00, 0xdd, 0x02, 0xdd,
  0xfc, 0xdc, 0x05, 0xdd, 0xfb, 0xdc, 0x04, 0xdd, 0xfe, 0xdd, 0x00, 0xde,
  0x01, 0xde, 0xfe, 0xdd, 0x02, 0xdf, 0xff, 0xde, 0x01, 0xdf, 0xfe, 0xde,
  0x02, 0xe0, 0xfe, 0xdf, 0x02, 0xe1, 0x00, 0xe1, 0xfe, 0xe0, 0x02, 0xe1,
  0xff, 0xe1, 0x00, 0xe2, 0x01, 0xe2, 0xff, 0xe2, 0x00, 0xe3, 0x01, 0xe3,
  0xfe, 0xe3, 0x02, 0xe4, 0xff, 0xe3, 0x01, 0xe5, 0xff, 0xe4, 0x00, 0xe5,
  0x01, 0xe5, 0xfe, 0xe5, 0x03, 0xe6, 0xfc, 0xe5, 0x05, 0xe7, 0xfb, 0xe6,
  0x05, 0xe8, 0xfb, 0xe7, 0x03, 0xe8, 0xff, 0xe7, 0x00, 0xe9, 0x01, 0xe9,
  0xff, 0xe9, 0xff, 0xe9, 0x03, 0xeb, 0xfc, 0xeb, 0x04, 0xec, 0xfd, 0xec,
  0x02, 0xee, 0xfe, 0xee, 0x02, 0xef, 0xfe, 0xef, 0x02, 0xf1, 0xff, 0xf0,
  0x00, 0xf2, 0x00, 0xf4, 0x00, 0xf5, 0x00, 0xf6, 0x00, 0xf7, 0x00, 0xf8,
  0x01, 0xf9, 0xfe, 0xf9, 0x02, 0xfb, 0xff, 0xfb, 0x00, 0xfe, 0x01, 0xff,
  0xfe, 0xff, 0x02, 0x01, 0xff, 0x02, 0x01, 0x04, 0xff, 0x04, 0x00, 0x06,
  0x00, 0x07, 0x01, 0x09, 0xff, 0x09, 0x00, 0x0b, 0x00, 0x0c, 0x00, 0x0e,
  0x01, 0x0f, 0xff, 0x0f, 0x00, 0x11, 0x00, 0x12, 0x00, 0x14, 0x01, 0x15,
  0xff, 0x15, 0x00, 0x16, 0x00, 0x17, 0x01, 0x18, 0xff, 0x18, 0x01, 0x19,
  0xfe, 0x19, 0x01, 0x1b, 0x01, 0x1c, 0xfe, 0x1b, 0x03, 0x1d, 0xfc, 0x1d,
  0x03, 0x1e, 0xff, 0x1e, 0xff, 0x1e, 0x03, 0x20, 0xfd, 0x1f, 0x02, 0x20,
  0xff, 0x1f, 0x00, 0x20, 0x01, 0x21, 0xff, 0x20, 0x01, 0x21, 0xff, 0x20,
  0x02, 0x21, 0xfc, 0x20, 0x05, 0x21, 0xfb, 0x21, 0x04, 0x22, 0xfe, 0x21,
  0x00, 0x21, 0x01, 0x21, 0xfe, 0x20, 0x02, 0x21, 0xff, 0x20, 0x00, 0x21,
  0x00, 0x21, 0x01, 0x21, 0xff, 0x1f, 0x01, 0x20, 0xff, 0x1f, 0x01, 0x20,
  0xff, 0x1f, 0x02, 0x20, 0xfe, 0x1e, 0x01, 0x1f, 0x00, 0x1f, 0xff, 0x1e,
  0x01, 0x1e, 0x00, 0x1e, 0xfe, 0x1d, 0x03, 0x1e, 0xfd, 0x1c, 0x02, 0x1d,
  0x00, 0x1d, 0xfe, 0x1c, 0x03, 0x1c, 0xfc, 0x1b, 0x04, 0x1c, 0xfd, 0x1b,
  0x02, 0x1b, 0x00, 0x1b, 0xfe, 0x1a, 0x02, 0x1b, 0xfe, 0x19, 0x02, 0x1a,
  0x00, 0x19, 0xfe, 0x18, 0x03, 0x18, 0xfc, 0x17, 0x04, 0x17, 0xfd, 0x16,
  0x02, 0x17, 0x00, 0x16, 0xfe, 0x14, 0x03, 0x14, 0xfc, 0x12, 0x04, 0x13,
  0xfd, 0x11, 0x02, 0x11, 0xff, 0x0f, 0x01, 0x0f, 0xfe, 0x0d, 0x03, 0x0d,
  0xfc, 0x0b, 0x05, 0x0b, 0xfc, 0x09, 0x03, 0x09, 0xfd, 0x07, 0x02, 0x06,
  0xff, 0x04, 0x01, 0x04, 0x00, 0x03, 0xff, 0x01, 0x01, 0x01, 0xff, 0xfe,
  0x01, 0xfd, 0xff, 0xfb, 0x02, 0xfb, 0xfd, 0xf8, 0x04, 0xf8, 0xfc, 0xf5,
  0x03, 0xf5, 0xfe, 0xf2, 0x01, 0xf2, 0x00, 0xf1, 0x00, 0xf0, 0xff, 0xee,
  0x01, 0xee, 0xff, 0xec, 0x01, 0xeb, 0x00, 0xea, 0xff, 0xe8, 0x00, 0xe9,
  0x02, 0xe8, 0xfd, 0xe5, 0x03, 0xe5, 0xfd, 0xe3, 0x02, 0xe4, 0xff, 0xe2,
  0x02, 0xe2, 0xfd, 0xe1, 0x02, 0xe1, 0xff, 0xe0, 0x00, 0xe0, 0x02, 0xdf,
  0xfe, 0xde, 0x01, 0xdf, 0xff, 0xde, 0x01, 0xde, 0x00, 0xde, 0x00, 0xdd,
  0xff, 0xdc, 0x02, 0xdd, 0xfd, 0xdc, 0x04, 0xdd, 0xfb, 0xdc, 0x05, 0xdc,
  0xfc, 0xdb, 0x03, 0xdc, 0xfd, 0xdb, 0x03, 0xdc, 0xfd, 0xdb, 0x03, 0xdc,
  0xfd, 0xdb, 0x02, 0xdc, 0xff, 0xdb, 0x00, 0xdc, 0x00, 0xdd, 0x01, 0xdd,
  0xff, 0xdc, 0x00, 0xdd, 0x00, 0xdd, 0xff, 0xdc, 0x03, 0xde, 0xfd, 0xdd,
  0x02, 0xde, 0xfe, 0xde, 0x01, 0xdf, 0x01, 0xdf, 0xff, 0xde, 0x01, 0xdf,
  0xff, 0xdf, 0x00, 0xe0, 0x01, 0xe0, 0x00, 0xe1, 0xff, 0xe0, 0x01, 0xe1,
  0xff, 0xe0, 0x02, 0xe2, 0xfe, 0xe1, 0x01, 0xe2, 0xff, 0xe1, 0x00, 0xe3,
  0x02, 0xe3, 0xfe, 0xe2, 0x01, 0xe3, 0xff, 0xe3, 0x01, 0xe4, 0xff, 0xe3,
  0x01, 0xe4, 0x00, 0xe4, 0xff, 0xe4, 0x01, 0xe5, 0xff, 0xe4, 0x00, 0xe5,
  0x02, 0xe5, 0xfd, 0xe5, 0x03, 0xe6, 0xfd, 0xe5, 0x02, 0xe7, 0xff, 0xe6,
  0x01, 0xe8, 0xff, 0xe7, 0x01, 0xe9, 0xff, 0xe8, 0x00, 0xea, 0x01, 0xea,
  0xff, 0xea, 0x00, 0xeb, 0x02, 0xec, 0xfc, 0xec, 0x05, 0xed, 0xfb, 0xed,
  0x04, 0xef, 0xfd, 0xef, 0x03, 0xf0, 0xfd, 0xf0, 0x02, 0xf2, 0x00, 0xf3,
  0xff, 0xf3, 0x01, 0xf5, 0xff, 0xf5, 0x00, 0xf7, 0x01, 0xf9, 0xff, 0xf9,
  0x02, 0xfb, 0xfc, 0xfb, 0x05, 0xfe, 0xfb, 0xfe, 0x04, 0x00, 0xfe, 0x00,
  0x00, 0x02, 0x01, 0x03, 0xfe, 0x04, 0x03, 0x06, 0xfd, 0x07, 0x02, 0x09,
  0xff, 0x09, 0xff, 0x0b, 0x03, 0x0d, 0xfc, 0x0d, 0x04, 0x0f, 0xfc, 0x0f,
  0x04, 0x11, 0xfc, 0x11, 0x04, 0x13, 0xfc, 0x13, 0x04, 0x16, 0xfd, 0x16,
  0x02, 0x17, 0xfe, 0x17, 0x03, 0x19, 0xfc, 0x19, 0x05, 0x1b, 0xfb, 0x1b,
  0x05, 0x1c, 0xfb, 0x1c, 0x05, 0x1e, 0xfc, 0x1d, 0x03, 0x1e, 0xfe, 0x1e,
  0x01, 0x20, 0xff, 0x1f, 0x01, 0x20, 0x00, 0x21, 0xfe, 0x20, 0x03, 0x21,
  0xfd, 0x20, 0x02, 0x22, 0xff, 0x21, 0x01, 0x22, 0xfe, 0x21, 0x02, 0x22,
  0xff, 0x22, 0x00, 0x23, 0x01, 0x23, 0xff, 0x22, 0x00, 0x23, 0x02, 0x23,
  0xfc, 0x22, 0x05, 0x23, 0xfa, 0x22, 0x06, 0x23, 0xfb, 0x22, 0x04, 0x23,
  0xfe, 0x22, 0x00, 0x22, 0x00, 0x22, 0xff, 0x21, 0x02, 0x22, 0xff, 0x21,
  0x01, 0x22, 0xfe, 0x20, 0x01, 0x21, 0x00, 0x21, 0x00, 0x20, 0x01, 0x20,
  0xff, 0x1f, 0x00, 0x1f, 0xff, 0x1e, 0x02, 0x1f, 0xfe, 0x1e, 0x02, 0x1e,
  0xfe, 0x1d, 0x01, 0x1e, 0x00, 0x1e, 0x00, 0x1d, 0xff, 0x1c, 0x01, 0x1c,
  0xff, 0x1b, 0x01, 0x1c, 0x00, 0x1c, 0xff, 0x1b, 0x01, 0x1c, 0xff, 0x1a,
  0x01, 0x1b, 0xff, 0x1a, 0x02, 0x1a, 0xfd, 0x19, 0x03, 0x1a, 0xfe, 0x19,
  0x01, 0x19, 0x00, 0x19, 0x00, 0x19, 0xff, 0x18, 0x03, 0x18, 0xfc, 0x17,
  0x03, 0x17, 0xff, 0x16, 0x00, 0x16, 0x01, 0x16, 0xff, 0x14, 0x00, 0x15,
  0x00, 0x15, 0x02, 0x14, 0xfd, 0x12, 0x04, 0x12, 0xfb, 0x11, 0x04, 0x11,
  0xfd, 0x0f, 0x03, 0x0f, 0xfd, 0x0d, 0x03, 0x0d, 0xfd, 0x0b, 0x02, 0x0b,
  0xfe, 0x09, 0x02, 0x09, 0xfe, 0x07, 0x02, 0x07, 0xff, 0x04, 0xff, 0x03,
  0x02, 0x03, 0xfd, 0x01, 0x04, 0x01, 0xfc, 0xfe, 0x03, 0xfe, 0xfe, 0xfc,
  0x02, 0xfb, 0xfe, 0xf9, 0x01, 0xf9, 0x00, 0xf7, 0x00, 0xf6, 0x00, 0xf5,
  0x00, 0xf3, 0xff, 0xf1, 0x02, 0xf1, 0xfe, 0xef, 0x01, 0xef, 0xff, 0xed,
  0x01, 0xed, 0x00, 0xec, 0x00, 0xeb, 0xff, 0xe8, 0x02, 0xe8, 0xfd, 0xe6,
  0x04, 0xe7, 0xfd, 0xe5, 0x01, 0xe5, 0x01, 0xe4, 0xfe, 0xe2, 0x01, 0xe2,
  0x01, 0xe2, 0xfe, 0xe0, 0x02, 0xe1, 0xfe, 0xdf, 0x01, 0xe0, 0x00, 0xdf,
  0x00, 0xdf, 0xff, 0xdd, 0x01, 0xde, 0xff, 0xdd, 0x02, 0xde, 0xfe, 0xdc,
  0x01, 0xdd, 0xff, 0xdc, 0x01, 0xdd, 0xff, 0xdc, 0x03, 0xdd, 0xfb, 0xdc,
  0x06, 0xdd, 0xfa, 0xdc, 0x04, 0xdd, 0xff, 0xdc, 0xfe, 0xdc, 0x05, 0xdd,
  0xfa, 0xdc, 0x05, 0xdd, 0xfc, 0xdc, 0x02, 0xde, 0x01, 0xde, 0xfd, 0xdd,
  0x04, 0xde, 0xfc, 0xdd, 0x02, 0xdf, 0x00, 0xdf, 0xff, 0xde, 0x01, 0xdf,
  0x00, 0xe0, 0xfe, 0xdf, 0x03, 0xe0, 0xfd, 0xe0, 0x02, 0xe1, 0x00, 0xe1,
  0xfe, 0xe1, 0x03, 0xe2, 0xfd, 0xe1, 0x02, 0xe2, 0xff, 0xe1, 0x01, 0xe3,
  0xff, 0xe2, 0x01, 0xe3, 0xfe, 0xe3, 0x02, 0xe4, 0xff, 0xe3, 0x00, 0xe5,
  0x02, 0xe5, 0xfc, 0xe5, 0x04, 0xe6, 0xfd, 0xe5, 0x03, 0xe7, 0xfd, 0xe6,
  0x03, 0xe7, 0xfd, 0xe7, 0x02, 0xe8, 0x00, 0xe9, 0xff, 0xe8, 0x00, 0xea,
  0x02, 0xea, 0xfc, 0xea, 0x04, 0xeb, 0xfd, 0xeb, 0x01, 0xed, 0x01, 0xed,
  0xfe, 0xed, 0x02, 0xef, 0xff, 0xef, 0x00, 0xf1, 0x00, 0xf2, 0x01, 0xf2,
  0xfe, 0xf2, 0x03, 0xf4, 0xfd, 0xf4, 0x02, 0xf6, 0xff, 0xf6, 0x01, 0xf8,
  0xff, 0xf9, 0x01, 0xfb, 0xfe, 0xfb, 0x03, 0xfd, 0xfd, 0xfd, 0x03, 0x00,
  0xfe, 0x00, 0x00, 0x02, 0x01, 0x03, 0xff, 0x03, 0x01, 0x06, 0xff, 0x06,
  0x01, 0x08, 0xff, 0x09, 0x01, 0x0b, 0xff, 0x0b, 0x01, 0x0d, 0xff, 0x0d,
  0x01, 0x0f, 0xff, 0x10, 0x01, 0x12, 0xff, 0x12, 0x00, 0x14, 0x02, 0x15,
  0xfc, 0x15, 0x05, 0x16, 0xfb, 0x16, 0x03, 0x18, 0x00, 0x19, 0xfe, 0x19,
  0x02, 0x1a, 0xfe, 0x1a, 0x02, 0x1b, 0xfe, 0x1b, 0x02, 0x1d, 0xfe, 0x1d,
  0x01, 0x1e, 0x00, 0x1e, 0x00, 0x1f, 0x00, 0x1f, 0x00, 0x20, 0xff, 0x1f,
  0x02, 0x20, 0xfe, 0x20, 0x02, 0x21, 0xff, 0x20, 0x00, 0x21, 0x00, 0x21,
  0x00, 0x22, 0x00, 0x22, 0x00, 0x22, 0x00, 0x22, 0x00, 0x22, 0x00, 0x22,
  0x00, 0x22, 0x00, 0x22, 0xff, 0x21, 0x02, 0x21, 0xff, 0x20, 0xff, 0x20,
  0x03, 0x21, 0xfc, 0x20, 0x04, 0x21, 0xfd, 0x20, 0x01, 0x21, 0x01, 0x20,
  0xff, 0x1f, 0xff, 0x1f, 0x03, 0x20, 0xfc, 0x1f, 0x03, 0x1f, 0xff, 0x1e,
  0xff, 0x1e, 0x02, 0x1f, 0xfe, 0x1d, 0x01, 0x1e, 0x00, 0x1e, 0xff, 0x1d,
  0x01, 0x1e, 0x00, 0x1d, 0xff, 0x1c, 0x02, 0x1d, 0xfe, 0x1b, 0x01, 0x1c,
  0xff, 0x1b, 0x01, 0x1c, 0xff, 0x1a, 0x02, 0x1b, 0xfd, 0x1a, 0x03, 0x1b,
  0xfd, 0x19, 0x02, 0x1a, 0x00, 0x19, 0xff, 0x18, 0x02, 0x19, 0xfd, 0x17,
  0x03, 0x18, 0xfe, 0x16, 0x01, 0x17, 0x00, 0x16, 0xff, 0x14, 0x02, 0x15,
  0xfe, 0x13, 0x02, 0x14, 0xfd, 0x12, 0x03, 0x12, 0xfe, 0x10, 0x02, 0x11,
  0xff, 0x0f, 0xff, 0x0e, 0x02, 0x0e, 0xfd, 0x0c, 0x04, 0x0c, 0xfd, 0x0a,
  0x02, 0x0a, 0xfe, 0x08, 0x01, 0x08, 0x00, 0x07, 0x00, 0x06, 0x01, 0x05,
  0xfd, 0x03, 0x04, 0x02, 0xfb, 0x00, 0x06, 0x00, 0xfa, 0xfe, 0x06, 0xfe,
  0xfa, 0xfb, 0x04, 0xfb, 0xff, 0xf9, 0xfe, 0xf7, 0x04, 0xf7, 0xfc, 0xf5,
  0x03, 0xf5, 0xfe, 0xf3, 0x01, 0xf3, 0x00, 0xf2, 0x00, 0xf1, 0x00, 0xf0,
  0x00, 0xee, 0x00, 0xed, 0x00, 0xec, 0x00, 0xec, 0x01, 0xea, 0xfe, 0xe8,
  0x02, 0xe8, 0xfe, 0xe7, 0x02, 0xe7, 0xff, 0xe5, 0x00, 0xe5, 0x01, 0xe4,
  0xfe, 0xe3, 0x01, 0xe3, 0x01, 0xe3, 0xfe, 0xe1, 0x02, 0xe1, 0xff, 0xe0,
  0xff, 0xdf, 0x02, 0xe0, 0xfe, 0xdf, 0x02, 0xdf, 0xfe, 0xde, 0x02, 0xde,
  0xfe, 0xdd, 0x01, 0xde, 0x01, 0xdd, 0xfe, 0xdc, 0x02, 0xdd, 0xff, 0xdc,
  0x00, 0xdd, 0x01, 0xdd, 0xfe, 0xdc, 0x03, 0xdd, 0xfd, 0xdc, 0x02, 0xdd,
  0xff, 0xdc, 0x00, 0xdd, 0x01, 0xdd, 0xff, 0xdc, 0x00, 0xdd, 0x00, 0xdd,
  0x01, 0xdd, 0xfe, 0xdc, 0x03, 0xdd, 0xfc, 0xdd, 0x04, 0xde, 0xfe, 0xdd,
  0x00, 0xde, 0x01, 0xdf, 0xfe, 0xde, 0x02, 0xdf, 0x00, 0xdf, 0xfe, 0xde,
  0x03, 0xe0, 0xfc, 0xdf, 0x04, 0xe0, 0xfe, 0xe0, 0xff, 0xe0, 0x03, 0xe1,
  0xfd, 0xe0, 0x02, 0xe2, 0x00, 0xe2, 0xfe, 0xe1, 0x02, 0xe2, 0x00, 0xe3,
  0xfe, 0xe2, 0x03, 0xe3, 0xfd, 0xe2, 0x02, 0xe4, 0xff, 0xe3, 0x01, 0xe4,
  0xfe, 0xe4, 0x03, 0xe5, 0xfd, 0xe4, 0x02, 0xe5, 0xff, 0xe5, 0x00, 0xe6,
  0x01, 0xe6, 0xff, 0xe6, 0x00, 0xe7, 0x00, 0xe7, 0x00, 0xe8, 0x00, 0xe8,
  0x01, 0xe9, 0xfe, 0xe8, 0x02, 0xea, 0xfe, 0xe9, 0x02, 0xeb, 0xfe, 0xea,
  0x03, 0xec, 0xfc, 0xec, 0x04, 0xed, 0xfc, 0xed, 0x04, 0xef, 0xfd, 0xee,
  0x02, 0xf0, 0xfe, 0xf0, 0x02, 0xf2, 0xff, 0xf2, 0x00, 0xf4, 0x01, 0xf5,
  0xfe, 0xf5, 0x02, 0xf7, 0xff, 0xf7, 0x01, 0xf9, 0xfe, 0xfa, 0x03, 0xfc,
  0xfc, 0xfc, 0x04, 0xfe, 0xfd, 0xfe, 0x02, 0x00, 0xfe, 0x01, 0x02, 0x03,
  0xfe, 0x03, 0x02, 0x06, 0xfe, 0x06, 0x01, 0x08, 0x00, 0x09, 0x00, 0x0b,
  0x01, 0x0c, 0xfe, 0x0c, 0x01, 0x0e, 0x00, 0x0f, 0x00, 0x10, 0x01, 0x11,
  0xfe, 0x11, 0x02, 0x14, 0xfe, 0x14, 0x02, 0x16, 0xff, 0x16, 0x00, 0x18,
  0x00, 0x18, 0x00, 0x19, 0x00, 0x1a, 0x01, 0x1b, 0xfe, 0x1a, 0x03, 0x1c,
  0xfc, 0x1c, 0x04, 0x1d, 0xfd, 0x1d, 0x01, 0x1e, 0x02, 0x1f, 0xfb, 0x1e,
  0x06, 0x1f, 0xfb, 0x1f, 0x03, 0x20, 0xff, 0x1f, 0x00, 0x21, 0x00, 0x21,
  0x00, 0x21, 0x00, 0x22, 0x00, 0x22, 0x00, 0x22, 0x00, 0x22, 0x00, 0x22,
  0x00, 0x22, 0x00, 0x22, 0x00, 0x22, 0xff, 0x21, 0x01, 0x22, 0x00, 0x22,
  0x00, 0x22, 0x01, 0x22, 0xfd, 0x21, 0x03, 0x22, 0xfe, 0x21, 0x02, 0x22,
  0xfe, 0x20, 0x01, 0x21, 0x00, 0x21, 0x00, 0x21, 0x00, 0x21, 0xff, 0x1f,
  0x02, 0x20, 0xfe, 0x1f, 0x02, 0x1f, 0xfe, 0x1e, 0x01, 0x1f, 0x00, 0x1f,
  0x00, 0x1f, 0xff, 0x1d, 0x02, 0x1e, 0xfe, 0x1d, 0x01, 0x1d, 0x00, 0x1d,
  0xfe, 0x1c, 0x03, 0x1d, 0xfe, 0x1b, 0x01, 0x1c, 0xff, 0x1b, 0x00, 0x1c,
  0x00, 0x1b, 0x01, 0x1b, 0x00, 0x1b, 0xfe, 0x1a, 0x03, 0x1a, 0xfc, 0x19,
  0x05, 0x1a, 0xfb, 0x18, 0x04, 0x19, 0xfe, 0x18, 0x01, 0x18, 0xff, 0x17,
  0x00, 0x17, 0x01, 0x17, 0xff, 0x16, 0x01, 0x16, 0xff, 0x15, 0x00, 0x15,
  0x02, 0x14, 0xfd, 0x13, 0x03, 0x13, 0xfd, 0x11, 0x03, 0x12, 0xfe, 0x10,
  0x01, 0x10, 0xff, 0x0e, 0x01, 0x0e, 0xff, 0x0c, 0x01, 0x0c, 0x00, 0x0b,
  0xfe, 0x09, 0x03, 0x09, 0xfc, 0x07, 0x04, 0x06, 0xfe, 0x04, 0x01, 0x04,
  0xfe, 0x02, 0x02, 0x02, 0xff, 0xff, 0x00, 0xff, 0x02, 0xfe, 0xfd, 0xfb,
  0x03, 0xfb, 0xfd, 0xf9, 0x03, 0xf8, 0xfe, 0xf6, 0x01, 0xf5, 0x00, 0xf4,
  0xff, 0xf2, 0x02, 0xf2, 0xfe, 0xef, 0x01, 0xef, 0xff, 0xed, 0x01, 0xed,
  0x00, 0xec, 0x00, 0xeb, 0xfe, 0xe9, 0x04, 0xe9, 0xfc, 0xe7, 0x03, 0xe7,
  0xfe, 0xe5, 0x00, 0xe5, 0x02, 0xe4, 0xfe, 0xe3, 0x01, 0xe3, 0x00, 0xe2,
  0xff, 0xe0, 0x02, 0xe1, 0xfe, 0xdf, 0x02, 0xe0, 0xfe, 0xdf, 0x02, 0xdf,
  0xfe, 0xde, 0x02, 0xde, 0xfe, 0xdd, 0x02, 0xde, 0xfe, 0xdd, 0x01, 0xdd,
  0xff, 0xdc, 0x02, 0xdd, 0xfd, 0xdc, 0x03, 0xdd, 0xfd, 0xdc, 0x02, 0xdd,
  0x00, 0xdd, 0xfe, 0xdc, 0x02, 0xdd, 0xff, 0xdc, 0x00, 0xdd, 0x01, 0xdd,
  0xff, 0xdc, 0x00, 0xdd, 0x01, 0xdd, 0xfe, 0xdc, 0x03, 0xde, 0xfd, 0xdd,
  0x02, 0xde, 0xff, 0xdd, 0x01, 0xde, 0xff, 0xde, 0x01, 0xdf, 0xff, 0xde,
  0x01, 0xdf, 0xff, 0xdf, 0x01, 0xe0, 0xfe, 0xdf, 0x04, 0xe0, 0xfb, 0xe0,
  0x04, 0xe1, 0xfd, 0xe0, 0x02, 0xe2, 0xff, 0xe1, 0x01, 0xe2, 0xfe, 0xe1,
  0x02, 0xe3, 0xff, 0xe2, 0x00, 0xe3, 0x01, 0xe3, 0xfe, 0xe3, 0x03, 0xe4,
  0xfd, 0xe3, 0x03, 0xe5, 0xfd, 0xe4, 0x02, 0xe5, 0xff, 0xe4, 0x01, 0xe6,
  0x00, 0xe6, 0xff, 0xe5, 0x01, 0xe7, 0xff, 0xe6, 0x00, 0xe7, 0x01, 0xe8,
  0xff, 0xe7, 0x01, 0xe8, 0xff, 0xe8, 0x01, 0xe9, 0xfe, 0xe9, 0x02, 0xea,
  0xff, 0xea, 0x01, 0xec, 0xff, 0xeb, 0x01, 0xed, 0xfe, 0xec, 0x02, 0xee,
  0x00, 0xef, 0xff, 0xef, 0x01, 0xf1, 0x00, 0xf1, 0xfe, 0xf1, 0x03, 0xf3,
  0xfe, 0xf3, 0x00, 0xf5, 0x02, 0xf6, 0xfd, 0xf6, 0x03, 0xf8, 0xfd, 0xf8,
  0x02, 0xfb, 0xff, 0xfb, 0x01, 0xfd, 0x00, 0xfe, 0xfe, 0xfe, 0x03, 0x01,
  0xfd, 0x01, 0x03, 0x03, 0xfe, 0x03, 0x01, 0x05, 0x00, 0x07, 0xff, 0x07,
  0x01, 0x09, 0x00, 0x0a, 0x00, 0x0c, 0x01, 0x0d, 0xfe, 0x0d, 0x02, 0x0f,
  0xfe, 0x0f, 0x03, 0x12, 0xfd, 0x12, 0x02, 0x14, 0xff, 0x13, 0x01, 0x15,
  0xff, 0x15, 0x01, 0x17, 0xff, 0x17, 0x01, 0x19, 0xff, 0x19, 0x01, 0x1a,
  0xff, 0x1a, 0x01, 0x1c, 0x00, 0x1c, 0xff, 0x1c, 0x01, 0x1e, 0x00, 0x1e,
  0xff, 0x1e, 0x01, 0x1f, 0x00, 0x20, 0xff, 0x1f, 0x02, 0x20, 0xfe, 0x20,
  0x01, 0x21, 0x00, 0x21, 0xff, 0x20, 0x02, 0x21, 0xfe, 0x21, 0x01, 0x22,
  0x00, 0x22, 0xff, 0x21, 0x02, 0x22, 0xfe, 0x21, 0x02, 0x22, 0xfe, 0x21,
  0x01, 0x22, 0x00, 0x22, 0xff, 0x21, 0x03, 0x22, 0xfc, 0x21, 0x04, 0x22,
  0xfd, 0x21, 0x02, 0x22, 0xfe, 0x21, 0x02, 0x22, 0xff, 0x20, 0x01, 0x21,
  0xff, 0x20, 0x01, 0x21, 0xff, 0x20, 0x01, 0x21, 0xff, 0x1f, 0x01, 0x20,
  0xff, 0x1f, 0x02, 0x20, 0xfd, 0x1e, 0x03, 0x1f, 0xfd, 0x1e, 0x03, 0x1f,
  0xfd, 0x1d, 0x03, 0x1e, 0xfd, 0x1d, 0x03, 0x1d, 0xfd, 0x1c, 0x03, 0x1d,
  0xfd, 0x1c, 0x03, 0x1c, 0xfd, 0x1b, 0x03, 0x1c, 0xfd, 0x1a, 0x03, 0x1b,
  0xfd, 0x1a, 0x03, 0x1b, 0xfe, 0x19, 0x00, 0x1a, 0x02, 0x1a, 0xfd, 0x19,
  0x03, 0x19, 0xfe, 0x18, 0x00, 0x19, 0x02, 0x18, 0xfd, 0x17, 0x03, 0x18,
  0xfe, 0x16, 0x00, 0x17, 0x02, 0x16, 0xfd, 0x15, 0x03, 0x15, 0xfe, 0x14,
  0x01, 0x14, 0x00, 0x14, 0xff, 0x12, 0x02, 0x12, 0xfd, 0x11, 0x03, 0x11,
  0xfd, 0x0f, 0x03, 0x10, 0xfe, 0x0e, 0x01, 0x0e, 0xff, 0x0c, 0x01, 0x0c,
  0xff, 0x0a, 0x01, 0x0a, 0x00, 0x09, 0xff, 0x07, 0x02, 0x06, 0xfe, 0x04,
  0x02, 0x04, 0xfe, 0x02, 0x01, 0x01, 0x00, 0x00, 0x00, 0xff, 0x00, 0xfe,
  0x00, 0xfc, 0x00, 0xfb, 0xff, 0xf9, 0x02, 0xf8, 0xfe, 0xf6, 0x02, 0xf6,
  0xfe, 0xf3, 0x01, 0xf3, 0xff, 0xf1, 0x02, 0xf1, 0xff, 0xee, 0xff, 0xed,
  0x02, 0xed, 0xfd, 0xeb, 0x03, 0xeb, 0xfe, 0xe9, 0x01, 0xe9, 0x00, 0xe8,
  0xff, 0xe6, 0x01, 0xe6, 0xff, 0xe5, 0x01, 0xe5, 0x00, 0xe4, 0xff, 0xe2,
  0x00, 0xe2, 0x01, 0xe2, 0xff, 0xe0, 0x01, 0xe1, 0xff, 0xdf, 0x01, 0xe0,
  0xfe, 0xde, 0x04, 0xdf, 0xfb, 0xde, 0x04, 0xde, 0xfe, 0xdd, 0x01, 0xde,
  0xff, 0xdd, 0x02, 0xde, 0xfc, 0xdc, 0x05, 0xdd, 0xfc, 0xdc, 0x02, 0xdd,
  0xff, 0xdc, 0x01, 0xdd, 0xff, 0xdc, 0x01, 0xdd, 0xff, 0xdc, 0x01, 0xdd,
  0xff, 0xdd, 0x02, 0xde, 0xfd, 0xdd, 0x04, 0xde, 0xfc, 0xdd, 0x03, 0xde,
  0xfe, 0xde, 0x02, 0xdf, 0xfe, 0xde, 0x01, 0xdf, 0xff, 0xde, 0x02, 0xe0,
  0xfe, 0xdf, 0x02, 0xe0, 0xfd, 0xdf, 0x03, 0xe1, 0xfe, 0xe0, 0x02, 0xe1,
  0xfe, 0xe0, 0x02, 0xe2, 0xfd, 0xe1, 0x04, 0xe2, 0xfc, 0xe2, 0x03, 0xe3,
  0xfe, 0xe2, 0x01, 0xe3, 0x00, 0xe4, 0x00, 0xe4, 0xff, 0xe3, 0x02, 0xe5,
  0xfd, 0xe4, 0x04, 0xe5, 0xfd, 0xe5, 0x02, 0xe6, 0xff, 0xe6, 0x00, 0xe7,
  0x01, 0xe7, 0xff, 0xe7, 0x00, 0xe8, 0x01, 0xe9, 0xff, 0xe8, 0x01, 0xea,
  0xff, 0xe9, 0x00, 0xeb, 0x00, 0xec, 0x01, 0xec, 0xff, 0xec, 0x01, 0xed,
  0xfe, 0xed, 0x03, 0xef, 0xfc, 0xef, 0x05, 0xf1, 0xfc, 0xf1, 0x02, 0xf3,
  0xff, 0xf3, 0x00, 0xf5, 0x02, 0xf6, 0xfd, 0xf6, 0x02, 0xf8, 0xff, 0xf8,
  0x00, 0xfa, 0x01, 0xfb, 0xff, 0xfb, 0x00, 0xfe, 0x00, 0xff, 0x00, 0x00,
  0x00, 0x02, 0x00, 0x03, 0x00, 0x04, 0x00, 0x06, 0x00, 0x07, 0x01, 0x08,
  0xfe, 0x08, 0x02, 0x0a, 0xfe, 0x0a, 0x03, 0x0d, 0xfd, 0x0d, 0x02, 0x0f,
  0xff, 0x0f, 0x00, 0x11, 0x01, 0x13, 0xfe, 0x13, 0x02, 0x15, 0xff, 0x15,
  0x00, 0x17, 0x00, 0x18, 0x00, 0x19, 0xff, 0x18, 0x02, 0x1a, 0xfe, 0x1a,
  0x02, 0x1c, 0xfe, 0x1b, 0x01, 0x1d, 0xff, 0x1c, 0x01, 0x1e, 0x00, 0x1e,
  0x00, 0x1f, 0x00, 0x1f, 0xfe, 0x1e, 0x03, 0x20, 0xfe, 0x1f, 0x01, 0x20,
  0xff, 0x20, 0x01, 0x21, 0xff, 0x20, 0x02, 0x22, 0xfd, 0x21, 0x03, 0x22,
  0xfe, 0x21, 0x01, 0x22, 0x00, 0x22, 0xfe, 0x21, 0x04, 0x22, 0xfc, 0x21,
  0x03, 0x22, 0xfd, 0x21, 0x02, 0x22, 0xff, 0x21, 0x01, 0x21, 0xff, 0x20,
  0x00, 0x21, 0x01, 0x21, 0xfe, 0x20, 0x02, 0x21, 0xfe, 0x1f, 0x02, 0x20,
  0xff, 0x1f, 0x00, 0x20, 0x01, 0x20, 0xfe, 0x1e, 0x03, 0x1f, 0xfd, 0x1e,
  0x02, 0x1f, 0xff, 0x1d, 0x01, 0x1e, 0xff, 0x1d, 0x02, 0x1e, 0xfd, 0x1c,
  0x03, 0x1d, 0xfd, 0x1c, 0x03, 0x1d, 0xfd, 0x1b, 0x02, 0x1c, 0x00, 0x1c,
  0xff, 0x1b, 0x01, 0x1c, 0xff, 0x1a, 0x00, 0x1b, 0x01, 0x1b, 0x00, 0x1a,
  0xfe, 0x19, 0x03, 0x1a, 0xfe, 0x19, 0x01, 0x19, 0x00, 0x19, 0xff, 0x18,
  0x01, 0x18, 0x00, 0x18, 0x00, 0x17, 0x00, 0x17, 0xff, 0x15, 0x02, 0x16,
  0xfd, 0x14, 0x04, 0x15, 0xfc, 0x13, 0x03, 0x13, 0xfe, 0x11, 0x02, 0x11,
  0xfd, 0x10, 0x03, 0x10, 0xfe, 0x0e, 0x01, 0x0e, 0x00, 0x0d, 0xfe, 0x0b,
  0x02, 0x0b, 0x00, 0x0a, 0xfe, 0x08, 0x03, 0x08, 0xfc, 0x06, 0x05, 0x05,
  0xfb, 0x03, 0x05, 0x03, 0xfb, 0x01, 0x05, 0x01, 0xfc, 0xfe, 0x03, 0xfe,
  0xfd, 0xfc, 0x04, 0xfb, 0xfb, 0xf9, 0x06, 0xf9, 0xf9, 0xf6, 0x06, 0xf6,
  0xfc, 0xf4, 0x03, 0xf4, 0xff, 0xf1, 0xff, 0xf0, 0x01, 0xf0, 0x00, 0xef,
  0xff, 0xed, 0x02, 0xed, 0xfd, 0xeb, 0x03, 0xea, 0xfe, 0xe9, 0x00, 0xe9,
  0x01, 0xe8, 0xff, 0xe6, 0x00, 0xe6, 0x01, 0xe5, 0xfe, 0xe3, 0x02, 0xe3,
  0xfe, 0xe2, 0x02, 0xe2, 0xff, 0xe0, 0x01, 0xe1, 0xfe, 0xdf, 0x02, 0xe0,
  0xfe, 0xde, 0x03, 0xdf, 0xfd, 0xdd, 0x02, 0xde, 0xfe, 0xdd, 0x02, 0xdd,
  0xff, 0xdc, 0x00, 0xdd, 0x00, 0xdd, 0x00, 0xdd, 0x00, 0xdd, 0x00, 0xdc,
  0x00, 0xdc, 0x00, 0xdc, 0xff, 0xdb, 0x02, 0xdc, 0xfe, 0xdb, 0x01, 0xdc,
  0x01, 0xdc, 0xfd, 0xdb, 0x04, 0xdc, 0xfb, 0xdb, 0x05, 0xdd, 0xfc, 0xdc,
  0x03, 0xdd, 0xff, 0xdc, 0xfe, 0xdc, 0x03, 0xdd, 0xfe, 0xdd, 0x01, 0xde,
  0x01, 0xde, 0xfd, 0xdd, 0x03, 0xdf, 0xfe, 0xde, 0x02, 0xdf, 0xff, 0xdf,
  0xff, 0xdf, 0x02, 0xe0, 0xfe, 0xdf, 0x03, 0xe1, 0xfd, 0xe0, 0x02, 0xe1,
  0xfe, 0xe1, 0x02, 0xe2, 0x00, 0xe2, 0xff, 0xe1, 0x01, 0xe3, 0xfe, 0xe2,
  0x02, 0xe3, 0x00, 0xe3, 0xff, 0xe3, 0x01, 0xe4, 0xff, 0xe3, 0x00, 0xe4,
  0x01, 0xe4, 0xff, 0xe4, 0x01, 0xe5, 0xff, 0xe4, 0x01, 0xe6, 0xff, 0xe5,
  0x00, 0xe6, 0x01, 0xe6, 0xff, 0xe5, 0x01, 0xe7, 0xff, 0xe6, 0x00, 0xe8,
  0x00, 0xe8, 0x01, 0xe8, 0xff, 0xe8, 0x01, 0xe9, 0xff, 0xe9, 0x00, 0xea,
  0x01, 0xeb, 0xfe, 0xea, 0x03, 0xec, 0xfd, 0xeb, 0x03, 0xed, 0xfd, 0xed,
  0x02, 0xef, 0xff, 0xef, 0x00, 0xf0, 0x00, 0xf1, 0x00, 0xf2, 0x00, 0xf3,
  0x00, 0xf4, 0x01, 0xf5, 0xfd, 0xf5, 0x03, 0xf7, 0xfe, 0xf7, 0x02, 0xfa,
  0xfe, 0xfa, 0x03, 0xfc, 0xfb, 0xfc, 0x06, 0xfe, 0xfa, 0xff, 0x05, 0x01,
  0xfd, 0x01, 0x02, 0x03, 0xfe, 0x04, 0x02, 0x06, 0xfe, 0x07, 0x02, 0x09,
  0xfe, 0x09, 0x02, 0x0b, 0xff, 0x0b, 0x00, 0x0e, 0x01, 0x0f, 0xfe, 0x0f,
  0x02, 0x11, 0x00, 0x12, 0xff, 0x12, 0x01, 0x14, 0xff, 0x14, 0x01, 0x16,
  0xff, 0x16, 0x02, 0x18, 0xfd, 0x18, 0x03, 0x1a, 0xfe, 0x1a, 0x01, 0x1c,
  0xff, 0x1c, 0x00, 0x1d, 0x01, 0x1e, 0xff, 0x1d, 0x01, 0x1e, 0xfe, 0x1e,
  0x03, 0x1f, 0xfd, 0x1f, 0x02, 0x20, 0xff, 0x20, 0x00, 0x21, 0x02, 0x21,
  0xfd, 0x20, 0x02, 0x21, 0xff, 0x21, 0x01, 0x22, 0x00, 0x22, 0xff, 0x21,
  0x01, 0x22, 0xff, 0x21, 0x01, 0x22, 0x00, 0x23, 0x00, 0x23, 0x00, 0x22,
  0x00, 0x22, 0x00, 0x22, 0xff, 0x21, 0x02, 0x22, 0xff, 0x21, 0x00, 0x22,
  0x00, 0x22, 0x00, 0x22, 0x00, 0x22, 0x00, 0x22, 0x01, 0x21, 0xfe, 0x20,
  0x03, 0x21, 0xfd, 0x20, 0x02, 0x21, 0xff, 0x1f, 0x01, 0x20, 0xfe, 0x1f,
  0x03, 0x1f, 0xfd, 0x1e, 0x02, 0x1f, 0x00, 0x1e, 0xfe, 0x1d, 0x02, 0x1e,
  0xff, 0x1d, 0x00, 0x1e, 0x01, 0x1d, 0x00, 0x1d, 0xff, 0x1c, 0x01, 0x1c,
  0xff, 0x1b, 0x01, 0x1c, 0x00, 0x1b, 0x00, 0x1b, 0xff, 0x1a, 0x02, 0x1b,
  0xfe, 0x1a, 0x02, 0x1a, 0xfe, 0x19, 0x01, 0x1a, 0x00, 0x19, 0x00, 0x19,
  0x00, 0x18, 0x00, 0x18, 0x00, 0x18, 0x00, 0x17, 0x00, 0x17, 0x00, 0x16,
  0x00, 0x16, 0x01, 0x15, 0xfd, 0x14, 0x04, 0x14, 0xfd, 0x12, 0x01, 0x13,
  0x00, 0x12, 0x00, 0x11, 0x00, 0x10, 0x01, 0x0f, 0xfe, 0x0d, 0x02, 0x0d,
  0xfe, 0x0b, 0x02, 0x0b, 0xff, 0x09, 0x00, 0x09, 0x01, 0x08, 0xfe, 0x06,
  0x02, 0x05, 0xff, 0x03, 0x00, 0x03, 0x00, 0x02, 0x00, 0x00, 0x00, 0xff,
  0x00, 0xfe, 0x00, 0xfc, 0x00, 0xfb, 0xff, 0xf9, 0x02, 0xf8, 0xfd, 0xf6,
  0x04, 0xf6, 0xfc, 0xf4, 0x03, 0xf3, 0xfe, 0xf1, 0x02, 0xf1, 0xff, 0xee,
  0x00, 0xee, 0x00, 0xed, 0x01, 0xec, 0xfe, 0xea, 0x03, 0xea, 0xfd, 0xe8,
  0x02, 0xe8, 0xff, 0xe6, 0x00, 0xe7, 0x01, 0xe6, 0xfe, 0xe4, 0x03, 0xe4,
  0xfc, 0xe3, 0x05, 0xe3, 0xfb, 0xe1, 0x04, 0xe2, 0xfd, 0xe0, 0x03, 0xe0,
  0xfd, 0xdf, 0x03, 0xdf, 0xfd, 0xde, 0x02, 0xdf, 0xff, 0xde, 0x01, 0xde,
  0xff, 0xdd, 0x01, 0xde, 0xff, 0xdd, 0x01, 0xde, 0xff, 0xdd, 0x02, 0xde,
  0xfd, 0xdd, 0x03, 0xde, 0xfd, 0xdd, 0x04, 0xde, 0xfc, 0xdd, 0x03, 0xde,
  0xfd, 0xdd, 0x02, 0xde, 0xff, 0xdd, 0x02, 0xde, 0xfd, 0xdd, 0x03, 0xdf,
  0xfc, 0xde, 0x04, 0xdf, 0xfe, 0xde, 0x01, 0xdf, 0xff, 0xdf, 0x00, 0xe0,
  0x01, 0xe0, 0xff, 0xdf, 0x01, 0xe0, 0xff, 0xe0, 0x00, 0xe1, 0x01, 0xe1,
  0xfe, 0xe1, 0x02, 0xe2, 0xff, 0xe1, 0x00, 0xe2, 0x01, 0xe2, 0xfe, 0xe2,
  0x02, 0xe3, 0xff, 0xe2, 0x00, 0xe4, 0x01, 0xe4, 0xfe, 0xe3, 0x02, 0xe4,
  0xff, 0xe4, 0x00, 0xe5, 0x01, 0xe6, 0xff, 0xe5, 0x00, 0xe6, 0x01, 0xe7,
  0xfe, 0xe6, 0x03, 0xe8, 0xfd, 0xe7, 0x03, 0xe9, 0xfd, 0xe8, 0x02, 0xea,
  0xff, 0xe9, 0x00, 0xeb, 0x01, 0xeb, 0xff, 0xeb, 0x00, 0xed, 0x01, 0xee,
  0xfe, 0xed, 0x02, 0xef, 0xff, 0xef, 0x01, 0xf1, 0xfe, 0xf1, 0x03, 0xf3,
  0xfd, 0xf3, 0x02, 0xf5, 0xff, 0xf5, 0x00, 0xf7, 0x00, 0xf8, 0x01, 0xfa,
  0xff, 0xfa, 0x00, 0xfc, 0x00, 0xfd, 0x00, 0xfe, 0x00, 0x00, 0x00, 0x01,
  0x00, 0x02, 0x00, 0x04, 0x00, 0x05, 0x00, 0x06, 0x00, 0x08, 0x00, 0x09,
  0x00, 0x0b, 0x00, 0x0c, 0xff, 0x0c, 0x03, 0x0e, 0xfc, 0x0e, 0x04, 0x10,
  0xfc, 0x11, 0x03, 0x13, 0xfe, 0x13, 0x02, 0x15, 0xfe, 0x15, 0x02, 0x17,
  0xfe, 0x17, 0x01, 0x19, 0xff, 0x19, 0x02, 0x1b, 0xff, 0x1b, 0x00, 0x1c,
  0x00, 0x1d, 0xff, 0x1c, 0x01, 0x1e, 0x01, 0x1f, 0xfe, 0x1e, 0x02, 0x1f,
  0xfd, 0x1f, 0x03, 0x20, 0xfe, 0x1f, 0x01, 0x20, 0x00, 0x21, 0xff, 0x20,
  0x01, 0x21, 0x00, 0x21, 0xff, 0x20, 0x01, 0x22, 0x00, 0x22, 0xff, 0x21,
  0x01, 0x22, 0xff, 0x21, 0x01, 0x22, 0xff, 0x21, 0x01, 0x22, 0x00, 0x22,
  0xfe, 0x21, 0x04, 0x22, 0xfb, 0x21, 0x04, 0x22, 0xff, 0x21, 0xfe, 0x21,
  0x04, 0x22, 0xfb, 0x20, 0x04, 0x21, 0xfe, 0x20, 0x01, 0x21, 0xff, 0x20,
  0x00, 0x20, 0x01, 0x20, 0xfe, 0x1f, 0x03, 0x20, 0xfd, 0x1f, 0x01, 0x1f,
  0x01, 0x1f, 0xfe, 0x1e, 0x02, 0x1f, 0xfe, 0x1d, 0x01, 0x1e, 0x00, 0x1e,
  0x00, 0x1e, 0x00, 0x1d, 0xff, 0x1c, 0x02, 0x1d, 0xfe, 0x1c, 0x02, 0x1c,
  0xfe, 0x1b, 0x01, 0x1c, 0xff, 0x1b, 0x03, 0x1c, 0xfc, 0x1b, 0x03, 0x1b,
  0xfd, 0x1a, 0x02, 0x1b, 0x00, 0x1a, 0x00, 0x1a, 0xff, 0x19, 0x00, 0x1a,
  0x01, 0x19, 0xff, 0x18, 0x01, 0x19, 0x00, 0x18, 0xfe, 0x17, 0x03, 0x17,
  0xfd, 0x16, 0x03, 0x16, 0xfe, 0x15, 0x01, 0x15, 0xff, 0x13, 0x01, 0x14,
  0x00, 0x13, 0x00, 0x12, 0x00, 0x11, 0x00, 0x10, 0xff, 0x0f, 0x02, 0x0f,
  0xff, 0x0d, 0x00, 0x0d, 0x01, 0x0c, 0xfd, 0x0a, 0x04, 0x0a, 0xfd, 0x08,
  0x02, 0x08, 0xfe, 0x05, 0x01, 0x05, 0x01, 0x04, 0xfe, 0x02, 0x02, 0x01,
  0xfd, 0xff, 0x04, 0xff, 0xfc, 0xfd, 0x04, 0xfd, 0xfb, 0xfb, 0x06, 0xfa,
  0xfa, 0xf8, 0x05, 0xf7, 0xfc, 0xf5, 0x03, 0xf5, 0xfe, 0xf3, 0x02, 0xf2,
  0xfd, 0xf0, 0x03, 0xf0, 0xfe, 0xee, 0x01, 0xee, 0x00, 0xed, 0xff, 0xeb,
  0x01, 0xeb, 0xff, 0xe9, 0x01, 0xe9, 0xff, 0xe7, 0x01, 0xe7, 0xff, 0xe5,
  0x00, 0xe5, 0x00, 0xe4, 0x00, 0xe4, 0x00, 0xe3, 0x01, 0xe2, 0xfe, 0xe0,
  0x01, 0xe1, 0x00, 0xe1, 0x00, 0xe0, 0x00, 0xe0, 0x00, 0xdf, 0xff, 0xde,
  0x01, 0xde, 0x01, 0xde, 0xfe, 0xdd, 0x01, 0xde, 0x00, 0xdd, 0xff, 0xdc,
  0x03, 0xdd, 0xfc, 0xdc, 0x04, 0xdc, 0xfb, 0xdb, 0x06, 0xdc, 0xfa, 0xdb,
  0x05, 0xdc, 0xfd, 0xdb, 0x00, 0xdc, 0x02, 0xdc, 0xfd, 0xdb, 0x03, 0xdc,
  0xfe, 0xdb, 0x01, 0xdc, 0xff, 0xdb, 0x01, 0xdc, 0x00, 0xdd, 0xff, 0xdc,
  0x02, 0xdd, 0xfd, 0xdc, 0x03, 0xdd, 0xff, 0xdd, 0xfe, 0xdd, 0x04, 0xde,
  0xfb, 0xdd, 0x05, 0xdf, 0xfd, 0xde, 0x01, 0xdf, 0xff, 0xde, 0x02, 0xe0,
  0xfd, 0xdf, 0x05, 0xe0, 0xfa, 0xe0, 0x05, 0xe1, 0xfc, 0xe0, 0x03, 0xe1,
  0xff, 0xe1, 0xff, 0xe1, 0x02, 0xe2, 0xfd, 0xe2, 0x03, 0xe3, 0xfe, 0xe2,
  0x01, 0xe4, 0xff, 0xe3, 0x02, 0xe4, 0xfd, 0xe3, 0x03, 0xe5, 0xfe, 0xe4,
  0x01, 0xe5, 0x00, 0xe5, 0x00, 0xe6, 0xff, 0xe5, 0x02, 0xe6, 0xfe, 0xe6,
  0x02, 0xe7, 0xff, 0xe6, 0x00, 0xe8, 0x00, 0xe8, 0x00, 0xe8, 0x00, 0xe9,
  0x01, 0xe9, 0xff, 0xe9, 0x00, 0xea, 0x00, 0xeb, 0x00, 0xeb, 0x01, 0xec,
  0xfe, 0xeb, 0x02, 0xed, 0xfe, 0xed, 0x01, 0xef, 0x00, 0xef, 0x00, 0xf0,
  0x00, 0xf1, 0x00, 0xf2, 0x00, 0xf3, 0x00, 0xf4, 0x01, 0xf5, 0xff, 0xf5,
  0x00, 0xf7, 0x01, 0xf8, 0xff, 0xf8, 0x01, 0xfa, 0xff, 0xfb, 0x01, 0xfd,
  0xfe, 0xfd, 0x03, 0xff, 0xfc, 0xff, 0x04, 0x02, 0xfd, 0x02, 0x02, 0x04,
  0xfe, 0x05, 0x03, 0x07, 0xfd, 0x07, 0x03, 0x0a, 0xfd, 0x0a, 0x02, 0x0c,
  0x00, 0x0d, 0xff, 0x0e, 0x02, 0x10, 0xfd, 0x10, 0x03, 0x12, 0xfe, 0x11,
  0x01, 0x14, 0x00, 0x15, 0x00, 0x16, 0x00, 0x17, 0x00, 0x18, 0x00, 0x18,
  0xff, 0x18, 0x03, 0x1a, 0xfc, 0x1a, 0x04, 0x1c, 0xfc, 0x1c, 0x03, 0x1d,
  0xfe, 0x1d, 0x02, 0x1e, 0xfe, 0x1e, 0x01, 0x1f, 0x01, 0x1f, 0xfd, 0x1f,
  0x05, 0x20, 0xfa, 0x20, 0x05, 0x21, 0xfd, 0x20, 0x01, 0x21, 0x01, 0x21,
  0xfd, 0x21, 0x03, 0x22, 0xfe, 0x21, 0x01, 0x22, 0x00, 0x22, 0xff, 0x21,
  0x01, 0x22, 0xff, 0x21, 0x01, 0x22, 0x00, 0x22, 0xff, 0x21, 0x02, 0x22,
  0xfd, 0x21, 0x03, 0x22, 0xfd, 0x20, 0x03, 0x21, 0xfe, 0x20, 0x01, 0x21,
  0x00, 0x21, 0xfe, 0x20, 0x03, 0x20, 0xfe, 0x1f, 0x02, 0x20, 0xfe, 0x1f,
  0x01, 0x1f, 0xff, 0x1e, 0x01, 0x1f, 0x00, 0x1f, 0xff, 0x1d, 0x01, 0x1e,
  0x00, 0x1e, 0xff, 0x1c, 0x00, 0x1d, 0x01, 0x1d, 0xfe, 0x1c, 0x04, 0x1c,
  0xfb, 0x1b, 0x04, 0x1c, 0xfd, 0x1b, 0x02, 0x1b, 0xff, 0x1a, 0x01, 0x1a,
  0xff, 0x19, 0x00, 0x1a, 0x01, 0x1a, 0xfe, 0x18, 0x03, 0x19, 0xfd, 0x17,
  0x02, 0x18, 0xff, 0x16, 0x00, 0x17, 0x00, 0x17, 0x01, 0x16, 0xfe, 0x14,
  0x03, 0x15, 0xfc, 0x13, 0x04, 0x14, 0xfd, 0x12, 0x02, 0x12, 0xff, 0x10,
  0x01, 0x11, 0xff, 0x0f, 0x01, 0x0f, 0xff, 0x0d, 0x01, 0x0d, 0xff, 0x0b,
  0x02, 0x0b, 0xfe, 0x09, 0x01, 0x09, 0xff, 0x07, 0x01, 0x07, 0x00, 0x06,
  0xff, 0x03, 0x02, 0x03, 0xfd, 0x01, 0x03, 0x01, 0xfe, 0xff, 0x01, 0xfe,
  0xff, 0xfc, 0x02, 0xfc, 0xfd, 0xf9, 0x03, 0xf9, 0xfe, 0xf7, 0x00, 0xf6,
  0x01, 0xf5, 0xff, 0xf3, 0x01, 0xf3, 0xff, 0xf0, 0x01, 0xf0, 0xfe, 0xee,
  0x03, 0xee, 0xfc, 0xec, 0x04, 0xec, 0xfd, 0xe9, 0x03, 0xea, 0xfd, 0xe8,
  0x02, 0xe8, 0xfe, 0xe6, 0x02, 0xe6, 0xff, 0xe4, 0x01, 0xe5, 0xff, 0xe3,
  0x00, 0xe3, 0x00, 0xe3, 0x01, 0xe2, 0xff, 0xe0, 0x01, 0xe1, 0xfe, 0xdf,
  0x02, 0xe0, 0x00, 0xe0, 0xfe, 0xde, 0x03, 0xdf, 0xfd, 0xde, 0x02, 0xde,
  0x00, 0xde, 0xff, 0xdd, 0x01, 0xde, 0x00, 0xde, 0xff, 0xdd, 0x02, 0xde,
  0xfe, 0xdd, 0x02, 0xde, 0xfe, 0xdd, 0x01, 0xde, 0x01, 0xde, 0xfd, 0xdd,
  0x03, 0xde, 0xfe, 0xdd, 0x01, 0xde, 0x00, 0xde, 0xff, 0xde, 0x00, 0xdf,
  0x01, 0xdf, 0x00, 0xdf, 0xff, 0xde, 0x01, 0xdf, 0xfe, 0xdf, 0x04, 0xe0,
  0xfb, 0xdf, 0x05, 0xe0, 0xfb, 0xdf, 0x04, 0xe1, 0xff, 0xe0, 0xff, 0xe0,
  0x01, 0xe1, 0xff, 0xe1, 0x01, 0xe2, 0x00, 0xe2, 0x00, 0xe2, 0xff, 0xe1,
  0x02, 0xe3, 0xfd, 0xe2, 0x04, 0xe3, 0xfc, 0xe3, 0x03, 0xe4, 0xfe, 0xe3,
  0x01, 0xe4, 0x00, 0xe5, 0x00, 0xe5, 0xff, 0xe4, 0x02, 0xe6, 0xfe, 0xe5,
  0x01, 0xe6, 0x00, 0xe6, 0x00, 0xe7, 0x00, 0xe7, 0x00, 0xe8, 0x00, 0xe8,
  0x00, 0xe9, 0x00, 0xe9, 0x01, 0xea, 0xfe, 0xe9, 0x02, 0xeb, 0xff, 0xeb,
  0x00, 0xec, 0x00, 0xed, 0x00, 0xee, 0x00, 0xee, 0x01, 0xef, 0xfe, 0xef,
  0x02, 0xf1, 0xfe, 0xf1, 0x02, 0xf3, 0xfe, 0xf3, 0x03, 0xf5, 0xfd, 0xf5,
  0x02, 0xf7, 0xff, 0xf7, 0xff, 0xf8, 0x03, 0xfb, 0xfd, 0xfb, 0x03, 0xfd,
  0xfc, 0xfd, 0x04, 0xff, 0xfd, 0xff, 0x02, 0x02, 0xff, 0x02, 0x00, 0x04,
  0x00, 0x05, 0x01, 0x07, 0xff, 0x07, 0x00, 0x09, 0x01, 0x0a, 0xff, 0x0a,
  0x01, 0x0c, 0x00, 0x0d, 0xfe, 0x0d, 0x03, 0x0f, 0xfd, 0x0f, 0x03, 0x12,
  0xfe, 0x12, 0x00, 0x14, 0x01, 0x15, 0xff, 0x14, 0x00, 0x16, 0x01, 0x17,
  0xfe, 0x17, 0x02, 0x19, 0xfe, 0x19, 0x02, 0x1b, 0xfe, 0x1a, 0x02, 0x1c,
  0xfe, 0x1b, 0x01, 0x1d, 0xff, 0x1c, 0x02, 0x1e, 0xfe, 0x1d, 0x01, 0x1f,
  0x00, 0x1f, 0xff, 0x1e, 0x02, 0x20, 0xfe, 0x1f, 0x01, 0x21, 0xff, 0x20,
  0x02, 0x21, 0xfe, 0x20, 0x02, 0x22, 0xfd, 0x21, 0x03, 0x22, 0xfe, 0x21,
  0x01, 0x22, 0x00, 0x22, 0xff, 0x21, 0x02, 0x22, 0xfe, 0x21, 0x01, 0x22,
  0x00, 0x22, 0x00, 0x22, 0x00, 0x22, 0x00, 0x22, 0xff, 0x21, 0x02, 0x22,
  0xfe, 0x21, 0x03, 0x22, 0xfc, 0x21, 0x03, 0x21, 0xfe, 0x20, 0x01, 0x21,
  0x01, 0x21, 0xfe, 0x1f, 0x02, 0x20, 0xfe, 0x1f, 0x02, 0x20, 0xfe, 0x1f,
  0x02, 0x1f, 0xff, 0x1e, 0x00, 0x1f, 0x01, 0x1f, 0xff, 0x1d, 0x00, 0x1e,
  0x01, 0x1e, 0xff, 0x1c, 0x01, 0x1d, 0x00, 0x1d, 0xff, 0x1c, 0x00, 0x1d,
  0x01, 0x1c, 0xff, 0x1b, 0x01, 0x1c, 0x00, 0x1b, 0xfe, 0x1a, 0x03, 0x1b,
  0xfd, 0x1a, 0x03, 0x1a, 0xfe, 0x19, 0x00, 0x1a, 0x01, 0x19, 0xff, 0x18,
  0x01, 0x18, 0xff, 0x17, 0x01, 0x18, 0xff, 0x16, 0x01, 0x17, 0xff, 0x15,
  0x01, 0x16, 0xff, 0x14, 0x02, 0x14, 0xfd, 0x13, 0x03, 0x13, 0xfe, 0x12,
  0x00, 0x12, 0x02, 0x11, 0xfd, 0x0f, 0x03, 0x0f, 0xfe, 0x0d, 0x00, 0x0d,
  0x02, 0x0c, 0xfe, 0x0b, 0x01, 0x0b, 0xff, 0x08, 0x02, 0x08, 0xfd, 0x06,
  0x05, 0x06, 0xf9, 0x04, 0x06, 0x04, 0xfc, 0x01, 0x03, 0x01, 0xff, 0xff,
  0xff, 0xfe, 0x01, 0xfd, 0x00, 0xfc, 0x00, 0xfb, 0x00, 0xfa, 0x00, 0xf8,
  0x00, 0xf7, 0x01, 0xf6, 0xfe, 0xf3, 0x02, 0xf3, 0xff, 0xf1, 0x00, 0xf1,
  0x01, 0xf0, 0xff, 0xee, 0x00, 0xee, 0x01, 0xed, 0xff, 0xeb, 0x00, 0xeb,
  0x01, 0xe9, 0xff, 0xe7, 0x00, 0xe8, 0x00, 0xe7, 0x00, 0xe6, 0x00, 0xe5,
  0x01, 0xe4, 0xfe, 0xe2, 0x01, 0xe3, 0x00, 0xe2, 0xff, 0xe0, 0x02, 0xe1,
  0xff, 0xe0, 0x00, 0xe0, 0x01, 0xe0, 0xfd, 0xde, 0x04, 0xdf, 0xfd, 0xdd,
  0x02, 0xde, 0x00, 0xde, 0xfe, 0xdd, 0x02, 0xdd, 0xff, 0xdc, 0x01, 0xdd,
  0xfe, 0xdc, 0x03, 0xdd, 0xfc, 0xdc, 0x03, 0xdd, 0xff, 0xdc, 0x01, 0xdd,
  0xfe, 0xdc, 0x02, 0xdd, 0xfe, 0xdc, 0x01, 0xdd, 0x01, 0xdd, 0xfe, 0xdd,
  0x02, 0xde, 0xff, 0xdd, 0x00, 0xde, 0x00, 0xde, 0x00, 0xde, 0x00, 0xdf,
  0x00, 0xdf, 0x01, 0xdf, 0xff, 0xde, 0x00, 0xe0, 0x01, 0xe0, 0xfe, 0xdf,
  0x02, 0xe1, 0x00, 0xe1, 0xfe, 0xe0, 0x03, 0xe1, 0xfd, 0xe1, 0x02, 0xe2,
  0xff, 0xe1, 0x01, 0xe3, 0xfe, 0xe2, 0x03, 0xe3, 0xfd, 0xe2, 0x02, 0xe3,
  0xff, 0xe3, 0x00, 0xe4, 0x01, 0xe4, 0xff, 0xe3, 0x00, 0xe5, 0x01, 0xe5,
  0xfe, 0xe4, 0x03, 0xe5, 0xfd, 0xe5, 0x02, 0xe6, 0xff, 0xe5, 0x00, 0xe7,
  0x01, 0xe7, 0xff, 0xe6, 0x00, 0xe8, 0x01, 0xe8, 0xfe, 0xe7, 0x03, 0xe9,
  0xfd, 0xe8, 0x03, 0xea, 0xfd, 0xe9, 0x02, 0xeb, 0xff, 0xeb, 0x01, 0xec,
  0x00, 0xed, 0xff, 0xed, 0x01, 0xef, 0x00, 0xef, 0xff, 0xef, 0x02, 0xf1,
  0xfe, 0xf1, 0x02, 0xf3, 0xff, 0xf3, 0xff, 0xf4, 0x02, 0xf6, 0xff, 0xf7,
  0x00, 0xf9, 0x00, 0xfa, 0x00, 0xfb, 0xff, 0xfb, 0x03, 0xfd, 0xfd, 0xfe,
  0x02, 0x00, 0xff, 0x00, 0x00, 0x02, 0x00, 0x04, 0x02, 0x05, 0xfd, 0x06,
  0x03, 0x08, 0xfe, 0x08, 0x00, 0x0a, 0x02, 0x0c, 0xfe, 0x0c, 0x00, 0x0e,
  0x02, 0x0f, 0xfd, 0x0f, 0x03, 0x11, 0xfe, 0x12, 0x00, 0x14, 0x02, 0x15,
  0xfd, 0x15, 0x03, 0x16, 0xfd, 0x16, 0x03, 0x18, 0xfe, 0x18, 0x01, 0x1a,
  0xff, 0x1a, 0x00, 0x1c, 0x01, 0x1d, 0x00, 0x1d, 0xff, 0x1c, 0x01, 0x1e,
  0xff, 0x1d, 0x01, 0x1f, 0xff, 0x1e, 0x01, 0x20, 0xff, 0x1f, 0x02, 0x20,
  0xfd, 0x20, 0x03, 0x21, 0xfd, 0x20, 0x03, 0x21, 0xfe, 0x20, 0x01, 0x21,
  0xff, 0x21, 0x01, 0x22, 0x00, 0x22, 0xff, 0x21, 0x01, 0x22, 0xff, 0x21,
  0x02, 0x22, 0xfd, 0x21, 0x04, 0x22, 0xfb, 0x21, 0x06, 0x22, 0xfb, 0x21,
  0x02, 0x22, 0x01, 0x22, 0xfe, 0x20, 0x02, 0x21, 0xff, 0x20, 0xff, 0x20,
  0x03, 0x21, 0xfd, 0x1f, 0x02, 0x20, 0xfe, 0x1f, 0x02, 0x20, 0xff, 0x1f,
  0x00, 0x1f, 0x00, 0x1f, 0x00, 0x1f, 0x00, 0x1f, 0x00, 0x1e, 0x00, 0x1e,
  0x00, 0x1e, 0x00, 0x1e, 0x00, 0x1d, 0x00, 0x1d, 0xff, 0x1c, 0x03, 0x1c,
  0xfc, 0x1b, 0x04, 0x1c, 0xfd, 0x1b, 0x02, 0x1b, 0xff, 0x1a, 0x00, 0x1b,
  0x00, 0x1b, 0x01, 0x1a, 0xff, 0x19, 0x00, 0x1a, 0x01, 0x19, 0xff, 0x18,
  0x01, 0x19, 0xff, 0x17, 0x01, 0x18, 0xfe, 0x17, 0x03, 0x17, 0xfd, 0x16,
  0x03, 0x16, 0xfe, 0x15, 0x00, 0x15, 0x02, 0x15, 0xfd, 0x13, 0x03, 0x13,
  0xfe, 0x12, 0x01, 0x12, 0x00, 0x11, 0x00, 0x10, 0xff, 0x0f, 0x02, 0x0f,
  0xfe, 0x0d, 0x02, 0x0d, 0xfe, 0x0b, 0x01, 0x0b, 0x00, 0x0a, 0xff, 0x08,
  0x02, 0x08, 0xfe, 0x06, 0x01, 0x05, 0x00, 0x04, 0xff, 0x02, 0x02, 0x02,
  0xff, 0xff, 0xff, 0xfe, 0x02, 0xfe, 0xfd, 0xfc, 0x04, 0xfb, 0xfc, 0xf9,
  0x04, 0xf9, 0xfc, 0xf7, 0x03, 0xf6, 0xfe, 0xf4, 0x02, 0xf4, 0xfe, 0xf1,
  0x02, 0xf1, 0xfe, 0xef, 0x02, 0xef, 0xff, 0xed, 0x00, 0xed, 0x00, 0xec,
  0x00, 0xea, 0x00, 0xe9, 0x00, 0xe9, 0x01, 0xe8, 0xfe, 0xe6, 0x03, 0xe6,
  0xfb, 0xe4, 0x06, 0xe4, 0xfc, 0xe3, 0x02, 0xe3, 0xff, 0xe1, 0x00, 0xe2,
  0x01, 0xe1, 0xff, 0xdf, 0x00, 0xe0, 0x01, 0xdf, 0xfe, 0xde, 0x03, 0xdf,
  0xfd, 0xde, 0x02, 0xde, 0xff, 0xdd, 0x01, 0xdd, 0xff, 0xdc, 0x01, 0xdd,
  0xff, 0xdc, 0x00, 0xdd, 0x01, 0xdd, 0xff, 0xdc, 0x01, 0xdd, 0xff, 0xdb,
  0x01, 0xdc, 0xff, 0xdc, 0x01, 0xdd, 0xff, 0xdc, 0x02, 0xdd, 0xfd, 0xdc,
  0x03, 0xdd, 0xfe, 0xdc, 0x02, 0xdd, 0xfe, 0xdd, 0x01, 0xde, 0xff, 0xdd,
  0x01, 0xde, 0x00, 0xde, 0x00, 0xde, 0xff, 0xde, 0x01, 0xdf, 0x00, 0xdf,
  0xff, 0xdf, 0x01, 0xe0, 0x00, 0xe0, 0xff, 0xdf, 0x02, 0xe1, 0xfe, 0xe0,
  0x00, 0xe1, 0x01, 0xe2, 0x00, 0xe2, 0xff, 0xe1, 0x02, 0xe2, 0xfd, 0xe2,
  0x03, 0xe3, 0xfe, 0xe2, 0x02, 0xe3, 0xfe, 0xe3, 0x01, 0xe4, 0x00, 0xe4,
  0x01, 0xe4, 0xff, 0xe4, 0x00, 0xe5, 0x00, 0xe5, 0x00, 0xe5, 0x01, 0xe5,
  0xff, 0xe5, 0x00, 0xe6, 0x01, 0xe6, 0xfe, 0xe6, 0x02, 0xe7, 0xfe, 0xe6,
  0x03, 0xe7, 0xfd, 0xe7, 0x02, 0xe8, 0xfe, 0xe8, 0x01, 0xe9, 0x01, 0xe9,
  0xfe, 0xe9, 0x02, 0xea, 0xfe, 0xea, 0x02, 0xec, 0xfe, 0xeb, 0x02, 0xed,
  0xfe, 0xec, 0x02, 0xee, 0xfe, 0xee, 0x02, 0xef, 0xff, 0xef, 0x00, 0xf1,
  0x01, 0xf2, 0xfe, 0xf2, 0x01, 0xf4, 0x00, 0xf5, 0x00, 0xf6, 0x01, 0xf7,
  0xfe, 0xf7, 0x02, 0xf9, 0xfd, 0xf9, 0x04, 0xfb, 0xfd, 0xfb, 0x01, 0xfe,
  0x01, 0xff, 0xfe, 0xff, 0x01, 0x01, 0x00, 0x02, 0x00, 0x03, 0x00, 0x04,
  0x00, 0x06, 0xff, 0x06, 0x01, 0x09, 0x00, 0x0a, 0x00, 0x0b, 0xff, 0x0b,
  0x01, 0x0e, 0x00, 0x0f, 0x00, 0x10, 0x00, 0x11, 0xff, 0x11, 0x01, 0x13,
  0x00, 0x14, 0x00, 0x15, 0x00, 0x16, 0x00, 0x17, 0xff, 0x17, 0x02, 0x19,
  0xfd, 0x19, 0x05, 0x1b, 0xfa, 0x1a, 0x05, 0x1c, 0xfc, 0x1c, 0x03, 0x1d,
  0xff, 0x1d, 0x00, 0x1e, 0xff, 0x1e, 0x01, 0x1f, 0x00, 0x20, 0x00, 0x20,
  0x00, 0x20, 0x00, 0x21, 0xff, 0x20, 0x02, 0x21, 0xff, 0x20, 0xff, 0x20,
  0x02, 0x22, 0xfe, 0x21, 0x02, 0x22, 0xfe, 0x21, 0x02, 0x22, 0xfe, 0x21,
  0x02, 0x22, 0xfe, 0x21, 0x01, 0x22, 0xff, 0x21, 0x03, 0x22, 0xfc, 0x21,
  0x04, 0x21, 0xfc, 0x20, 0x03, 0x21, 0xff, 0x20, 0xff, 0x20, 0x02, 0x21,
  0xfe, 0x1f, 0x01, 0x20, 0x00, 0x20, 0xff, 0x1f, 0x01, 0x20, 0xff, 0x1e,
  0x01, 0x1f, 0xff, 0x1e, 0x00, 0x1f, 0x01, 0x1e, 0xff, 0x1d, 0x01, 0x1e,
  0xff, 0x1c, 0x01, 0x1d, 0xfe, 0x1c, 0x03, 0x1d, 0xfd, 0x1b, 0x03, 0x1c,
  0xfd, 0x1b, 0x03, 0x1b, 0xfd, 0x1a, 0x02, 0x1b, 0xff, 0x19, 0x01, 0x1a,
  0xff, 0x18, 0x01, 0x19, 0xfe, 0x18, 0x03, 0x18, 0xfd, 0x17, 0x03, 0x17,
  0xfd, 0x16, 0x03, 0x16, 0xfe, 0x15, 0x00, 0x15, 0x01, 0x15, 0xfe, 0x13,
  0x03, 0x13, 0xfe, 0x12, 0x00, 0x12, 0x01, 0x11, 0xfe, 0x0f, 0x02, 0x0f,
  0xfe, 0x0e, 0x03, 0x0e, 0xfd, 0x0c, 0x03, 0x0c, 0xfd, 0x0a, 0x02, 0x0a,
  0xff, 0x08, 0x01, 0x08, 0xff, 0x05, 0x01, 0x05, 0xfe, 0x03, 0x03, 0x03,
  0xfc, 0x01, 0x05, 0x00, 0xfa, 0xfe, 0x06, 0xfe, 0xfa, 0xfb, 0x06, 0xfb,
  0xfb, 0xf9, 0x03, 0xf9, 0xfe, 0xf6, 0x02, 0xf6, 0xfe, 0xf4, 0x03, 0xf4,
  0xfc, 0xf2, 0x03, 0xf1, 0xff, 0xef, 0x00, 0xef, 0x01, 0xee, 0xfe, 0xec,
  0x02, 0xec, 0xff, 0xea, 0x01, 0xea, 0xff, 0xe7, 0x00, 0xe7, 0x00, 0xe7,
  0x01, 0xe6, 0xff, 0xe4, 0x01, 0xe4, 0xff, 0xe3, 0x00, 0xe3, 0x00, 0xe2,
  0x01, 0xe2, 0xfe, 0xe0, 0x03, 0xe1, 0xfc, 0xdf, 0x04, 0xe0, 0xfd, 0xdf,
  0x02, 0xdf, 0xff, 0xde, 0x00, 0xde, 0x00, 0xde, 0x01, 0xde, 0xff, 0xdd,
  0x00, 0xde, 0x01, 0xde, 0xfe, 0xdc, 0x03, 0xdd, 0xfd, 0xdc, 0x02, 0xdd,
  0xff, 0xdd, 0x01, 0xde, 0xff, 0xdd, 0x00, 0xde, 0x01, 0xde, 0xfe, 0xdd,
  0x04, 0xde, 0xfb, 0xdd, 0x04, 0xdf, 0xfe, 0xde, 0x00, 0xdf, 0x01, 0xdf,
  0xfe, 0xde, 0x03, 0xe0, 0xfe, 0xdf, 0x01, 0xe0, 0xff, 0xdf, 0x00, 0xe0,
  0x00, 0xe1, 0x01, 0xe1, 0xff, 0xe0, 0x01, 0xe2, 0xff, 0xe1, 0xff, 0xe1,
  0x03, 0xe2, 0xfd, 0xe1, 0x03, 0xe3, 0xfe, 0xe2, 0xff, 0xe2, 0x04, 0xe4,
  0xfb, 0xe3, 0x05, 0xe4, 0xfc, 0xe3, 0x03, 0xe4, 0xfd, 0xe3, 0x02, 0xe5,
  0x00, 0xe5, 0xff, 0xe4, 0x01, 0xe6, 0xff, 0xe5, 0x00, 0xe6, 0x01, 0xe7,
  0xfe, 0xe6, 0x02, 0xe7, 0xfe, 0xe7, 0x03, 0xe8, 0xfd, 0xe7, 0x01, 0xe9,
  0x00, 0xea, 0x00, 0xea, 0x00, 0xeb, 0x01, 0xeb, 0xfe, 0xeb, 0x02, 0xec,
  0xfe, 0xec, 0x02, 0xee, 0xfe, 0xee, 0x02, 0xf0, 0xfe, 0xef, 0x02, 0xf1,
  0xff, 0xf1, 0x00, 0xf3, 0x00, 0xf4, 0x00, 0xf5, 0x00, 0xf6, 0x01, 0xf7,
  0xfe, 0xf8, 0x03, 0xfa, 0xfc, 0xfa, 0x04, 0xfc, 0xfc, 0xfc, 0x04, 0xff,
  0xfc, 0xff, 0x04, 0x01, 0xfc, 0x01, 0x03, 0x04, 0xfe, 0x04, 0x01, 0x06,
  0x00, 0x08, 0xff, 0x08, 0x02, 0x0a, 0xfc, 0x0b, 0x05, 0x0d, 0xfc, 0x0d,
  0x03, 0x0f, 0xfe, 0x0f, 0x00, 0x11, 0x01, 0x12, 0xff, 0x12, 0x01, 0x14,
  0x00, 0x15, 0xff, 0x15, 0x01, 0x17, 0xff, 0x17, 0x00, 0x19, 0x01, 0x1a,
  0xff, 0x19, 0x00, 0x1b, 0x01, 0x1c, 0xfe, 0x1c, 0x03, 0x1d, 0xfc, 0x1d,
  0x04, 0x1f, 0xfe, 0x1e, 0x00, 0x1f, 0x02, 0x20, 0xfd, 0x1f, 0x02, 0x20,
  0x00, 0x20, 0x00, 0x21, 0xff, 0x20, 0x02, 0x22, 0xfd, 0x21, 0x02, 0x22,
  0x00, 0x22, 0xff, 0x21, 0x02, 0x22, 0xfd, 0x22, 0x02, 0x23, 0x00, 0x23,
  0xfe, 0x22, 0x04, 0x23, 0xfc, 0x22, 0x02, 0x23, 0xff, 0x22, 0x01, 0x23,
  0x00, 0x23, 0xff, 0x21, 0x01, 0x22, 0xfe, 0x21, 0x03, 0x22, 0xfd, 0x21,
  0x03, 0x22, 0xfd, 0x21, 0x03, 0x21, 0xfd, 0x20, 0x02, 0x21, 0xff, 0x1f,
  0x00, 0x20, 0x01, 0x20, 0xfe, 0x1f, 0x03, 0x1f, 0xfe, 0x1e, 0x00, 0x1f,
  0x00, 0x1f, 0x01, 0x1e, 0xfe, 0x1d, 0x04, 0x1e, 0xfc, 0x1d, 0x02, 0x1d,
  0xff, 0x1c, 0x00, 0x1d, 0x00, 0x1c, 0x01, 0x1c, 0xff, 0x1b, 0x00, 0x1c,
  0x00, 0x1c, 0xff, 0x1a, 0x02, 0x1b, 0xfe, 0x1a, 0x02, 0x1b, 0xfe, 0x1a,
  0x01, 0x1a, 0x00, 0x1a, 0x00, 0x19, 0x00, 0x19, 0x01, 0x19, 0xfe, 0x18,
  0x01, 0x18, 0x00, 0x18, 0x01, 0x17, 0xff, 0x16, 0x01, 0x16, 0xfe, 0x15,
  0x01, 0x15, 0x01, 0x15, 0xfe, 0x13, 0x03, 0x14, 0xfd, 0x12, 0x02, 0x12,
  0xff, 0x10, 0x00, 0x11, 0x01, 0x10, 0xff, 0x0e, 0x01, 0x0e, 0x00, 0x0d,
  0xff, 0x0b, 0x01, 0x0b, 0xff, 0x09, 0x02, 0x09, 0xfe, 0x07, 0x02, 0x07,
  0xfd, 0x05, 0x03, 0x04, 0xfe, 0x02, 0x01, 0x02, 0x00, 0x01, 0xfe, 0xfe,
  0x04, 0xfe, 0xfb, 0xfc, 0x05, 0xfc, 0xfc, 0xf9, 0x02, 0xf9, 0x00, 0xf8,
  0xff, 0xf5, 0x01, 0xf5, 0xff, 0xf3, 0x01, 0xf2, 0x00, 0xf1, 0xff, 0xef,
  0x01, 0xef, 0xff, 0xed, 0x01, 0xed, 0xff, 0xeb, 0x01, 0xeb, 0xff, 0xe9,
  0x01, 0xe9, 0x00, 0xe8, 0xff, 0xe6, 0x01, 0xe6, 0xff, 0xe4, 0x01, 0xe4,
  0xff, 0xe3, 0x02, 0xe3, 0xfe, 0xe1, 0x01, 0xe1, 0x00, 0xe1, 0xff, 0xdf,
  0x02, 0xe0, 0xfe, 0xde, 0x01, 0xdf, 0x00, 0xde, 0xff, 0xdd, 0x01, 0xde,
  0x00, 0xde, 0xff, 0xdc, 0x01, 0xdd, 0xff, 0xdc, 0x01, 0xdd, 0x00, 0xdc,
  0xff, 0xdb, 0x01, 0xdc, 0xff, 0xdb, 0x01, 0xdc, 0x00, 0xdc, 0xff, 0xdb,
  0x01, 0xdc, 0xff, 0xdb, 0x01, 0xdc, 0xff, 0xdb, 0x01, 0xdd, 0x00, 0xdd,
  0xff, 0xdc, 0x02, 0xdd, 0xfd, 0xdc, 0x03, 0xdd, 0xfe, 0xdd, 0x01, 0xde,
  0x00, 0xde, 0xff, 0xdd, 0x01, 0xdf, 0xff, 0xde, 0x01, 0xdf, 0x00, 0xe0,
  0xff, 0xdf, 0x00, 0xe0, 0x01, 0xe1, 0xff, 0xe0, 0x01, 0xe1, 0x00, 0xe1,
  0xfe, 0xe1, 0x03, 0xe2, 0xfe, 0xe1, 0x00, 0xe3, 0x02, 0xe3, 0xfd, 0xe2,
  0x03, 0xe3, 0xfe, 0xe3, 0x00, 0xe4, 0x01, 0xe4, 0xff, 0xe3, 0x00, 0xe5,
  0x02, 0xe5, 0xfd, 0xe4, 0x02, 0xe5, 0xff, 0xe4, 0x00, 0xe6, 0x01, 0xe6,
  0x00, 0xe6, 0xff, 0xe5, 0x01, 0xe7, 0x00, 0xe7, 0xff, 0xe6, 0x02, 0xe7,
  0xfe, 0xe7, 0x01, 0xe8, 0x00, 0xe9, 0xff, 0xe8, 0x01, 0xe9, 0x00, 0xea,
  0x00, 0xeb, 0xff, 0xea, 0x01, 0xec, 0xff, 0xeb, 0x01, 0xed, 0x00, 0xee,
  0xff, 0xee, 0x01, 0xf0, 0x00, 0xf1, 0xff, 0xf1, 0x02, 0xf3, 0xfd, 0xf3,
  0x03, 0xf5, 0xfe, 0xf5, 0x02, 0xf7, 0xfe, 0xf7, 0x02, 0xf9, 0xfe, 0xfa,
  0x02, 0xfc, 0xfe, 0xfc, 0x02, 0xff, 0xfe, 0xff, 0x02, 0x01, 0xfe, 0x01,
  0x02, 0x04, 0xfe, 0x04, 0x01, 0x06, 0x00, 0x08, 0xff, 0x08, 0x02, 0x0b,
  0xfe, 0x0b, 0x01, 0x0d, 0x00, 0x0f, 0xfe, 0x0f, 0x03, 0x11, 0xfe, 0x11,
  0x01, 0x13, 0xff, 0x13, 0x01, 0x15, 0xfe, 0x15, 0x04, 0x17, 0xfb, 0x17,
  0x05, 0x19, 0xfc, 0x18, 0x03, 0x1a, 0xfe, 0x1a, 0x01, 0x1c, 0xff, 0x1b,
  0x02, 0x1d, 0xfd, 0x1d, 0x04, 0x1e, 0xfc, 0x1d, 0x04, 0x1f, 0xfc, 0x1e,
  0x03, 0x20, 0xfe, 0x1f, 0x02, 0x20, 0xfe, 0x20, 0x02, 0x21, 0xff, 0x20,
  0xff, 0x20, 0x03, 0x21, 0xfc, 0x20, 0x04, 0x21, 0xfe, 0x20, 0xff, 0x20,
  0x03, 0x21, 0xfd, 0x20, 0x03, 0x21, 0xfd, 0x20, 0x03, 0x21, 0xfd, 0x20,
  0x02, 0x21, 0xff, 0x20, 0x00, 0x21, 0x01, 0x21, 0xff, 0x20, 0x01, 0x20,
  0xff, 0x1f, 0x01, 0x20, 0xff, 0x1f, 0x01, 0x20, 0xff, 0x1f, 0x01, 0x1f,
  0x00, 0x1f, 0xff, 0x1e, 0x01, 0x1e, 0xff, 0x1d, 0x01, 0x1e, 0xff, 0x1d,
  0x01, 0x1e, 0xff, 0x1c, 0x01, 0x1d, 0x00, 0x1d, 0xff, 0x1b, 0x01, 0x1c,
  0xff, 0x1b, 0x02, 0x1b, 0xfe, 0x1a, 0x01, 0x1b, 0x00, 0x1a, 0xff, 0x19,
  0x02, 0x1a, 0xfe, 0x18, 0x02, 0x19, 0xfd, 0x17, 0x04, 0x18, 0xfc, 0x16,
  0x03, 0x17, 0xff, 0x15, 0xff, 0x15, 0x02, 0x15, 0xfe, 0x14, 0x02, 0x14,
  0xfe, 0x12, 0x02, 0x13, 0xfd, 0x11, 0x05, 0x11, 0xfa, 0x0f, 0x05, 0x0f,
  0xfc, 0x0d, 0x03, 0x0d, 0xfe, 0x0b, 0x02, 0x0b, 0xfd, 0x09, 0x03, 0x09,
  0xfd, 0x07, 0x02, 0x07, 0x00, 0x06, 0xfe, 0x04, 0x03, 0x03, 0xfd, 0x01,
  0x03, 0x01, 0xfd, 0xff, 0x03, 0xfe, 0xfd, 0xfc, 0x02, 0xfb, 0x00, 0xfa,
  0xff, 0xf8, 0x01, 0xf8, 0xff, 0xf5, 0x01, 0xf5, 0xff, 0xf3, 0x01, 0xf3,
  0xff, 0xf0, 0x01, 0xf0, 0x00, 0xef, 0xff, 0xed, 0x01, 0xed, 0xff, 0xea,
  0x01, 0xea, 0x00, 0xe9, 0xff, 0xe7, 0x01, 0xe7, 0x00, 0xe7, 0xff, 0xe5,
  0x01, 0xe5, 0xff, 0xe3, 0x00, 0xe3, 0x02, 0xe2, 0xfd, 0xe1, 0x02, 0xe1,
  0xff, 0xdf, 0x00, 0xe0, 0x01, 0xe0, 0xff, 0xde, 0xff, 0xde, 0x02, 0xde,
  0xfe, 0xdd, 0x02, 0xde, 0xfe, 0xdc, 0x02, 0xdd, 0xfd, 0xdc, 0x04, 0xdd,
  0xfc, 0xdc, 0x03, 0xdd, 0xfe, 0xdc, 0x01, 0xdd, 0x00, 0xdd, 0x00, 0xdd,
  0x00, 0xdd, 0xff, 0xdc, 0x01, 0xdd, 0x00, 0xdd, 0x00, 0xdd, 0x00, 0xdd,
  0xff, 0xdc, 0x01, 0xde, 0xff, 0xdd, 0x02, 0xde, 0xfe, 0xdd, 0x02, 0xde,
  0xfe, 0xde, 0x02, 0xdf, 0xfe, 0xde, 0x02, 0xe0, 0xfe, 0xdf, 0x02, 0xe0,
  0xff, 0xdf, 0x01, 0xe1, 0xff, 0xe0, 0x00, 0xe1, 0x00, 0xe1, 0x01, 0xe2,
  0xff, 0xe1, 0x01, 0xe2, 0xfe, 0xe1, 0x03, 0xe2, 0xfc, 0xe2, 0x05, 0xe3,
  0xfb, 0xe2, 0x04, 0xe4, 0xfd, 0xe3, 0x01, 0xe4, 0x02, 0xe4, 0xfc, 0xe3,
  0x05, 0xe4, 0xfb, 0xe4, 0x04, 0xe5, 0xfe, 0xe4, 0x00, 0xe5, 0x01, 0xe6,
  0xff, 0xe5, 0x01, 0xe6, 0x00, 0xe7, 0xff, 0xe6, 0x01, 0xe8, 0x00, 0xe8,
  0xff, 0xe7, 0x01, 0xe9, 0x00, 0xe9, 0xff, 0xe9, 0x02, 0xea, 0xfe, 0xea,
  0x02, 0xeb, 0xfe, 0xeb, 0x02, 0xed, 0xfe, 0xed, 0x02, 0xee, 0xff, 0xee,
  0x00, 0xf0, 0x01, 0xf1, 0xff, 0xf1, 0x00, 0xf3, 0x00, 0xf4, 0x00, 0xf5,
  0x01, 0xf6, 0xff, 0xf6, 0x00, 0xf8, 0x00, 0xf9, 0x00, 0xfa, 0x00, 0xfb,
  0x01, 0xfc, 0xff, 0xfc, 0x00, 0xff, 0x01, 0x00, 0xfe, 0x00, 0x03, 0x02,
  0xfe, 0x03, 0x00, 0x05, 0x01, 0x07, 0xff, 0x07, 0x01, 0x09, 0x00, 0x0b,
  0xff, 0x0b, 0x01, 0x0d, 0xff, 0x0d, 0x02, 0x0f, 0xfd, 0x0f, 0x03, 0x11,
  0xfd, 0x11, 0x03, 0x13, 0xfd, 0x14, 0x03, 0x16, 0xfc, 0x16, 0x04, 0x17,
  0xfd, 0x17, 0x02, 0x19, 0xff, 0x19, 0x00, 0x1b, 0x00, 0x1c, 0x00, 0x1c,
  0x01, 0x1d, 0xff, 0x1c, 0x00, 0x1e, 0x01, 0x1f, 0xfe, 0x1e, 0x02, 0x1f,
  0xff, 0x1f, 0x00, 0x20, 0x01, 0x21, 0xfe, 0x20, 0x02, 0x21, 0xff, 0x20,
  0x00, 0x22, 0x01, 0x22, 0xfe, 0x21, 0x02, 0x22, 0xff, 0x21, 0x00, 0x22,
  0x01, 0x22, 0xff, 0x21, 0x00, 0x23, 0x02, 0x23, 0xfc, 0x22, 0x05, 0x23,
  0xfb, 0x22, 0x05, 0x23, 0xfc, 0x21, 0x02, 0x22, 0x00, 0x22, 0xfe, 0x21,
  0x04, 0x22, 0xfb, 0x21, 0x03, 0x22, 0x00, 0x21, 0xff, 0x20, 0x01, 0x21,
  0xff, 0x20, 0xff, 0x20, 0x04, 0x20, 0xfc, 0x1f, 0x03, 0x20, 0xfd, 0x1f,
  0x02, 0x1f, 0xff, 0x1e, 0x01, 0x1f, 0xff, 0x1d, 0x01, 0x1e, 0xfe, 0x1d,
  0x03, 0x1e, 0xfc, 0x1d, 0x04, 0x1d, 0xfe, 0x1c, 0xff, 0x1c, 0x03, 0x1c,
  0xfd, 0x1b, 0x03, 0x1c, 0xfe, 0x1a, 0x00, 0x1b, 0x00, 0x1b, 0x01, 0x1b,
  0xff, 0x1a, 0x02, 0x1a, 0xfc, 0x19, 0x03, 0x1a, 0xfe, 0x19, 0x02, 0x19,
  0xff, 0x18, 0x00, 0x19, 0xff, 0x17, 0x02, 0x18, 0xfe, 0x16, 0x02, 0x17,
  0xff, 0x16, 0x00, 0x16, 0x01, 0x16, 0xff, 0x14, 0x00, 0x15, 0x01, 0x14,
  0xff, 0x12, 0x01, 0x13, 0xff, 0x11, 0x00, 0x11, 0x01, 0x10, 0xfe, 0x0e,
  0x03, 0x0f, 0xfd, 0x0d, 0x02, 0x0d, 0xff, 0x0b, 0x00, 0x0b, 0x02, 0x0a,
  0xfe, 0x08, 0x00, 0x08, 0x01, 0x06, 0xfe, 0x04, 0x04, 0x04, 0xfc, 0x02,
  0x02, 0x02, 0xff, 0xff, 0x00, 0xff, 0x01, 0xfe, 0xfe, 0xfc, 0x02, 0xfb,
  0xfe, 0xf9, 0x02, 0xf9, 0xfe, 0xf6, 0x02, 0xf6, 0xff, 0xf3, 0x00, 0xf3,
  0x00, 0xf2, 0x00, 0xf1, 0x01, 0xf0, 0xff, 0xee, 0x01, 0xee, 0xfe, 0xec,
  0x03, 0xec, 0xfc, 0xe9, 0x05, 0xe9, 0xfb, 0xe8, 0x04, 0xe8, 0xfd, 0xe6,
  0x02, 0xe5, 0xff, 0xe4, 0x00, 0xe4, 0x01, 0xe3, 0xff, 0xe1, 0x00, 0xe2,
  0x01, 0xe1, 0xfe, 0xe0, 0x03, 0xe0, 0xfd, 0xdf, 0x02, 0xdf, 0xff, 0xde,
  0x00, 0xde, 0x00, 0xde, 0x01, 0xde, 0xff, 0xdd, 0x01, 0xdd, 0xfe, 0xdc,
  0x02, 0xdd, 0xff, 0xdc, 0x01, 0xdd, 0xff, 0xdb, 0x00, 0xdc, 0x01, 0xdc,
  0xff, 0xdb, 0x00, 0xdd, 0x01, 0xdd, 0xfe, 0xdc, 0x02, 0xdd, 0xff, 0xdc,
  0x00, 0xdd, 0x00, 0xdd, 0x00, 0xdd, 0x00, 0xdd, 0x00, 0xdd, 0x01, 0xde,
  0xfe, 0xdd, 0x02, 0xde, 0xfe, 0xdd, 0x02, 0xdf, 0xfe, 0xde, 0x03, 0xdf,
  0xfc, 0xde, 0x04, 0xe0, 0xfc, 0xdf, 0x04, 0xe0, 0xfd, 0xe0, 0x02, 0xe1,
  0xfe, 0xe0, 0x02, 0xe2, 0xff, 0xe1, 0x00, 0xe2, 0x00, 0xe3, 0x00, 0xe3,
  0x00, 0xe3, 0x00, 0xe3, 0x00, 0xe4, 0x00, 0xe4, 0x00, 0xe4, 0x00, 0xe5,
  0xff, 0xe4, 0x02, 0xe5, 0xfe, 0xe5, 0x02, 0xe6, 0xff, 0xe5, 0xff, 0xe5,
  0x01, 0xe6, 0x00, 0xe7, 0xff, 0xe6, 0x03, 0xe8, 0xfc, 0xe7, 0x03, 0xe8,
  0xfe, 0xe8, 0x02, 0xe9, 0xfd, 0xe9, 0x04, 0xea, 0xfc, 0xea, 0x03, 0xec,
  0xff, 0xeb, 0xff, 0xec, 0x01, 0xee, 0x00, 0xee, 0xff, 0xee, 0x02, 0xf0,
  0xfd, 0xf0, 0x03, 0xf2, 0xfe, 0xf2, 0x01, 0xf4, 0xff, 0xf4, 0x01, 0xf6,
  0xff, 0xf6, 0x01, 0xf8, 0x00, 0xf9, 0xfe, 0xf9, 0x03, 0xfb, 0xfd, 0xfc,
  0x02, 0xfe, 0xff, 0xfe, 0x01, 0x00, 0xfe, 0x01, 0x02, 0x03, 0xff, 0x03,
  0xff, 0x05, 0x03, 0x07, 0xfd, 0x07, 0x01, 0x09, 0x00, 0x0a, 0x00, 0x0c,
  0x01, 0x0d, 0xfe, 0x0d, 0x02, 0x0f, 0xfe, 0x10, 0x02, 0x12, 0xff, 0x12,
  0x00, 0x14, 0x00, 0x15, 0x01, 0x16, 0xfd, 0x16, 0x05, 0x17, 0xfa, 0x17,
  0x06, 0x19, 0xfc, 0x19, 0x01, 0x1b, 0x01, 0x1b, 0xfe, 0x1b, 0x02, 0x1d,
  0xff, 0x1c, 0x01, 0x1e, 0xfe, 0x1d, 0x03, 0x1f, 0xfd, 0x1e, 0x02, 0x1f,
  0xff, 0x1f, 0x00, 0x20, 0x02, 0x20, 0xfd, 0x1f, 0x03, 0x21, 0xfd, 0x20,
  0x02, 0x21, 0x00, 0x21, 0xfe, 0x20, 0x03, 0x21, 0xfe, 0x20, 0x00, 0x21,
  0x02, 0x21, 0xfd, 0x20, 0x03, 0x21, 0xfe, 0x20, 0x01, 0x21, 0x00, 0x21,
  0x00, 0x21, 0x00, 0x21, 0x00, 0x21, 0x00, 0x21, 0x00, 0x20, 0x00, 0x20,
  0x00, 0x20, 0x00, 0x20, 0x00, 0x20, 0x00, 0x20, 0x00, 0x1f, 0x00, 0x1f,
  0x00, 0x1f, 0x00, 0x1f, 0x00, 0x1e, 0x00, 0x1e, 0x00, 0x1e, 0x00, 0x1e,
  0x00, 0x1d, 0x00, 0x1d, 0x00, 0x1d, 0x01, 0x1d, 0xfe, 0x1c, 0x01, 0x1c,
  0x00, 0x1c, 0xff, 0x1b, 0x03, 0x1b, 0xfc, 0x1a, 0x03, 0x1b, 0xfe, 0x19,
  0x01, 0x1a, 0x00, 0x1a, 0xff, 0x18, 0x02, 0x19, 0xfe, 0x18, 0x01, 0x18,
  0x00, 0x18, 0xff, 0x16, 0x02, 0x17, 0xfe, 0x15, 0x01, 0x16, 0xff, 0x14,
  0x01, 0x14, 0xff, 0x13, 0x02, 0x13, 0xfd, 0x11, 0x02, 0x12, 0x00, 0x11,
  0xfe, 0x0f, 0x03, 0x0f, 0xfd, 0x0d, 0x02, 0x0d, 0x00, 0x0c, 0xfe, 0x0a,
  0x03, 0x0a, 0xfc, 0x08, 0x05, 0x08, 0xfc, 0x06, 0x02, 0x06, 0x00, 0x05,
  0xff, 0x02, 0x01, 0x02, 0x00, 0x01, 0xff, 0xff, 0x01, 0xfe, 0x00, 0xfd,
  0xff, 0xfa, 0x01, 0xfa, 0xff, 0xf8, 0x01, 0xf7, 0xff, 0xf5, 0x01, 0xf5,
  0xfe, 0xf3, 0x03, 0xf3, 0xfc, 0xf0, 0x05, 0xf0, 0xfc, 0xee, 0x02, 0xee,
  0xff, 0xec, 0x00, 0xeb, 0x01, 0xea, 0xff, 0xe8, 0x01, 0xe8, 0xff, 0xe7,
  0x01, 0xe7, 0x00, 0xe6, 0xfe, 0xe4, 0x03, 0xe4, 0xfd, 0xe3, 0x03, 0xe3,
  0xfe, 0xe1, 0x01, 0xe2, 0xff, 0xe0, 0x01, 0xe1, 0xff, 0xdf, 0x01, 0xe0,
  0xff, 0xde, 0x01, 0xdf, 0xff, 0xde, 0x01, 0xde, 0xff, 0xdd, 0x00, 0xde,
  0x02, 0xdd, 0xfd, 0xdc, 0x03, 0xdd, 0xfe, 0xdc, 0x00, 0xdd, 0x01, 0xdd,
  0xff, 0xdc, 0x01, 0xdd, 0x00, 0xdd, 0x00, 0xdd, 0xff, 0xdc, 0x01, 0xdd,
  0xff, 0xdc, 0x02, 0xdd, 0xfe, 0xdc, 0x02, 0xdd, 0xfe, 0xdc, 0x01, 0xdd,
  0x01, 0xde, 0xfd, 0xdd, 0x03, 0xde, 0xfe, 0xdd, 0x01, 0xde, 0x01, 0xde,
  0xfd, 0xde, 0x03, 0xdf, 0xfe, 0xde, 0x02, 0xdf, 0xfe, 0xdf, 0x01, 0xe0,
  0x00, 0xe0, 0x00, 0xe1, 0x00, 0xe1, 0x00, 0xe1, 0xff, 0xe0, 0x02, 0xe1,
  0xfe, 0xe1, 0x01, 0xe2, 0x01, 0xe2, 0xfe, 0xe2, 0x02, 0xe3, 0xfe, 0xe2,
  0x01, 0xe3, 0x01, 0xe4, 0xff, 0xe3, 0x00, 0xe4, 0x01, 0xe4, 0xfe, 0xe4,
  0x03, 0xe5, 0xfd, 0xe4, 0x02, 0xe5, 0xfe, 0xe5, 0x02, 0xe6, 0xff, 0xe5,
  0x00, 0xe7, 0x00, 0xe7, 0x00, 0xe7, 0x00, 0xe8, 0x00, 0xe8, 0xff, 0xe8,
  0x02, 0xe9, 0xfe, 0xe8, 0x02, 0xea, 0xfe, 0xea, 0x02, 0xeb, 0xfe, 0xeb,
  0x03, 0xed, 0xfc, 0xec, 0x04, 0xee, 0xfd, 0xee, 0x02, 0xf0, 0xff, 0xef,
  0x00, 0xf1, 0x00, 0xf2, 0x01, 0xf3, 0xfe, 0xf3, 0x03, 0xf5, 0xfc, 0xf5,
  0x04, 0xf7, 0xfd, 0xf7, 0x02, 0xf9, 0xff, 0xf9, 0x01, 0xfc, 0xff, 0xfc,
  0x01, 0xfe, 0xfe, 0xfe, 0x03, 0x00, 0xfd, 0x01, 0x04, 0x03, 0xfb, 0x03,
  0x05, 0x06, 0xfc, 0x06, 0x02, 0x08, 0x00, 0x0a, 0xfe, 0x0a, 0x03, 0x0c,
  0xfe, 0x0c, 0x00, 0x0e, 0x01, 0x0f, 0xff, 0x0f, 0x00, 0x12, 0x01, 0x13,
  0xfe, 0x13, 0x03, 0x15, 0xfc, 0x15, 0x05, 0x17, 0xfb, 0x17, 0x03, 0x19,
  0xff, 0x18, 0x00, 0x1a, 0x00, 0x1b, 0x00, 0x1b, 0x00, 0x1c, 0x00, 0x1d,
  0x01, 0x1d, 0xfe, 0x1d, 0x02, 0x1e, 0xfe, 0x1e, 0x02, 0x1f, 0xff, 0x1f,
  0x00, 0x20, 0x00, 0x20, 0x01, 0x21, 0xfe, 0x20, 0x02, 0x21, 0xff, 0x20,
  0xff, 0x21, 0x02, 0x22, 0xfe, 0x21, 0x01, 0x22, 0x00, 0x22, 0x00, 0x22,
  0x00, 0x22, 0xff, 0x21, 0x01, 0x22, 0xff, 0x21, 0x02, 0x22, 0xfe, 0x21,
  0x01, 0x22, 0xff, 0x21, 0x01, 0x22, 0x00, 0x21, 0x00, 0x21, 0x00, 0x21,
  0xff, 0x20, 0x01, 0x21, 0x00, 0x20, 0x00, 0x20, 0x00, 0x20, 0x00, 0x20,
  0x00, 0x20, 0x00, 0x1f, 0x00, 0x1f, 0xff, 0x1e, 0x02, 0x1e, 0xfd, 0x1d,
  0x04, 0x1e, 0xfc, 0x1d, 0x03, 0x1d, 0xff, 0x1c, 0xfe, 0x1c, 0x04, 0x1d,
  0xfb, 0x1b, 0x05, 0x1c, 0xfc, 0x1b, 0x03, 0x1b, 0xfe, 0x1a, 0x01, 0x1b,
  0xff, 0x1a, 0x01, 0x1a, 0xff, 0x19, 0x01, 0x1a, 0x00, 0x19, 0xff, 0x18,
  0x01, 0x19, 0xff, 0x17, 0x01, 0x18, 0xff, 0x16, 0x02, 0x17, 0xfc, 0x15,
  0x04, 0x16, 0xfd, 0x14, 0x02, 0x15, 0x00, 0x14, 0xfe, 0x12, 0x03, 0x13,
  0xfd, 0x11, 0x02, 0x11, 0x00, 0x11, 0xff, 0x0f, 0x02, 0x0f, 0xfd, 0x0d,
  0x03, 0x0d, 0xfd, 0x0b, 0x04, 0x0b, 0xfc, 0x09, 0x03, 0x08, 0xfe, 0x06,
  0x01, 0x06, 0x01, 0x05, 0xfe, 0x03, 0x01, 0x02, 0x01, 0x01, 0xfe, 0xff,
  0x02, 0xff, 0xff, 0xfc, 0x00, 0xfc, 0x01, 0xfa, 0xfe, 0xf8, 0x01, 0xf8,
  0x01, 0xf7, 0xfe, 0xf4, 0x03, 0xf4, 0xfc, 0xf2, 0x03, 0xf1, 0xfe, 0xef,
  0x02, 0xef, 0xfe, 0xed, 0x02, 0xec, 0xfe, 0xea, 0x02, 0xea, 0xfe, 0xe8,
  0x02, 0xe8, 0xfe, 0xe7, 0x03, 0xe7, 0xfd, 0xe5, 0x02, 0xe5, 0xff, 0xe3,
  0xff, 0xe2, 0x03, 0xe3, 0xfc, 0xe1, 0x05, 0xe1, 0xfb, 0xe0, 0x03, 0xe0,
  0xff, 0xdf, 0xff, 0xde, 0x03, 0xdf, 0xfd, 0xde, 0x01, 0xde, 0x01, 0xde,
  0xfe, 0xdd, 0x03, 0xde, 0xfc, 0xdc, 0x04, 0xdd, 0xfd, 0xdc, 0x02, 0xdd,
  0xfe, 0xdc, 0x01, 0xdd, 0x00, 0xdd, 0x01, 0xdd, 0xfe, 0xdc, 0x02, 0xdd,
  0xfd, 0xdc, 0x03, 0xdd, 0xff, 0xdc, 0xff, 0xdc, 0x01, 0xdd, 0xff, 0xdd,
  0x01, 0xde, 0x00, 0xde, 0xff, 0xdd, 0x00, 0xde, 0x00, 0xdf, 0x01, 0xdf,
  0xff, 0xde, 0x01, 0xdf, 0xfe, 0xde, 0x02, 0xe0, 0xff, 0xdf, 0x01, 0xe0,
  0xfe, 0xdf, 0x02, 0xe1, 0xfe, 0xe0, 0x03, 0xe1, 0xfc, 0xe1, 0x03, 0xe2,
  0xfe, 0xe1, 0x01, 0xe2, 0x01, 0xe2, 0xfd, 0xe2, 0x03, 0xe3, 0xfe, 0xe2,
  0x01, 0xe4, 0x00, 0xe4, 0x00, 0xe4, 0x00, 0xe4, 0x00, 0xe4, 0x00, 0xe5,
  0x00, 0xe5, 0x00, 0xe5, 0x00, 0xe6, 0x00, 0xe6, 0x01, 0xe6, 0xff, 0xe5,
  0x00, 0xe7, 0x00, 0xe7, 0x00, 0xe8, 0x01, 0xe8, 0xff, 0xe7, 0x01, 0xe9,
  0xfe, 0xe8, 0x03, 0xea, 0xfc, 0xe9, 0x04, 0xeb, 0xfd, 0xea, 0x02, 0xec,
  0x00, 0xed, 0xfe, 0xec, 0x03, 0xee, 0xfc, 0xee, 0x04, 0xf0, 0xfe, 0xef,
  0x01, 0xf1, 0xff, 0xf1, 0x00, 0xf3, 0x01, 0xf4, 0xff, 0xf4, 0x01, 0xf6,
  0xff, 0xf6, 0x00, 0xf8, 0x01, 0xfa, 0xff, 0xfa, 0x00, 0xfc, 0x01, 0xfd,
  0xfe, 0xfd, 0x02, 0x00, 0xff, 0x00, 0x01, 0x02, 0xff, 0x02, 0x00, 0x05,
  0x00, 0x06, 0x01, 0x07, 0xff, 0x08, 0x01, 0x0a, 0x00, 0x0b, 0xfe, 0x0b,
  0x04, 0x0e, 0xfa, 0x0e, 0x06, 0x10, 0xfc, 0x10, 0x03, 0x12, 0xfe, 0x12,
  0x01, 0x14, 0xff, 0x14, 0x02, 0x16, 0xfe, 0x16, 0x02, 0x18, 0xfe, 0x18,
  0x01, 0x1a, 0x00, 0x1a, 0xff, 0x1a, 0x02, 0x1c, 0xfd, 0x1b, 0x03, 0x1d,
  0xfd, 0x1d, 0x02, 0x1e, 0x00, 0x1f, 0xfe, 0x1e, 0x03, 0x20, 0xfd, 0x1f,
  0x02, 0x20, 0x00, 0x20, 0xff, 0x20, 0x01, 0x21, 0xff, 0x20, 0x01, 0x21,
  0xff, 0x21, 0x01, 0x22, 0xff, 0x21, 0x00, 0x22, 0x01, 0x22, 0xff, 0x21,
  0x01, 0x22, 0xfe, 0x21, 0x02, 0x22, 0xff, 0x21, 0x00, 0x22, 0x02, 0x22,
  0xfd, 0x21, 0x02, 0x22, 0x00, 0x22, 0xfe, 0x21, 0x03, 0x22, 0xfe, 0x21,
  0x01, 0x21, 0x00, 0x21, 0xff, 0x20, 0x01, 0x21, 0xff, 0x1f, 0x01, 0x20,
  0xff, 0x1f, 0x02, 0x20, 0xfd, 0x1f, 0x03, 0x1f, 0xfd, 0x1e, 0x02, 0x1f,
  0x00, 0x1f, 0xff, 0x1d, 0x01, 0x1e, 0xfe, 0x1d, 0x03, 0x1d, 0xfe, 0x1c,
  0x01, 0x1d, 0x00, 0x1d, 0xfe, 0x1b, 0x03, 0x1c, 0xfe, 0x1b, 0x01, 0x1c,
  0xff, 0x1a, 0x01, 0x1b, 0xff, 0x1a, 0x01, 0x1b, 0x00, 0x1a, 0xfe, 0x19,
  0x03, 0x1a, 0xfe, 0x19, 0x00, 0x19, 0x02, 0x19, 0xfd, 0x18, 0x03, 0x19,
  0xfe, 0x17, 0x00, 0x18, 0x01, 0x17, 0xff, 0x16, 0x02, 0x16, 0xfd, 0x15,
  0x03, 0x15, 0xfd, 0x14, 0x03, 0x14, 0xfe, 0x13, 0x01, 0x13, 0x00, 0x12,
  0xff, 0x11, 0x02, 0x11, 0xfd, 0x0f, 0x03, 0x0f, 0xfd, 0x0d, 0x02, 0x0d,
  0xff, 0x0b, 0x01, 0x0b, 0xfe, 0x09, 0x02, 0x09, 0xfe, 0x07, 0x02, 0x07,
  0xfe, 0x05, 0x01, 0x05, 0x00, 0x04, 0x01, 0x02, 0xfe, 0x00, 0x02, 0x00,
  0xfd, 0xfe, 0x04, 0xfe, 0xfe, 0xfc, 0x00, 0xfb, 0x00, 0xfa, 0x00, 0xf8,
  0x00, 0xf7, 0x01, 0xf6, 0xff, 0xf3, 0xff, 0xf2, 0x02, 0xf2, 0xfe, 0xf0,
  0x02, 0xf0, 0xfe, 0xee, 0x02, 0xee, 0xfe, 0xec, 0x01, 0xec, 0x00, 0xeb,
  0xff, 0xe9, 0x02, 0xe8, 0xfe, 0xe6, 0x02, 0xe7, 0xfe, 0xe5, 0x01, 0xe5,
  0x00, 0xe4, 0xff, 0xe2, 0x03, 0xe2, 0xfc, 0xe1, 0x03, 0xe1, 0xfe, 0xe0,
  0x01, 0xe0, 0x00, 0xe0, 0x00, 0xdf, 0x00, 0xdf, 0xff, 0xdd, 0x02, 0xde,
  0xfd, 0xdd, 0x04, 0xde, 0xfc, 0xdc, 0x03, 0xdd, 0xff, 0xdc, 0xff, 0xdc,
  0x02, 0xdd, 0xfe, 0xdc, 0x01, 0xdd, 0x01, 0xdd, 0xfe, 0xdc, 0x02, 0xdd,
  0xfe, 0xdc, 0x02, 0xdd, 0xfe, 0xdc, 0x02, 0xdd, 0xfe, 0xdc, 0x02, 0xdd,
  0xfe, 0xdd, 0x02, 0xde, 0xfe, 0xdd, 0x01, 0xde, 0x01, 0xde, 0xfe, 0xde,
  0x01, 0xdf, 0x00, 0xdf, 0xff, 0xde, 0x02, 0xe0, 0xfe, 0xdf, 0x01, 0xe0,
  0x00, 0xe1, 0x00, 0xe1, 0x00, 0xe1, 0xff, 0xe0, 0x01, 0xe2, 0x00, 0xe2,
  0xff, 0xe1, 0x03, 0xe3, 0xfb, 0xe2, 0x06, 0xe3, 0xfa, 0xe2, 0x05, 0xe4,
  0xfc, 0xe3, 0x02, 0xe4, 0x00, 0xe5, 0xff, 0xe4, 0x02, 0xe5, 0xfd, 0xe5,
  0x02, 0xe6, 0xff, 0xe6, 0x01, 0xe7, 0xff, 0xe6, 0x02, 0xe8, 0xfd, 0xe7,
  0x02, 0xe9, 0x00, 0xe9, 0xff, 0xe8, 0x02, 0xea, 0xfe, 0xe9, 0x00, 0xeb,
  0x02, 0xec, 0xfd, 0xeb, 0x04, 0xed, 0xfc, 0xed, 0x02, 0xef, 0x00, 0xef,
  0xff, 0xef, 0x02, 0xf1, 0xfe, 0xf1, 0x01, 0xf3, 0xff, 0xf3, 0x01, 0xf5,
  0x00, 0xf5, 0x00, 0xf7, 0xff, 0xf7, 0x02, 0xf9, 0xfd, 0xf9, 0x04, 0xfb,
  0xfc, 0xfc, 0x03, 0xfe, 0xff, 0xfe, 0xff, 0xff, 0x03, 0x01, 0xfc, 0x02,
  0x03, 0x04, 0xfe, 0x04, 0x01, 0x06, 0x00, 0x07, 0x00, 0x09, 0x00, 0x0a,
  0x00, 0x0b, 0xff, 0x0b, 0x02, 0x0d, 0xfe, 0x0e, 0x01, 0x10, 0x01, 0x11,
  0xfe, 0x11, 0x02, 0x13, 0xfe, 0x13, 0x01, 0x15, 0x00, 0x16, 0x00, 0x17,
  0x00, 0x18, 0x00, 0x19, 0x00, 0x19, 0x00, 0x1a, 0x00, 0x1b, 0xff, 0x1a,
  0x03, 0x1c, 0xfc, 0x1b, 0x04, 0x1d, 0xfc, 0x1d, 0x03, 0x1e, 0xff, 0x1e,
  0x00, 0x1f, 0x00, 0x1f, 0x00, 0x20, 0x00, 0x20, 0x00, 0x20, 0xff, 0x1f,
  0x02, 0x21, 0xfe, 0x20, 0x01, 0x21, 0x00, 0x21, 0xff, 0x20, 0x01, 0x21,
  0xff, 0x20, 0x01, 0x21, 0x00, 0x21, 0xff, 0x20, 0x01, 0x21, 0xfe, 0x20,
  0x03, 0x21, 0xfd, 0x20, 0x03, 0x21, 0xfd, 0x20, 0x02, 0x21, 0xff, 0x1f,
  0x00, 0x20, 0x01, 0x20, 0xff, 0x1f, 0x01, 0x20, 0xff, 0x1e, 0x00, 0x1f,
  0x01, 0x1f, 0xff, 0x1e, 0x01, 0x1f, 0xff, 0x1d, 0x00, 0x1e, 0x00, 0x1e,
  0x01, 0x1e, 0xff, 0x1c, 0x01, 0x1d, 0xff, 0x1c, 0x00, 0x1d, 0x00, 0x1c,
  0x01, 0x1c, 0xff, 0x1b, 0x01, 0x1c, 0xfe, 0x1a, 0x02, 0x1b, 0xff, 0x1a,
  0x01, 0x1b, 0xff, 0x19, 0x01, 0x1a, 0xfe, 0x19, 0x02, 0x19, 0xff, 0x18,
  0x00, 0x18, 0x01, 0x18, 0xff, 0x16, 0x00, 0x17, 0x00, 0x16, 0x00, 0x16,
  0x00, 0x15, 0x00, 0x15, 0x00, 0x14, 0x00, 0x13, 0x01, 0x12, 0xfe, 0x10,
  0x02, 0x10, 0xfe, 0x0f, 0x01, 0x0f, 0x01, 0x0e, 0xfe, 0x0c, 0x02, 0x0c,
  0xff, 0x0a, 0x00, 0x0a, 0x00, 0x09, 0x00, 0x08, 0x00, 0x07, 0x00, 0x05,
  0x00, 0x04, 0xff, 0x02, 0x02, 0x01, 0xfe, 0xff, 0x01, 0xff, 0xff, 0xfd,
  0x01, 0xfc, 0xff, 0xfa, 0x02, 0xfa, 0xfd, 0xf7, 0x02, 0xf7, 0xff, 0xf5,
  0x01, 0xf4, 0xff, 0xf2, 0x01, 0xf2, 0xfe, 0xf0, 0x03, 0xf0, 0xfd, 0xee,
  0x02, 0xee, 0xff, 0xec, 0x00, 0xec, 0x01, 0xea, 0xff, 0xe8, 0x00, 0xe8,
  0x00, 0xe8, 0x00, 0xe7, 0x01, 0xe6, 0xff, 0xe4, 0x00, 0xe4, 0x01, 0xe3,
  0xfe, 0xe2, 0x03, 0xe2, 0xfd, 0xe0, 0x03, 0xe1, 0xfe, 0xdf, 0x01, 0xe0,
  0xff, 0xde, 0x01, 0xdf, 0xff, 0xdd, 0x01, 0xde, 0x00, 0xde, 0xfe, 0xdd,
  0x03, 0xde, 0xfc, 0xdc, 0x04, 0xdd, 0xfd, 0xdc, 0x02, 0xdd, 0xfe, 0xdb,
  0x02, 0xdc, 0xfe, 0xdb, 0x02, 0xdc, 0xff, 0xdb, 0xff, 0xdb, 0x02, 0xdd,
  0xfe, 0xdc, 0x02, 0xdd, 0xff, 0xdc, 0x00, 0xdd, 0x00, 0xdd, 0x00, 0xdd,
  0x00, 0xdd, 0x01, 0xdd, 0xff, 0xdc, 0x00, 0xde, 0x00, 0xde, 0x01, 0xde,
  0xff, 0xdd, 0x01, 0xdf, 0xff, 0xde, 0x00, 0xdf, 0x02, 0xdf, 0xfd, 0xde,
  0x03, 0xe0, 0xfd, 0xdf, 0x03, 0xe0, 0xfe, 0xe0, 0x01, 0xe1, 0x00, 0xe1,
  0xfe, 0xe0, 0x04, 0xe2, 0xfc, 0xe1, 0x02, 0xe2, 0x00, 0xe2, 0xff, 0xe2,
  0x01, 0xe3, 0xff, 0xe2, 0x01, 0xe3, 0xff, 0xe3, 0x01, 0xe4, 0x00, 0xe4,
  0xfe, 0xe3, 0x04, 0xe5, 0xfb, 0xe4, 0x04, 0xe5, 0xfe, 0xe4, 0x01, 0xe6,
  0x00, 0xe6, 0xff, 0xe5, 0x00, 0xe6, 0x02, 0xe7, 0xfd, 0xe6, 0x03, 0xe8,
  0xfe, 0xe7, 0x01, 0xe8, 0xff, 0xe8, 0x02, 0xe9, 0xfd, 0xe9, 0x03, 0xea,
  0xfe, 0xea, 0x00, 0xeb, 0x02, 0xec, 0xfd, 0xec, 0x03, 0xed, 0xfd, 0xed,
  0x03, 0xef, 0xfe, 0xef, 0x01, 0xf1, 0x00, 0xf2, 0xff, 0xf2, 0x01, 0xf4,
  0x01, 0xf5, 0xfe, 0xf5, 0x01, 0xf7, 0x00, 0xf8, 0xff, 0xf8, 0x02, 0xfa,
  0xfe, 0xfa, 0x02, 0xfc, 0xfe, 0xfc, 0x01, 0xff, 0xff, 0xff, 0x01, 0x01,
  0xff, 0x01, 0x02, 0x04, 0xfe, 0x04, 0x01, 0x07, 0xff, 0x07, 0x00, 0x09,
  0x01, 0x0a, 0x00, 0x0c, 0xff, 0x0c, 0x01, 0x0e, 0xff, 0x0e, 0x01, 0x10,
  0xff, 0x10, 0x01, 0x12, 0xff, 0x12, 0x02, 0x14, 0xfd, 0x14, 0x02, 0x16,
  0x00, 0x17, 0xff, 0x17, 0x01, 0x19, 0xff, 0x19, 0x00, 0x1b, 0x01, 0x1b,
  0x00, 0x1c, 0xfe, 0x1c, 0x03, 0x1d, 0xfd, 0x1d, 0x02, 0x1e, 0x00, 0x1f,
  0xff, 0x1e, 0x01, 0x20, 0xff, 0x1f, 0x01, 0x21, 0xff, 0x20, 0x02, 0x21,
  0xfd, 0x20, 0x03, 0x21, 0xfe, 0x21, 0x01, 0x22, 0x00, 0x22, 0xff, 0x21,
  0x02, 0x22, 0xfe, 0x21, 0x02, 0x22, 0xff, 0x21, 0xff, 0x21, 0x02, 0x22,
  0xfe, 0x21, 0x02, 0x22, 0xff, 0x21, 0xff, 0x21, 0x02, 0x22, 0xfe, 0x21,
  0x02, 0x22, 0xfe, 0x21, 0x02, 0x22, 0xfe, 0x21, 0x02, 0x21, 0xff, 0x20,
  0x00, 0x21, 0x01, 0x21, 0xff, 0x1f, 0x00, 0x20, 0x01, 0x20, 0xfe, 0x1f,
  0x03, 0x1f, 0xfd, 0x1e, 0x03, 0x1f, 0xfd, 0x1d, 0x02, 0x1e, 0xfe, 0x1d,
  0x03, 0x1e, 0xfe, 0x1c, 0x01, 0x1d, 0xff, 0x1c, 0x00, 0x1d, 0x01, 0x1c,
  0xff, 0x1b, 0x01, 0x1c, 0xff, 0x1b, 0x00, 0x1b, 0x01, 0x1b, 0xff, 0x1a,
  0x00, 0x1b, 0x01, 0x1a, 0xfe, 0x19, 0x03, 0x1a, 0xfe, 0x19, 0x00, 0x19,
  0x01, 0x19, 0xff, 0x18, 0x01, 0x19, 0x00, 0x18, 0xff, 0x17, 0x01, 0x18,
  0xff, 0x16, 0x01, 0x17, 0xff, 0x15, 0x01, 0x16, 0xff, 0x14, 0x01, 0x15,
  0xff, 0x13, 0x01, 0x14, 0xff, 0x12, 0x01, 0x12, 0xff, 0x10, 0x00, 0x11,
  0x01, 0x10, 0xff, 0x0e, 0x00, 0x0e, 0x01, 0x0d, 0xff, 0x0b, 0x01, 0x0b,
  0xff, 0x09, 0x00, 0x09, 0x00, 0x08, 0x01, 0x07, 0x00, 0x05, 0xff, 0x03,
  0x01, 0x03, 0xff, 0x01, 0x00, 0x00, 0x01, 0xff, 0xff, 0xfd, 0x01, 0xfc,
  0xff, 0xfa, 0x01, 0xf9, 0xfe, 0xf7, 0x03, 0xf6, 0xfd, 0xf4, 0x03, 0xf3,
  0xfe, 0xf1, 0x00, 0xf1, 0x02, 0xf0, 0xfd, 0xee, 0x03, 0xee, 0xfe, 0xeb,
  0x01, 0xeb, 0x00, 0xea, 0xff, 0xe8, 0x01, 0xe9, 0xff, 0xe6, 0x01, 0xe6,
  0x00, 0xe5, 0xff, 0xe4, 0x01, 0xe4, 0xff, 0xe2, 0x02, 0xe2, 0xfe, 0xe1,
  0x01, 0xe1, 0x00, 0xe1, 0xff, 0xdf, 0x02, 0xe0, 0xff, 0xde, 0xff, 0xde,
  0x02, 0xdf, 0xfe, 0xdd, 0x01, 0xde, 0x00, 0xde, 0x00, 0xde, 0x00, 0xde,
  0x00, 0xde, 0x00, 0xde, 0xff, 0xdc, 0x02, 0xdd, 0xfe, 0xdc, 0x02, 0xdd,
  0xff, 0xdc, 0x00, 0xde, 0x00, 0xde, 0x00, 0xde, 0x00, 0xde, 0x00, 0xde,
  0x01, 0xde, 0xfe, 0xdd, 0x02, 0xdf, 0xfe, 0xde, 0x01, 0xdf, 0x00, 0xdf,
  0x00, 0xdf, 0x00, 0xdf, 0x00, 0xdf, 0xff, 0xdf, 0x02, 0xe0, 0xfe, 0xdf,
  0x02, 0xe1, 0xfe, 0xe0, 0x01, 0xe1, 0x00, 0xe2, 0x00, 0xe2, 0x00, 0xe2,
  0x00, 0xe2, 0xff, 0xe2, 0x01, 0xe3, 0x00, 0xe3, 0xff, 0xe2, 0x02, 0xe4,
  0xfd, 0xe3, 0x03, 0xe4, 0xfe, 0xe4, 0x00, 0xe5, 0x02, 0xe5, 0xfd, 0xe5,
  0x03, 0xe6, 0xfe, 0xe6, 0x00, 0xe7, 0x02, 0xe7, 0xfe, 0xe7, 0x01, 0xe8,
  0x00, 0xe9, 0xff, 0xe8, 0x01, 0xea, 0x00, 0xea, 0x00, 0xeb, 0xff, 0xeb,
  0x01, 0xec, 0xff, 0xec, 0x01, 0xee, 0x00, 0xee, 0xff, 0xee, 0x01, 0xf0,
  0xff, 0xf0, 0x01, 0xf2, 0xff, 0xf2, 0x01, 0xf4, 0xff, 0xf3, 0x01, 0xf5,
  0xff, 0xf5, 0x01, 0xf8, 0xff, 0xf8, 0x00, 0xfa, 0x00, 0xfb, 0x01, 0xfc,
  0xfe, 0xfd, 0x03, 0xff, 0xfd, 0xff, 0x02, 0x01, 0xff, 0x02, 0x01, 0x04,
  0xff, 0x04, 0x01, 0x06, 0x00, 0x07, 0xff, 0x08, 0x01, 0x0a, 0x00, 0x0b,
  0xff, 0x0b, 0x02, 0x0e, 0xfe, 0x0e, 0x00, 0x10, 0x01, 0x11, 0xff, 0x11,
  0x01, 0x13, 0xff, 0x13, 0x00, 0x15, 0x00, 0x16, 0x01, 0x17, 0xff, 0x17,
  0x00, 0x19, 0x00, 0x1a, 0x00, 0x1a, 0x01, 0x1b, 0xfe, 0x1b, 0x03, 0x1c,
  0xfd, 0x1c, 0x01, 0x1d, 0x01, 0x1e, 0xfe, 0x1d, 0x03, 0x1f, 0xfe, 0x1e,
  0x00, 0x20, 0x00, 0x20, 0x00, 0x20, 0x01, 0x20, 0xff, 0x20, 0x01, 0x21,
  0xfe, 0x20, 0x03, 0x21, 0xfc, 0x20, 0x04, 0x21, 0xfd, 0x20, 0x02, 0x22,
  0xff, 0x21, 0x01, 0x22, 0xfe, 0x21, 0x03, 0x22, 0xfc, 0x20, 0x05, 0x21,
  0xfb, 0x20, 0x05, 0x21, 0xfb, 0x20, 0x04, 0x21, 0xfd, 0x20, 0x02, 0x20,
  0xff, 0x1f, 0x00, 0x20, 0x00, 0x20, 0x01, 0x20, 0xff, 0x1f, 0x00, 0x1f,
  0x00, 0x1f, 0x00, 0x1f, 0x00, 0x1e, 0x01, 0x1e, 0xff, 0x1d, 0x00, 0x1e,
  0x00, 0x1e, 0x00, 0x1e, 0x00, 0x1d, 0x00, 0x1d, 0x00, 0x1d, 0x00, 0x1c,
  0x00, 0x1c, 0x01, 0x1c, 0xfe, 0x1b, 0x03, 0x1c, 0xfc, 0x1a, 0x05, 0x1b,
  0xfb, 0x1a, 0x04, 0x1a, 0xfd, 0x19, 0x02, 0x1a, 0x00, 0x1a, 0xff, 0x19,
  0x00, 0x19, 0x00, 0x19, 0x01, 0x18, 0xfe, 0x17, 0x02, 0x17, 0xff, 0x16,
  0x00, 0x16, 0x01, 0x16, 0xff, 0x14, 0xff, 0x14, 0x03, 0x14, 0xfd, 0x12,
  0x02, 0x13, 0xff, 0x11, 0x00, 0x11, 0x01, 0x10, 0xff, 0x0e, 0x01, 0x0e,
  0xff, 0x0c, 0x00, 0x0c, 0x02, 0x0b, 0xfd, 0x0a, 0x04, 0x09, 0xfc, 0x07,
  0x03, 0x07, 0xff, 0x05, 0x00, 0x05, 0x00, 0x04, 0x00, 0x03, 0x00, 0x01,
  0x00, 0x00, 0x00, 0xff, 0x00, 0xfe, 0xff, 0xfb, 0x01, 0xfb, 0xff, 0xf8,
  0x00, 0xf8, 0x02, 0xf7, 0xfd, 0xf4, 0x03, 0xf4, 0xfc, 0xf2, 0x04, 0xf2,
  0xfd, 0xf0, 0x02, 0xf0, 0xff, 0xed, 0x00, 0xed, 0x00, 0xec, 0x01, 0xec,
  0xfe, 0xea, 0x02, 0xe9, 0xff, 0xe7, 0x00, 0xe7, 0x00, 0xe6, 0x01, 0xe6,
  0xfe, 0xe4, 0x03, 0xe4, 0xfd, 0xe2, 0x03, 0xe2, 0xfc, 0xe1, 0x04, 0xe1,
  0xfc, 0xdf, 0x05, 0xe0, 0xfb, 0xdf, 0x04, 0xdf, 0xfd, 0xde, 0x02, 0xde,
  0xff, 0xdd, 0x00, 0xde, 0x01, 0xde, 0xff, 0xdc, 0x00, 0xdd, 0x01, 0xdd,
  0xfe, 0xdb, 0x03, 0xdc, 0xfd, 0xdb, 0x02, 0xdc, 0xff, 0xdb, 0x01, 0xdc,
  0xff, 0xdb, 0x01, 0xdc, 0xff, 0xdb, 0x01, 0xdc, 0x00, 0xdc, 0x00, 0xdc,
  0xff, 0xdc, 0x01, 0xdd, 0x00, 0xdd, 0x00, 0xdd, 0x00, 0xdd, 0x00, 0xdd,
  0xff, 0xdd, 0x02, 0xde, 0xfe, 0xdd, 0x01, 0xde, 0x00, 0xdf, 0xff, 0xde,
  0x02, 0xdf, 0xfd, 0xdf, 0x03, 0xe0, 0xfd, 0xdf, 0x03, 0xe0, 0xfe, 0xe0,
  0x01, 0xe1, 0xff, 0xe0, 0x01, 0xe2, 0x00, 0xe2, 0xff, 0xe1, 0x02, 0xe2,
  0xfd, 0xe2, 0x04, 0xe3, 0xfc, 0xe2, 0x04, 0xe3, 0xfc, 0xe3, 0x03, 0xe4,
  0xff, 0xe3, 0xff, 0xe3, 0x03, 0xe4, 0xfb, 0xe4, 0x05, 0xe5, 0xfd, 0xe4,
  0x02, 0xe5, 0xfe, 0xe5, 0x01, 0xe6, 0x00, 0xe6, 0x00, 0xe6, 0x00, 0xe7,
  0x00, 0xe7, 0xff, 0xe6, 0x02, 0xe8, 0xfe, 0xe7, 0x02, 0xe9, 0xfe, 0xe8,
  0x01, 0xea, 0x00, 0xea, 0x00, 0xeb, 0x00, 0xeb, 0x00, 0xec, 0xff, 0xeb,
  0x02, 0xed, 0xfe, 0xed, 0x02, 0xef, 0xfe, 0xef, 0x01, 0xf0, 0x00, 0xf1,
  0xff, 0xf1, 0x02, 0xf3, 0xfd, 0xf3, 0x03, 0xf5, 0xfe, 0xf5, 0x01, 0xf7,
  0x00, 0xf8, 0xff, 0xf8, 0x01, 0xfb, 0x00, 0xfc, 0xff, 0xfc, 0x02, 0xfe,
  0xfe, 0xfe, 0x02, 0x00, 0xfd, 0x01, 0x04, 0x03, 0xfb, 0x03, 0x06, 0x06,
  0xfa, 0x06, 0x04, 0x09, 0xff, 0x09, 0xff, 0x0a, 0x02, 0x0c, 0xfd, 0x0d,
  0x03, 0x0f, 0xfd, 0x0f, 0x04, 0x11, 0xfc, 0x11, 0x03, 0x13, 0xfe, 0x13,
  0x01, 0x15, 0x00, 0x16, 0x00, 0x17, 0x00, 0x18, 0x00, 0x19, 0x00, 0x1a,
  0x00, 0x1a, 0x01, 0x1b, 0xff, 0x1b, 0x00, 0x1c, 0x01, 0x1d, 0xff, 0x1d,
  0x01, 0x1e, 0xff, 0x1e, 0x00, 0x1f, 0x02, 0x20, 0xfe, 0x1f, 0x01, 0x21,
  0xff, 0x20, 0x01, 0x21, 0x00, 0x21, 0xff, 0x20, 0x01, 0x21, 0xff, 0x21,
  0x01, 0x22, 0x00, 0x22, 0xff, 0x21, 0x02, 0x22, 0xfd, 0x21, 0x03, 0x22,
  0xfd, 0x21, 0x03, 0x22, 0xfe, 0x21, 0x01, 0x22, 0xff, 0x21, 0x00, 0x22,
  0x01, 0x22, 0xfe, 0x21, 0x03, 0x22, 0xfc, 0x20, 0x03, 0x21, 0xff, 0x20,
  0x00, 0x21, 0x00, 0x21, 0x00, 0x20, 0x00, 0x20, 0xff, 0x1f, 0x02, 0x20,
  0xfe, 0x1f, 0x02, 0x1f, 0xfe, 0x1e, 0x02, 0x1f, 0xfe, 0x1d, 0x02, 0x1e,
  0xfe, 0x1d, 0x02, 0x1e, 0xfe, 0x1c, 0x03, 0x1d, 0xfd, 0x1c, 0x01, 0x1d,
  0x01, 0x1c, 0xfe, 0x1b, 0x02, 0x1c, 0xff, 0x1b, 0xff, 0x1a, 0x03, 0x1b,
  0xfc, 0x1a, 0x04, 0x1a, 0xfc, 0x19, 0x03, 0x1a, 0xff, 0x19, 0x00, 0x19,
  0x00, 0x19, 0x00, 0x19, 0x00, 0x18, 0x00, 0x18, 0x01, 0x17, 0xfe, 0x16,
  0x02, 0x16, 0xff, 0x15, 0xff, 0x14, 0x03, 0x15, 0xfc, 0x13, 0x04, 0x13,
  0xfd, 0x12, 0x02, 0x12, 0xfe, 0x10, 0x02, 0x10, 0xff, 0x0e, 0x00, 0x0f,
  0x01, 0x0e, 0xfe, 0x0c, 0x02, 0x0c, 0x00, 0x0a, 0xfe, 0x08, 0x03, 0x08,
  0xfc, 0x06, 0x03, 0x06, 0xff, 0x04, 0x01, 0x03, 0xff, 0x01, 0x00, 0x01,
  0x01, 0x00, 0xfe, 0xfd, 0x02, 0xfd, 0x00, 0xfc, 0xfe, 0xfa, 0x03, 0xf9,
  0xfc, 0xf7, 0x04, 0xf7, 0xfd, 0xf4, 0x02, 0xf4, 0xff, 0xf2, 0xff, 0xf1,
  0x02, 0xf0, 0xff, 0xee, 0x00, 0xee, 0x00, 0xed, 0x00, 0xec, 0xff, 0xea,
  0x02, 0xea, 0xff, 0xe8, 0x00, 0xe8, 0x00, 0xe7, 0x00, 0xe6, 0x00, 0xe5,
  0x00, 0xe5, 0x01, 0xe4, 0xfd, 0xe2, 0x04, 0xe2, 0xfc, 0xe1, 0x04, 0xe1,
  0xfd, 0xe0, 0x01, 0xe0, 0x00, 0xe0, 0xff, 0xde, 0x02, 0xdf, 0xfe, 0xde,
  0x02, 0xde, 0xfe, 0xdd, 0x02, 0xde, 0xfe, 0xdd, 0x01, 0xde, 0x00, 0xdd,
  0x00, 0xdd, 0x00, 0xdd, 0x01, 0xdd, 0xfd, 0xdc, 0x04, 0xdd, 0xfd, 0xdd,
  0x02, 0xde, 0xfe, 0xdd, 0x01, 0xde, 0x01, 0xde, 0xff, 0xdd, 0x01, 0xde,
  0xfe, 0xdd, 0x01, 0xde, 0x00, 0xdf, 0x00, 0xdf, 0x00, 0xdf, 0x01, 0xdf,
  0xfe, 0xdf, 0x01, 0xe0, 0x00, 0xe0, 0x00, 0xe0, 0x01, 0xe0, 0xff, 0xe0,
  0xff, 0xe0, 0x03, 0xe1, 0xfc, 0xe0, 0x04, 0xe2, 0xfd, 0xe1, 0x02, 0xe2,
  0xff, 0xe1, 0x00, 0xe3, 0x00, 0xe3, 0x00, 0xe3, 0x01, 0xe3, 0xfe, 0xe3,
  0x02, 0xe4, 0xff, 0xe3, 0x00, 0xe5, 0x01, 0xe5, 0xfe, 0xe4, 0x01, 0xe6,
  0x01, 0xe6, 0xfe, 0xe5, 0x02, 0xe7, 0xfe, 0xe6, 0x00, 0xe7, 0x02, 0xe8,
  0xfe, 0xe7, 0x02, 0xe9, 0xfd, 0xe8, 0x03, 0xea, 0xfe, 0xe9, 0x01, 0xeb,
  0x00, 0xec, 0xff, 0xeb, 0x02, 0xed, 0xfe, 0xed, 0x02, 0xef, 0xfd, 0xee,
  0x04, 0xf0, 0xfc, 0xf0, 0x04, 0xf2, 0xfd, 0xf2, 0x01, 0xf4, 0x00, 0xf5,
  0x00, 0xf6, 0x00, 0xf7, 0x00, 0xf8, 0x00, 0xf9, 0xff, 0xf9, 0x02, 0xfb,
  0xfd, 0xfb, 0x03, 0xfe, 0xfe, 0xfe, 0x00, 0x00, 0x01, 0x02, 0xff, 0x02,
  0x01, 0x04, 0x00, 0x06, 0xfe, 0x06, 0x02, 0x08, 0x00, 0x09, 0xff, 0x09,
  0x01, 0x0c, 0xff, 0x0c, 0x00, 0x0e, 0x02, 0x0f, 0xfd, 0x0f, 0x02, 0x12,
  0xff, 0x12, 0x00, 0x14, 0x01, 0x15, 0xff, 0x15, 0x00, 0x17, 0x01, 0x18,
  0xfe, 0x18, 0x02, 0x19, 0xff, 0x19, 0x01, 0x1b, 0xfe, 0x1b, 0x02, 0x1d,
  0xfe, 0x1c, 0x02, 0x1e, 0xff, 0x1d, 0xff, 0x1e, 0x03, 0x1f, 0xfc, 0x1e,
  0x04, 0x20, 0xfd, 0x1f, 0x01, 0x21, 0x01, 0x21, 0xff, 0x20, 0x00, 0x21,
  0x01, 0x21, 0xfe, 0x21, 0x02, 0x22, 0xff, 0x21, 0x00, 0x22, 0x01, 0x22,
  0xfe, 0x21, 0x02, 0x22, 0xfe, 0x21, 0x03, 0x22, 0xfc, 0x21, 0x04, 0x22,
  0xfd, 0x21, 0x02, 0x22, 0xff, 0x21, 0x00, 0x22, 0x00, 0x22, 0x00, 0x21,
  0x01, 0x21, 0xfe, 0x20, 0x02, 0x21, 0xfe, 0x20, 0x02, 0x21, 0xfe, 0x20,
  0x02, 0x20, 0xfe, 0x1f, 0x02, 0x20, 0xfe, 0x1f, 0x02, 0x1f, 0xfe, 0x1e,
  0x02, 0x1f, 0xff, 0x1e, 0x00, 0x1e, 0x00, 0x1e, 0xff, 0x1d, 0x03, 0x1e,
  0xfd, 0x1d, 0x02, 0x1d, 0xfe, 0x1c, 0x02, 0x1d, 0xff, 0x1c, 0x01, 0x1c,
  0xfe, 0x1b, 0x03, 0x1c, 0xfd, 0x1b, 0x03, 0x1b, 0xfe, 0x1a, 0x00, 0x1b,
  0x02, 0x1b, 0xfd, 0x19, 0x04, 0x1a, 0xfc, 0x19, 0x03, 0x19, 0xfe, 0x18,
  0x01, 0x19, 0x00, 0x18, 0x00, 0x18, 0x00, 0x17, 0xff, 0x16, 0x02, 0x16,
  0xfe, 0x15, 0x02, 0x15, 0xfe, 0x13, 0x01, 0x14, 0x00, 0x13, 0x00, 0x12,
  0x00, 0x12, 0xff, 0x10, 0x02, 0x10, 0xfe, 0x0e, 0x01, 0x0e, 0x00, 0x0d,
  0x00, 0x0c, 0x00, 0x0b, 0x00, 0x0a, 0xff, 0x08, 0x01, 0x08, 0x01, 0x07,
  0xfd, 0x04, 0x04, 0x04, 0xfc, 0x02, 0x03, 0x02, 0xfe, 0x00, 0x01, 0xff,
  0x00, 0xfe, 0x01, 0xfd, 0xfe, 0xfa, 0x02, 0xfa, 0xfe, 0xf8, 0x02, 0xf7,
  0xfe, 0xf5, 0x03, 0xf5, 0xfc, 0xf3, 0x04, 0xf2, 0xfc, 0xf0, 0x04, 0xf0,
  0xfd, 0xee, 0x02, 0xee, 0xfe, 0xec, 0x02, 0xec, 0xfe, 0xea, 0x03, 0xea,
  0xfd, 0xe8, 0x02, 0xe8, 0xff, 0xe6, 0xff, 0xe5, 0x02, 0xe5, 0xff, 0xe3,
  0x01, 0xe4, 0xff, 0xe2, 0x00, 0xe2, 0x00, 0xe1, 0x00, 0xe1, 0x01, 0xe0,
  0xff, 0xdf, 0x01, 0xdf, 0xfe, 0xde, 0x03, 0xdf, 0xfc, 0xdd, 0x04, 0xde,
  0xfd, 0xdd, 0x02, 0xde, 0xfe, 0xdc, 0x02, 0xdd, 0xff, 0xdc, 0x00, 0xdd,
  0x01, 0xdd, 0xfe, 0xdc, 0x01, 0xdd, 0x01, 0xdd, 0xfe, 0xdc, 0x03, 0xdd,
  0xfd, 0xdc, 0x02, 0xdd, 0xfe, 0xdc, 0x02, 0xdd, 0xff, 0xdd, 0x01, 0xde,
  0xff, 0xdd, 0x00, 0xde, 0x01, 0xde, 0xfe, 0xdd, 0x03, 0xdf, 0xfc, 0xde,
  0x04, 0xdf, 0xfe, 0xde, 0xff, 0xdf, 0x03, 0xe0, 0xfc, 0xdf, 0x04, 0xe0,
  0xfe, 0xe0, 0x00, 0xe1, 0x01, 0xe1, 0xff, 0xe1, 0x01, 0xe2, 0x00, 0xe2,
  0xff, 0xe1, 0x01, 0xe3, 0xff, 0xe2, 0x01, 0xe3, 0xff, 0xe3, 0x01, 0xe4,
  0xff, 0xe3, 0x00, 0xe4, 0x01, 0xe5, 0xff, 0xe4, 0x01, 0xe5, 0xff, 0xe5,
  0x01, 0xe6, 0xff, 0xe5, 0x01, 0xe7, 0x00, 0xe7, 0xff, 0xe7, 0x02, 0xe8,
  0xfe, 0xe7, 0x00, 0xe9, 0x02, 0xe9, 0xfd, 0xe9, 0x04, 0xeb, 0xfc, 0xea,
  0x02, 0xec, 0x00, 0xec, 0xfe, 0xec, 0x04, 0xee, 0xfc, 0xed, 0x02, 0xef,
  0xff, 0xef, 0x01, 0xf1, 0xff, 0xf1, 0x01, 0xf3, 0xff, 0xf3, 0x00, 0xf4,
  0x00, 0xf5, 0x01, 0xf6, 0xff, 0xf7, 0x00, 0xf9, 0x00, 0xfa, 0x00, 0xfb,
  0x00, 0xfc, 0x00, 0xfe, 0x00, 0xff, 0xff, 0xff, 0x02, 0x02, 0xff, 0x02,
  0xfe, 0x03, 0x04, 0x05, 0xfc, 0x05, 0x03, 0x08, 0xfe, 0x08, 0x02, 0x0a,
  0xfd, 0x0a, 0x04, 0x0d, 0xfc, 0x0d, 0x02, 0x0f, 0x00, 0x10, 0xff, 0x11,
  0x01, 0x13, 0x00, 0x14, 0xff, 0x14, 0x01, 0x16, 0xff, 0x16, 0x01, 0x17,
  0x00, 0x18, 0x00, 0x19, 0xff, 0x19, 0x02, 0x1b, 0xfe, 0x1a, 0x01, 0x1c,
  0x00, 0x1d, 0xff, 0x1d, 0x02, 0x1e, 0xfe, 0x1d, 0x01, 0x1f, 0xff, 0x1e,
  0x01, 0x1f, 0x00, 0x20, 0xff, 0x1f, 0x02, 0x21, 0xfd, 0x20, 0x03, 0x21,
  0xfe, 0x20, 0x01, 0x21, 0x00, 0x21, 0x00, 0x22, 0xff, 0x21, 0x02, 0x22,
  0xfd, 0x21, 0x03, 0x22, 0xfe, 0x21, 0x00, 0x22, 0x01, 0x22, 0xfe, 0x21,
  0x02, 0x22, 0xff, 0x21, 0x00, 0x22, 0x00, 0x21, 0x00, 0x21, 0x00, 0x21,
  0x00, 0x21, 0x00, 0x21, 0x00, 0x21, 0x00, 0x20, 0x00, 0x20, 0x01, 0x20,
  0xfe, 0x1f, 0x02, 0x20, 0xfd, 0x1e, 0x04, 0x1f, 0xfc, 0x1e, 0x04, 0x1f,
  0xfc, 0x1d, 0x03, 0x1e, 0xff, 0x1d, 0xff, 0x1d, 0x02, 0x1d, 0xfd, 0x1c,
  0x04, 0x1d, 0xfd, 0x1c, 0x01, 0x1c, 0x00, 0x1c, 0xff, 0x1b, 0x02, 0x1c,
  0xfe, 0x1a, 0x01, 0x1b, 0xff, 0x1a, 0x01, 0x1b, 0x00, 0x1a, 0xff, 0x19,
  0x01, 0x1a, 0xff, 0x18, 0x01, 0x19, 0x00, 0x19, 0x00, 0x18, 0x00, 0x18,
  0xff, 0x16, 0x02, 0x17, 0xfe, 0x15, 0x03, 0x16, 0xfd, 0x14, 0x02, 0x15,
  0xff, 0x13, 0x00, 0x14, 0x02, 0x13, 0xfd, 0x11, 0x03, 0x11, 0xfd, 0x0f,
  0x02, 0x0f, 0x00, 0x0f, 0xff, 0x0d, 0x02, 0x0d, 0xfd, 0x0b, 0x03, 0x0b,
  0xfd, 0x09, 0x04, 0x09, 0xfb, 0x06, 0x05, 0x06, 0xfc, 0x04, 0x02, 0x04,
  0x00, 0x03, 0xff, 0x00, 0x01, 0x00, 0xff, 0xfe, 0x01, 0xfe, 0xfe, 0xfb,
  0x04, 0xfb, 0xfc, 0xf9, 0x02, 0xf8, 0x00, 0xf7, 0xfe, 0xf5, 0x04, 0xf4,
  0xfb, 0xf2, 0x05, 0xf2, 0xfb, 0xf0, 0x05, 0xf0, 0xfb, 0xee, 0x04, 0xee,
  0xfe, 0xec, 0x00, 0xeb, 0x01, 0xea, 0xfe, 0xe8, 0x02, 0xe8, 0xff, 0xe6,
  0x01, 0xe6, 0xfe, 0xe5, 0x01, 0xe5, 0x00, 0xe4, 0x00, 0xe3, 0x01, 0xe3,
  0xfe, 0xe1, 0x00, 0xe1, 0x02, 0xe1, 0xfd, 0xdf, 0x04, 0xe0, 0xfc, 0xde,
  0x03, 0xdf, 0xfe, 0xdd, 0x02, 0xde, 0xfe, 0xdd, 0x01, 0xde, 0x00, 0xde,
  0x00, 0xdd, 0x00, 0xdd, 0x00, 0xdd, 0xff, 0xdc, 0x01, 0xdd, 0x00, 0xdd,
  0xff, 0xdc, 0x01, 0xdd, 0xff, 0xdc, 0x00, 0xdd, 0x01, 0xdd, 0xff, 0xdc,
  0x00, 0xdd, 0x01, 0xdd, 0xff, 0xdc, 0x00, 0xdd, 0x01, 0xdd, 0xfe, 0xdd,
  0x02, 0xde, 0xff, 0xdd, 0x00, 0xde, 0x01, 0xde, 0xfe, 0xde, 0x03, 0xdf,
  0xfd, 0xde, 0x02, 0xdf, 0xff, 0xdf, 0x00, 0xe0, 0x01, 0xe0, 0xff, 0xdf,
  0x01, 0xe1, 0xff, 0xe0, 0x00, 0xe1, 0x01, 0xe2, 0xff, 0xe1, 0x01, 0xe2,
  0x00, 0xe2, 0xfe, 0xe2, 0x04, 0xe3, 0xfc, 0xe2, 0x03, 0xe3, 0xff, 0xe3,
  0xff, 0xe3, 0x02, 0xe4, 0xfe, 0xe3, 0x01, 0xe5, 0x00, 0xe5, 0xff, 0xe4,
  0x02, 0xe5, 0xfd, 0xe5, 0x02, 0xe6, 0xff, 0xe5, 0x00, 0xe6, 0x02, 0xe7,
  0xfc, 0xe6, 0x04, 0xe7, 0xfd, 0xe7, 0x02, 0xe8, 0xff, 0xe8, 0x00, 0xe9,
  0x00, 0xea, 0x01, 0xea, 0xff, 0xe9, 0x00, 0xeb, 0x01, 0xeb, 0xfd, 0xeb,
  0x05, 0xed, 0xfb, 0xec, 0x04, 0xee, 0xfd, 0xee, 0x02, 0xef, 0xff, 0xef,
  0x00, 0xf1, 0x01, 0xf2, 0xfe, 0xf2, 0x03, 0xf4, 0xfc, 0xf4, 0x04, 0xf6,
  0xfe, 0xf6, 0x00, 0xf8, 0x01, 0xf9, 0xfe, 0xf9, 0x03, 0xfb, 0xfe, 0xfc,
  0x01, 0xfe, 0xff, 0xfe, 0x01, 0x00, 0x00, 0x01, 0x00, 0x02, 0xff, 0x03,
  0x01, 0x05, 0x00, 0x07, 0x00, 0x08, 0x00, 0x09, 0xff, 0x0a, 0x01, 0x0c,
  0x01, 0x0d, 0xfe, 0x0d, 0x02, 0x0f, 0xfe, 0x0f, 0x01, 0x11, 0x01, 0x12,
  0xff, 0x12, 0x00, 0x14, 0x01, 0x15, 0xfd, 0x15, 0x04, 0x17, 0xfe, 0x17,
  0x00, 0x19, 0x01, 0x1a, 0xff, 0x1a, 0x00, 0x1c, 0x01, 0x1c, 0xff, 0x1c,
  0x00, 0x1d, 0x01, 0x1e, 0xff, 0x1d, 0x00, 0x1f, 0x01, 0x1f, 0xff, 0x1f,
  0x00, 0x20, 0x01, 0x20, 0xfe, 0x20, 0x03, 0x21, 0xfd, 0x20, 0x03, 0x21,
  0xfc, 0x20, 0x05, 0x21, 0xfb, 0x20, 0x04, 0x22, 0xfd, 0x21, 0x02, 0x22,
  0xff, 0x21, 0x01, 0x22, 0xff, 0x21, 0x01, 0x22, 0xff, 0x21, 0x01, 0x22,
  0xff, 0x21, 0x01, 0x22, 0x00, 0x22, 0xff, 0x20, 0x01, 0x21, 0x00, 0x21,
  0xfe, 0x20, 0x04, 0x21, 0xfb, 0x20, 0x05, 0x20, 0xfd, 0x1f, 0x01, 0x20,
  0x00, 0x20, 0x00, 0x1f, 0x00, 0x1f, 0x00, 0x1f, 0x00, 0x1f, 0x00, 0x1e,
  0x01, 0x1e, 0xff, 0x1d, 0x00, 0x1e, 0x00, 0x1d, 0x00, 0x1d, 0x00, 0x1d,
  0x02, 0x1c, 0xfc, 0x1b, 0x05, 0x1c, 0xfb, 0x1a, 0x04, 0x1b, 0xfd, 0x1a,
  0x03, 0x1a, 0xfd, 0x19, 0x03, 0x19, 0xfc, 0x18, 0x05, 0x19, 0xfc, 0x18,
  0x03, 0x18, 0xfd, 0x17, 0x02, 0x17, 0x00, 0x17, 0xff, 0x15, 0x01, 0x16,
  0xff, 0x14, 0x01, 0x15, 0xff, 0x13, 0x01, 0x14, 0xfe, 0x12, 0x02, 0x12,
  0xff, 0x10, 0x00, 0x11, 0x01, 0x10, 0xfe, 0x0e, 0x02, 0x0e, 0xfe, 0x0d,
  0x02, 0x0d, 0xff, 0x0b, 0x00, 0x0b, 0x01, 0x09, 0xff, 0x07, 0x00, 0x07,
  0x01, 0x06, 0xff, 0x04, 0x01, 0x04, 0xff, 0x01, 0x01, 0x01, 0xff, 0xff,
  0x01, 0xff, 0xff, 0xfd, 0x01, 0xfc, 0xfe, 0xfa, 0x03, 0xfa, 0xfd, 0xf7,
  0x03, 0xf7, 0xfd, 0xf5, 0x01, 0xf5, 0x01, 0xf4, 0xfe, 0xf1, 0x03, 0xf1,
  0xfd, 0xef, 0x02, 0xee, 0xfe, 0xec, 0x02, 0xec, 0xfe, 0xea, 0x02, 0xea,
  0xff, 0xe8, 0xff, 0xe7, 0x03, 0xe7, 0xfc, 0xe6, 0x03, 0xe6, 0xff, 0xe4,
  0xff, 0xe4, 0x03, 0xe4, 0xfc, 0xe2, 0x04, 0xe2, 0xfd, 0xe1, 0x01, 0xe1,
  0x00, 0xe1, 0x00, 0xe0, 0x01, 0xe0, 0xff, 0xde, 0x00, 0xdf, 0x00, 0xdf,
  0x01, 0xdf, 0xff, 0xdd, 0x01, 0xde, 0xfe, 0xdd, 0x03, 0xde, 0xfd, 0xdd,
  0x03, 0xde, 0xfd, 0xdd, 0x02, 0xde, 0xff, 0xdd, 0x00, 0xde, 0x01, 0xde,
  0xff, 0xdd, 0x01, 0xdf, 0xfe, 0xde, 0x02, 0xdf, 0xff, 0xde, 0x01, 0xdf,
  0xff, 0xde, 0x00, 0xdf, 0x00, 0xe0, 0x00, 0xe0, 0x01, 0xe0, 0xff, 0xe0,
  0x00, 0xe1, 0x00, 0xe1, 0x00, 0xe1, 0x00, 0xe2, 0x00, 0xe2, 0x00, 0xe2,
  0xff, 0xe1, 0x02, 0xe2, 0xfd, 0xe1, 0x03, 0xe3, 0xfe, 0xe2, 0x00, 0xe3,
  0x02, 0xe3, 0xfd, 0xe2, 0x03, 0xe4, 0xfe, 0xe3, 0x00, 0xe4, 0x01, 0xe4,
  0xff, 0xe3, 0x01, 0xe5, 0xff, 0xe4, 0x00, 0xe5, 0x00, 0xe5, 0x00, 0xe6,
  0x00, 0xe6, 0x00, 0xe7, 0xff, 0xe6, 0x02, 0xe7, 0xfe, 0xe7, 0x01, 0xe8,
  0x00, 0xe9, 0x00, 0xe9, 0x00, 0xea, 0x01, 0xea, 0xfe, 0xea, 0x02, 0xeb,
  0xfe, 0xeb, 0x02, 0xed, 0xff, 0xed, 0x00, 0xef, 0x00, 0xef, 0x00, 0xf0,
  0xff, 0xf0, 0x03, 0xf2, 0xfb, 0xf2, 0x06, 0xf4, 0xfb, 0xf5, 0x03, 0xf7,
  0xfe, 0xf7, 0x01, 0xf9, 0xff, 0xfa, 0x02, 0xfc, 0xfe, 0xfc, 0x01, 0xfe,
  0x00, 0xff, 0xff, 0x00, 0x01, 0x02, 0x00, 0x04, 0x00, 0x05, 0x00, 0x07,
  0xff, 0x07, 0x01, 0x0a, 0x00, 0x0b, 0xff, 0x0b, 0x02, 0x0d, 0xfe, 0x0d,
  0x01, 0x0f, 0xff, 0x0f, 0x01, 0x11, 0x00, 0x12, 0x00, 0x13, 0x00, 0x15,
  0xff, 0x15, 0x01, 0x16, 0x00, 0x18, 0xff, 0x18, 0x02, 0x1a, 0xfe, 0x19,
  0x02, 0x1b, 0xfe, 0x1a, 0x01, 0x1c, 0x00, 0x1d, 0x01, 0x1e, 0xfe, 0x1d,
  0x03, 0x1f, 0xfd, 0x1e, 0x02, 0x1f, 0xff, 0x1f, 0x00, 0x20, 0x01, 0x20,
  0x00, 0x21, 0xfe, 0x20, 0x03, 0x21, 0xfd, 0x20, 0x03, 0x21, 0xfe, 0x21,
  0x00, 0x22, 0x01, 0x22, 0xff, 0x21, 0x00, 0x22, 0x02, 0x22, 0xfd, 0x21,
  0x02, 0x22, 0xfe, 0x21, 0x01, 0x22, 0x01, 0x22, 0x00, 0x22, 0xfe, 0x21,
  0x02, 0x22, 0xfe, 0x21, 0x02, 0x22, 0xff, 0x21, 0x00, 0x21, 0x00, 0x21,
  0x00, 0x21, 0x00, 0x21, 0x00, 0x21, 0x00, 0x20, 0x00, 0x20, 0xff, 0x1f,
  0x02, 0x20, 0xfe, 0x1f, 0x02, 0x1f, 0xfe, 0x1e, 0x02, 0x1f, 0xfe, 0x1e,
  0x02, 0x1e, 0xff, 0x1d, 0xff, 0x1d, 0x02, 0x1d, 0xff, 0x1c, 0xff, 0x1c,
  0x03, 0x1d, 0xfc, 0x1c, 0x03, 0x1c, 0xff, 0x1b, 0xff, 0x1b, 0x01, 0x1c,
  0x00, 0x1b, 0x00, 0x1b, 0x00, 0x1b, 0xff, 0x1a, 0x01, 0x1a, 0x00, 0x1a,
  0xff, 0x19, 0x01, 0x1a, 0xff, 0x18, 0x01, 0x19, 0x00, 0x19, 0xff, 0x17,
  0x00, 0x18, 0x01, 0x18, 0xff, 0x16, 0x01, 0x16, 0xfe, 0x15, 0x03, 0x16,
  0xfc, 0x14, 0x05, 0x14, 0xfb, 0x13, 0x04, 0x14, 0xfd, 0x12, 0x01, 0x12,
  0x01, 0x11, 0xfe, 0x0f, 0x03, 0x0f, 0xfd, 0x0e, 0x02, 0x0e, 0xfe, 0x0c,
  0x02, 0x0b, 0xff, 0x09, 0x01, 0x09, 0xff, 0x07, 0x01, 0x07, 0xfe, 0x05,
  0x03, 0x05, 0xfd, 0x03, 0x03, 0x02, 0xfd, 0x00, 0x03, 0x00, 0xfd, 0xfe,
  0x03, 0xfe, 0xfd, 0xfc, 0x02, 0xfb, 0xff, 0xf8, 0x01, 0xf8, 0xfe, 0xf6,
  0x03, 0xf6, 0xfd, 0xf3, 0x02, 0xf3, 0x00, 0xf2, 0xff, 0xef, 0x01, 0xef,
  0xff, 0xed, 0x00, 0xed, 0x01, 0xed, 0xff, 0xea, 0x02, 0xea, 0xfc, 0xe8,
  0x04, 0xe8, 0xfd, 0xe6, 0x01, 0xe6, 0x01, 0xe6, 0xfe, 0xe4, 0x03, 0xe4,
  0xfd, 0xe2, 0x02, 0xe2, 0xff, 0xe1, 0x00, 0xe1, 0x01, 0xe0, 0x00, 0xe0,
  0xfe, 0xde, 0x03, 0xdf, 0xfc, 0xdd, 0x04, 0xde, 0xfd, 0xdd, 0x01, 0xde,
  0x01, 0xdd, 0xfe, 0xdc, 0x02, 0xdd, 0xff, 0xdc, 0xff, 0xdb, 0x02, 0xdc,
  0xff, 0xdb, 0x00, 0xdc, 0x00, 0xdc, 0x00, 0xdc, 0x00, 0xdc, 0x00, 0xdc,
  0x00, 0xdc, 0x00, 0xdc, 0xff, 0xdb, 0x01, 0xdc, 0xff, 0xdb, 0x01, 0xdd,
  0xff, 0xdc, 0x01, 0xdd, 0xff, 0xdc, 0x01, 0xdd, 0xff, 0xdd, 0x00, 0xde,
  0x01, 0xde, 0xff, 0xde, 0x02, 0xdf, 0xfe, 0xde, 0x01, 0xe0, 0xff, 0xdf,
  0x02, 0xe0, 0xfe, 0xdf, 0x01, 0xe1, 0x00, 0xe1, 0xff, 0xe0, 0x02, 0xe2,
  0xfd, 0xe1, 0x03, 0xe2, 0xfd, 0xe2, 0x02, 0xe3, 0x00, 0xe3, 0xfe, 0xe2,
  0x03, 0xe3, 0xfd, 0xe3, 0x01, 0xe4, 0x01, 0xe4, 0xfe, 0xe4, 0x02, 0xe5,
  0xff, 0xe4, 0x00, 0xe5, 0x00, 0xe5, 0x01, 0xe6, 0xfe, 0xe5, 0x02, 0xe6,
  0xff, 0xe5, 0x00, 0xe6, 0x00, 0xe7, 0x01, 0xe7, 0xfe, 0xe6, 0x03, 0xe8,
  0xfd, 0xe7, 0x01, 0xe8, 0x01, 0xe9, 0xfe, 0xe8, 0x03, 0xea, 0xfd, 0xe9,
  0x02, 0xea, 0xff, 0xea, 0x00, 0xec, 0x01, 0xec, 0xfe, 0xec, 0x02, 0xed,
  0xff, 0xed, 0x00, 0xef, 0x01, 0xf0, 0xfe, 0xf0, 0x02, 0xf2, 0xfe, 0xf1,
  0x03, 0xf3, 0xfd, 0xf3, 0x03, 0xf6, 0xfd, 0xf6, 0x02, 0xf8, 0xff, 0xf8,
  0x01, 0xfa, 0xff, 0xfa, 0x01, 0xfc, 0xff, 0xfd, 0x01, 0xff, 0xff, 0xff,
  0x01, 0x01, 0xfe, 0x01, 0x02, 0x04, 0x00, 0x05, 0xff, 0x06, 0x01, 0x08,
  0xfe, 0x08, 0x03, 0x0b, 0xfd, 0x0b, 0x03, 0x0d, 0xfd, 0x0d, 0x02, 0x0f,
  0x00, 0x11, 0xfe, 0x11, 0x03, 0x12, 0xfc, 0x12, 0x04, 0x14, 0xfd, 0x15,
  0x02, 0x17, 0xfe, 0x17, 0x03, 0x19, 0xfc, 0x19, 0x05, 0x1a, 0xfa, 0x1a,
  0x06, 0x1c, 0xfc, 0x1c, 0x02, 0x1d, 0xff, 0x1d, 0x00, 0x1e, 0x01, 0x1f,
  0xfe, 0x1e, 0x03, 0x1f, 0xfc, 0x1f, 0x05, 0x20, 0xfb, 0x20, 0x03, 0x21,
  0xff, 0x20, 0x00, 0x21, 0x02, 0x21, 0xfd, 0x20, 0x02, 0x21, 0xff, 0x20,
  0x00, 0x21, 0x01, 0x21, 0xff, 0x20, 0x01, 0x22, 0xff, 0x21, 0x01, 0x22,
  0xff, 0x20, 0x00, 0x21, 0x01, 0x21, 0xfe, 0x20, 0x03, 0x21, 0xfd, 0x20,
  0x02, 0x21, 0xfe, 0x20, 0x02, 0x20, 0xff, 0x1f, 0x00, 0x20, 0x00, 0x20,
  0x00, 0x20, 0x00, 0x1f, 0x00, 0x1f, 0x00, 0x1f, 0x00, 0x1f, 0x01, 0x1e,
  0xfe, 0x1d, 0x02, 0x1e, 0xfe, 0x1d, 0x02, 0x1d, 0xff, 0x1c, 0x00, 0x1d,
  0x00, 0x1c, 0x00, 0x1c, 0x00, 0x1c, 0x00, 0x1c, 0x00, 0x1b, 0x00, 0x1b,
  0x00, 0x1b, 0x00, 0x1a, 0x00, 0x1a, 0x00, 0x19, 0x01, 0x19, 0xfe, 0x18,
  0x02, 0x18, 0xfe, 0x17, 0x03, 0x17, 0xfc, 0x16, 0x04, 0x16, 0xfc, 0x15,
  0x04, 0x15, 0xfd, 0x14, 0x01, 0x14, 0x00, 0x13, 0x00, 0x13, 0x00, 0x12,
  0x00, 0x11, 0xff, 0x0f, 0x02, 0x0f, 0xfe, 0x0d, 0x01, 0x0d, 0x00, 0x0c,
  0x00, 0x0c, 0x00, 0x0b, 0x01, 0x0a, 0xfe, 0x08, 0x02, 0x08, 0xff, 0x05,
  0x01, 0x05, 0xff, 0x03, 0x01, 0x03, 0x00, 0x01, 0xfe, 0xff, 0x03, 0xff,
  0xfc, 0xfd, 0x05, 0xfc, 0xfb, 0xfa, 0x04, 0xfa, 0xfd, 0xf8, 0x02, 0xf8,
  0xff, 0xf5, 0xff, 0xf4, 0x02, 0xf4, 0xff, 0xf1, 0x00, 0xf1, 0x01, 0xf0,
  0xfd, 0xee, 0x04, 0xee, 0xfc, 0xec, 0x04, 0xec, 0xfc, 0xea, 0x04, 0xea,
  0xfc, 0xe8, 0x04, 0xe8, 0xfc, 0xe6, 0x04, 0xe6, 0xfd, 0xe4, 0x02, 0xe4,
  0xfe, 0xe3, 0x02, 0xe3, 0xff, 0xe2, 0x00, 0xe2, 0x01, 0xe1, 0xfe, 0xe0,
  0x03, 0xe1, 0xfd, 0xdf, 0x03, 0xe0, 0xfd, 0xde, 0x03, 0xdf, 0xfe, 0xde,
  0x01, 0xde, 0xff, 0xdd, 0x01, 0xde, 0xff, 0xdd, 0x02, 0xde, 0xfe, 0xdd,
  0x02, 0xde, 0xfe, 0xdd, 0x01, 0xde, 0x01, 0xde, 0xfe, 0xdd, 0x03, 0xde,
  0xfd, 0xdd, 0x02, 0xde, 0xfe, 0xdd, 0x02, 0xde, 0xff, 0xde, 0x00, 0xdf,
  0x01, 0xdf, 0xfe, 0xde, 0x01, 0xdf, 0x01, 0xdf, 0xfd, 0xdf, 0x04, 0xe0,
  0xfd, 0xdf, 0x01, 0xe0, 0x01, 0xe1, 0xfd, 0xe0, 0x03, 0xe1, 0xfe, 0xe1,
  0x01, 0xe2, 0x01, 0xe2, 0xfe, 0xe1, 0x01, 0xe2, 0x00, 0xe2, 0xff, 0xe2,
  0x02, 0xe3, 0xfe, 0xe2, 0x02, 0xe3, 0xfe, 0xe3, 0x01, 0xe4, 0x00, 0xe4,
  0x00, 0xe4, 0xff, 0xe4, 0x02, 0xe5, 0xfd, 0xe4, 0x03, 0xe5, 0xff, 0xe5,
  0xfe, 0xe5, 0x03, 0xe6, 0xfd, 0xe6, 0x03, 0xe7, 0xfe, 0xe6, 0x00, 0xe8,
  0x02, 0xe9, 0xfc, 0xe8, 0x05, 0xe9, 0xfc, 0xe9, 0x02, 0xeb, 0x00, 0xeb,
  0xff, 0xeb, 0x01, 0xec, 0x00, 0xed, 0xff, 0xed, 0x01, 0xef, 0xff, 0xef,
  0x01, 0xf0, 0x01, 0xf1, 0xfd, 0xf1, 0x04, 0xf3, 0xfa, 0xf3, 0x07, 0xf5,
  0xfb, 0xf5, 0x03, 0xf7, 0xfe, 0xf7, 0x00, 0xfa, 0x02, 0xfb, 0xfe, 0xfb,
  0x02, 0xfd, 0xfd, 0xfd, 0x04, 0xff, 0xfc, 0xff, 0x04, 0x02, 0xfc, 0x02,
  0x04, 0x05, 0xfd, 0x05, 0x02, 0x07, 0xff, 0x08, 0x00, 0x0a, 0x00, 0x0b,
  0x01, 0x0c, 0xfe, 0x0d, 0x03, 0x0f, 0xfd, 0x0f, 0x03, 0x11, 0xfd, 0x11,
  0x02, 0x13, 0xff, 0x13, 0x00, 0x15, 0x01, 0x16, 0xff, 0x16, 0x01, 0x18,
  0xff, 0x18, 0x01, 0x1a, 0xff, 0x19, 0x01, 0x1b, 0xff, 0x1b, 0x01, 0x1d,
  0xff, 0x1c, 0x01, 0x1e, 0x00, 0x1e, 0xff, 0x1e, 0x00, 0x1f, 0x01, 0x20,
  0xff, 0x1f, 0x01, 0x20, 0xff, 0x1f, 0x00, 0x21, 0x01, 0x21, 0x00, 0x21,
  0xff, 0x20, 0x01, 0x22, 0xfe, 0x21, 0x03, 0x22, 0xfe, 0x21, 0x01, 0x22,
  0xff, 0x21, 0x00, 0x22, 0x01, 0x22, 0xff, 0x21, 0x01, 0x22, 0xff, 0x21,
  0x01, 0x22, 0xfe, 0x21, 0x03, 0x22, 0xfd, 0x21, 0x03, 0x22, 0xfe, 0x21,
  0x01, 0x22, 0xff, 0x21, 0x02, 0x21, 0xfd, 0x20, 0x03, 0x21, 0xfe, 0x20,
  0x01, 0x21, 0x00, 0x20, 0x00, 0x20, 0xff, 0x1f, 0x01, 0x20, 0x00, 0x20,
  0x00, 0x1f, 0x00, 0x1f, 0xff, 0x1e, 0x01, 0x1e, 0xff, 0x1d, 0x01, 0x1e,
  0x00, 0x1e, 0xff, 0x1c, 0x02, 0x1d, 0xfd, 0x1c, 0x02, 0x1d, 0xff, 0x1b,
  0x01, 0x1c, 0x00, 0x1c, 0x00, 0x1c, 0xff, 0x1b, 0x01, 0x1b, 0x00, 0x1b,
  0xff, 0x1a, 0x02, 0x1b, 0xfe, 0x19, 0x01, 0x1a, 0x00, 0x19, 0xff, 0x18,
  0x01, 0x19, 0x00, 0x19, 0xff, 0x17, 0x01, 0x18, 0x00, 0x17, 0xff, 0x16,
  0x01, 0x16, 0xff, 0x14, 0x01, 0x15, 0x00, 0x15, 0xff, 0x13, 0x01, 0x13,
  0x00, 0x12, 0xfe, 0x11, 0x03, 0x11, 0xfd, 0x0f, 0x02, 0x0f, 0x00, 0x0e,
  0xfe, 0x0c, 0x02, 0x0c, 0xff, 0x0b, 0x00, 0x0b, 0x01, 0x09, 0xff, 0x07,
  0x00, 0x07, 0x01, 0x06, 0xfe, 0x04, 0x02, 0x03, 0xff, 0x01, 0x00, 0x01,
  0x01, 0x00, 0xff, 0xfe, 0x00, 0xfd, 0x00, 0xfc, 0x01, 0xfb, 0xff, 0xf9,
  0x02, 0xf9, 0xfc, 0xf6, 0x05, 0xf6, 0xfb, 0xf3, 0x05, 0xf3, 0xfb, 0xf1,
  0x04, 0xf1, 0xfd, 0xee, 0x02, 0xee, 0xff, 0xec, 0x00, 0xec, 0x00, 0xeb,
  0x01, 0xea, 0xfe, 0xe8, 0x01, 0xe8, 0x01, 0xe7, 0xfd, 0xe5, 0x05, 0xe5,
  0xfa, 0xe3, 0x05, 0xe4, 0xfc, 0xe2, 0x02, 0xe2, 0x01, 0xe2, 0xfd, 0xe0,
  0x03, 0xe0, 0xfe, 0xdf, 0x01, 0xdf, 0x00, 0xdf, 0xff, 0xde, 0x01, 0xde,
  0xff, 0xdd, 0x01, 0xde, 0x00, 0xdd, 0xff, 0xdc, 0x01, 0xdd, 0xff, 0xdc,
  0x01, 0xdd, 0xff, 0xdc, 0x01, 0xdd, 0x00, 0xdd, 0xff, 0xdc, 0x02, 0xdd,
  0xfd, 0xdc, 0x04, 0xdd, 0xfd, 0xdc, 0x02, 0xdd, 0xfe, 0xdc, 0x02, 0xdd,
  0xff, 0xdc, 0x00, 0xde, 0x01, 0xde, 0xfe, 0xdd, 0x02, 0xde, 0x00, 0xde,
  0xfe, 0xdd, 0x02, 0xdf, 0xfe, 0xde, 0x03, 0xdf, 0xfe, 0xde, 0x01, 0xe0,
  0xff, 0xdf, 0x00, 0xe0, 0x01, 0xe0, 0xff, 0xe0, 0x01, 0xe1, 0xff, 0xe1,
  0x01, 0xe2, 0xfe, 0xe1, 0x02, 0xe2, 0xff, 0xe1, 0x00, 0xe3, 0x01, 0xe3,
  0xfd, 0xe2, 0x04, 0xe4, 0xfd, 0xe3, 0x02, 0xe4, 0xff, 0xe3, 0xff, 0xe4,
  0x02, 0xe5, 0xff, 0xe4, 0x01, 0xe6, 0xff, 0xe5, 0x01, 0xe6, 0xff, 0xe5,
  0x00, 0xe7, 0x01, 0xe7, 0xff, 0xe7, 0x01, 0xe8, 0xff, 0xe7, 0x01, 0xe8,
  0xfe, 0xe8, 0x03, 0xe9, 0xfc, 0xe9, 0x04, 0xeb, 0xfe, 0xea, 0x00, 0xec,
  0x01, 0xec, 0xff, 0xec, 0x01, 0xed, 0xff, 0xed, 0x00, 0xef, 0x01, 0xf0,
  0xff, 0xef, 0x02, 0xf1, 0xfd, 0xf1, 0x03, 0xf3, 0xfd, 0xf3, 0x03, 0xf5,
  0xfd, 0xf5, 0x02, 0xf8, 0xff, 0xf8, 0x02, 0xfa, 0xfd, 0xfa, 0x03, 0xfc,
  0xfd, 0xfd, 0x02, 0xff, 0xff, 0xff, 0x01, 0x01, 0xff, 0x02, 0x01, 0x04,
  0xff, 0x04, 0x00, 0x06, 0x01, 0x08, 0xff, 0x08, 0x01, 0x0a, 0xfe, 0x0b,
  0x03, 0x0d, 0xfd, 0x0d, 0x03, 0x0f, 0xfe, 0x0f, 0x00, 0x12, 0x01, 0x13,
  0xff, 0x13, 0x01, 0x15, 0x00, 0x16, 0xff, 0x16, 0x00, 0x17, 0x01, 0x18,
  0xff, 0x18, 0x01, 0x1a, 0xff, 0x1a, 0x00, 0x1b, 0x01, 0x1c, 0xff, 0x1c,
  0x00, 0x1d, 0x01, 0x1e, 0xfe, 0x1d, 0x03, 0x1f, 0xfd, 0x1e, 0x02, 0x1f,
  0x00, 0x20, 0xfe, 0x1f, 0x03, 0x20, 0xfd, 0x1f, 0x03, 0x21, 0xfe, 0x20,
  0x01, 0x21, 0xff, 0x20, 0x01, 0x21, 0x00, 0x21, 0xff, 0x20, 0x02, 0x21,
  0xfe, 0x20, 0x01, 0x21, 0x00, 0x21, 0xff, 0x20, 0x02, 0x21, 0xfe, 0x20,
  0x01, 0x21, 0xff, 0x20, 0x01, 0x21, 0x00, 0x21, 0xff, 0x1f, 0x00, 0x20,
  0x01, 0x20, 0xfe, 0x1f, 0x04, 0x20, 0xfb, 0x1f, 0x04, 0x1f, 0xfd, 0x1e,
  0x02, 0x1f, 0x00, 0x1f, 0xfe, 0x1e, 0x02, 0x1e, 0xfe, 0x1d, 0x03, 0x1e,
  0xfc, 0x1d, 0x04, 0x1d, 0xfb, 0x1c, 0x06, 0x1d, 0xfb, 0x1c, 0x03, 0x1c,
  0xfe, 0x1b, 0x02, 0x1c, 0xfe, 0x1b, 0x02, 0x1b, 0xfe, 0x1a, 0x02, 0x1b,
  0xff, 0x19, 0x00, 0x1a, 0xff, 0x19, 0x02, 0x19, 0xfe, 0x18, 0x03, 0x18,
  0xfc, 0x17, 0x03, 0x17, 0xfe, 0x16, 0x01, 0x16, 0x01, 0x16, 0xfe, 0x14,
  0x02, 0x15, 0xfe, 0x13, 0x01, 0x13, 0x01, 0x13, 0xfe, 0x11, 0x02, 0x11,
  0xff, 0x0f, 0xff, 0x0e, 0x03, 0x0e, 0xfb, 0x0d, 0x06, 0x0d, 0xfa, 0x0a,
  0x05, 0x0a, 0xfd, 0x08, 0x01, 0x08, 0xff, 0x06, 0x02, 0x06, 0xfd, 0x04,
  0x04, 0x04, 0xfc, 0x01, 0x03, 0x01, 0xfe, 0xff, 0x01, 0xff, 0x00, 0xfd,
  0xff, 0xfb, 0x01, 0xfb, 0xff, 0xf8, 0x01, 0xf8, 0x00, 0xf7, 0xff, 0xf4,
  0x01, 0xf4, 0xfe, 0xf2, 0x03, 0xf2, 0xfe, 0xef, 0x01, 0xef, 0xff, 0xed,
  0x01, 0xed, 0xff, 0xeb, 0x02, 0xeb, 0xfe, 0xe9, 0x01, 0xe9, 0xff, 0xe7,
  0x02, 0xe7, 0xfd, 0xe5, 0x04, 0xe5, 0xfd, 0xe3, 0x00, 0xe4, 0x02, 0xe3,
  0xfd, 0xe1, 0x03, 0xe2, 0xfe, 0xe0, 0x01, 0xe0, 0xff, 0xdf, 0x01, 0xdf,
  0xff, 0xde, 0x01, 0xdf, 0xff, 0xdd, 0x01, 0xde, 0xff, 0xdd, 0x01, 0xde,
  0xff, 0xdc, 0x01, 0xdd, 0xfe, 0xdc, 0x03, 0xdd, 0xfc, 0xdc, 0x04, 0xdd,
  0xfc, 0xdc, 0x04, 0xdd, 0xfc, 0xdc, 0x03, 0xdd, 0xfd, 0xdc, 0x04, 0xdd,
  0xfc, 0xdc, 0x03, 0xdd, 0xfe, 0xdc, 0x01, 0xdd, 0x00, 0xde, 0xff, 0xdd,
  0x01, 0xde, 0x00, 0xde, 0xff, 0xdd, 0x02, 0xde, 0xfd, 0xde, 0x03, 0xdf,
  0xfd, 0xde, 0x02, 0xe0, 0x00, 0xe0, 0x00, 0xe0, 0x00, 0xe0, 0xff, 0xe0,
  0x00, 0xe1, 0x01, 0xe1, 0x00, 0xe1, 0x00, 0xe2, 0x00, 0xe2, 0xfe, 0xe1,
  0x03, 0xe2, 0xfe, 0xe2, 0x01, 0xe3, 0x00, 0xe3, 0xfe, 0xe2, 0x04, 0xe3,
  0xfc, 0xe3, 0x03, 0xe4, 0xfe, 0xe3, 0x00, 0xe4, 0x03, 0xe5, 0xfc, 0xe4,
  0x03, 0xe5, 0xfe, 0xe4, 0x01, 0xe5, 0x00, 0xe6, 0x00, 0xe6, 0x00, 0xe6,
  0x00, 0xe7, 0x01, 0xe7, 0xfe, 0xe6, 0x02, 0xe8, 0xff, 0xe7, 0x01, 0xe9,
  0xff, 0xe8, 0x01, 0xea, 0xff, 0xe9, 0x01, 0xeb, 0x00, 0xeb, 0xfe, 0xeb,
  0x03, 0xed, 0xfd, 0xec, 0x03, 0xee, 0xfe, 0xee, 0x01, 0xf0, 0xff, 0xf0,
  0x01, 0xf2, 0xff, 0xf2, 0x02, 0xf4, 0xfe, 0xf4, 0x02, 0xf6, 0xfe, 0xf6,
  0x02, 0xf8, 0xfe, 0xf8, 0x02, 0xfb, 0xff, 0xfb, 0x00, 0xfd, 0x01, 0xfe,
  0xff, 0xfe, 0x00, 0x01, 0x01, 0x02, 0xfe, 0x02, 0x02, 0x05, 0x00, 0x06,
  0xfe, 0x06, 0x03, 0x09, 0xfc, 0x09, 0x04, 0x0b, 0xfd, 0x0b, 0x02, 0x0e,
  0xfe, 0x0e, 0x02, 0x10, 0xfe, 0x10, 0x02, 0x12, 0xff, 0x12, 0x00, 0x14,
  0x00, 0x15, 0x01, 0x16, 0xfe, 0x16, 0x02, 0x18, 0xff, 0x18, 0x00, 0x1a,
  0x01, 0x1b, 0xff, 0x1b, 0x00, 0x1c, 0x01, 0x1d, 0xff, 0x1c, 0x01, 0x1e,
  0xfe, 0x1d, 0x03, 0x1f, 0xfd, 0x1e, 0x03, 0x20, 0xfe, 0x1f, 0x00, 0x20,
  0x01, 0x21, 0xff, 0x20, 0x01, 0x21, 0xff, 0x20, 0x01, 0x21, 0xff, 0x21,
  0x00, 0x22, 0x01, 0x22, 0xfe, 0x21, 0x03, 0x22, 0xfd, 0x21, 0x02, 0x22,
  0xfe, 0x21, 0x02, 0x22, 0xff, 0x21, 0x00, 0x22, 0x01, 0x22, 0xff, 0x21,
  0x00, 0x22, 0x01, 0x21, 0xfe, 0x20, 0x03, 0x21, 0xfe, 0x20, 0x01, 0x21,
  0xff, 0x20, 0x00, 0x20, 0x01, 0x20, 0xff, 0x1f, 0x01, 0x20, 0xff, 0x1e,
  0x00, 0x1f, 0x00, 0x1f, 0x00, 0x1f, 0x00, 0x1e, 0x01, 0x1e, 0xfe, 0x1d,
  0x02, 0x1e, 0xfe, 0x1c, 0x02, 0x1d, 0xfe, 0x1c, 0x02, 0x1c, 0xfe, 0x1b,
  0x02, 0x1c, 0xff, 0x1a, 0xff, 0x1a, 0x02, 0x1b, 0xfe, 0x19, 0x02, 0x1a,
  0xff, 0x19, 0xff, 0x18, 0x01, 0x19, 0x00, 0x18, 0x01, 0x18, 0xfe, 0x16,
  0x03, 0x17, 0xfc, 0x15, 0x03, 0x16, 0x00, 0x15, 0xfe, 0x14, 0x03, 0x14,
  0xfd, 0x12, 0x02, 0x13, 0xfe, 0x11, 0x02, 0x11, 0xff, 0x0f, 0x00, 0x10,
  0x00, 0x0f, 0x00, 0x0e, 0xff, 0x0c, 0x02, 0x0c, 0xfe, 0x0a, 0x01, 0x0a,
  0x00, 0x09, 0x00, 0x08, 0xff, 0x05, 0x02, 0x05, 0xfd, 0x03, 0x03, 0x03,
  0xfe, 0x00, 0x02, 0x00, 0xfe, 0xfe, 0x02, 0xfe, 0xfe, 0xfb, 0x02, 0xfb,
  0xfe, 0xf9, 0x03, 0xf9, 0xfc, 0xf6, 0x05, 0xf6, 0xfb, 0xf4, 0x04, 0xf4,
  0xfd, 0xf1, 0x02, 0xf1, 0xff, 0xef, 0x01, 0xef, 0xfe, 0xed, 0x02, 0xec,
  0xff, 0xea, 0x01, 0xea, 0xff, 0xe8, 0x00, 0xe8, 0x01, 0xe7, 0xff, 0xe6,
  0x00, 0xe6, 0x02, 0xe5, 0xfc, 0xe3, 0x05, 0xe4, 0xfb, 0xe2, 0x03, 0xe2,
  0x00, 0xe2, 0xfe, 0xe0, 0x02, 0xe1, 0xfe, 0xdf, 0x02, 0xe0, 0xff, 0xde,
  0x00, 0xdf, 0xff, 0xdd, 0x02, 0xde, 0xfe, 0xdd, 0x02, 0xde, 0xfe, 0xdd,
  0x01, 0xdd, 0xff, 0xdc, 0x01, 0xdd, 0x00, 0xdd, 0xff, 0xdc, 0x01, 0xdd,
  0xff, 0xdc, 0x00, 0xdd, 0x02, 0xdd, 0xfc, 0xdc, 0x05, 0xde, 0xfb, 0xdd,
  0x04, 0xde, 0xfe, 0xdd, 0x00, 0xde, 0x02, 0xde, 0xfc, 0xdd, 0x04, 0xdf,
  0xfd, 0xde, 0x02, 0xdf, 0xff, 0xde, 0x00, 0xe0, 0x00, 0xe0, 0x01, 0xe0,
  0xfd, 0xdf, 0x04, 0xe1, 0xfc, 0xe0, 0x04, 0xe1, 0xfe, 0xe0, 0xff, 0xe0,
  0x02, 0xe2, 0xfe, 0xe1, 0x02, 0xe2, 0xff, 0xe1, 0x00, 0xe3, 0x01, 0xe3,
  0xfe, 0xe2, 0x02, 0xe3, 0xfe, 0xe2, 0x02, 0xe4, 0xff, 0xe3, 0x00, 0xe4,
  0x00, 0xe4, 0x00, 0xe5, 0x00, 0xe5, 0x00, 0xe5, 0x01, 0xe5, 0xfe, 0xe5,
  0x02, 0xe6, 0xff, 0xe6, 0x00, 0xe7, 0x01, 0xe8, 0xfe, 0xe7, 0x02, 0xe8,
  0x00, 0xe9, 0xfe, 0xe9, 0x03, 0xea, 0xfd, 0xea, 0x02, 0xeb, 0x00, 0xec,
  0xff, 0xeb, 0x01, 0xed, 0x00, 0xee, 0xff, 0xee, 0x02, 0xf0, 0xfe, 0xf0,
  0x02, 0xf1, 0xfe, 0xf1, 0x02, 0xf3, 0xfe, 0xf3, 0x02, 0xf5, 0xff, 0xf5,
  0x00, 0xf7, 0x01, 0xf8, 0xfe, 0xf9, 0x02, 0xfb, 0xfe, 0xfb, 0x02, 0xfd,
  0xfe, 0xfd, 0x02, 0xff, 0xfe, 0x00, 0x01, 0x02, 0x00, 0x03, 0x00, 0x05,
  0xff, 0x05, 0x02, 0x07, 0xfe, 0x08, 0x01, 0x0a, 0x01, 0x0b, 0xfd, 0x0b,
  0x04, 0x0e, 0xfc, 0x0e, 0x04, 0x10, 0xfd, 0x10, 0x01, 0x12, 0x00, 0x13,
  0xff, 0x13, 0x03, 0x15, 0xfc, 0x15, 0x03, 0x17, 0xfe, 0x17, 0x02, 0x19,
  0xfe, 0x19, 0x01, 0x1b, 0xff, 0x1a, 0x01, 0x1c, 0x00, 0x1c, 0x00, 0x1d,
  0xff, 0x1d, 0x00, 0x1e, 0x01, 0x1f, 0x00, 0x1f, 0xff, 0x1f, 0x02, 0x20,
  0xfd, 0x1f, 0x04, 0x21, 0xfd, 0x20, 0x01, 0x21, 0x00, 0x22, 0xff, 0x21,
  0x03, 0x22, 0xfd, 0x21, 0x02, 0x22, 0xfe, 0x21, 0x01, 0x22, 0x01, 0x22,
  0xfe, 0x21, 0x03, 0x22, 0xfc, 0x22, 0x04, 0x23, 0xfc, 0x22, 0x05, 0x22,
  0xfb, 0x21, 0x04, 0x22, 0xfc, 0x21, 0x03, 0x22, 0xff, 0x21, 0x00, 0x22,
  0x00, 0x22, 0x00, 0x21, 0x00, 0x21, 0x00, 0x21, 0xff, 0x20, 0x01, 0x20,
  0x00, 0x20, 0xff, 0x1f, 0x02, 0x20, 0xfd, 0x1e, 0x03, 0x1f, 0xfd, 0x1e,
  0x03, 0x1f, 0xfd, 0x1e, 0x03, 0x1e, 0xfd, 0x1d, 0x03, 0x1e, 0xfd, 0x1c,
  0x03, 0x1d, 0xfd, 0x1c, 0x03, 0x1d, 0xfe, 0x1c, 0x01, 0x1c, 0x00, 0x1c,
  0x00, 0x1c, 0xff, 0x1b, 0x02, 0x1b, 0xfd, 0x1a, 0x04, 0x1b, 0xfc, 0x1a,
  0x03, 0x1a, 0xfd, 0x19, 0x02, 0x1a, 0x00, 0x19, 0xff, 0x18, 0x01, 0x19,
  0xff, 0x18, 0x01, 0x18, 0x00, 0x17, 0xff, 0x16, 0x01, 0x16, 0xff, 0x15,
  0x02, 0x16, 0xfd, 0x14, 0x03, 0x14, 0xfd, 0x13, 0x03, 0x13, 0xfd, 0x11,
  0x02, 0x11, 0xff, 0x10, 0x00, 0x10, 0x01, 0x0f, 0xff, 0x0d, 0x00, 0x0d,
  0x01, 0x0c, 0xff, 0x0a, 0x01, 0x0a, 0xff, 0x08, 0x01, 0x08, 0xff, 0x06,
  0x01, 0x06, 0xff, 0x03, 0x01, 0x03, 0xff, 0x01, 0x01, 0x01, 0xff, 0xff,
  0x00, 0xfe, 0x01, 0xfd, 0xff, 0xfa, 0x01, 0xfa, 0xff, 0xf8, 0x01, 0xf8,
  0xff, 0xf6, 0x01, 0xf5, 0x00, 0xf4, 0xff, 0xf2, 0x01, 0xf1, 0x00, 0xf0,
  0xff, 0xee, 0x02, 0xee, 0xfe, 0xec, 0x01, 0xec, 0xff, 0xea, 0x01, 0xea,
  0xff, 0xe8, 0x02, 0xe8, 0xfe, 0xe6, 0x01, 0xe6, 0x00, 0xe5, 0xff, 0xe3,
  0x02, 0xe3, 0xfe, 0xe2, 0x02, 0xe2, 0xfe, 0xe1, 0x02, 0xe1, 0xfe, 0xdf,
  0x02, 0xe0, 0xfe, 0xde, 0x01, 0xdf, 0x01, 0xde, 0xfe, 0xdd, 0x01, 0xde,
  0x01, 0xdd, 0xfd, 0xdc, 0x04, 0xdd, 0xfc, 0xdc, 0x03, 0xdd, 0xff, 0xdb,
  0x00, 0xdc, 0xff, 0xdb, 0x02, 0xdc, 0xfe, 0xdb, 0x03, 0xdc, 0xfb, 0xdb,
  0x06, 0xdc, 0xfa, 0xdb, 0x06, 0xdc, 0xfb, 0xdb, 0x03, 0xdd, 0xff, 0xdc,
  0x00, 0xdd, 0x00, 0xdd, 0x01, 0xdd, 0xfe, 0xdc, 0x03, 0xde, 0xfd, 0xdd,
  0x02, 0xde, 0xff, 0xdd, 0x01, 0xdf, 0xfe, 0xde, 0x03, 0xdf, 0xfd, 0xdf,
  0x02, 0xe0, 0xff, 0xdf, 0x00, 0xe0, 0x00, 0xe1, 0x01, 0xe1, 0xfe, 0xe0,
  0x02, 0xe2, 0xfe, 0xe1, 0x02, 0xe2, 0xff, 0xe1, 0x00, 0xe3, 0x00, 0xe3,
  0x00, 0xe3, 0x00, 0xe4, 0x01, 0xe4, 0xfe, 0xe3, 0x02, 0xe4, 0xfe, 0xe4,
  0x03, 0xe5, 0xfc, 0xe4, 0x04, 0xe6, 0xfd, 0xe5, 0x02, 0xe6, 0xff, 0xe5,
  0x00, 0xe7, 0x01, 0xe7, 0xfe, 0xe7, 0x02, 0xe8, 0xff, 0xe7, 0x00, 0xe9,
  0x01, 0xe9, 0xfe, 0xe9, 0x01, 0xeb, 0x00, 0xeb, 0x00, 0xec, 0x00, 0xed,
  0x00, 0xed, 0x00, 0xee, 0x00, 0xef, 0x00, 0xef, 0x00, 0xf0, 0xff, 0xf0,
  0x02, 0xf2, 0xfe, 0xf2, 0x02, 0xf4, 0xfe, 0xf4, 0x02, 0xf6, 0xfe, 0xf6,
  0x01, 0xf9, 0x00, 0xfa, 0xff, 0xfa, 0x02, 0xfc, 0xfe, 0xfc, 0x01, 0xff,
  0x00, 0x00, 0x00, 0x01, 0x00, 0x02, 0xff, 0x03, 0x01, 0x05, 0x00, 0x06,
  0xff, 0x06, 0x02, 0x09, 0xfe, 0x09, 0x01, 0x0b, 0x01, 0x0d, 0xfd, 0x0d,
  0x03, 0x0f, 0xfe, 0x0f, 0x02, 0x11, 0xfe, 0x11, 0x02, 0x13, 0xfd, 0x13,
  0x04, 0x15, 0xfc, 0x15, 0x04, 0x17, 0xfc, 0x17, 0x02, 0x19, 0x00, 0x1a,
  0xff, 0x19, 0x02, 0x1b, 0xfd, 0x1b, 0x03, 0x1c, 0xfd, 0x1c, 0x03, 0x1e,
  0xfd, 0x1d, 0x02, 0x1f, 0xff, 0x1e, 0x00, 0x1f, 0x01, 0x1f, 0xff, 0x1f,
  0x01, 0x20, 0xfe, 0x1f, 0x03, 0x21, 0xfd, 0x20, 0x03, 0x21, 0xfe, 0x20,
  0x00, 0x21, 0x01, 0x21, 0xff, 0x20, 0x02, 0x21, 0xfd, 0x20, 0x02, 0x21,
  0xff, 0x20, 0x01, 0x21, 0xff, 0x20, 0x02, 0x21, 0xfc, 0x20, 0x05, 0x21,
  0xfc, 0x20, 0x02, 0x20, 0x00, 0x20, 0xff, 0x1f, 0x00, 0x20, 0x02, 0x20,
  0xfc, 0x1f, 0x04, 0x20, 0xfd, 0x1e, 0x01, 0x1f, 0x01, 0x1f, 0xfe, 0x1e,
  0x01, 0x1e, 0x00, 0x1e, 0xff, 0x1d, 0x02, 0x1e, 0xfe, 0x1d, 0x01, 0x1d,
  0x00, 0x1d, 0x00, 0x1d, 0x00, 0x1d, 0xff, 0x1b, 0x02, 0x1c, 0xfe, 0x1b,
  0x02, 0x1b, 0xfe, 0x1a, 0x01, 0x1b, 0x01, 0x1a, 0xfe, 0x19, 0x02, 0x19,
  0xfe, 0x18, 0x01, 0x18, 0x01, 0x18, 0xfe, 0x17, 0x02, 0x17, 0xfe, 0x16,
  0x02, 0x16, 0xfe, 0x14, 0x01, 0x14, 0x00, 0x14, 0x00, 0x13, 0x01, 0x13,
  0xfe, 0x11, 0x02, 0x11, 0xfd, 0x0f, 0x03, 0x0f, 0xfe, 0x0d, 0x02, 0x0d,
  0xfe, 0x0b, 0x01, 0x0b, 0xff, 0x09, 0x01, 0x09, 0xff, 0x07, 0x01, 0x06,
  0xfe, 0x04, 0x03, 0x04, 0xfd, 0x02, 0x02, 0x01, 0xfe, 0xff, 0x03, 0xfe,
  0xfc, 0xfc, 0x04, 0xfc, 0xfd, 0xfa, 0x01, 0xf9, 0x02, 0xf8, 0xfd, 0xf5,
  0x02, 0xf5, 0xff, 0xf3, 0x00, 0xf3, 0x01, 0xf1, 0x00, 0xf0, 0xff, 0xee,
  0x01, 0xee, 0xfe, 0xeb, 0x03, 0xeb, 0xfd, 0xe9, 0x03, 0xe9, 0xfd, 0xe7,
  0x03, 0xe7, 0xfd, 0xe5, 0x02, 0xe5, 0xff, 0xe3, 0x01, 0xe3, 0x00, 0xe3,
  0xff, 0xe1, 0x01, 0xe1, 0xfe, 0xe0, 0x04, 0xe0, 0xfc, 0xdf, 0x04, 0xdf,
  0xfb, 0xde, 0x04, 0xde, 0xfe, 0xdd, 0x01, 0xde, 0x01, 0xde, 0xfd, 0xdc,
  0x02, 0xdd, 0xff, 0xdc, 0x01, 0xdd, 0x00, 0xdd, 0xff, 0xdb, 0x00, 0xdc,
  0x00, 0xdc, 0x01, 0xdc, 0xff, 0xdb, 0x00, 0xdc, 0x00, 0xdc, 0x00, 0xdc,
  0x01, 0xdd, 0xfe, 0xdc, 0x02, 0xdd, 0xfe, 0xdc, 0x02, 0xdd, 0xff, 0xdc,
  0x00, 0xdd, 0x00, 0xde, 0x00, 0xde, 0x00, 0xde, 0x00, 0xde, 0x01, 0xde,
  0xfd, 0xde, 0x04, 0xdf, 0xfc, 0xde, 0x04, 0xdf, 0xfc, 0xdf, 0x03, 0xe0,
  0xfe, 0xdf, 0x02, 0xe1, 0xff, 0xe0, 0x00, 0xe1, 0x00, 0xe1, 0x00, 0xe2,
  0x00, 0xe2, 0x01, 0xe2, 0xfe, 0xe1, 0x02, 0xe2, 0xff, 0xe2, 0x00, 0xe3,
  0x01, 0xe3, 0xfe, 0xe2, 0x02, 0xe4, 0xff, 0xe3, 0x01, 0xe4, 0xff, 0xe3,
  0x01, 0xe5, 0xfe, 0xe4, 0x03, 0xe5, 0xfd, 0xe4, 0x03, 0xe5, 0xfd, 0xe5,
  0x02, 0xe6, 0xff, 0xe5, 0x01, 0xe7, 0xff, 0xe6, 0x00, 0xe7, 0x01, 0xe8,
  0xff, 0xe7, 0x02, 0xe9, 0xfd, 0xe8, 0x02, 0xea, 0xff, 0xe9, 0x01, 0xeb,
  0xff, 0xea, 0x01, 0xec, 0xff, 0xec, 0x01, 0xee, 0xff, 0xee, 0x01, 0xef,
  0xff, 0xef, 0x01, 0xf1, 0x00, 0xf2, 0xfe, 0xf2, 0x03, 0xf4, 0xfe, 0xf4,
  0x01, 0xf6, 0xff, 0xf6, 0x00, 0xf8, 0x01, 0xf9, 0xff, 0xf9, 0x01, 0xfb,
  0xfe, 0xfc, 0x03, 0xfe, 0xfd, 0xfe, 0x02, 0x00, 0xff, 0x00, 0x00, 0x03,
  0x01, 0x04, 0xff, 0x05, 0x00, 0x07, 0x00, 0x08, 0x01, 0x09, 0xff, 0x09,
  0x01, 0x0c, 0xfe, 0x0c, 0x02, 0x0e, 0xff, 0x0e, 0x00, 0x10, 0x01, 0x11,
  0xff, 0x11, 0x00, 0x14, 0x00, 0x15, 0x00, 0x16, 0x00, 0x17, 0x01, 0x17,
  0xff, 0x17, 0x00, 0x19, 0x00, 0x1a, 0x00, 0x1b, 0x01, 0x1c, 0xfe, 0x1b,
  0x03, 0x1d, 0xfd, 0x1c, 0x02, 0x1e, 0xff, 0x1d, 0x00, 0x1f, 0x01, 0x20,
  0xff, 0x1f, 0x00, 0x20, 0x01, 0x21, 0xfe, 0x20, 0x03, 0x21, 0xfd, 0x20,
  0x01, 0x22, 0x01, 0x22, 0xfe, 0x21, 0x02, 0x22, 0xff, 0x21, 0xff, 0x21,
  0x02, 0x23, 0xff, 0x22, 0xff, 0x22, 0x02, 0x23, 0xfe, 0x22, 0x02, 0x23,
  0xff, 0x22, 0xff, 0x22, 0x03, 0x23, 0xfb, 0x22, 0x06, 0x22, 0xfb, 0x21,
  0x03, 0x22, 0xff, 0x21, 0x00, 0x22, 0x00, 0x22, 0x01, 0x21, 0xfe, 0x20,
  0x02, 0x21, 0xfe, 0x20, 0x02, 0x20, 0xff, 0x1f, 0x00, 0x20, 0x00, 0x20,
  0x00, 0x1f, 0x00, 0x1f, 0x01, 0x1f, 0xfe, 0x1e, 0x01, 0x1e, 0x00, 0x1e,
  0x01, 0x1e, 0xff, 0x1c, 0x00, 0x1d, 0xff, 0x1c, 0x02, 0x1c, 0xfe, 0x1b,
  0x03, 0x1c, 0xfc, 0x1b, 0x03, 0x1c, 0xfe, 0x1a, 0x01, 0x1b, 0x01, 0x1b,
  0xfd, 0x19, 0x04, 0x1a, 0xfc, 0x19, 0x03, 0x1a, 0xff, 0x18, 0xff, 0x18,
  0x02, 0x19, 0xfe, 0x18, 0x01, 0x18, 0x00, 0x18, 0x00, 0x17, 0x00, 0x17,
  0x00, 0x17, 0x00, 0x16, 0x00, 0x16, 0x00, 0x15, 0x00, 0x15, 0x00, 0x14,
  0x01, 0x13, 0xff, 0x12, 0x00, 0x12, 0x00, 0x11, 0x00, 0x10, 0x01, 0x0f,
  0xff, 0x0e, 0x00, 0x0e, 0x00, 0x0d, 0x00, 0x0c, 0x01, 0x0b, 0xfe, 0x09,
  0x03, 0x09, 0xfc, 0x06, 0x04, 0x06, 0xfd, 0x04, 0x02, 0x04, 0xfe, 0x01,
  0x02, 0x01, 0xff, 0xff, 0x00, 0xff, 0x01, 0xfe, 0xfd, 0xfc, 0x05, 0xfb,
  0xfb, 0xf8, 0x04, 0xf8, 0xfd, 0xf6, 0x02, 0xf6, 0x00, 0xf5, 0xff, 0xf2,
  0x00, 0xf2, 0x01, 0xf1, 0xff, 0xef, 0x01, 0xef, 0x00, 0xee, 0xfe, 0xec,
  0x03, 0xec, 0xfd, 0xe9, 0x03, 0xe9, 0xfd, 0xe7, 0x04, 0xe7, 0xfb, 0xe6,
  0x05, 0xe6, 0xfb, 0xe4, 0x04, 0xe4, 0xfe, 0xe2, 0x00, 0xe2, 0x01, 0xe2,
  0xfe, 0xe0, 0x02, 0xe1, 0xff, 0xdf, 0x00, 0xe0, 0x00, 0xdf, 0xff, 0xde,
  0x02, 0xde, 0xff, 0xdd, 0x00, 0xde, 0x00, 0xde, 0xff, 0xdc, 0x02, 0xdd,
  0xfe, 0xdc, 0x02, 0xdd, 0xfe, 0xdc, 0x02, 0xdd, 0xfe, 0xdc, 0x01, 0xdd,
  0x00, 0xdd, 0x00, 0xdd, 0xff, 0xdc, 0x02, 0xdd, 0xfe, 0xdc, 0x02, 0xdd,
  0xfe, 0xdc, 0x01, 0xdd, 0x00, 0xde, 0x00, 0xde, 0x00, 0xde, 0x01, 0xde,
  0xfd, 0xdd, 0x05, 0xdf, 0xfa, 0xde, 0x06, 0xdf, 0xfb, 0xde, 0x04, 0xe0,
  0xfd, 0xdf, 0x02, 0xe0, 0xff, 0xdf, 0x00, 0xe1, 0x01, 0xe1, 0xfe, 0xe0,
  0x02, 0xe2, 0xff, 0xe1, 0x01, 0xe2, 0xff, 0xe2, 0x00, 0xe3, 0x00, 0xe3,
  0x01, 0xe4, 0xfe, 0xe3, 0x03, 0xe4, 0xfd, 0xe3, 0x02, 0xe5, 0x00, 0xe5,
  0xfe, 0xe5, 0x02, 0xe6, 0xff, 0xe5, 0x00, 0xe6, 0x01, 0xe7, 0xff, 0xe6,
  0x00, 0xe8, 0x01, 0xe8, 0xfe, 0xe8, 0x02, 0xe9, 0xff, 0xe8, 0x00, 0xea,
  0x02, 0xea, 0xfd, 0xea, 0x03, 0xec, 0xfc, 0xeb, 0x04, 0xed, 0xfd, 0xed,
  0x03, 0xee, 0xfd, 0xee, 0x02, 0xf0, 0xff, 0xf0, 0x00, 0xf2, 0x01, 0xf3,
  0xfd, 0xf2, 0x04, 0xf4, 0xfd, 0xf4, 0x02, 0xf7, 0xff, 0xf7, 0x00, 0xf9,
  0x00, 0xfa, 0x00, 0xfb, 0x01, 0xfc, 0xfe, 0xfd, 0x02, 0xff, 0xff, 0xff,
  0x00, 0x01, 0x01, 0x02, 0xfe, 0x03, 0x02, 0x05, 0xff, 0x05, 0x00, 0x07,
  0x00, 0x09, 0x00, 0x0a, 0x00, 0x0b, 0x00, 0x0c, 0x00, 0x0d, 0xff, 0x0e,
  0x02, 0x10, 0xfe, 0x10, 0x01, 0x12, 0x00, 0x13, 0xff, 0x13, 0x01, 0x15,
  0x00, 0x16, 0xff, 0x16, 0x02, 0x18, 0xfe, 0x17, 0x01, 0x19, 0xff, 0x19,
  0x01, 0x1a, 0x00, 0x1b, 0xff, 0x1b, 0x01, 0x1d, 0xfe, 0x1c, 0x03, 0x1e,
  0xfd, 0x1d, 0x03, 0x1e, 0xfc, 0x1e, 0x04, 0x1f, 0xfd, 0x1f, 0x02, 0x20,
  0x00, 0x20, 0xfe, 0x1f, 0x03, 0x21, 0xfe, 0x20, 0x00, 0x21, 0x02, 0x21,
  0xfe, 0x20, 0x00, 0x21, 0x02, 0x21, 0xfd, 0x20, 0x04, 0x21, 0xfc, 0x20,
  0x03, 0x21, 0xfe, 0x20, 0x01, 0x21, 0x00, 0x21, 0x00, 0x21, 0xff, 0x20,
  0x03, 0x21, 0xfb, 0x1f, 0x06, 0x20, 0xfa, 0x1f, 0x06, 0x20, 0xfa, 0x1f,
  0x05, 0x1f, 0xfd, 0x1e, 0x02, 0x1f, 0xfe, 0x1e, 0x01, 0x1f, 0x00, 0x1e,
  0xff, 0x1d, 0x03, 0x1e, 0xfc, 0x1d, 0x03, 0x1d, 0xff, 0x1c, 0xff, 0x1c,
  0x02, 0x1d, 0xfe, 0x1b, 0x02, 0x1c, 0xfe, 0x1b, 0x02, 0x1c, 0xfe, 0x1b,
  0x02, 0x1b, 0xff, 0x1a, 0xff, 0x1a, 0x02, 0x1a, 0xfe, 0x19, 0x02, 0x1a,
  0xfe, 0x18, 0x01, 0x19, 0x00, 0x18, 0xff, 0x17, 0x02, 0x17, 0xfe, 0x16,
  0x01, 0x16, 0x00, 0x16, 0x00, 0x15, 0xff, 0x14, 0x03, 0x14, 0xfc, 0x12,
  0x04, 0x12, 0xfc, 0x10, 0x04, 0x10, 0xfd, 0x0f, 0x02, 0x0f, 0xff, 0x0d,
  0x00, 0x0d, 0x00, 0x0b, 0x00, 0x0a, 0x00, 0x09, 0x00, 0x08, 0x01, 0x07,
  0xff, 0x05, 0x00, 0x05, 0x01, 0x03, 0xfe, 0x01, 0x02, 0x01, 0xff, 0xff,
  0x00, 0xff, 0x02, 0xfe, 0xfd, 0xfb, 0x03, 0xfb, 0xfd, 0xf8, 0x03, 0xf8,
  0xfd, 0xf6, 0x02, 0xf6, 0xff, 0xf3, 0x01, 0xf3, 0x00, 0xf2, 0xff, 0xf0,
  0x00, 0xf0, 0x00, 0xef, 0x01, 0xee, 0xff, 0xec, 0x01, 0xec, 0xfe, 0xe9,
  0x02, 0xe9, 0xff, 0xe8, 0x00, 0xe8, 0x00, 0xe7, 0x00, 0xe6, 0xff, 0xe4,
  0x02, 0xe4, 0xfe, 0xe2, 0x02, 0xe3, 0xfe, 0xe1, 0x01, 0xe2, 0x00, 0xe1,
  0x00, 0xe0, 0x01, 0xe0, 0xfe, 0xde, 0x02, 0xdf, 0xfd, 0xde, 0x04, 0xde,
  0xfc, 0xdd, 0x04, 0xde, 0xfd, 0xdc, 0x02, 0xdd, 0xfe, 0xdc, 0x01, 0xdd,
  0x00, 0xdd, 0x00, 0xdd, 0x01, 0xdc, 0xfe, 0xdb, 0x02, 0xdc, 0xfe, 0xdb,
  0x02, 0xdc, 0xff, 0xdb, 0x00, 0xdc, 0x00, 0xdc, 0x00, 0xdc, 0x00, 0xdd,
  0x01, 0xdd, 0xfe, 0xdc, 0x02, 0xdd, 0xff, 0xdc, 0x00, 0xdd, 0x01, 0xdd,
  0xfe, 0xdd, 0x02, 0xde, 0xff, 0xdd, 0x01, 0xdf, 0xfe, 0xde, 0x03, 0xdf,
  0xfc, 0xde, 0x04, 0xe0, 0xfc, 0xdf, 0x04, 0xe0, 0xfd, 0xdf, 0x01, 0xe1,
  0x00, 0xe1, 0xff, 0xe0, 0x02, 0xe1, 0xfe, 0xe1, 0x02, 0xe2, 0xfe, 0xe1,
  0x01, 0xe2, 0x00, 0xe3, 0x00, 0xe3, 0x00, 0xe3, 0x00, 0xe4, 0xff, 0xe3,
  0x01, 0xe4, 0x01, 0xe4, 0xfe, 0xe3, 0x02, 0xe5, 0xfd, 0xe4, 0x03, 0xe5,
  0xfe, 0xe5, 0x02, 0xe6, 0xfd, 0xe5, 0x04, 0xe6, 0xfc, 0xe6, 0x03, 0xe7,
  0xff, 0xe7, 0xff, 0xe7, 0x03, 0xe8, 0xfc, 0xe8, 0x04, 0xe9, 0xfd, 0xe9,
  0x02, 0xea, 0x00, 0xeb, 0xfe, 0xeb, 0x02, 0xec, 0xff, 0xec, 0x00, 0xee,
  0x01, 0xee, 0xfe, 0xee, 0x02, 0xf0, 0xff, 0xf0, 0x00, 0xf2, 0x00, 0xf3,
  0x00, 0xf4, 0xff, 0xf4, 0x02, 0xf6, 0xfe, 0xf6, 0x01, 0xf8, 0x00, 0xf9,
  0xff, 0xf9, 0x01, 0xfb, 0xff, 0xfb, 0x01, 0xfe, 0xff, 0xfe, 0x01, 0x00,
  0xff, 0x00, 0x01, 0x02, 0xff, 0x02, 0x01, 0x05, 0xff, 0x05, 0x01, 0x08,
  0xff, 0x08, 0x01, 0x0a, 0xff, 0x0a, 0x01, 0x0d, 0xff, 0x0d, 0x00, 0x0f,
  0x01, 0x10, 0xff, 0x10, 0x01, 0x12, 0x00, 0x13, 0xfe, 0x13, 0x03, 0x15,
  0xfd, 0x15, 0x03, 0x17, 0xfd, 0x17, 0x02, 0x19, 0x00, 0x1a, 0xfe, 0x19,
  0x03, 0x1b, 0xfc, 0x1b, 0x05, 0x1d, 0xfb, 0x1c, 0x04, 0x1e, 0xfd, 0x1d,
  0x02, 0x1f, 0x00, 0x1f, 0xfe, 0x1f, 0x03, 0x20, 0xfc, 0x1f, 0x04, 0x21,
  0xfe, 0x20, 0x00, 0x21, 0x01, 0x21, 0xff, 0x21, 0x00, 0x22, 0x01, 0x22,
  0xff, 0x21, 0x00, 0x22, 0x01, 0x22, 0xff, 0x21, 0x00, 0x22, 0x00, 0x22,
  0x00, 0x22, 0x00, 0x22, 0x01, 0x22, 0xff, 0x21, 0x00, 0x22, 0x00, 0x22,
  0x00, 0x22, 0x00, 0x22, 0x00, 0x22, 0x01, 0x21, 0xfd, 0x20, 0x03, 0x21,
  0xfe, 0x20, 0x01, 0x21, 0x00, 0x20, 0xff, 0x1f, 0x00, 0x20, 0x02, 0x1f,
  0xfd, 0x1e, 0x04, 0x1f, 0xfc, 0x1e, 0x03, 0x1f, 0xfd, 0x1d, 0x03, 0x1e,
  0xfe, 0x1d, 0x01, 0x1d, 0x00, 0x1d, 0xfe, 0x1c, 0x04, 0x1d, 0xfb, 0x1b,
  0x05, 0x1c, 0xfb, 0x1a, 0x04, 0x1b, 0xfe, 0x1a, 0x01, 0x1b, 0xff, 0x19,
  0x01, 0x1a, 0xff, 0x19, 0x01, 0x1a, 0xff, 0x18, 0x01, 0x19, 0xff, 0x17,
  0x01, 0x18, 0xff, 0x17, 0x00, 0x17, 0x02, 0x17, 0xfc, 0x15, 0x05, 0x16,
  0xfb, 0x14, 0x04, 0x15, 0xfe, 0x13, 0x00, 0x13, 0x01, 0x13, 0xff, 0x11,
  0x00, 0x11, 0x00, 0x11, 0x01, 0x10, 0xfe, 0x0e, 0x03, 0x0e, 0xfd, 0x0c,
  0x02, 0x0c, 0xff, 0x0a, 0x00, 0x0a, 0x01, 0x09, 0xff, 0x07, 0x01, 0x07,
  0xff, 0x05, 0x00, 0x04, 0x01, 0x03, 0xff, 0x01, 0x01, 0x01, 0xfe, 0xff,
  0x02, 0xfe, 0xff, 0xfc, 0x00, 0xfc, 0x00, 0xfb, 0x00, 0xfa, 0xff, 0xf7,
  0x03, 0xf7, 0xfc, 0xf5, 0x02, 0xf4, 0x00, 0xf3, 0xff, 0xf1, 0x02, 0xf0,
  0xfd, 0xee, 0x03, 0xee, 0xfe, 0xec, 0x01, 0xec, 0x00, 0xea, 0xff, 0xe8,
  0x02, 0xe9, 0xfe, 0xe7, 0x01, 0xe7, 0x00, 0xe6, 0x00, 0xe5, 0x01, 0xe4,
  0xfe, 0xe3, 0x02, 0xe3, 0xfe, 0xe2, 0x03, 0xe2, 0xfc, 0xe0, 0x04, 0xe1,
  0xfd, 0xdf, 0x02, 0xe0, 0xff, 0xde, 0x01, 0xdf, 0xfe, 0xde, 0x02, 0xde,
  0xff, 0xdd, 0x01, 0xde, 0x00, 0xde, 0xff, 0xdd, 0x01, 0xdd, 0xff, 0xdc,
  0x02, 0xdd, 0xfe, 0xdc, 0x01, 0xdd, 0x01, 0xdd, 0xfe, 0xdc, 0x02, 0xdd,
  0xfe, 0xdc, 0x02, 0xdd, 0xff, 0xdc, 0x00, 0xde, 0x01, 0xde, 0xff, 0xdd,
  0x00, 0xde, 0x01, 0xde, 0xfe, 0xdd, 0x02, 0xdf, 0x00, 0xdf, 0xff, 0xde,
  0x01, 0xdf, 0xff, 0xdf, 0x00, 0xe0, 0x01, 0xe0, 0xff, 0xdf, 0x00, 0xe0,
  0x01, 0xe1, 0xff, 0xe0, 0x01, 0xe1, 0xff, 0xe0, 0x00, 0xe2, 0x01, 0xe2,
  0xff, 0xe1, 0x02, 0xe3, 0xfd, 0xe2, 0x04, 0xe3, 0xfc, 0xe2, 0x03, 0xe4,
  0xff, 0xe3, 0xff, 0xe3, 0x02, 0xe4, 0xfe, 0xe4, 0x01, 0xe5, 0x00, 0xe5,
  0xff, 0xe5, 0x02, 0xe6, 0xfe, 0xe5, 0x01, 0xe7, 0xff, 0xe6, 0x01, 0xe8,
  0x00, 0xe8, 0x00, 0xe8, 0x00, 0xe9, 0xff, 0xe8, 0x01, 0xea, 0x00, 0xeb,
  0x00, 0xeb, 0x00, 0xec, 0xff, 0xeb, 0x01, 0xed, 0x00, 0xee, 0xff, 0xee,
  0x02, 0xef, 0xfc, 0xef, 0x05, 0xf1, 0xfc, 0xf1, 0x02, 0xf3, 0xff, 0xf3,
  0x01, 0xf5, 0xfe, 0xf5, 0x04, 0xf7, 0xfb, 0xf7, 0x04, 0xf9, 0xfe, 0xf9,
  0x01, 0xfb, 0x00, 0xfc, 0xff, 0xfd, 0x02, 0xff, 0xfe, 0xff, 0x02, 0x01,
  0xfe, 0x01, 0x01, 0x04, 0x00, 0x05, 0x00, 0x07, 0x00, 0x08, 0x00, 0x09,
  0xff, 0x09, 0x01, 0x0b, 0xff, 0x0c, 0x01, 0x0e, 0xff, 0x0e, 0x01, 0x10,
  0xff, 0x10, 0x01, 0x12, 0xff, 0x12, 0x01, 0x14, 0xff, 0x14, 0x01, 0x17,
  0x00, 0x17, 0xff, 0x17, 0x01, 0x19, 0xff, 0x19, 0x00, 0x1a, 0x02, 0x1b,
  0xfd, 0x1b, 0x03, 0x1d, 0xfd, 0x1c, 0x03, 0x1d, 0xfd, 0x1d, 0x04, 0x1f,
  0xfb, 0x1e, 0x05, 0x20, 0xfc, 0x1f, 0x03, 0x20, 0xff, 0x1f, 0xff, 0x20,
  0x02, 0x21, 0xfd, 0x20, 0x03, 0x22, 0xff, 0x21, 0xff, 0x21, 0x02, 0x22,
  0xfd, 0x21, 0x03, 0x22, 0xfe, 0x21, 0x01, 0x22, 0x00, 0x22, 0xff, 0x21,
  0x02, 0x22, 0xfe, 0x21, 0x01, 0x22, 0x01, 0x22, 0xfd, 0x21, 0x04, 0x22,
  0xfd, 0x21, 0x01, 0x21, 0x01, 0x21, 0xfd, 0x20, 0x04, 0x21, 0xfc, 0x20,
  0x04, 0x20, 0xfc, 0x1f, 0x03, 0x20, 0xfd, 0x1f, 0x04, 0x20, 0xfb, 0x1e,
  0x05, 0x1f, 0xfb, 0x1e, 0x04, 0x1f, 0xfe, 0x1d, 0x01, 0x1e, 0xff, 0x1d,
  0x00, 0x1e, 0x01, 0x1d, 0xff, 0x1c, 0x02, 0x1d, 0xfc, 0x1c, 0x04, 0x1c,
  0xfd, 0x1b, 0x02, 0x1c, 0x00, 0x1c, 0xfe, 0x1a, 0x02, 0x1b, 0xff, 0x1a,
  0x00, 0x1b, 0x00, 0x1a, 0x01, 0x1a, 0xfe, 0x19, 0x02, 0x19, 0x00, 0x19,
  0xfe, 0x18, 0x03, 0x18, 0xfd, 0x17, 0x01, 0x18, 0x01, 0x17, 0xfe, 0x16,
  0x03, 0x16, 0xfe, 0x14, 0x00, 0x15, 0x00, 0x14, 0x00, 0x14, 0x00, 0x13,
  0x01, 0x12, 0xff, 0x11, 0x01, 0x11, 0xff, 0x0f, 0x00, 0x0f, 0x00, 0x0e,
  0x00, 0x0d, 0x01, 0x0c, 0xff, 0x0a, 0x01, 0x0b, 0xfe, 0x09, 0x03, 0x08,
  0xfc, 0x06, 0x05, 0x06, 0xfb, 0x04, 0x03, 0x04, 0x00, 0x03, 0xff, 0x00,
  0x01, 0x00, 0xfe, 0xfe, 0x02, 0xfe, 0xff, 0xfb, 0x01, 0xfb, 0xff, 0xf9,
  0x00, 0xf9, 0x01, 0xf7, 0xff, 0xf5, 0x01, 0xf5, 0xff, 0xf2, 0x02, 0xf2,
  0xfd, 0xf0, 0x04, 0xef, 0xfb, 0xed, 0x06, 0xed, 0xfa, 0xeb, 0x05, 0xeb,
  0xfc, 0xe9, 0x03, 0xe9, 0xff, 0xe7, 0xfe, 0xe6, 0x03, 0xe6, 0xfd, 0xe4,
  0x04, 0xe5, 0xfc, 0xe3, 0x03, 0xe3, 0xfd, 0xe1, 0x02, 0xe2, 0x00, 0xe1,
  0x00, 0xe1, 0x00, 0xe0, 0x00, 0xdf, 0x00, 0xdf, 0xff, 0xde, 0x02, 0xde,
  0xfe, 0xdd, 0x02, 0xde, 0xff, 0xdd, 0x00, 0xdd, 0xff, 0xdc, 0x02, 0xdd,
  0xfe, 0xdc, 0x01, 0xdd, 0x00, 0xdd, 0x00, 0xdd, 0x00, 0xdd, 0x00, 0xdd,
  0xff, 0xdc, 0x01, 0xdd, 0x01, 0xdd, 0xfe, 0xdc, 0x01, 0xdd, 0x00, 0xdd,
  0xff, 0xdc, 0x02, 0xdd, 0xfe, 0xdd, 0x01, 0xde, 0xff, 0xdd, 0x02, 0xde,
  0xfd, 0xde, 0x04, 0xdf, 0xfc, 0xde, 0x04, 0xdf, 0xfb, 0xdf, 0x06, 0xe0,
  0xfa, 0xdf, 0x06, 0xe0, 0xfb, 0xe0, 0x03, 0xe1, 0xfe, 0xe0, 0x02, 0xe2,
  0xfe, 0xe1, 0x02, 0xe2, 0xfe, 0xe1, 0x02, 0xe3, 0xfe, 0xe2, 0x02, 0xe3,
  0xfe, 0xe3, 0x01, 0xe4, 0x00, 0xe4, 0x00, 0xe5, 0x00, 0xe5, 0xff, 0xe4,
  0x02, 0xe6, 0xfd, 0xe5, 0x03, 0xe7, 0xfe, 0xe6, 0x01, 0xe7, 0x00, 0xe8,
  0xff, 0xe7, 0x01, 0xe9, 0xff, 0xe8, 0x02, 0xea, 0xfd, 0xe9, 0x03, 0xeb,
  0xfd, 0xea, 0x03, 0xec, 0xfd, 0xec, 0x04, 0xee, 0xfb, 0xed, 0x05, 0xef,
  0xfc, 0xef, 0x02, 0xf1, 0x00, 0xf1, 0xfe, 0xf1, 0x04, 0xf3, 0xfb, 0xf3,
  0x05, 0xf5, 0xfb, 0xf5, 0x04, 0xf7, 0xfe, 0xf7, 0x00, 0xfa, 0x01, 0xfb,
  0xff, 0xfb, 0x01, 0xfd, 0xff, 0xfe, 0x00, 0x00, 0x02, 0x01, 0xfd, 0x01,
  0x03, 0x04, 0xfe, 0x04, 0xff, 0x05, 0x04, 0x07, 0xfb, 0x07, 0x04, 0x0a,
  0xfd, 0x0a, 0x02, 0x0c, 0xff, 0x0c, 0x00, 0x0f, 0x01, 0x10, 0xff, 0x10,
  0x00, 0x12, 0x01, 0x13, 0xfe, 0x13, 0x02, 0x15, 0x00, 0x16, 0xff, 0x16,
  0x01, 0x18, 0xff, 0x17, 0xff, 0x18, 0x03, 0x1a, 0xfc, 0x1a, 0x05, 0x1b,
  0xfb, 0x1b, 0x03, 0x1d, 0xff, 0x1c, 0xff, 0x1d, 0x02, 0x1e, 0xff, 0x1e,
  0x00, 0x1f, 0x00, 0x1f, 0x00, 0x20, 0xff, 0x1f, 0x03, 0x21, 0xfd, 0x20,
  0x02, 0x21, 0xff, 0x20, 0x00, 0x21, 0x01, 0x21, 0x00, 0x22, 0xfe, 0x21,
  0x03, 0x22, 0xfe, 0x21, 0x01, 0x22, 0x00, 0x22, 0xff, 0x21, 0x01, 0x22,
  0xff, 0x21, 0x02, 0x22, 0xfd, 0x20, 0x03, 0x21, 0xfd, 0x20, 0x02, 0x21,
  0xff, 0x20, 0x01, 0x21, 0xff, 0x1f, 0x01, 0x20, 0xfe, 0x1f, 0x03, 0x1f,
  0xfd, 0x1e, 0x04, 0x1f, 0xfb, 0x1e, 0x04, 0x1f, 0xfe, 0x1d, 0x00, 0x1e,
  0x02, 0x1e, 0xfd, 0x1d, 0x02, 0x1d, 0xff, 0x1c, 0x01, 0x1d, 0xff, 0x1c,
  0x00, 0x1d, 0x01, 0x1c, 0xff, 0x1b, 0x01, 0x1c, 0x00, 0x1c, 0xff, 0x1a,
  0x01, 0x1b, 0x00, 0x1b, 0xff, 0x19, 0x02, 0x1a, 0xfe, 0x19, 0x01, 0x1a,
  0x00, 0x19, 0xff, 0x18, 0x01, 0x18, 0x00, 0x18, 0xff, 0x16, 0x01, 0x17,
  0x00, 0x16, 0xfe, 0x15, 0x03, 0x15, 0xfd, 0x14, 0x03, 0x14, 0xfe, 0x12,
  0x01, 0x12, 0xff, 0x11, 0x00, 0x11, 0x02, 0x10, 0xfd, 0x0e, 0x04, 0x0e,
  0xfc, 0x0c, 0x03, 0x0c, 0xfd, 0x0a, 0x03, 0x0a, 0xff, 0x08, 0x00, 0x08,
  0x00, 0x07, 0xff, 0x04, 0x01, 0x04, 0x00, 0x03, 0x00, 0x02, 0x00, 0x01,
  0x00, 0x00, 0xff, 0xfd, 0x01, 0xfd, 0xff, 0xfb, 0x02, 0xfb, 0xff, 0xf8,
  0xff, 0xf7, 0x01, 0xf6, 0xff, 0xf4, 0x02, 0xf4, 0xfe, 0xf1, 0x02, 0xf1,
  0xfd, 0xef, 0x04, 0xef, 0xfc, 0xed, 0x04, 0xed, 0xfc, 0xeb, 0x04, 0xeb,
  0xfc, 0xe9, 0x04, 0xe9, 0xfd, 0xe7, 0x02, 0xe7, 0xff, 0xe5, 0x00, 0xe5,
  0x01, 0xe4, 0xfe, 0xe3, 0x03, 0xe3, 0xfc, 0xe1, 0x04, 0xe1, 0xfd, 0xe0,
  0x02, 0xe0, 0xfe, 0xdf, 0x03, 0xe0, 0xfb, 0xde, 0x07, 0xdf, 0xf8, 0xdd,
  0x08, 0xde, 0xf9, 0xdc, 0x06, 0xdd, 0xfc, 0xdc, 0x01, 0xdd, 0x01, 0xdd,
  0xfe, 0xdc, 0x02, 0xdc, 0x00, 0xdc, 0xfe, 0xdb, 0x02, 0xdc, 0xff, 0xdb,
  0x00, 0xdc, 0x01, 0xdc, 0xff, 0xdb, 0x00, 0xdc, 0x01, 0xdc, 0xfe, 0xdc,
  0x02, 0xdd, 0xff, 0xdc, 0x00, 0xdd, 0x00, 0xdd, 0x00, 0xdd, 0x00, 0xdd,
  0x00, 0xde, 0x00, 0xde, 0x00, 0xde, 0x00, 0xde, 0x00, 0xdf, 0x00, 0xdf,
  0x00, 0xdf, 0x01, 0xdf, 0xfe, 0xdf, 0x02, 0xe0, 0xfe, 0xdf, 0x02, 0xe1,
  0xfe, 0xe0, 0x02, 0xe1, 0xfe, 0xe0, 0x02, 0xe2, 0xfe, 0xe1, 0x01, 0xe2,
  0xff, 0xe1, 0x01, 0xe3, 0x00, 0xe3, 0x00, 0xe3, 0xff, 0xe3, 0x02, 0xe4,
  0xfe, 0xe3, 0x01, 0xe4, 0x00, 0xe4, 0xff, 0xe4, 0x03, 0xe5, 0xfc, 0xe4,
  0x03, 0xe5, 0xfe, 0xe5, 0x01, 0xe6, 0x01, 0xe6, 0xfe, 0xe5, 0x01, 0xe7,
  0xff, 0xe6, 0x02, 0xe8, 0xff, 0xe7, 0x01, 0xe8, 0xfe, 0xe8, 0x01, 0xe9,
  0x00, 0xea, 0x01, 0xea, 0x00, 0xeb, 0xfe, 0xea, 0x02, 0xec, 0xfe, 0xec,
  0x02, 0xed, 0xff, 0xed, 0x00, 0xef, 0x00, 0xf0, 0x00, 0xf1, 0x00, 0xf1,
  0x00, 0xf2, 0x00, 0xf3, 0x00, 0xf4, 0x00, 0xf5, 0x00, 0xf6, 0x00, 0xf7,
  0x00, 0xf8, 0x00, 0xfa, 0xff, 0xfa, 0x03, 0xfc, 0xfb, 0xfc, 0x05, 0xfe,
  0xfd, 0xfe, 0x01, 0x00, 0x00, 0x02, 0xff, 0x02, 0x02, 0x04, 0xfd, 0x05,
  0x05, 0x07, 0xf9, 0x08, 0x07, 0x0a, 0xfa, 0x0a, 0x05, 0x0c, 0xfc, 0x0d,
  0x04, 0x0f, 0xfb, 0x0f, 0x06, 0x11, 0xfa, 0x11, 0x05, 0x13, 0xfd, 0x13,
  0x00, 0x15, 0x02, 0x16, 0xfe, 0x16, 0x01, 0x18, 0x00, 0x18, 0xff, 0x18,
  0x01, 0x1b, 0x00, 0x1b, 0xff, 0x1b, 0x01, 0x1c, 0x00, 0x1d, 0xff, 0x1d,
  0x01, 0x1e, 0x00, 0x1f, 0xfe, 0x1e, 0x04, 0x20, 0xfb, 0x1f, 0x05, 0x20,
  0xfb, 0x20, 0x05, 0x21, 0xfb, 0x20, 0x04, 0x22, 0xfe, 0x21, 0x00, 0x22,
  0x02, 0x22, 0xfd, 0x21, 0x03, 0x22, 0xfd, 0x21, 0x03, 0x23, 0xfe, 0x22,
  0x02, 0x23, 0xfe, 0x21, 0x00, 0x23, 0x01, 0x23, 0x00, 0x23, 0xff, 0x22,
  0x02, 0x23, 0xfd, 0x21, 0x02, 0x22, 0x00, 0x22, 0xff, 0x21, 0x01, 0x22,
  0x00, 0x22, 0xff, 0x21, 0x01, 0x21, 0xff, 0x20, 0x01, 0x21, 0x00, 0x20,
  0x00, 0x20, 0xff, 0x1f, 0x01, 0x20, 0x00, 0x20, 0x00, 0x1f, 0xff, 0x1e,
  0x03, 0x1e, 0xfc, 0x1d, 0x03, 0x1e, 0xff, 0x1d, 0xff, 0x1c, 0x02, 0x1d,
  0xfe, 0x1c, 0x02, 0x1d, 0xfe, 0x1b, 0x02, 0x1c, 0xfe, 0x1b, 0x02, 0x1c,
  0xfe, 0x1a, 0x02, 0x1b, 0xfe, 0x1a, 0x02, 0x1b, 0xfe, 0x19, 0x01, 0x1a,
  0x00, 0x1a, 0x00, 0x1a, 0x00, 0x19, 0x00, 0x19, 0xff, 0x18, 0x02, 0x18,
  0xfe, 0x17, 0x02, 0x17, 0xfe, 0x16, 0x01, 0x16, 0x00, 0x16, 0x00, 0x15,
  0x00, 0x14, 0x00, 0x14, 0xff, 0x12, 0x02, 0x12, 0xfe, 0x11, 0x01, 0x11,
  0x00, 0x10, 0x00, 0x0f, 0x00, 0x0e, 0x01, 0x0d, 0xfd, 0x0b, 0x03, 0x0b,
  0xfe, 0x09, 0x01, 0x08, 0x01, 0x07, 0xfd, 0x05, 0x04, 0x05, 0xfc, 0x02,
  0x03, 0x02, 0xfe, 0x00, 0x01, 0xff, 0x00, 0xfe, 0xff, 0xfc, 0x02, 0xfc,
  0xfe, 0xf9, 0x02, 0xf9, 0xfd, 0xf7, 0x03, 0xf6, 0xfe, 0xf4, 0x02, 0xf4,
  0xff, 0xf1, 0xff, 0xf0, 0x02, 0xf0, 0xfe, 0xed, 0x02, 0xed, 0xfe, 0xeb,
  0x02, 0xeb, 0xff, 0xe9, 0x00, 0xe9, 0x00, 0xe9, 0xff, 0xe7, 0x02, 0xe7,
  0xff, 0xe5, 0x00, 0xe5, 0x00, 0xe4, 0x00, 0xe4, 0xff, 0xe2, 0x03, 0xe2,
  0xfd, 0xe1, 0x01, 0xe1, 0x01, 0xe1, 0xfe, 0xdf, 0x02, 0xe0, 0xff, 0xde,
  0xff, 0xde, 0x02, 0xdf, 0xfe, 0xdd, 0x01, 0xde, 0x00, 0xde, 0xfe, 0xdd,
  0x03, 0xde, 0xfd, 0xdd, 0x02, 0xdd, 0x00, 0xdd, 0xfe, 0xdd, 0x03, 0xde,
  0xfd, 0xdd, 0x03, 0xde, 0xfd, 0xdd, 0x03, 0xde, 0xfd, 0xdd, 0x03, 0xde,
  0xfd, 0xdd, 0x03, 0xde, 0xfe, 0xde, 0x00, 0xdf, 0x01, 0xdf, 0xff, 0xde,
  0x02, 0xdf, 0xfe, 0xde, 0x01, 0xe0, 0x00, 0xe0, 0xff, 0xdf, 0x03, 0xe0,
  0xfc, 0xe0, 0x03, 0xe1, 0xfe, 0xe0, 0x02, 0xe1, 0xfe, 0xe0, 0x02, 0xe2,
  0xfe, 0xe1, 0x01, 0xe2, 0x01, 0xe3, 0xfe, 0xe2, 0x02, 0xe3, 0xfe, 0xe2,
  0x02, 0xe4, 0xfe, 0xe3, 0x03, 0xe5, 0xfc, 0xe4, 0x05, 0xe5, 0xfb, 0xe4,
  0x04, 0xe6, 0xfd, 0xe5, 0x02, 0xe7, 0x00, 0xe7, 0xff, 0xe7, 0x01, 0xe8,
  0xfe, 0xe8, 0x03, 0xe9, 0xfe, 0xe9, 0x00, 0xea, 0x02, 0xeb, 0xfc, 0xeb,
  0x05, 0xec, 0xfb, 0xec, 0x04, 0xee, 0xfd, 0xed, 0x03, 0xef, 0xfd, 0xef,
  0x02, 0xf1, 0xff, 0xf1, 0x00, 0xf3, 0x01, 0xf4, 0xfe, 0xf4, 0x02, 0xf6,
  0xff, 0xf6, 0x01, 0xf8, 0xff, 0xf8, 0x00, 0xfa, 0x00, 0xfb, 0x01, 0xfd,
  0xff, 0xfd, 0x01, 0xff, 0xfe, 0xff, 0x03, 0x02, 0xfd, 0x02, 0x03, 0x05,
  0xfd, 0x05, 0x02, 0x07, 0xfe, 0x08, 0x04, 0x0a, 0xfc, 0x0a, 0x02, 0x0c,
  0x00, 0x0d, 0xff, 0x0d, 0x01, 0x10, 0x00, 0x11, 0xff, 0x11, 0x01, 0x13,
  0x01, 0x14, 0xfd, 0x14, 0x03, 0x16, 0xfd, 0x16, 0x03, 0x18, 0xfe, 0x18,
  0x02, 0x1a, 0xfe, 0x1a, 0x00, 0x1c, 0x02, 0x1c, 0xfd, 0x1c, 0x04, 0x1d,
  0xfd, 0x1d, 0x00, 0x1e, 0x02, 0x1f, 0xfe, 0x1e, 0x01, 0x20, 0x01, 0x20,
  0xfd, 0x20, 0x04, 0x21, 0xfd, 0x20, 0x01, 0x21, 0x01, 0x22, 0xfe, 0x21,
  0x02, 0x22, 0xff, 0x21, 0x00, 0x22, 0x01, 0x22, 0xff, 0x21, 0x00, 0x22,
  0x00, 0x22, 0x01, 0x22, 0xff, 0x21, 0x01, 0x22, 0xfe, 0x21, 0x03, 0x22,
  0xfd, 0x21, 0x03, 0x22, 0xfd, 0x21, 0x02, 0x22, 0xff, 0x21, 0x00, 0x21,
  0x02, 0x21, 0xfc, 0x20, 0x05, 0x21, 0xfa, 0x20, 0x05, 0x20, 0xfd, 0x1f,
  0x02, 0x20, 0xff, 0x1f, 0x00, 0x1f, 0x00, 0x1f, 0x00, 0x1f, 0x00, 0x1f,
  0x01, 0x1e, 0xfe, 0x1d, 0x02, 0x1e, 0xfe, 0x1d, 0x02, 0x1d, 0xff, 0x1c,
  0x00, 0x1d, 0x01, 0x1d, 0xfd, 0x1b, 0x04, 0x1c, 0xfd, 0x1b, 0x02, 0x1c,
  0x00, 0x1c, 0xfd, 0x1a, 0x04, 0x1b, 0xfc, 0x1a, 0x04, 0x1a, 0xfd, 0x19,
  0x01, 0x1a, 0x00, 0x19, 0x00, 0x19, 0xff, 0x18, 0x02, 0x18, 0xfd, 0x17,
  0x03, 0x17, 0xfe, 0x16, 0x01, 0x16, 0x00, 0x16, 0x00, 0x15, 0xfe, 0x14,
  0x03, 0x14, 0xfd, 0x12, 0x03, 0x12, 0xfe, 0x11, 0x00, 0x11, 0x01, 0x10,
  0xfe, 0x0e, 0x03, 0x0e, 0xfd, 0x0d, 0x02, 0x0d, 0xff, 0x0b, 0x00, 0x0b,
  0x01, 0x09, 0xff, 0x07, 0x01, 0x07, 0xff, 0x05, 0x01, 0x05, 0xff, 0x03,
  0x01, 0x02, 0xff, 0x00, 0x01, 0x00, 0xff, 0xfe, 0x01, 0xfe, 0x00, 0xfd,
  0xfe, 0xfa, 0x03, 0xfa, 0xfd, 0xf8, 0x02, 0xf7, 0xff, 0xf5, 0x00, 0xf5,
  0x00, 0xf3, 0x01, 0xf2, 0xff, 0xf0, 0x00, 0xf0, 0x00, 0xef, 0x01, 0xee,
  0xfe, 0xec, 0x03, 0xec, 0xfd, 0xe9, 0x02, 0xe9, 0x00, 0xe8, 0xfe, 0xe7,
  0x03, 0xe7, 0xfd, 0xe5, 0x03, 0xe5, 0xfe, 0xe3, 0x01, 0xe3, 0x00, 0xe2,
  0xff, 0xe1, 0x02, 0xe1, 0xfe, 0xe0, 0x02, 0xe0, 0xfe, 0xde, 0x02, 0xdf,
  0xff, 0xde, 0x00, 0xdf, 0x00, 0xde, 0xff, 0xdd, 0x03, 0xdd, 0xfc, 0xdc,
  0x04, 0xdd, 0xfd, 0xdc, 0x01, 0xdc, 0x01, 0xdc, 0xfe, 0xdb, 0x02, 0xdc,
  0xfe, 0xdb, 0x02, 0xdc, 0xff, 0xdb, 0x00, 0xdc, 0x00, 0xdc, 0xff, 0xdb,
  0x02, 0xdc, 0xfe, 0xdb, 0x03, 0xdc, 0xfc, 0xdb, 0x03, 0xdd, 0xfe, 0xdc,
  0x02, 0xdd, 0xff, 0xdc, 0x00, 0xdd, 0x00, 0xde, 0x01, 0xde, 0xfe, 0xdd,
  0x02, 0xde, 0xfe, 0xde, 0x02, 0xdf, 0xfe, 0xde, 0x02, 0xe0, 0xfd, 0xdf,
  0x03, 0xe0, 0xfe, 0xe0, 0x02, 0xe1, 0xfe, 0xe0, 0x01, 0xe1, 0x00, 0xe2,
  0x00, 0xe2, 0x01, 0xe2, 0xfe, 0xe1, 0x02, 0xe3, 0xfe, 0xe2, 0x03, 0xe3,
  0xfd, 0xe3, 0x01, 0xe4, 0x00, 0xe4, 0x00, 0xe4, 0x01, 0xe5, 0xff, 0xe4,
  0x00, 0xe5, 0x00, 0xe5, 0x00, 0xe5, 0x00, 0xe6, 0x00, 0xe6, 0x01, 0xe6,
  0xfe, 0xe5, 0x03, 0xe7, 0xfc, 0xe6, 0x04, 0xe8, 0xfd, 0xe7, 0x02, 0xe8,
  0xff, 0xe8, 0x00, 0xe9, 0x01, 0xea, 0xff, 0xe9, 0x01, 0xeb, 0xff, 0xea,
  0x00, 0xec, 0x02, 0xec, 0xfd, 0xec, 0x04, 0xee, 0xfb, 0xee, 0x05, 0xef,
  0xfc, 0xef, 0x03, 0xf1, 0xfe, 0xf1, 0x01, 0xf3, 0xff, 0xf3, 0x02, 0xf5,
  0xfd, 0xf5, 0x02, 0xf7, 0xff, 0xf7, 0x00, 0xf9, 0x02, 0xfa, 0xfd, 0xfa,
  0x02, 0xfd, 0xff, 0xfd, 0x00, 0xff, 0x01, 0x00, 0xff, 0x00, 0x01, 0x02,
  0xfe, 0x03, 0x02, 0x05, 0xff, 0x05, 0x00, 0x08, 0x01, 0x09, 0xfe, 0x09,
  0x01, 0x0c, 0x01, 0x0d, 0xfd, 0x0d, 0x05, 0x0f, 0xfa, 0x0f, 0x05, 0x11,
  0xfd, 0x11, 0x01, 0x13, 0x01, 0x14, 0xfd, 0x14, 0x03, 0x16, 0xff, 0x16,
  0x00, 0x18, 0x01, 0x19, 0xfe, 0x19, 0x01, 0x1b, 0x00, 0x1c, 0x00, 0x1c,
  0x00, 0x1d, 0x01, 0x1d, 0xfe, 0x1d, 0x01, 0x1f, 0x00, 0x1f, 0xff, 0x1e,
  0x03, 0x20, 0xfc, 0x1f, 0x03, 0x20, 0xff, 0x1f, 0xff, 0x20, 0x02, 0x21,
  0xfe, 0x20, 0x01, 0x22, 0x00, 0x22, 0x00, 0x22, 0xff, 0x21, 0x02, 0x22,
  0xfd, 0x21, 0x03, 0x22, 0xfe, 0x21, 0x01, 0x22, 0x00, 0x22, 0xff, 0x21,
  0x01, 0x22, 0x00, 0x22, 0xff, 0x21, 0x02, 0x22, 0xfe, 0x21, 0x01, 0x22,
  0x00, 0x22, 0x00, 0x22, 0x00, 0x21, 0x00, 0x21, 0x00, 0x21, 0x00, 0x21,
  0x01, 0x21, 0xfe, 0x1f, 0x02, 0x20, 0xfe, 0x1f, 0x02, 0x1f, 0xff, 0x1e,
  0xff, 0x1e, 0x03, 0x1f, 0xfc, 0x1d, 0x03, 0x1e, 0xff, 0x1d, 0xff, 0x1c,
  0x02, 0x1d, 0xff, 0x1c, 0xff, 0x1c, 0x02, 0x1c, 0xfe, 0x1b, 0x02, 0x1c,
  0xfe, 0x1a, 0x02, 0x1b, 0xfe, 0x1a, 0x01, 0x1a, 0x00, 0x1a, 0x00, 0x1a,
  0x00, 0x19, 0x01, 0x19, 0xfd, 0x17, 0x04, 0x18, 0xfc, 0x17, 0x03, 0x17,
  0xff, 0x16, 0x00, 0x16, 0x00, 0x16, 0x00, 0x15, 0x00, 0x14, 0x00, 0x14,
  0x01, 0x13, 0xfe, 0x11, 0x02, 0x12, 0xff, 0x10, 0x00, 0x10, 0x01, 0x0f,
  0xfe, 0x0d, 0x02, 0x0e, 0xfe, 0x0b, 0x02, 0x0b, 0xff, 0x09, 0xff, 0x08,
  0x02, 0x08, 0xfe, 0x06, 0x02, 0x06, 0xff, 0x04, 0x00, 0x04, 0x00, 0x02,
  0x00, 0x01, 0x00, 0x00, 0x01, 0xff, 0xfe, 0xfc, 0x03, 0xfc, 0xfc, 0xfa,
  0x03, 0xf9, 0x00, 0xf8, 0xfd, 0xf6, 0x04, 0xf6, 0xfd, 0xf4, 0x01, 0xf3,
  0x01, 0xf2, 0xfe, 0xf0, 0x01, 0xef, 0x00, 0xee, 0x00, 0xed, 0x00, 0xec,
  0x00, 0xeb, 0x00, 0xea, 0x00, 0xe9, 0xff, 0xe7, 0x02, 0xe7, 0xff, 0xe6,
  0xff, 0xe5, 0x02, 0xe5, 0xfe, 0xe3, 0x01, 0xe4, 0x01, 0xe3, 0xfe, 0xe1,
  0x01, 0xe2, 0x00, 0xe1, 0xff, 0xe0, 0x02, 0xe0, 0xff, 0xdf, 0x00, 0xdf,
  0xff, 0xde, 0x02, 0xdf, 0xfe, 0xde, 0x02, 0xde, 0xfe, 0xdd, 0x02, 0xde,
  0xff, 0xdd, 0x00, 0xde, 0x00, 0xde, 0x00, 0xde, 0x00, 0xde, 0x01, 0xde,
  0xfe, 0xdd, 0x03, 0xde, 0xfd, 0xdd, 0x02, 0xde, 0xfe, 0xdd, 0x02, 0xde,
  0xff, 0xdd, 0x01, 0xde, 0xff, 0xdd, 0x01, 0xdf, 0xfe, 0xde, 0x02, 0xdf,
  0xfe, 0xde, 0x03, 0xe0, 0xfc, 0xdf, 0x05, 0xe0, 0xfb, 0xdf, 0x03, 0xe0,
  0xff, 0xe0, 0x00, 0xe1, 0x01, 0xe1, 0xff, 0xe0, 0x00, 0xe2, 0x01, 0xe2,
  0xff, 0xe1, 0x01, 0xe2, 0xff, 0xe1, 0x00, 0xe3, 0x01, 0xe3, 0xfe, 0xe2,
  0x02, 0xe4, 0xff, 0xe3, 0x01, 0xe4, 0xfe, 0xe3, 0x02, 0xe5, 0xfe, 0xe4,
  0x03, 0xe6, 0xfd, 0xe5, 0x02, 0xe6, 0xfe, 0xe6, 0x02, 0xe7, 0xff, 0xe6,
  0x00, 0xe8, 0x00, 0xe8, 0xff, 0xe8, 0x02, 0xe9, 0xfd, 0xe9, 0x04, 0xeb,
  0xfc, 0xea, 0x04, 0xec, 0xfc, 0xec, 0x03, 0xed, 0xfe, 0xed, 0x01, 0xef,
  0x01, 0xef, 0xfe, 0xef, 0x01, 0xf1, 0x00, 0xf2, 0xff, 0xf2, 0x02, 0xf4,
  0xfe, 0xf4, 0x02, 0xf6, 0xfd, 0xf6, 0x04, 0xf9, 0xfc, 0xf9, 0x03, 0xfb,
  0xfe, 0xfb, 0x01, 0xfd, 0x00, 0xfe, 0xff, 0xfe, 0x02, 0x01, 0xfe, 0x01,
  0x01, 0x03, 0xff, 0x04, 0x01, 0x06, 0x00, 0x07, 0x00, 0x09, 0x00, 0x0a,
  0xff, 0x0a, 0x02, 0x0c, 0xff, 0x0c, 0xff, 0x0d, 0x02, 0x0f, 0xfe, 0x0f,
  0x02, 0x11, 0xff, 0x11, 0x01, 0x13, 0xfe, 0x13, 0x02, 0x15, 0xfe, 0x15,
  0x02, 0x17, 0xff, 0x17, 0x00, 0x19, 0x00, 0x1a, 0x00, 0x1a, 0xff, 0x1a,
  0x02, 0x1c, 0xfd, 0x1b, 0x04, 0x1d, 0xfc, 0x1c, 0x03, 0x1e, 0xfe, 0x1d,
  0x00, 0x1e, 0x02, 0x1f, 0xfd, 0x1e, 0x03, 0x1f, 0xfe, 0x1f, 0x01, 0x20,
  0xff, 0x20, 0x01, 0x21, 0xff, 0x20, 0x01, 0x21, 0x00, 0x21, 0x00, 0x22,
  0xff, 0x21, 0x01, 0x22, 0xff, 0x21, 0x01, 0x22, 0x00, 0x22, 0xff, 0x21,
  0x01, 0x22, 0xfe, 0x21, 0x02, 0x22, 0xff, 0x21, 0x01, 0x22, 0xff, 0x21,
  0x00, 0x22, 0x00, 0x22, 0x01, 0x21, 0xff, 0x20, 0x01, 0x21, 0xff, 0x20,
  0x00, 0x21, 0x01, 0x21, 0xff, 0x20, 0x01, 0x20, 0x00, 0x20, 0xff, 0x1f,
  0x00, 0x20, 0x01, 0x1f, 0xff, 0x1e, 0x02, 0x1f, 0xfe, 0x1e, 0x00, 0x1f,
  0x01, 0x1e, 0x00, 0x1e, 0xff, 0x1d, 0x02, 0x1d, 0xfd, 0x1c, 0x03, 0x1d,
  0xfe, 0x1c, 0x01, 0x1d, 0x00, 0x1d, 0x00, 0x1c, 0x00, 0x1c, 0xff, 0x1b,
  0x02, 0x1b, 0xfd, 0x1a, 0x03, 0x1b, 0xfe, 0x19, 0x01, 0x1a, 0x00, 0x1a,
  0xff, 0x18, 0x01, 0x19, 0xff, 0x18, 0x01, 0x18, 0x00, 0x18, 0xff, 0x16,
  0x02, 0x17, 0xfd, 0x15, 0x03, 0x16, 0xfd, 0x14, 0x04, 0x15, 0xfb, 0x13,
  0x04, 0x13, 0xfd, 0x12, 0x03, 0x12, 0xfd, 0x10, 0x03, 0x10, 0xfd, 0x0f,
  0x02, 0x0f, 0xff, 0x0d, 0x01, 0x0d, 0xfe, 0x0b, 0x03, 0x0b, 0xfc, 0x09,
  0x04, 0x09, 0xfd, 0x07, 0x02, 0x07, 0xfe, 0x05, 0x02, 0x04, 0xfe, 0x02,
  0x02, 0x02, 0xfe, 0x00, 0x02, 0x00, 0xfe, 0xfe, 0x02, 0xfd, 0xff, 0xfb,
  0xff, 0xfa, 0x02, 0xfa, 0xfe, 0xf7, 0x01, 0xf7, 0x01, 0xf6, 0xfd, 0xf4,
  0x03, 0xf4, 0xfe, 0xf1, 0x01, 0xf1, 0x00, 0xf0, 0xff, 0xee, 0x01, 0xee,
  0xff, 0xec, 0x01, 0xec, 0xff, 0xea, 0x01, 0xea, 0xff, 0xe8, 0x01, 0xe8,
  0xff, 0xe6, 0x01, 0xe6, 0xff, 0xe4, 0x00, 0xe5, 0x02, 0xe4, 0xfd, 0xe2,
  0x03, 0xe2, 0xfd, 0xe1, 0x03, 0xe1, 0xfe, 0xe0, 0x01, 0xe0, 0xff, 0xdf,
  0x01, 0xdf, 0xff, 0xde, 0x01, 0xdf, 0xfe, 0xdd, 0x04, 0xde, 0xfb, 0xdd,
  0x04, 0xdd, 0xfe, 0xdc, 0x00, 0xdd, 0x01, 0xdd, 0x00, 0xdd, 0xfe, 0xdc,
  0x03, 0xdd, 0xfe, 0xdc, 0x01, 0xdd, 0xff, 0xdc, 0x01, 0xdd, 0xfe, 0xdc,
  0x03, 0xdd, 0xfe, 0xdc, 0x00, 0xdd, 0x01, 0xdd, 0xfe, 0xdd, 0x02, 0xde,
  0xff, 0xdd, 0x00, 0xde, 0x00, 0xde, 0x01, 0xde, 0xff, 0xde, 0x00, 0xdf,
  0x00, 0xdf, 0x00, 0xe0, 0x00, 0xe0, 0x01, 0xe0, 0xfe, 0xdf, 0x01, 0xe1,
  0x01, 0xe1, 0xfe, 0xe0, 0x02, 0xe2, 0xff, 0xe1, 0xff, 0xe1, 0x02, 0xe2,
  0xff, 0xe2, 0x00, 0xe3, 0x01, 0xe3, 0xff, 0xe2, 0xff, 0xe3, 0x02, 0xe4,
  0xfe, 0xe3, 0x02, 0xe4, 0xff, 0xe4, 0x00, 0xe5, 0x00, 0xe5, 0x00, 0xe5,
  0x00, 0xe6, 0x00, 0xe6, 0x00, 0xe6, 0x00, 0xe6, 0x01, 0xe7, 0xfe, 0xe6,
  0x02, 0xe8, 0xfe, 0xe7, 0x01, 0xe8, 0x01, 0xe9, 0xfe, 0xe8, 0x02, 0xea,
  0xfe, 0xe9, 0x01, 0xeb, 0x00, 0xec, 0xff, 0xeb, 0x02, 0xed, 0xfe, 0xed,
  0x01, 0xee, 0x00, 0xef, 0x00, 0xf0, 0xff, 0xf0, 0x02, 0xf2, 0xfe, 0xf2,
  0x02, 0xf4, 0xff, 0xf4, 0x00, 0xf6, 0xff, 0xf6, 0x03, 0xf8, 0xfc, 0xf8,
  0x04, 0xfa, 0xfd, 0xfb, 0x01, 0xfd, 0x00, 0xfe, 0x00, 0xff, 0x01, 0x00,
  0xfe, 0x01, 0x01, 0x03, 0x00, 0x04, 0xff, 0x05, 0x03, 0x07, 0xfc, 0x08,
  0x03, 0x0a, 0xfe, 0x0a, 0x01, 0x0d, 0x00, 0x0e, 0x00, 0x0f, 0x00, 0x10,
  0x00, 0x11, 0x00, 0x12, 0x00, 0x13, 0x00, 0x14, 0x00, 0x15, 0x01, 0x16,
  0xff, 0x16, 0x00, 0x18, 0x00, 0x19, 0x00, 0x1a, 0x02, 0x1b, 0xfd, 0x1a,
  0x02, 0x1c, 0xfe, 0x1c, 0x02, 0x1d, 0xff, 0x1d, 0x00, 0x1e, 0x01, 0x1f,
  0xfe, 0x1e, 0x02, 0x20, 0xfe, 0x1f, 0x01, 0x20, 0x00, 0x20, 0x01, 0x21,
  0xfd, 0x20, 0x03, 0x21, 0xfe, 0x20, 0x01, 0x22, 0x00, 0x22, 0xff, 0x21,
  0x00, 0x22, 0x02, 0x22, 0xfd, 0x21, 0x03, 0x22, 0xfd, 0x21, 0x03, 0x22,
  0xfd, 0x21, 0x03, 0x22, 0xfd, 0x21, 0x03, 0x22, 0xfd, 0x21, 0x03, 0x21,
  0xfd, 0x20, 0x03, 0x21, 0xfe, 0x20, 0x00, 0x21, 0x02, 0x21, 0xfd, 0x20,
  0x03, 0x20, 0xfe, 0x1f, 0x01, 0x20, 0x00, 0x20, 0x00, 0x20, 0x00, 0x1f,
  0xff, 0x1e, 0x01, 0x1f, 0x00, 0x1e, 0x00, 0x1e, 0x00, 0x1e, 0x00, 0x1e,
  0xff, 0x1d, 0x01, 0x1d, 0xff, 0x1c, 0x01, 0x1d, 0x00, 0x1c, 0xff, 0x1b,
  0x00, 0x1c, 0x01, 0x1b, 0xfe, 0x1a, 0x03, 0x1b, 0xfd, 0x1a, 0x02, 0x1a,
  0xfe, 0x19, 0x02, 0x1a, 0xfe, 0x18, 0x03, 0x19, 0xfd, 0x18, 0x01, 0x18,
  0x00, 0x18, 0x00, 0x17, 0x00, 0x17, 0x01, 0x17, 0xfe, 0x15, 0x02, 0x16,
  0xfe, 0x14, 0x02, 0x14, 0xfe, 0x13, 0x02, 0x13, 0xfe, 0x11, 0x01, 0x12,
  0x01, 0x11, 0xfe, 0x0f, 0x01, 0x0f, 0x00, 0x0e, 0xff, 0x0d, 0x03, 0x0d,
  0xfc, 0x0b, 0x04, 0x0b, 0xfc, 0x09, 0x04, 0x09, 0xfd, 0x07, 0x01, 0x06,
  0x01, 0x05, 0xfe, 0x03, 0x02, 0x03, 0xff, 0x01, 0x00, 0x00, 0x00, 0xff,
  0x00, 0xfe, 0x00, 0xfd, 0x01, 0xfb, 0xfe, 0xf9, 0x01, 0xf9, 0x00, 0xf8,
  0x00, 0xf7, 0x00, 0xf5, 0x00, 0xf4, 0xff, 0xf2, 0x01, 0xf2, 0x00, 0xf0,
  0xff, 0xee, 0x02, 0xee, 0xfe, 0xec, 0x01, 0xec, 0x00, 0xeb, 0x00, 0xea,
  0xff, 0xe8, 0x02, 0xe8, 0xfd, 0xe6, 0x04, 0xe7, 0xfc, 0xe5, 0x04, 0xe5,
  0xfb, 0xe3, 0x04, 0xe4, 0xfe, 0xe2, 0x02, 0xe2, 0xfe, 0xe0, 0x02, 0xe1,
  0xfd, 0xdf, 0x03, 0xe0, 0xff, 0xde, 0x00, 0xdf, 0x01, 0xdf, 0xfe, 0xdd,
  0x02, 0xde, 0xfe, 0xdd, 0x02, 0xde, 0xff, 0xdd, 0x00, 0xdd, 0x01, 0xdd,
  0xfe, 0xdc, 0x02, 0xdd, 0xfe, 0xdc, 0x02, 0xdd, 0xff, 0xdc, 0x00, 0xdd,
  0x00, 0xdd, 0x00, 0xdd, 0x00, 0xdd, 0x01, 0xdd, 0xfe, 0xdc, 0x01, 0xdd,
  0x01, 0xdd, 0xfe, 0xdd, 0x02, 0xde, 0xff, 0xdd, 0xff, 0xdd, 0x02, 0xde,
  0xfe, 0xde, 0x01, 0xdf, 0x00, 0xdf, 0x00, 0xdf, 0xff, 0xde, 0x02, 0xe0,
  0xfd, 0xdf, 0x03, 0xe0, 0xfd, 0xdf, 0x04, 0xe1, 0xfc, 0xe0, 0x02, 0xe1,
  0x00, 0xe1, 0xff, 0xe1, 0x01, 0xe2, 0x00, 0xe2, 0xff, 0xe2, 0x01, 0xe3,
  0x00, 0xe3, 0xfe, 0xe2, 0x03, 0xe4, 0xff, 0xe3, 0xfe, 0xe3, 0x04, 0xe5,
  0xfb, 0xe4, 0x04, 0xe5, 0xfe, 0xe5, 0x01, 0xe6, 0xff, 0xe5, 0x02, 0xe6,
  0xfd, 0xe6, 0x03, 0xe7, 0xfe, 0xe6, 0x01, 0xe8, 0x00, 0xe8, 0xff, 0xe7,
  0x02, 0xe9, 0xfd, 0xe8, 0x04, 0xea, 0xfc, 0xe9, 0x03, 0xeb, 0xfe, 0xea,
  0x02, 0xec, 0xfe, 0xeb, 0x01, 0xed, 0x00, 0xee, 0x00, 0xee, 0x00, 0xef,
  0x00, 0xf0, 0x00, 0xf1, 0xff, 0xf0, 0x02, 0xf2, 0xfe, 0xf2, 0x01, 0xf4,
  0x00, 0xf5, 0xff, 0xf5, 0x01, 0xf7, 0x00, 0xf8, 0x00, 0xf9, 0x00, 0xfa,
  0xff, 0xfa, 0x01, 0xfc, 0xff, 0xfc, 0x02, 0xfe, 0xfe, 0xfe, 0x02, 0x01,
  0xfd, 0x01, 0x03, 0x03, 0xfe, 0x03, 0x02, 0x05, 0xfd, 0x05, 0x03, 0x07,
  0xfd, 0x07, 0x03, 0x0a, 0xfe, 0x0a, 0x00, 0x0c, 0x01, 0x0d, 0xfe, 0x0d,
  0x03, 0x10, 0xfd, 0x10, 0x02, 0x12, 0xff, 0x12, 0x00, 0x14, 0x01, 0x15,
  0xfe, 0x14, 0x03, 0x16, 0xfc, 0x16, 0x05, 0x18, 0xfa, 0x18, 0x06, 0x1a,
  0xfb, 0x19, 0x03, 0x1b, 0xff, 0x1b, 0xff, 0x1b, 0x02, 0x1d, 0xff, 0x1d,
  0x00, 0x1e, 0x00, 0x1f, 0xff, 0x1e, 0x02, 0x20, 0xff, 0x1f, 0x01, 0x20,
  0xff, 0x20, 0xff, 0x20, 0x02, 0x21, 0xff, 0x20, 0x01, 0x21, 0xff, 0x20,
  0x00, 0x21, 0x00, 0x22, 0x00, 0x22, 0x00, 0x22, 0x01, 0x22, 0xfe, 0x21,
  0x02, 0x22, 0xff, 0x21, 0xff, 0x21, 0x03, 0x22, 0xfc, 0x21, 0x03, 0x21,
  0xff, 0x20, 0x00, 0x21, 0x01, 0x21, 0xfd, 0x20, 0x04, 0x21, 0xfc, 0x1f,
  0x04, 0x20, 0xfd, 0x1f, 0x01, 0x20, 0x00, 0x20, 0x01, 0x1f, 0xfe, 0x1e,
  0x03, 0x1f, 0xfc, 0x1e, 0x04, 0x1f, 0xfc, 0x1d, 0x03, 0x1e, 0xff, 0x1d,
  0xff, 0x1d, 0x02, 0x1d, 0xfe, 0x1c, 0x00, 0x1c, 0x02, 0x1c, 0xfd, 0x1b,
  0x03, 0x1c, 0xfe, 0x1a, 0x02, 0x1b, 0xfd, 0x1a, 0x03, 0x1a, 0xfe, 0x19,
  0x01, 0x19, 0x00, 0x19, 0xff, 0x18, 0x02, 0x18, 0xfe, 0x17, 0x01, 0x17,
  0xff, 0x16, 0x01, 0x16, 0x00, 0x16, 0x00, 0x15, 0xff, 0x14, 0x01, 0x14,
  0x00, 0x14, 0xff, 0x12, 0x01, 0x12, 0xff, 0x10, 0x01, 0x11, 0x00, 0x10,
  0x00, 0x0f, 0xff, 0x0d, 0x01, 0x0d, 0xff, 0x0b, 0x02, 0x0b, 0xff, 0x09,
  0xff, 0x08, 0x02, 0x08, 0xfd, 0x06, 0x04, 0x06, 0xfd, 0x03, 0x02, 0x03,
  0xfe, 0x01, 0x02, 0x01, 0xfe, 0xff, 0x02, 0xfe, 0xff, 0xfc, 0xff, 0xfb,
  0x03, 0xfb, 0xfc, 0xf9, 0x03, 0xf8, 0xfe, 0xf6, 0x02, 0xf6, 0xfe, 0xf4,
  0x01, 0xf3, 0xff, 0xf1, 0x01, 0xf1, 0x01, 0xf0, 0xfe, 0xee, 0x01, 0xee,
  0xff, 0xec, 0x01, 0xec, 0x00, 0xeb, 0x01, 0xe9, 0xfe, 0xe7, 0x01, 0xe7,
  0xff, 0xe5, 0x01, 0xe6, 0x00, 0xe5, 0x00, 0xe4, 0x00, 0xe4, 0xff, 0xe2,
  0x02, 0xe3, 0xfe, 0xe1, 0x02, 0xe1, 0xff, 0xe0, 0x00, 0xe0, 0x00, 0xe0,
  0x01, 0xdf, 0xff, 0xde, 0x01, 0xdf, 0xfe, 0xdd, 0x02, 0xde, 0xfe, 0xdd,
  0x03, 0xde, 0xfd, 0xdd, 0x02, 0xde, 0xfe, 0xdd, 0x02, 0xde, 0xff, 0xdc,
  0x00, 0xdd, 0x00, 0xde, 0x01, 0xde, 0xfe, 0xdd, 0x02, 0xde, 0xff, 0xdd,
  0x00, 0xde, 0x00, 0xde, 0x01, 0xde, 0xfe, 0xde, 0x03, 0xdf, 0xfd, 0xde,
  0x02, 0xdf, 0xff, 0xde, 0x01, 0xdf, 0xff, 0xdf, 0x01, 0xe0, 0xff, 0xdf,
  0x01, 0xe1, 0xff, 0xe0, 0x02, 0xe1, 0xfd, 0xe0, 0x03, 0xe2, 0xfe, 0xe1,
  0x01, 0xe2, 0x00, 0xe2, 0x00, 0xe2, 0xff, 0xe2, 0x01, 0xe3, 0xff, 0xe2,
  0x01, 0xe3, 0x00, 0xe4, 0xff, 0xe3, 0x00, 0xe4, 0x01, 0xe4, 0xff, 0xe4,
  0x01, 0xe5, 0xfe, 0xe4, 0x03, 0xe5, 0xfd, 0xe5, 0x03, 0xe6, 0xfd, 0xe5,
  0x02, 0xe7, 0xff, 0xe7, 0x01, 0xe8, 0xff, 0xe7, 0x01, 0xe9, 0xfe, 0xe8,
  0x02, 0xea, 0xfe, 0xe9, 0x03, 0xeb, 0xfd, 0xea, 0x02, 0xec, 0xfe, 0xec,
  0x02, 0xee, 0xfe, 0xee, 0x02, 0xef, 0xff, 0xef, 0x00, 0xf1, 0x01, 0xf2,
  0xfd, 0xf2, 0x04, 0xf4, 0xfd, 0xf4, 0x03, 0xf6, 0xfe, 0xf6, 0x00, 0xf8,
  0x01, 0xf9, 0xff, 0xf9, 0x02, 0xfc, 0xfe, 0xfc, 0x02, 0xfe, 0xfe, 0xfe,
  0x01, 0x00, 0x01, 0x02, 0xfe, 0x02, 0x02, 0x04, 0xfe, 0x04, 0x02, 0x07,
  0xfe, 0x07, 0x03, 0x0a, 0xfc, 0x0a, 0x03, 0x0c, 0xff, 0x0c, 0xff, 0x0d,
  0x02, 0x10, 0xfe, 0x10, 0x01, 0x12, 0x00, 0x13, 0x00, 0x14, 0xff, 0x13,
  0x01, 0x16, 0x00, 0x17, 0x00, 0x18, 0x00, 0x19, 0xff, 0x18, 0x02, 0x1a,
  0xfd, 0x1a, 0x04, 0x1b, 0xfc, 0x1b, 0x03, 0x1d, 0xfe, 0x1d, 0x02, 0x1e,
  0xfd, 0x1e, 0x04, 0x1f, 0xfc, 0x1e, 0x03, 0x20, 0xff, 0x1f, 0x00, 0x20,
  0xff, 0x20, 0x02, 0x21, 0xfe, 0x20, 0x02, 0x21, 0xfe, 0x21, 0x01, 0x22,
  0xff, 0x21, 0x01, 0x22, 0x00, 0x22, 0xff, 0x21, 0x01, 0x22, 0xff, 0x22,
  0x01, 0x23, 0xff, 0x21, 0x01, 0x22, 0xff, 0x21, 0x01, 0x22, 0xff, 0x21,
  0x01, 0x22, 0xff, 0x21, 0x01, 0x22, 0xff, 0x21, 0x01, 0x22, 0xff, 0x21,
  0x01, 0x21, 0x00, 0x21, 0xfe, 0x20, 0x04, 0x21, 0xfb, 0x20, 0x05, 0x20,
  0xfc, 0x1f, 0x02, 0x20, 0x00, 0x20, 0x00, 0x20, 0x00, 0x1f, 0xff, 0x1e,
  0x01, 0x1f, 0xff, 0x1d, 0x02, 0x1e, 0xfe, 0x1d, 0x02, 0x1e, 0xfe, 0x1c,
  0x01, 0x1d, 0x00, 0x1d, 0x00, 0x1c, 0x01, 0x1c, 0xfe, 0x1b, 0x02, 0x1c,
  0xff, 0x1b, 0x00, 0x1b, 0x01, 0x1b, 0xfe, 0x1a, 0x03, 0x1b, 0xfe, 0x19,
  0x01, 0x1a, 0xff, 0x19, 0x01, 0x1a, 0x00, 0x19, 0x00, 0x19, 0xff, 0x18,
  0x01, 0x18, 0xff, 0x17, 0x02, 0x17, 0xfd, 0x16, 0x03, 0x16, 0xfd, 0x15,
  0x02, 0x15, 0xff, 0x14, 0x00, 0x14, 0x00, 0x14, 0x01, 0x13, 0xff, 0x11,
  0x00, 0x11, 0x01, 0x10, 0xff, 0x0f, 0x01, 0x0f, 0xfe, 0x0d, 0x02, 0x0d,
  0xfe, 0x0b, 0x03, 0x0b, 0xfe, 0x09, 0x00, 0x09, 0x00, 0x08, 0x00, 0x06,
  0x01, 0x05, 0xff, 0x03, 0x01, 0x03, 0xfe, 0x00, 0x02, 0x00, 0x00, 0xff,
  0xff, 0xfd, 0x01, 0xfc, 0xfe, 0xfa, 0x02, 0xfa, 0xff, 0xf8, 0x00, 0xf8,
  0x01, 0xf6, 0xfe, 0xf3, 0x02, 0xf3, 0xff, 0xf1, 0xff, 0xf0, 0x03, 0xf0,
  0xfc, 0xee, 0x04, 0xed, 0xfd, 0xeb, 0x02, 0xeb, 0xff, 0xea, 0x00, 0xea,
  0x01, 0xe9, 0xff, 0xe7, 0x00, 0xe7, 0x01, 0xe6, 0xff, 0xe4, 0x00, 0xe4,
  0x00, 0xe3, 0x00, 0xe3, 0x01, 0xe2, 0xfe, 0xe0, 0x02, 0xe1, 0xff, 0xdf,
  0xff, 0xde, 0x03, 0xdf, 0xfc, 0xde, 0x03, 0xde, 0x00, 0xde, 0xfe, 0xdd,
  0x03, 0xde, 0xfc, 0xdc, 0x04, 0xdd, 0xfd, 0xdc, 0x02, 0xdd, 0x00, 0xdd,
  0xfe, 0xdb, 0x02, 0xdc, 0xff, 0xdb, 0xff, 0xdb, 0x03, 0xdc, 0xfc, 0xdb,
  0x04, 0xdc, 0xfc, 0xdb, 0x04, 0xdc, 0xfc, 0xdb, 0x03, 0xdd, 0xfe, 0xdc,
  0x01, 0xdd, 0x00, 0xdd, 0xff, 0xdc, 0x01, 0xdd, 0x00, 0xde, 0xff, 0xdd,
  0x01, 0xde, 0xff, 0xde, 0x01, 0xdf, 0x00, 0xdf, 0xff, 0xde, 0x02, 0xe0,
  0xfe, 0xdf, 0x01, 0xe0, 0xff, 0xe0, 0x02, 0xe1, 0xfe, 0xe0, 0x02, 0xe1,
  0xfd, 0xe1, 0x02, 0xe2, 0xff, 0xe1, 0x01, 0xe3, 0xff, 0xe2, 0x00, 0xe3,
  0x01, 0xe3, 0xfe, 0xe3, 0x02, 0xe4, 0xfe, 0xe3, 0x01, 0xe4, 0x01, 0xe4,
  0xfe, 0xe4, 0x02, 0xe5, 0xfe, 0xe4, 0x01, 0xe5, 0x00, 0xe6, 0x00, 0xe6,
  0x00, 0xe6, 0x00, 0xe6, 0x00, 0xe6, 0x00, 0xe7, 0x00, 0xe7, 0x00, 0xe7,
  0x01, 0xe8, 0xfe, 0xe7, 0x02, 0xe8, 0xff, 0xe8, 0x00, 0xe9, 0x02, 0xea,
  0xfc, 0xea, 0x04, 0xeb, 0xfc, 0xea, 0x05, 0xec, 0xfb, 0xec, 0x04, 0xee,
  0xfc, 0xed, 0x04, 0xef, 0xfd, 0xef, 0x02, 0xf1, 0xff, 0xf1, 0x00, 0xf3,
  0x01, 0xf4, 0xff, 0xf4, 0x00, 0xf6, 0x00, 0xf7, 0x00, 0xf8, 0x01, 0xf9,
  0xff, 0xfa, 0x00, 0xfc, 0x00, 0xfd, 0x00, 0xff, 0x00, 0x00, 0x00, 0x01,
  0x00, 0x03, 0x00, 0x04, 0x00, 0x05, 0x00, 0x07, 0x00, 0x08, 0xff, 0x08,
  0x02, 0x0b, 0xfe, 0x0b, 0x02, 0x0d, 0xfe, 0x0e, 0x01, 0x10, 0x01, 0x11,
  0xfd, 0x11, 0x04, 0x13, 0xfc, 0x13, 0x03, 0x15, 0xfe, 0x15, 0x01, 0x17,
  0x00, 0x18, 0xff, 0x18, 0x02, 0x19, 0xfd, 0x19, 0x03, 0x1b, 0xfe, 0x1b,
  0x00, 0x1c, 0x02, 0x1d, 0xfd, 0x1d, 0x03, 0x1e, 0xfe, 0x1e, 0x01, 0x1f,
  0xff, 0x1e, 0x01, 0x20, 0xff, 0x1f, 0x01, 0x20, 0xff, 0x20, 0x01, 0x21,
  0xff, 0x20, 0x01, 0x21, 0xff, 0x20, 0x01, 0x21, 0xff, 0x20, 0x01, 0x21,
  0xff, 0x20, 0x01, 0x21, 0x00, 0x21, 0xff, 0x20, 0x01, 0x21, 0x00, 0x21,
  0xff, 0x20, 0x02, 0x21, 0xfd, 0x20, 0x03, 0x21, 0xfe, 0x20, 0x01, 0x21,
  0x00, 0x20, 0xff, 0x1f, 0x00, 0x20, 0x01, 0x20, 0xff, 0x1f, 0x01, 0x20,
  0xff, 0x1e, 0x01, 0x1f, 0xff, 0x1e, 0x01, 0x1f, 0xff, 0x1d, 0x01, 0x1e,
  0xff, 0x1d, 0x02, 0x1e, 0xfd, 0x1c, 0x03, 0x1d, 0xfe, 0x1c, 0x01, 0x1c,
  0xff, 0x1b, 0x01, 0x1c, 0xff, 0x1a, 0x02, 0x1b, 0xfe, 0x1a, 0x01, 0x1a,
  0x00, 0x1a, 0x00, 0x19, 0x00, 0x19, 0xff, 0x18, 0x02, 0x18, 0xff, 0x17,
  0x00, 0x17, 0x00, 0x17, 0xff, 0x15, 0x02, 0x15, 0xfe, 0x14, 0x01, 0x14,
  0x00, 0x14, 0xff, 0x12, 0x02, 0x12, 0xfe, 0x10, 0x01, 0x11, 0x00, 0x10,
  0xff, 0x0e, 0x02, 0x0e, 0xfe, 0x0c, 0x02, 0x0c, 0xfd, 0x0a, 0x04, 0x0a,
  0xfc, 0x08, 0x04, 0x08, 0xfd, 0x06, 0x01, 0x06, 0x01, 0x04, 0xfe, 0x02,
  0x02, 0x02, 0xff, 0x00, 0x00, 0x00, 0x00, 0xfe, 0x00, 0xfd, 0x00, 0xfb,
  0x01, 0xfa, 0xff, 0xf8, 0xff, 0xf7, 0x01, 0xf7, 0x01, 0xf5, 0xff, 0xf3,
  0x01, 0xf3, 0xfe, 0xf0, 0x01, 0xf0, 0x00, 0xef, 0x01, 0xee, 0xff, 0xec,
  0x01, 0xec, 0xff, 0xe9, 0x00, 0xe9, 0x00, 0xe9, 0x01, 0xe8, 0xff, 0xe6,
  0x02, 0xe6, 0xfd, 0xe4, 0x02, 0xe4, 0xff, 0xe2, 0x01, 0xe3, 0xff, 0xe1,
  0x01, 0xe1, 0xfe, 0xe0, 0x03, 0xe0, 0xfd, 0xdf, 0x02, 0xe0, 0xfe, 0xde,
  0x01, 0xdf, 0x01, 0xdf, 0xfe, 0xdd, 0x02, 0xde, 0xfd, 0xdc, 0x03, 0xdd,
  0xfe, 0xdc, 0x02, 0xdd, 0xfe, 0xdc, 0x01, 0xdd, 0xff, 0xdc, 0x02, 0xdd,
  0xfe, 0xdc, 0x02, 0xdd, 0xfe, 0xdc, 0x01, 0xdd, 0x01, 0xdd, 0xfe, 0xdc,
  0x02, 0xde, 0xfe, 0xdd, 0x02, 0xde, 0xff, 0xdd, 0x00, 0xde, 0x00, 0xdf,
  0x00, 0xdf, 0x01, 0xdf, 0xfe, 0xde, 0x02, 0xdf, 0xfe, 0xdf, 0x01, 0xe0,
  0x01, 0xe0, 0xfe, 0xdf, 0x02, 0xe1, 0xfe, 0xe0, 0x01, 0xe1, 0x00, 0xe1,
  0x00, 0xe2, 0x00, 0xe2, 0x00, 0xe2, 0xff, 0xe1, 0x02, 0xe2, 0xff, 0xe2,
  0x00, 0xe3, 0x01, 0xe3, 0xfe, 0xe2, 0x01, 0xe3, 0x02, 0xe4, 0xfd, 0xe3,
  0x03, 0xe4, 0xfd, 0xe3, 0x02, 0xe5, 0xff, 0xe4, 0x01, 0xe5, 0xff, 0xe5,
  0x00, 0xe6, 0x01, 0xe6, 0xff, 0xe6, 0x01, 0xe7, 0xff, 0xe6, 0x00, 0xe8,
  0x01, 0xe8, 0xfe, 0xe8, 0x03, 0xea, 0xfd, 0xe9, 0x02, 0xeb, 0x00, 0xeb,
  0xfe, 0xeb, 0x03, 0xec, 0xfe, 0xec, 0x00, 0xee, 0x01, 0xef, 0xff, 0xef,
  0x01, 0xf0, 0x00, 0xf1, 0xff, 0xf1, 0x00, 0xf3, 0x01, 0xf4, 0xfe, 0xf4,
  0x04, 0xf6, 0xfa, 0xf6, 0x06, 0xf8, 0xfc, 0xf8, 0x02, 0xfb, 0xff, 0xfb,
  0x01, 0xfd, 0xff, 0xfd, 0x01, 0xff, 0xff, 0x00, 0x00, 0x02, 0x02, 0x03,
  0xfd, 0x04, 0x03, 0x06, 0xfd, 0x06, 0x02, 0x08, 0x00, 0x09, 0xff, 0x0a,
  0x01, 0x0c, 0xff, 0x0d, 0x00, 0x0f, 0x01, 0x10, 0xfe, 0x10, 0x03, 0x12,
  0xfd, 0x12, 0x02, 0x14, 0xfe, 0x14, 0x01, 0x16, 0x00, 0x16, 0x00, 0x17,
  0x00, 0x18, 0xff, 0x18, 0x02, 0x1a, 0xfd, 0x1a, 0x03, 0x1c, 0xfd, 0x1b,
  0x02, 0x1d, 0xff, 0x1d, 0x01, 0x1e, 0xff, 0x1e, 0x00, 0x1f, 0x01, 0x20,
  0xfd, 0x1f, 0x05, 0x20, 0xfb, 0x20, 0x04, 0x21, 0xfd, 0x20, 0x02, 0x22,
  0xff, 0x21, 0x01, 0x22, 0xfe, 0x21, 0x02, 0x22, 0xfe, 0x21, 0x03, 0x23,
  0xfd, 0x22, 0x02, 0x23, 0xff, 0x22, 0xff, 0x22, 0x03, 0x23, 0xfd, 0x22,
  0x02, 0x23, 0x00, 0x23, 0xfe, 0x22, 0x02, 0x23, 0x00, 0x22, 0xff, 0x21,
  0x01, 0x22, 0xff, 0x21, 0x00, 0x22, 0x00, 0x22, 0x01, 0x21, 0xff, 0x20,
  0x00, 0x21, 0x01, 0x21, 0xfd, 0x20, 0x04, 0x20, 0xfc, 0x1f, 0x04, 0x20,
  0xfd, 0x1e, 0x02, 0x1f, 0xff, 0x1e, 0xff, 0x1e, 0x02, 0x1f, 0xff, 0x1d,
  0x01, 0x1e, 0xff, 0x1d, 0x00, 0x1d, 0x00, 0x1d, 0x00, 0x1d, 0x01, 0x1d,
  0xff, 0x1b, 0x00, 0x1c, 0x00, 0x1c, 0x01, 0x1c, 0xfe, 0x1a, 0x02, 0x1b,
  0xff, 0x1a, 0x00, 0x1b, 0x01, 0x1a, 0xfe, 0x19, 0x02, 0x1a, 0xff, 0x18,
  0x00, 0x19, 0x01, 0x19, 0xfe, 0x17, 0x02, 0x18, 0xff, 0x16, 0x00, 0x17,
  0x00, 0x17, 0x00, 0x16, 0x01, 0x16, 0xff, 0x14, 0x00, 0x14, 0x01, 0x14,
  0xfe, 0x12, 0x03, 0x12, 0xfc, 0x10, 0x04, 0x11, 0xfd, 0x0f, 0x02, 0x0f,
  0xff, 0x0d, 0xff, 0x0c, 0x02, 0x0c, 0xfe, 0x0a, 0x03, 0x0a, 0xfd, 0x08,
  0x02, 0x08, 0xff, 0x06, 0x00, 0x06, 0x02, 0x04, 0xfc, 0x02, 0x05, 0x02,
  0xfb, 0x00, 0x04, 0x00, 0xfd, 0xfd, 0x02, 0xfd, 0xfe, 0xfb, 0x02, 0xfb,
  0xff, 0xf8, 0xff, 0xf7, 0x03, 0xf7, 0xfb, 0xf4, 0x06, 0xf4, 0xfa, 0xf2,
  0x05, 0xf2, 0xfc, 0xef, 0x03, 0xef, 0xfe, 0xed, 0x01, 0xed, 0xff, 0xeb,
  0x01, 0xeb, 0xff, 0xe9, 0x02, 0xe9, 0xfd, 0xe7, 0x03, 0xe7, 0xfd, 0xe5,
  0x03, 0xe5, 0xfe, 0xe3, 0x01, 0xe4, 0xff, 0xe2, 0x01, 0xe2, 0xff, 0xe0,
  0x01, 0xe1, 0xff, 0xdf, 0x01, 0xe0, 0xff, 0xdf, 0x02, 0xdf, 0xfd, 0xde,
  0x03, 0xde, 0xfe, 0xdd, 0x01, 0xde, 0x00, 0xdd, 0xff, 0xdc, 0x02, 0xdd,
  0xfe, 0xdc, 0x02, 0xdd, 0xfe, 0xdb, 0x01, 0xdc, 0x00, 0xdc, 0x00, 0xdc,
  0x00, 0xdc, 0x00, 0xdc, 0x00, 0xdc, 0x00, 0xdc, 0x01, 0xdc, 0xfe, 0xdb,
  0x01, 0xdd, 0x00, 0xdd, 0x00, 0xdd, 0x01, 0xdd, 0xfe, 0xdc, 0x01, 0xdd,
  0xff, 0xdd, 0x02, 0xde, 0xfe, 0xdd, 0x02, 0xde, 0xfe, 0xde, 0x02, 0xdf,
  0xfe, 0xde, 0x01, 0xdf, 0x00, 0xe0, 0x00, 0xe0, 0x00, 0xe0, 0x01, 0xe1,
  0xfd, 0xe0, 0x04, 0xe1, 0xfc, 0xe1, 0x03, 0xe2, 0xff, 0xe1, 0xff, 0xe1,
  0x02, 0xe2, 0xfe, 0xe2, 0x02, 0xe3, 0xfe, 0xe2, 0x01, 0xe4, 0xff, 0xe3,
  0x02, 0xe4, 0xfe, 0xe4, 0x01, 0xe5, 0x00, 0xe5, 0xff, 0xe4, 0x02, 0xe6,
  0xfe, 0xe5, 0x01, 0xe6, 0x01, 0xe6, 0xfd, 0xe6, 0x04, 0xe7, 0xfd, 0xe7,
  0x01, 0xe8, 0x01, 0xe8, 0xfe, 0xe8, 0x02, 0xe9, 0xff, 0xe9, 0x00, 0xeb,
  0x00, 0xeb, 0x00, 0xec, 0x00, 0xec, 0x00, 0xed, 0x01, 0xee, 0xff, 0xee,
  0x00, 0xef, 0x01, 0xf0, 0xfe, 0xf0, 0x03, 0xf2, 0xfd, 0xf2, 0x02, 0xf4,
  0x00, 0xf5, 0xfe, 0xf5, 0x03, 0xf8, 0xfd, 0xf8, 0x02, 0xfa, 0xff, 0xfa,
  0xff, 0xfb, 0x03, 0xfd, 0xfd, 0xfe, 0x02, 0x00, 0xff, 0x00, 0xff, 0x02,
  0x03, 0x04, 0xfc, 0x04, 0x04, 0x06, 0xfc, 0x06, 0x04, 0x09, 0xfd, 0x09,
  0x02, 0x0b, 0xfe, 0x0c, 0x01, 0x0e, 0x00, 0x0f, 0x01, 0x10, 0xfe, 0x10,
  0x02, 0x12, 0xfe, 0x12, 0x02, 0x14, 0xfe, 0x14, 0x02, 0x16, 0xfe, 0x16,
  0x03, 0x18, 0xfd, 0x18, 0x02, 0x1a, 0xfe, 0x19, 0x02, 0x1b, 0xff, 0x1b,
  0x00, 0x1c, 0x01, 0x1d, 0xfe, 0x1d, 0x02, 0x1e, 0xff, 0x1e, 0xff, 0x1e,
  0x02, 0x1f, 0xff, 0x1f, 0xff, 0x1f, 0x03, 0x20, 0xfc, 0x20, 0x03, 0x21,
  0xff, 0x20, 0x00, 0x21, 0x00, 0x21, 0x00, 0x21, 0x00, 0x21, 0xff, 0x20,
  0x03, 0x21, 0xfc, 0x20, 0x03, 0x21, 0xfe, 0x20, 0x01, 0x21, 0x00, 0x21,
  0x00, 0x21, 0xff, 0x20, 0x01, 0x21, 0x00, 0x21, 0xff, 0x20, 0x02, 0x21,
  0xfe, 0x20, 0x01, 0x20, 0x00, 0x20, 0x00, 0x20, 0xff, 0x1f, 0x01, 0x20,
  0x00, 0x1f, 0xff, 0x1e, 0x02, 0x1f, 0xfe, 0x1e, 0x00, 0x1f, 0x02, 0x1e,
  0xfd, 0x1d, 0x03, 0x1e, 0xfe, 0x1d, 0x00, 0x1d, 0x02, 0x1d, 0xfd, 0x1c,
  0x04, 0x1c, 0xfc, 0x1b, 0x02, 0x1c, 0x00, 0x1c, 0xff, 0x1a, 0x02, 0x1b,
  0xfd, 0x19, 0x03, 0x1a, 0xfe, 0x19, 0x01, 0x19, 0xff, 0x18, 0x01, 0x18,
  0xff, 0x17, 0x01, 0x17, 0x00, 0x17, 0xfe, 0x15, 0x03, 0x16, 0xfe, 0x14,
  0x01, 0x15, 0x00, 0x14, 0xff, 0x12, 0x01, 0x12, 0x00, 0x11, 0x00, 0x11,
  0xff, 0x0f, 0x02, 0x0f, 0xfd, 0x0d, 0x03, 0x0d, 0xfe, 0x0b, 0x00, 0x0b,
  0x02, 0x0a, 0xfd, 0x08, 0x02, 0x08, 0xff, 0x06, 0x00, 0x06, 0x01, 0x05,
  0xff, 0x02, 0x00, 0x02, 0x01, 0x01, 0xfe, 0xff, 0x02, 0xff, 0xff, 0xfc,
  0x00, 0xfc, 0x01, 0xfb, 0xfe, 0xf9, 0x02, 0xf8, 0x00, 0xf7, 0xfe, 0xf5,
  0x03, 0xf5, 0xfc, 0xf2, 0x04, 0xf2, 0xfe, 0xf0, 0x00, 0xf0, 0x01, 0xef,
  0xfe, 0xed, 0x02, 0xed, 0x00, 0xeb, 0xff, 0xe9, 0x01, 0xe9, 0xfe, 0xe7,
  0x03, 0xe7, 0xfe, 0xe5, 0x01, 0xe5, 0x00, 0xe5, 0xff, 0xe3, 0x01, 0xe3,
  0x00, 0xe3, 0xfe, 0xe1, 0x03, 0xe2, 0xfd, 0xe0, 0x03, 0xe0, 0xfe, 0xdf,
  0x00, 0xe0, 0x00, 0xdf, 0x01, 0xdf, 0xff, 0xde, 0x00, 0xde, 0x01, 0xde,
  0xfe, 0xdd, 0x03, 0xde, 0xfe, 0xdc, 0x00, 0xdd, 0x01, 0xdd, 0xfe, 0xdc,
  0x03, 0xdd, 0xfd, 0xdc, 0x04, 0xdd, 0xfb, 0xdc, 0x04, 0xdd, 0xfd, 0xdc,
  0x02, 0xdd, 0x00, 0xdd, 0xff, 0xdc, 0x01, 0xdd, 0xff, 0xdc, 0x00, 0xde,
  0x01, 0xde, 0xff, 0xdd, 0x01, 0xde, 0xff, 0xdd, 0x01, 0xde, 0xfe, 0xde,
  0x03, 0xdf, 0xfd, 0xde, 0x02, 0xdf, 0xff, 0xde, 0x01, 0xe0, 0xfe, 0xdf,
  0x03, 0xe0, 0xfd, 0xdf, 0x02, 0xe0, 0x00, 0xe1, 0xfe, 0xe0, 0x03, 0xe1,
  0xfd, 0xe1, 0x03, 0xe2, 0xfd, 0xe1, 0x02, 0xe2, 0x00, 0xe2, 0xfe, 0xe2,
  0x03, 0xe3, 0xfd, 0xe2, 0x01, 0xe3, 0x01, 0xe4, 0xfe, 0xe3, 0x03, 0xe4,
  0xfc, 0xe3, 0x04, 0xe5, 0xfd, 0xe4, 0x02, 0xe5, 0xff, 0xe5, 0x01, 0xe6,
  0xfe, 0xe5, 0x03, 0xe7, 0xfd, 0xe6, 0x03, 0xe7, 0xfe, 0xe7, 0x00, 0xe8,
  0x01, 0xe9, 0xff, 0xe8, 0x01, 0xea, 0x00, 0xea, 0xff, 0xea, 0x01, 0xec,
  0xff, 0xeb, 0x01, 0xed, 0xff, 0xec, 0x02, 0xee, 0xfe, 0xee, 0x02, 0xf0,
  0xfd, 0xf0, 0x03, 0xf1, 0xfe, 0xf1, 0x02, 0xf3, 0xfe, 0xf3, 0x01, 0xf5,
  0xff, 0xf5, 0x02, 0xf7, 0xfe, 0xf7, 0x01, 0xf9, 0xff, 0xf9, 0x01, 0xfb,
  0x00, 0xfc, 0xff, 0xfd, 0x01, 0xff, 0xff, 0xff, 0x02, 0x01, 0xfe, 0x02,
  0x01, 0x04, 0xff, 0x04, 0x01, 0x06, 0x00, 0x07, 0x00, 0x08, 0xff, 0x08,
  0x02, 0x0b, 0xfe, 0x0b, 0x01, 0x0d, 0x01, 0x0e, 0xfd, 0x0e, 0x04, 0x10,
  0xfd, 0x10, 0x02, 0x12, 0xff, 0x12, 0x00, 0x14, 0x00, 0x16, 0x01, 0x16,
  0xff, 0x16, 0x01, 0x18, 0xff, 0x18, 0x00, 0x1a, 0x01, 0x1a, 0xfe, 0x1a,
  0x03, 0x1c, 0xfd, 0x1b, 0x03, 0x1d, 0xfd, 0x1c, 0x02, 0x1e, 0xff, 0x1d,
  0x01, 0x1f, 0xff, 0x1e, 0x01, 0x20, 0xfe, 0x1f, 0x03, 0x20, 0xfd, 0x20,
  0x03, 0x21, 0xfc, 0x20, 0x05, 0x21, 0xfb, 0x21, 0x04, 0x22, 0xfe, 0x21,
  0x01, 0x22, 0xff, 0x21, 0x01, 0x22, 0xff, 0x21, 0x01, 0x22, 0x00, 0x22,
  0xff, 0x21, 0x01, 0x22, 0xff, 0x21, 0x01, 0x22, 0xfe, 0x21, 0x03, 0x22,
  0xfd, 0x20, 0x03, 0x21, 0xfd, 0x20, 0x02, 0x21, 0xff, 0x20, 0x00, 0x21,
  0x02, 0x20, 0xfd, 0x1f, 0x03, 0x20, 0xfd, 0x1f, 0x02, 0x1f, 0x00, 0x1f,
  0xff, 0x1e, 0x02, 0x1f, 0xfd, 0x1d, 0x03, 0x1e, 0xfd, 0x1d, 0x04, 0x1e,
  0xfc, 0x1c, 0x03, 0x1d, 0xfe, 0x1c, 0x01, 0x1d, 0x01, 0x1c, 0xfd, 0x1b,
  0x04, 0x1c, 0xfb, 0x1b, 0x06, 0x1b, 0xfb, 0x1a, 0x03, 0x1b, 0xfe, 0x19,
  0x00, 0x1a, 0x02, 0x1a, 0xfe, 0x18, 0x01, 0x19, 0x00, 0x19, 0xfe, 0x17,
  0x03, 0x18, 0xfe, 0x16, 0x01, 0x17, 0x00, 0x16, 0xff, 0x15, 0x02, 0x15,
  0xfe, 0x14, 0x01, 0x14, 0x00, 0x13, 0xff, 0x12, 0x02, 0x12, 0xfe, 0x10,
  0x02, 0x11, 0xfd, 0x0f, 0x03, 0x0f, 0xfd, 0x0d, 0x02, 0x0d, 0x00, 0x0c,
  0xff, 0x0a, 0x01, 0x0a, 0xff, 0x08, 0x01, 0x08, 0xfe, 0x05, 0x03, 0x05,
  0xfd, 0x03, 0x02, 0x03, 0x00, 0x02, 0xfe, 0xff, 0x03, 0xff, 0xfd, 0xfd,
  0x02, 0xfc, 0x00, 0xfb, 0xfe, 0xf9, 0x03, 0xf8, 0xfd, 0xf6, 0x02, 0xf6,
  0x00, 0xf4, 0xff, 0xf2, 0x01, 0xf2, 0x00, 0xf1, 0xff, 0xef, 0x01, 0xee,
  0xff, 0xec, 0x01, 0xec, 0x00, 0xeb, 0xff, 0xe9, 0x01, 0xe9, 0xff, 0xe7,
  0x01, 0xe7, 0x00, 0xe6, 0xfe, 0xe4, 0x03, 0xe4, 0xfe, 0xe2, 0x01, 0xe2,
  0x01, 0xe2, 0xfd, 0xe0, 0x04, 0xe1, 0xfc, 0xdf, 0x04, 0xe0, 0xfc, 0xde,
  0x03, 0xdf, 0xfe, 0xdd, 0x01, 0xde, 0x01, 0xde, 0xfe, 0xdc, 0x01, 0xdd,
  0xff, 0xdc, 0x01, 0xdd, 0x00, 0xdd, 0x00, 0xdd, 0xff, 0xdb, 0x01, 0xdc,
  0xff, 0xdb, 0x02, 0xdc, 0xfe, 0xdc, 0x01, 0xdd, 0x00, 0xdd, 0xff, 0xdc,
  0x01, 0xdd, 0x00, 0xdd, 0xff, 0xdc, 0x02, 0xdd, 0xfe, 0xdc, 0x01, 0xde,
  0x00, 0xde, 0xff, 0xdd, 0x02, 0xde, 0xfe, 0xdd, 0x02, 0xdf, 0xff, 0xde,
  0x00, 0xdf, 0x00, 0xdf, 0x00, 0xe0, 0x00, 0xe0, 0x01, 0xe0, 0xff, 0xe0,
  0x01, 0xe1, 0xff, 0xe0, 0x00, 0xe1, 0x01, 0xe2, 0xff, 0xe1, 0x02, 0xe2,
  0xfe, 0xe1, 0x01, 0xe3, 0x00, 0xe3, 0xff, 0xe2, 0x02, 0xe3, 0xfe, 0xe3,
  0x01, 0xe4, 0x00, 0xe4, 0xff, 0xe3, 0x02, 0xe5, 0xff, 0xe4, 0xff, 0xe4,
  0x02, 0xe6, 0xfe, 0xe5, 0x01, 0xe6, 0x01, 0xe6, 0xfe, 0xe6, 0x01, 0xe7,
  0x00, 0xe8, 0x00, 0xe8, 0xff, 0xe7, 0x02, 0xe9, 0xfd, 0xe8, 0x04, 0xea,
  0xfc, 0xe9, 0x03, 0xeb, 0xfe, 0xea, 0x01, 0xec, 0x00, 0xed, 0xff, 0xec,
  0x02, 0xee, 0xfd, 0xee, 0x03, 0xf0, 0xfd, 0xf0, 0x03, 0xf1, 0xfe, 0xf1,
  0x01, 0xf3, 0x00, 0xf4, 0xff, 0xf4, 0x01, 0xf6, 0x00, 0xf8, 0xff, 0xf7,
  0x02, 0xfa, 0xff, 0xfa, 0xfe, 0xfb, 0x03, 0xfd, 0xfd, 0xfd, 0x02, 0xff,
  0x00, 0x01, 0xfe, 0x01, 0x03, 0x03, 0xfd, 0x03, 0x02, 0x06, 0xfe, 0x06,
  0x03, 0x08, 0xfd, 0x08, 0x03, 0x0b, 0xfe, 0x0b, 0x00, 0x0d, 0x02, 0x0e,
  0xfe, 0x0e, 0x02, 0x10, 0xfe, 0x10, 0x02, 0x12, 0xfe, 0x13, 0x02, 0x15,
  0xff, 0x15, 0x01, 0x17, 0xfe, 0x16, 0x02, 0x18, 0xfe, 0x18, 0x02, 0x1a,
  0xff, 0x1a, 0x00, 0x1b, 0xff, 0x1b, 0x02, 0x1d, 0xfe, 0x1c, 0x01, 0x1e,
  0x01, 0x1e, 0xfd, 0x1e, 0x04, 0x1f, 0xfd, 0x1e, 0x01, 0x20, 0x00, 0x20,
  0x00, 0x21, 0x00, 0x21, 0x01, 0x21, 0xfe, 0x20, 0x02, 0x21, 0xfe, 0x21,
  0x02, 0x22, 0xfe, 0x21, 0x02, 0x22, 0xff, 0x21, 0xff, 0x21, 0x02, 0x22,
  0xff, 0x21, 0x00, 0x22, 0x00, 0x22, 0x00, 0x22, 0xff, 0x21, 0x03, 0x22,
  0xfd, 0x21, 0x02, 0x22, 0xff, 0x21, 0x00, 0x21, 0x01, 0x21, 0xff, 0x20,
  0x01, 0x21, 0xff, 0x20, 0x01, 0x21, 0x00, 0x20, 0xff, 0x1f, 0x01, 0x20,
  0xff, 0x1f, 0x01, 0x1f, 0x00, 0x1f, 0xff, 0x1e, 0x01, 0x1f, 0x00, 0x1e,
  0xff, 0x1d, 0x02, 0x1e, 0xfe, 0x1d, 0x01, 0x1e, 0x00, 0x1d, 0x00, 0x1d,
  0x00, 0x1d, 0x01, 0x1c, 0xff, 0x1b, 0xff, 0x1b, 0x02, 0x1b, 0xff, 0x1a,
  0x00, 0x1b, 0x02, 0x1b, 0xfd, 0x19, 0x02, 0x1a, 0xff, 0x19, 0x00, 0x19,
  0x00, 0x19, 0x01, 0x18, 0xff, 0x17, 0x00, 0x18, 0x01, 0x17, 0xff, 0x16,
  0x00, 0x16, 0x01, 0x16, 0xfe, 0x15, 0x03, 0x15, 0xfe, 0x13, 0x01, 0x13,
  0xff, 0x12, 0x00, 0x12, 0x01, 0x12, 0xfe, 0x10, 0x03, 0x10, 0xfd, 0x0e,
  0x03, 0x0e, 0xfd, 0x0d, 0x02, 0x0d, 0xfe, 0x0b, 0x03, 0x0b, 0xfe, 0x09,
  0x01, 0x09, 0xff, 0x07, 0x00, 0x07, 0x01, 0x06, 0x00, 0x05, 0xff, 0x03,
  0x02, 0x03, 0xfd, 0x01, 0x04, 0x00, 0xfc, 0xfe, 0x03, 0xfe, 0xfe, 0xfc,
  0x01, 0xfc, 0x01, 0xfb, 0xfe, 0xf8, 0x02, 0xf8, 0xfe, 0xf6, 0x00, 0xf6,
  0x02, 0xf5, 0xfd, 0xf2, 0x04, 0xf2, 0xfc, 0xf0, 0x03, 0xf0, 0xfd, 0xee,
  0x03, 0xee, 0xfd, 0xec, 0x03, 0xec, 0xfe, 0xea, 0x01, 0xea, 0xff, 0xe8,
  0x01, 0xe8, 0x00, 0xe7, 0xff, 0xe5, 0x02, 0xe5, 0xfd, 0xe4, 0x03, 0xe4,
  0xfe, 0xe2, 0x01, 0xe2, 0x00, 0xe2, 0xff, 0xe1, 0x01, 0xe1, 0x00, 0xe0,
  0xff, 0xdf, 0x01, 0xdf, 0x00, 0xdf, 0xff, 0xde, 0x02, 0xde, 0xfd, 0xdd,
  0x03, 0xde, 0xfe, 0xdc, 0x01, 0xdd, 0x00, 0xdd, 0xff, 0xdc, 0x01, 0xdd,
  0x00, 0xdd, 0xff, 0xdc, 0x01, 0xdd, 0xff, 0xdc, 0x01, 0xdd, 0xff, 0xdc,
  0x01, 0xdd, 0xff, 0xdc, 0x00, 0xdd, 0x01, 0xdd, 0xff, 0xdc, 0x00, 0xdd,
  0x01, 0xde, 0xfe, 0xdd, 0x03, 0xde, 0xfd, 0xdd, 0x03, 0xde, 0xfd, 0xde,
  0x03, 0xdf, 0xfd, 0xde, 0x03, 0xdf, 0xfe, 0xdf, 0x01, 0xe0, 0x00, 0xe0,
  0xfe, 0xdf, 0x04, 0xe1, 0xfc, 0xe0, 0x03, 0xe1, 0xfd, 0xe1, 0x03, 0xe2,
  0xfd, 0xe1, 0x03, 0xe2, 0xfd, 0xe2, 0x02, 0xe3, 0x00, 0xe3, 0xfe, 0xe3,
  0x03, 0xe4, 0xfd, 0xe3, 0x02, 0xe5, 0x00, 0xe5, 0xfe, 0xe4, 0x02, 0xe6,
  0x00, 0xe6, 0xff, 0xe5, 0x01, 0xe7, 0xff, 0xe6, 0x01, 0xe7, 0xfe, 0xe7,
  0x04, 0xe8, 0xfb, 0xe8, 0x05, 0xe9, 0xfd, 0xe8, 0x00, 0xea, 0x02, 0xeb,
  0xfd, 0xea, 0x03, 0xec, 0xfe, 0xeb, 0x01, 0xed, 0x00, 0xee, 0x00, 0xef,
  0xff, 0xee, 0x02, 0xf0, 0xfd, 0xf0, 0x03, 0xf2, 0xff, 0xf2, 0xff, 0xf3,
  0x02, 0xf5, 0xfe, 0xf5, 0x01, 0xf7, 0x00, 0xf8, 0xff, 0xf8, 0x02, 0xfa,
  0xfe, 0xfa, 0x01, 0xfd, 0x00, 0xfe, 0xff, 0xfe, 0x02, 0x00, 0xfe, 0x00,
  0x01, 0x02, 0x01, 0x04, 0xfe, 0x04, 0x03, 0x06, 0xfd, 0x06, 0x02, 0x08,
  0xff, 0x09, 0x01, 0x0b, 0xff, 0x0b, 0x02, 0x0d, 0xfc, 0x0e, 0x05, 0x10,
  0xfb, 0x10, 0x04, 0x12, 0xfd, 0x12, 0x02, 0x14, 0xff, 0x14, 0x00, 0x16,
  0x00, 0x17, 0x00, 0x17, 0x00, 0x18, 0x00, 0x19, 0x01, 0x1a, 0xfe, 0x19,
  0x02, 0x1b, 0xff, 0x1b, 0x00, 0x1d, 0x01, 0x1d, 0xfe, 0x1d, 0x02, 0x1e,
  0xff, 0x1e, 0x00, 0x1f, 0x01, 0x1f, 0xfe, 0x1f, 0x01, 0x20, 0x00, 0x20,
  0xff, 0x1f, 0x02, 0x21, 0xfe, 0x20, 0x01, 0x21, 0xff, 0x20, 0x02, 0x21,
  0xfc, 0x20, 0x05, 0x21, 0xfc, 0x20, 0x03, 0x21, 0xff, 0x20, 0xfe, 0x20,
  0x03, 0x21, 0xfe, 0x20, 0x02, 0x21, 0xfe, 0x20, 0x01, 0x21, 0xff, 0x20,
  0x01, 0x21, 0x00, 0x20, 0x00, 0x20, 0xff, 0x1f, 0x01, 0x20, 0xff, 0x1f,
  0x02, 0x1f, 0xfe, 0x1e, 0x01, 0x1f, 0xff, 0x1e, 0x01, 0x1f, 0x00, 0x1e,
  0x00, 0x1e, 0xff, 0x1d, 0x01, 0x1e, 0x00, 0x1d, 0xff, 0x1c, 0x02, 0x1d,
  0xfe, 0x1c, 0x01, 0x1c, 0x01, 0x1c, 0xfe, 0x1b, 0x01, 0x1c, 0x01, 0x1b,
  0xfe, 0x1a, 0x02, 0x1b, 0xff, 0x19, 0x00, 0x1a, 0x00, 0x1a, 0x01, 0x19,
  0xfe, 0x18, 0x02, 0x18, 0xfe, 0x17, 0x02, 0x17, 0xfe, 0x16, 0x03, 0x16,
  0xfc, 0x15, 0x04, 0x15, 0xfc, 0x13, 0x04, 0x13, 0xfd, 0x12, 0x02, 0x12,
  0xff, 0x10, 0x01, 0x10, 0xfe, 0x0e, 0x02, 0x0e, 0xff, 0x0d, 0x00, 0x0d,
  0x01, 0x0c, 0xfe, 0x09, 0x03, 0x09, 0xfc, 0x07, 0x04, 0x07, 0xfd, 0x04,
  0x02, 0x04, 0xfe, 0x02, 0x03, 0x02, 0xfc, 0xff, 0x04, 0xff, 0xfd, 0xfd,
  0x01, 0xfc, 0x01, 0xfb, 0xff, 0xf9, 0x00, 0xf9, 0x00, 0xf7, 0x00, 0xf5,
  0x00, 0xf4, 0x01, 0xf3, 0xff, 0xf1, 0x00, 0xf1, 0x00, 0xf0, 0x00, 0xef,
  0x00, 0xee, 0x01, 0xec, 0xfd, 0xea, 0x05, 0xea, 0xfa, 0xe8, 0x06, 0xe8,
  0xfb, 0xe6, 0x04, 0xe6, 0xfd, 0xe4, 0x02, 0xe5, 0xfe, 0xe3, 0x03, 0xe4,
  0xfd, 0xe2, 0x02, 0xe2, 0xfe, 0xe0, 0x01, 0xe0, 0x00, 0xe0, 0x00, 0xe0,
  0x00, 0xdf, 0x00, 0xdf, 0x00, 0xde, 0xff, 0xdd, 0x01, 0xde, 0x00, 0xde,
  0x00, 0xdd, 0x01, 0xdd, 0xfe, 0xdc, 0x02, 0xdd, 0xfe, 0xdb, 0x02, 0xdc,
  0xff, 0xdb, 0x00, 0xdc, 0x00, 0xdc, 0x00, 0xdc, 0x00, 0xdc, 0x01, 0xdc,
  0xfe, 0xdb, 0x02, 0xdc, 0xfd, 0xdb, 0x04, 0xdd, 0xfc, 0xdc, 0x04, 0xdd,
  0xfc, 0xdc, 0x03, 0xdd, 0xff, 0xdc, 0x00, 0xdd, 0x00, 0xde, 0x00, 0xde,
  0x00, 0xde, 0x01, 0xde, 0xff, 0xde, 0x00, 0xdf, 0x01, 0xdf, 0xfe, 0xdf,
  0x04, 0xe0, 0xfa, 0xdf, 0x06, 0xe0, 0xfb, 0xdf, 0x04, 0xe1, 0xfe, 0xe0,
  0x00, 0xe1, 0x01, 0xe1, 0xfe, 0xe1, 0x03, 0xe2, 0xfc, 0xe1, 0x05, 0xe3,
  0xfb, 0xe2, 0x05, 0xe3, 0xfa, 0xe2, 0x06, 0xe4, 0xfb, 0xe3, 0x04, 0xe4,
  0xfd, 0xe3, 0x02, 0xe4, 0xfe, 0xe4, 0x03, 0xe5, 0xfc, 0xe4, 0x05, 0xe5,
  0xfb, 0xe5, 0x04, 0xe6, 0xfd, 0xe5, 0x03, 0xe7, 0xfd, 0xe6, 0x03, 0xe7,
  0xfd, 0xe7, 0x03, 0xe8, 0xfe, 0xe8, 0x01, 0xe9, 0xff, 0xe9, 0x01, 0xea,
  0x00, 0xeb, 0xff, 0xea, 0x01, 0xec, 0xff, 0xec, 0x01, 0xee, 0x00, 0xee,
  0x00, 0xef, 0xff, 0xef, 0x01, 0xf1, 0xff, 0xf1, 0x01, 0xf3, 0x00, 0xf3,
  0x00, 0xf4, 0x00, 0xf5, 0x00, 0xf6, 0xff, 0xf6, 0x02, 0xf9, 0xfe, 0xf9,
  0x02, 0xfb, 0xff, 0xfb, 0x00, 0xfd, 0x01, 0xfe, 0xfe, 0xff, 0x02, 0x01,
  0xff, 0x01, 0x00, 0x04, 0x01, 0x05, 0xfe, 0x05, 0x03, 0x08, 0xfd, 0x08,
  0x02, 0x0a, 0xff, 0x0a, 0x00, 0x0d, 0x01, 0x0e, 0xff, 0x0e, 0x00, 0x10,
  0x01, 0x11, 0xff, 0x11, 0x00, 0x13, 0x01, 0x15, 0xfe, 0x15, 0x03, 0x17,
  0xfd, 0x16, 0x03, 0x18, 0xfd, 0x18, 0x02, 0x1a, 0xff, 0x1a, 0x01, 0x1c,
  0x00, 0x1c, 0xfe, 0x1c, 0x03, 0x1d, 0xfd, 0x1d, 0x02, 0x1e, 0x00, 0x1f,
  0xfe, 0x1f, 0x03, 0x20, 0xfd, 0x1f, 0x02, 0x20, 0xff, 0x20, 0x00, 0x21,
  0x01, 0x22, 0xff, 0x21, 0x01, 0x22, 0xff, 0x21, 0x01, 0x22, 0xfe, 0x22,
  0x02, 0x23, 0xff, 0x22, 0x01, 0x23, 0xff, 0x22, 0x01, 0x23, 0xfe, 0x22,
  0x02, 0x23, 0xff, 0x22, 0x00, 0x23, 0x00, 0x23, 0x01, 0x23, 0xfe, 0x22,
  0x03, 0x22, 0xfc, 0x21, 0x03, 0x22, 0xff, 0x21, 0xff, 0x21, 0x03, 0x22,
  0xfb, 0x20, 0x06, 0x21, 0xfa, 0x20, 0x05, 0x21, 0xfd, 0x1f, 0x01, 0x20,
  0x00, 0x20, 0x00, 0x20, 0xff, 0x1e, 0x03, 0x1f, 0xfb, 0x1e, 0x06, 0x1e,
  0xfa, 0x1d, 0x05, 0x1e, 0xfc, 0x1d, 0x03, 0x1d, 0xfe, 0x1c, 0x01, 0x1d,
  0x00, 0x1c, 0xff, 0x1b, 0x01, 0x1c, 0xff, 0x1b, 0x01, 0x1c, 0x00, 0x1b,
  0xff, 0x1a, 0x01, 0x1b, 0xff, 0x1a, 0x01, 0x1a, 0x00, 0x1a, 0xff, 0x19,
  0x01, 0x19, 0xff, 0x18, 0x00, 0x19, 0x01, 0x18, 0xfe, 0x17, 0x02, 0x18,
  0xff, 0x16, 0x00, 0x17, 0x00, 0x16, 0x00, 0x16, 0xff, 0x14, 0x02, 0x15,
  0xfe, 0x13, 0x01, 0x14, 0x00, 0x13, 0xff, 0x11, 0x02, 0x11, 0xfe, 0x10,
  0x01, 0x10, 0x00, 0x0f, 0xfe, 0x0d, 0x04, 0x0d, 0xfc, 0x0b, 0x03, 0x0b,
  0xfe, 0x09, 0x00, 0x09, 0x02, 0x08, 0xfd, 0x06, 0x03, 0x05, 0xfd, 0x03,
  0x03, 0x03, 0xfd, 0x01, 0x03, 0x01, 0xfd, 0xfe, 0x02, 0xfe, 0x00, 0xfc,
  0xff, 0xfa, 0x01, 0xfa, 0xff, 0xf8, 0x01, 0xf7, 0x00, 0xf6, 0x00, 0xf5,
  0xff, 0xf2, 0x01, 0xf2, 0xff, 0xf0, 0x02, 0xf0, 0xfe, 0xee, 0x01, 0xee,
  0xff, 0xeb, 0x01, 0xeb, 0xff, 0xe9, 0x01, 0xe9, 0xff, 0xe7, 0x01, 0xe7,
  0xff, 0xe5, 0x01, 0xe5, 0xfe, 0xe3, 0x03, 0xe3, 0xfe, 0xe2, 0x01, 0xe2,
  0xff, 0xe1, 0x01, 0xe1, 0xff, 0xe0, 0x02, 0xe0, 0xfd, 0xdf, 0x03, 0xdf,
  0xfe, 0xde, 0x01, 0xde, 0x00, 0xde, 0xff, 0xdd, 0x01, 0xde, 0x00, 0xdd,
  0x00, 0xdd, 0x00, 0xdd, 0x00, 0xdd, 0xff, 0xdc, 0x02, 0xdd, 0xfe, 0xdc,
  0x03, 0xdd, 0xfd, 0xdc, 0x02, 0xdd, 0xff, 0xdc, 0x00, 0xdd, 0x00, 0xdd,
  0x01, 0xdd, 0xff, 0xdd, 0x01, 0xde, 0xff, 0xdd, 0x00, 0xde, 0x01, 0xde,
  0xff, 0xde, 0x01, 0xdf, 0xff, 0xde, 0x01, 0xdf, 0x00, 0xe0, 0xff, 0xdf,
  0x02, 0xe0, 0xfd, 0xdf, 0x04, 0xe0, 0xfc, 0xe0, 0x03, 0xe1, 0xff, 0xe0,
  0xff, 0xe1, 0x02, 0xe2, 0xfd, 0xe1, 0x04, 0xe3, 0xfc, 0xe2, 0x04, 0xe3,
  0xfb, 0xe3, 0x05, 0xe4, 0xfd, 0xe3, 0x01, 0xe4, 0x01, 0xe5, 0xfe, 0xe4,
  0x02, 0xe6, 0xfe, 0xe5, 0x01, 0xe6, 0x00, 0xe7, 0x00, 0xe7, 0x00, 0xe8,
  0xff, 0xe7, 0x01, 0xe9, 0xff, 0xe8, 0x01, 0xea, 0xff, 0xe9, 0x01, 0xeb,
  0x00, 0xeb, 0xff, 0xeb, 0x02, 0xed, 0xfd, 0xec, 0x03, 0xee, 0xfe, 0xee,
  0x01, 0xf0, 0x00, 0xf0, 0xff, 0xf0, 0x02, 0xf2, 0xfd, 0xf2, 0x04, 0xf4,
  0xfc, 0xf4, 0x03, 0xf6, 0xff, 0xf6, 0x00, 0xf8, 0x01, 0xfa, 0xff, 0xfa,
  0x01, 0xfc, 0xfe, 0xfc, 0x04, 0xfe, 0xfb, 0xfe, 0x04, 0x01, 0xfe, 0x01,
  0x00, 0x03, 0x02, 0x05, 0xfd, 0x05, 0x03, 0x07, 0xfd, 0x07, 0x03, 0x09,
  0xfe, 0x0a, 0x01, 0x0c, 0x00, 0x0d, 0xff, 0x0d, 0x02, 0x0f, 0xfe, 0x10,
  0x02, 0x12, 0xfd, 0x12, 0x04, 0x14, 0xfc, 0x14, 0x03, 0x16, 0xfe, 0x15,
  0x01, 0x17, 0x00, 0x18, 0x00, 0x19, 0xff, 0x19, 0x02, 0x1a, 0xfd, 0x1a,
  0x03, 0x1c, 0xfe, 0x1b, 0x01, 0x1d, 0x00, 0x1e, 0x00, 0x1e, 0xff, 0x1e,
  0x01, 0x1f, 0x00, 0x1f, 0xff, 0x1f, 0x01, 0x20, 0x00, 0x20, 0xff, 0x20,
  0x02, 0x21, 0xfd, 0x20, 0x03, 0x21, 0xfe, 0x20, 0x02, 0x22, 0xfd, 0x21,
  0x03, 0x22, 0xfe, 0x21, 0x02, 0x22, 0xfe, 0x21, 0x02, 0x22, 0xfd, 0x21,
  0x04, 0x22, 0xfc, 0x21, 0x03, 0x22, 0xfe, 0x20, 0x02, 0x21, 0xfe, 0x20,
  0x02, 0x21, 0xfe, 0x20, 0x01, 0x20, 0xff, 0x1f, 0x01, 0x20, 0x00, 0x20,
  0xff, 0x1f, 0x02, 0x1f, 0xfd, 0x1e, 0x03, 0x1f, 0xfd, 0x1e, 0x02, 0x1f,
  0xff, 0x1d, 0x01, 0x1e, 0x00, 0x1e, 0xff, 0x1c, 0x01, 0x1d, 0xfe, 0x1c,
  0x03, 0x1d, 0xfd, 0x1c, 0x03, 0x1c, 0xfe, 0x1b, 0x00, 0x1c, 0x01, 0x1c,
  0xff, 0x1a, 0x00, 0x1b, 0x01, 0x1b, 0xff, 0x19, 0x00, 0x1a, 0x01, 0x1a,
  0xfe, 0x18, 0x02, 0x19, 0xff, 0x18, 0x00, 0x18, 0x01, 0x18, 0xfe, 0x16,
  0x02, 0x16, 0xff, 0x15, 0x00, 0x15, 0x00, 0x15, 0x00, 0x14, 0x01, 0x13,
  0xfe, 0x12, 0x03, 0x12, 0xfc, 0x10, 0x03, 0x10, 0x00, 0x10, 0xff, 0x0e,
  0x01, 0x0e, 0xff, 0x0c, 0x00, 0x0b, 0x01, 0x0a, 0x00, 0x09, 0xff, 0x07,
  0x01, 0x07, 0xff, 0x05, 0x01, 0x05, 0x00, 0x03, 0xff, 0x01, 0x01, 0x01,
  0xff, 0xff, 0x01, 0xfe, 0xff, 0xfc, 0x01, 0xfc, 0xff, 0xfa, 0x01, 0xf9,
  0xff, 0xf7, 0x00, 0xf7, 0x01, 0xf5, 0xfe, 0xf3, 0x02, 0xf3, 0xff, 0xf1,
  0x00, 0xf1, 0x01, 0xf0, 0xfe, 0xee, 0x02, 0xed, 0xff, 0xeb, 0x00, 0xeb,
  0x00, 0xea, 0x00, 0xe9, 0x00, 0xe8, 0x01, 0xe7, 0xff, 0xe5, 0xff, 0xe4,
  0x02, 0xe5, 0xfe, 0xe3, 0x02, 0xe3, 0xff, 0xe1, 0xff, 0xe1, 0x02, 0xe1,
  0xfe, 0xe0, 0x01, 0xe0, 0x00, 0xe0, 0xff, 0xde, 0x02, 0xdf, 0xff, 0xdd,
  0xff, 0xdd, 0x02, 0xde, 0xfd, 0xdc, 0x04, 0xdd, 0xfd, 0xdc, 0x02, 0xdd,
  0xfe, 0xdb, 0x01, 0xdc, 0x00, 0xdc, 0x01, 0xdc, 0xfe, 0xdb, 0x02, 0xdc,
  0xfe, 0xdb, 0x02, 0xdc, 0xff, 0xdb, 0x00, 0xdc, 0x00, 0xdc, 0x00, 0xdc,
  0x00, 0xdc, 0x01, 0xdc, 0xfe, 0xdc, 0x02, 0xdd, 0xfe, 0xdc, 0x02, 0xdd,
  0xff, 0xdc, 0x00, 0xdd, 0x00, 0xde, 0x00, 0xde, 0x00, 0xde, 0x00, 0xde,
  0x00, 0xdf, 0x00, 0xdf, 0x00, 0xdf, 0x00, 0xe0, 0xff, 0xdf, 0x01, 0xe0,
  0x00, 0xe1, 0xff, 0xe0, 0x02, 0xe1, 0xfe, 0xe0, 0x01, 0xe1, 0x00, 0xe2,
  0x00, 0xe2, 0x00, 0xe2, 0x00, 0xe3, 0xff, 0xe2, 0x02, 0xe3, 0xfe, 0xe2,
  0x02, 0xe4, 0xfe, 0xe3, 0x01, 0xe4, 0xff, 0xe3, 0x02, 0xe5, 0xfd, 0xe4,
  0x03, 0xe5, 0xfe, 0xe4, 0x01, 0xe6, 0xff, 0xe5, 0x01, 0xe6, 0x00, 0xe7,
  0xff, 0xe6, 0x02, 0xe7, 0xfd, 0xe7, 0x03, 0xe8, 0xfe, 0xe8, 0x01, 0xe9,
  0xff, 0xe9, 0x01, 0xea, 0xff, 0xea, 0x01, 0xeb, 0xff, 0xeb, 0x00, 0xed,
  0x01, 0xed, 0xfe, 0xed, 0x03, 0xef, 0xfd, 0xef, 0x03, 0xf0, 0xfd, 0xf0,
  0x02, 0xf2, 0xff, 0xf2, 0x01, 0xf4, 0xff, 0xf4, 0x01, 0xf6, 0xff, 0xf6,
  0x00, 0xf8, 0x01, 0xf9, 0xfe, 0xf9, 0x02, 0xfc, 0xff, 0xfc, 0x00, 0xfe,
  0x01, 0xff, 0xfd, 0xff, 0x04, 0x02, 0xfd, 0x02, 0x02, 0x05, 0xfe, 0x05,
  0x02, 0x07, 0xfe, 0x07, 0x03, 0x09, 0xfc, 0x0a, 0x04, 0x0c, 0xfd, 0x0c,
  0x01, 0x0e, 0x02, 0x0f, 0xfc, 0x0f, 0x04, 0x11, 0xfd, 0x12, 0x01, 0x14,
  0x01, 0x15, 0xfe, 0x15, 0x02, 0x17, 0xfe, 0x17, 0x01, 0x19, 0x00, 0x19,
  0xff, 0x19, 0x02, 0x1b, 0xfe, 0x1b, 0x01, 0x1c, 0x00, 0x1d, 0xff, 0x1c,
  0x01, 0x1e, 0x00, 0x1e, 0xff, 0x1e, 0x01, 0x20, 0xff, 0x1f, 0x00, 0x20,
  0x02, 0x20, 0xfd, 0x20, 0x02, 0x21, 0xff, 0x21, 0x00, 0x22, 0x02, 0x22,
  0xfd, 0x21, 0x02, 0x22, 0xff, 0x22, 0x01, 0x23, 0xff, 0x22, 0x01, 0x23,
  0xfe, 0x22, 0x02, 0x23, 0x00, 0x23, 0xfe, 0x22, 0x03, 0x23, 0xfd, 0x22,
  0x02, 0x23, 0xff, 0x22, 0x00, 0x23, 0x01, 0x22, 0xff, 0x21, 0x01, 0x22,
  0xff, 0x21, 0x00, 0x22, 0x01, 0x21, 0xff, 0x20, 0x00, 0x21, 0x01, 0x21,
  0xfe, 0x1f, 0x02, 0x20, 0xff, 0x1f, 0xff, 0x1f, 0x02, 0x1f, 0xfe, 0x1e,
  0x02, 0x1f, 0xfe, 0x1e, 0x02, 0x1e, 0xfd, 0x1d, 0x04, 0x1e, 0xfc, 0x1d,
  0x04, 0x1d, 0xfc, 0x1c, 0x03, 0x1d, 0xfe, 0x1b, 0x02, 0x1c, 0xfe, 0x1b,
  0x02, 0x1c, 0xfd, 0x1a, 0x04, 0x1b, 0xfc, 0x1a, 0x03, 0x1b, 0xfe, 0x19,
  0x02, 0x1a, 0xff, 0x19, 0xff, 0x19, 0x01, 0x19, 0xff, 0x18, 0x02, 0x19,
  0xff, 0x17, 0xff, 0x17, 0x01, 0x17, 0xff, 0x16, 0x01, 0x16, 0x00, 0x16,
  0x00, 0x15, 0xff, 0x14, 0x01, 0x14, 0xff, 0x12, 0x01, 0x12, 0x01, 0x11,
  0xfd, 0x10, 0x03, 0x10, 0xfd, 0x0e, 0x02, 0x0e, 0x00, 0x0d, 0xff, 0x0b,
  0x01, 0x0b, 0xff, 0x09, 0x01, 0x08, 0xfe, 0x06, 0x03, 0x06, 0xfe, 0x04,
  0x00, 0x03, 0x02, 0x02, 0xfd, 0x00, 0x02, 0xff, 0x00, 0xfe, 0xff, 0xfc,
  0x01, 0xfb, 0x00, 0xfa, 0xff, 0xf7, 0x00, 0xf7, 0x02, 0xf6, 0xfd, 0xf3,
  0x03, 0xf3, 0xfe, 0xf1, 0x00, 0xf1, 0x02, 0xf0, 0xfd, 0xed, 0x03, 0xed,
  0xfe, 0xeb, 0x01, 0xeb, 0xff, 0xe9, 0x01, 0xe9, 0xff, 0xe7, 0x02, 0xe7,
  0xfd, 0xe6, 0x03, 0xe6, 0xfd, 0xe4, 0x02, 0xe4, 0x00, 0xe3, 0xff, 0xe1,
  0x01, 0xe2, 0xff, 0xe0, 0x01, 0xe1, 0xff, 0xdf, 0x01, 0xe0, 0xff, 0xdf,
  0x01, 0xdf, 0xff, 0xde, 0x01, 0xdf, 0xff, 0xdd, 0x00, 0xde, 0x01, 0xde,
  0xff, 0xdd, 0x01, 0xdd, 0xff, 0xdc, 0x01, 0xdd, 0xff, 0xdc, 0x01, 0xdd,
  0xff, 0xdc, 0x01, 0xdd, 0x00, 0xdd, 0x00, 0xdd, 0xff, 0xdc, 0x01, 0xde,
  0xff, 0xdd, 0x01, 0xde, 0x00, 0xde, 0xff, 0xdd, 0x01, 0xde, 0xff, 0xde,
  0x00, 0xdf, 0x01, 0xdf, 0xff, 0xde, 0x01, 0xdf, 0xfe, 0xde, 0x03, 0xe0,
  0xfc, 0xdf, 0x04, 0xe0, 0xfd, 0xdf, 0x02, 0xe1, 0x00, 0xe1, 0xfe, 0xe0,
  0x02, 0xe2, 0xff, 0xe1, 0x01, 0xe2, 0x00, 0xe2, 0xff, 0xe2, 0x00, 0xe3,
  0x02, 0xe3, 0xfd, 0xe2, 0x04, 0xe4, 0xfc, 0xe3, 0x03, 0xe5, 0xfd, 0xe4,
  0x03, 0xe5, 0xfd, 0xe5, 0x03, 0xe6, 0xfe, 0xe5, 0x01, 0xe7, 0xff, 0xe6,
  0x00, 0xe8, 0x01, 0xe8, 0xff, 0xe8, 0x01, 0xe9, 0x00, 0xea, 0xff, 0xe9,
  0x01, 0xeb, 0x00, 0xeb, 0xff, 0xeb, 0x01, 0xed, 0x00, 0xed, 0xfe, 0xed,
  0x04, 0xef, 0xfc, 0xef, 0x03, 0xf1, 0xfe, 0xf1, 0x00, 0xf2, 0x02, 0xf3,
  0xfe, 0xf3, 0x02, 0xf5, 0xfe, 0xf5, 0x01, 0xf7, 0x00, 0xf8, 0x00, 0xf9,
  0x00, 0xfb, 0x00, 0xfc, 0x00, 0xfd, 0x00, 0xfe, 0x00, 0x00, 0x00, 0x01,
  0xff, 0x01, 0x02, 0x03, 0xfe, 0x03, 0x01, 0x06, 0x00, 0x07, 0xff, 0x07,
  0x02, 0x09, 0xfd, 0x09, 0x03, 0x0b, 0xfe, 0x0c, 0x01, 0x0e, 0x00, 0x0f,
  0xff, 0x0f, 0x02, 0x11, 0xfe, 0x11, 0x01, 0x13, 0x00, 0x14, 0xff, 0x14,
  0x03, 0x16, 0xfc, 0x16, 0x03, 0x18, 0xff, 0x18, 0x00, 0x19, 0x01, 0x1a,
  0xfe, 0x1a, 0x01, 0x1b, 0x01, 0x1c, 0xff, 0x1c, 0x01, 0x1d, 0xff, 0x1d,
  0xff, 0x1d, 0x02, 0x1f, 0xff, 0x1e, 0x01, 0x20, 0xff, 0x1f, 0x00, 0x20,
  0x00, 0x21, 0x01, 0x21, 0xff, 0x20, 0x00, 0x21, 0x01, 0x21, 0xfe, 0x20,
  0x03, 0x22, 0xfd, 0x21, 0x02, 0x22, 0xfe, 0x21, 0x03, 0x22, 0xfc, 0x21,
  0x04, 0x22, 0xfd, 0x21, 0x01, 0x22, 0x01, 0x22, 0xfe, 0x21, 0x01, 0x22,
  0x01, 0x22, 0xfd, 0x21, 0x04, 0x21, 0xfd, 0x20, 0x01, 0x21, 0x00, 0x21,
  0xff, 0x20, 0x02, 0x21, 0xff, 0x1f, 0xff, 0x1f, 0x02, 0x20, 0xfd, 0x1f,
  0x03, 0x20, 0xff, 0x1e, 0x00, 0x1f, 0xff, 0x1e, 0x02, 0x1f, 0xfd, 0x1e,
  0x04, 0x1e, 0xfd, 0x1d, 0x02, 0x1e, 0xfe, 0x1d, 0x02, 0x1d, 0xfe, 0x1c,
  0x02, 0x1d, 0xff, 0x1b, 0x00, 0x1c, 0x00, 0x1c, 0x00, 0x1c, 0x00, 0x1c,
  0x00, 0x1b, 0x00, 0x1b, 0x00, 0x1b, 0x01, 0x1a, 0xfe, 0x19, 0x02, 0x19,
  0xfe, 0x18, 0x02, 0x18, 0xff, 0x17, 0x00, 0x18, 0xff, 0x16, 0x02, 0x17,
  0xfe, 0x15, 0x02, 0x16, 0xfe, 0x14, 0x01, 0x14, 0xff, 0x13, 0x02, 0x13,
  0xfe, 0x12, 0x01, 0x12, 0x00, 0x11, 0x00, 0x10, 0xff, 0x0f, 0x02, 0x0f,
  0xfd, 0x0d, 0x04, 0x0d, 0xfc, 0x0b, 0x03, 0x0b, 0xfd, 0x09, 0x03, 0x09,
  0xfe, 0x07, 0x02, 0x07, 0xfe, 0x05, 0x00, 0x05, 0x01, 0x04, 0x00, 0x02,
  0x00, 0x01, 0x01, 0x00, 0xfd, 0xfe, 0x04, 0xfe, 0xfc, 0xfb, 0x04, 0xfb,
  0xfd, 0xf9, 0x01, 0xf9, 0x00, 0xf8, 0x00, 0xf7, 0x00, 0xf5, 0x00, 0xf4,
  0x00, 0xf3, 0xff, 0xf1, 0x02, 0xf1, 0xfe, 0xef, 0x02, 0xef, 0xfd, 0xec,
  0x04, 0xec, 0xfc, 0xea, 0x03, 0xea, 0xfe, 0xe8, 0x01, 0xe8, 0xff, 0xe7,
  0x02, 0xe7, 0xfc, 0xe5, 0x05, 0xe5, 0xfb, 0xe3, 0x04, 0xe4, 0xfd, 0xe2,
  0x02, 0xe3, 0xfe, 0xe1, 0x02, 0xe1, 0xff, 0xe0, 0xff, 0xdf, 0x02, 0xe0,
  0xfe, 0xde, 0x01, 0xdf, 0x01, 0xdf, 0xfd, 0xdd, 0x03, 0xde, 0xfe, 0xdd,
  0x02, 0xdd, 0xfe, 0xdc, 0x01, 0xdd, 0xff, 0xdc, 0x02, 0xdd, 0xfe, 0xdc,
  0x01, 0xdd, 0xff, 0xdc, 0x01, 0xdd, 0x00, 0xdd, 0xff, 0xdc, 0x02, 0xdd,
  0xfd, 0xdc, 0x03, 0xdd, 0xfe, 0xdc, 0x01, 0xdd, 0x00, 0xdd, 0x00, 0xde,
  0xff, 0xdd, 0x02, 0xde, 0xfd, 0xdd, 0x04, 0xde, 0xfb, 0xde, 0x06, 0xdf,
  0xfa, 0xde, 0x05, 0xdf, 0xfc, 0xdf, 0x03, 0xe0, 0xff, 0xdf, 0x00, 0xe0,
  0x00, 0xe1, 0xff, 0xe0, 0x01, 0xe1, 0x00, 0xe2, 0x00, 0xe2, 0x00, 0xe2,
  0xff, 0xe1, 0x01, 0xe3, 0x00, 0xe3, 0x00, 0xe3, 0xff, 0xe2, 0x02, 0xe4,
  0xfd, 0xe3, 0x04, 0xe4, 0xfc, 0xe4, 0x03, 0xe5, 0xff, 0xe4, 0xff, 0xe4,
  0x02, 0xe6, 0xfe, 0xe5, 0x01, 0xe6, 0x01, 0xe7, 0xfe, 0xe6, 0x02, 0xe8,
  0xfe, 0xe7, 0x02, 0xe9, 0xff, 0xe8, 0x00, 0xea, 0x00, 0xea, 0x00, 0xea,
  0x00, 0xeb, 0x01, 0xec, 0xfe, 0xeb, 0x01, 0xed, 0x00, 0xee, 0x00, 0xef,
  0x00, 0xef, 0x00, 0xf0, 0xff, 0xf0, 0x02, 0xf2, 0xfd, 0xf2, 0x04, 0xf4,
  0xfc, 0xf4, 0x03, 0xf6, 0xfe, 0xf6, 0x01, 0xf8, 0x00, 0xf9, 0x00, 0xfa,
  0x00, 0xfb, 0xff, 0xfb, 0x02, 0xfe, 0xfd, 0xfe, 0x04, 0x00, 0xfb, 0x01,
  0x05, 0x03, 0xfc, 0x03, 0x03, 0x05, 0xfd, 0x06, 0x03, 0x08, 0xfd, 0x08,
  0x03, 0x0b, 0xfd, 0x0b, 0x03, 0x0d, 0xfd, 0x0d, 0x02, 0x0f, 0xff, 0x0f,
  0x01, 0x11, 0xff, 0x11, 0x01, 0x14, 0xfe, 0x14, 0x03, 0x16, 0xfd, 0x16,
  0x03, 0x17, 0xfd, 0x17, 0x03, 0x19, 0xfd, 0x19, 0x02, 0x1b, 0xff, 0x1b,
  0x01, 0x1c, 0xff, 0x1c, 0x00, 0x1d, 0x00, 0x1e, 0x01, 0x1e, 0xff, 0x1e,
  0x01, 0x1f, 0xfe, 0x1f, 0x02, 0x20, 0xff, 0x1f, 0x01, 0x21, 0xff, 0x20,
  0x00, 0x21, 0x01, 0x22, 0xff, 0x21, 0x01, 0x22, 0xfe, 0x21, 0x02, 0x22,
  0xff, 0x21, 0x00, 0x22, 0x01, 0x22, 0xff, 0x21, 0xff, 0x21, 0x03, 0x22,
  0xfd, 0x21, 0x02, 0x22, 0x00, 0x22, 0xfd, 0x21, 0x05, 0x22, 0xfb, 0x21,
  0x05, 0x22, 0xfb, 0x21, 0x04, 0x22, 0xfd, 0x20, 0x03, 0x21, 0xfd, 0x20,
  0x03, 0x21, 0xfc, 0x1f, 0x05, 0x20, 0xfb, 0x1f, 0x05, 0x20, 0xfc, 0x1e,
  0x02, 0x1f, 0xff, 0x1e, 0x00, 0x1f, 0x01, 0x1e, 0xff, 0x1d, 0x00, 0x1e,
  0x01, 0x1e, 0xff, 0x1c, 0x01, 0x1d, 0xff, 0x1c, 0x00, 0x1c, 0x01, 0x1c,
  0x00, 0x1c, 0x00, 0x1c, 0xff, 0x1a, 0x01, 0x1b, 0xff, 0x1a, 0x02, 0x1b,
  0xfd, 0x19, 0x03, 0x1a, 0xfd, 0x19, 0x03, 0x19, 0xfd, 0x18, 0x03, 0x19,
  0xfc, 0x17, 0x05, 0x18, 0xfb, 0x16, 0x03, 0x17, 0xff, 0x15, 0x00, 0x15,
  0x01, 0x15, 0xff, 0x13, 0x00, 0x14, 0x00, 0x13, 0x00, 0x12, 0x00, 0x11,
  0x01, 0x11, 0xff, 0x0f, 0x01, 0x0f, 0xfe, 0x0d, 0x03, 0x0d, 0xfc, 0x0b,
  0x05, 0x0b, 0xfb, 0x09, 0x04, 0x09, 0xfe, 0x07, 0x00, 0x07, 0x00, 0x06,
  0x00, 0x04, 0x00, 0x03, 0x01, 0x02, 0xfe, 0x00, 0x01, 0xff, 0x00, 0xfe,
  0x00, 0xfd, 0x00, 0xfb, 0x00, 0xfa, 0xff, 0xf8, 0x02, 0xf8, 0xfe, 0xf5,
  0x01, 0xf5, 0x00, 0xf4, 0xff, 0xf2, 0x01, 0xf1, 0x00, 0xf0, 0xfe, 0xee,
  0x03, 0xee, 0xfd, 0xec, 0x03, 0xec, 0xfe, 0xea, 0x01, 0xea, 0xfe, 0xe8,
  0x03, 0xe8, 0xfe, 0xe6, 0x02, 0xe6, 0xfe, 0xe4, 0x01, 0xe4, 0xff, 0xe3,
  0x02, 0xe3, 0xfe, 0xe1, 0x01, 0xe2, 0x00, 0xe1, 0xff, 0xe0, 0x02, 0xe0,
  0xfe, 0xdf, 0x02, 0xdf, 0xfe, 0xde, 0x01, 0xdf, 0x00, 0xde, 0xff, 0xdd,
  0x02, 0xde, 0xfe, 0xdc, 0x01, 0xdd, 0xff, 0xdc, 0x00, 0xdd, 0x02, 0xdd,
  0xfc, 0xdc, 0x05, 0xdc, 0xfb, 0xdb, 0x04, 0xdc, 0xfe, 0xdc, 0x00, 0xdd,
  0x00, 0xdd, 0x01, 0xdd, 0xff, 0xdc, 0x01, 0xdd, 0xff, 0xdc, 0x01, 0xdd,
  0xff, 0xdc, 0x01, 0xdd, 0xff, 0xdd, 0x01, 0xde, 0x00, 0xde, 0xff, 0xdd,
  0x01, 0xde, 0x00, 0xdf, 0xff, 0xde, 0x02, 0xdf, 0xfe, 0xde, 0x01, 0xe0,
  0x00, 0xe0, 0xff, 0xdf, 0x02, 0xe1, 0xfe, 0xe0, 0x02, 0xe1, 0xfe, 0xe0,
  0x01, 0xe2, 0x00, 0xe2, 0x00, 0xe2, 0x00, 0xe2, 0x00, 0xe3, 0x00, 0xe3,
  0xff, 0xe2, 0x02, 0xe4, 0xfe, 0xe3, 0x01, 0xe4, 0x01, 0xe5, 0xfd, 0xe4,
  0x04, 0xe5, 0xfb, 0xe4, 0x05, 0xe6, 0xfc, 0xe5, 0x03, 0xe6, 0xfe, 0xe6,
  0x01, 0xe7, 0xff, 0xe6, 0x01, 0xe8, 0x00, 0xe8, 0xff, 0xe8, 0x01, 0xe9,
  0xff, 0xe9, 0x01, 0xea, 0xff, 0xea, 0x02, 0xeb, 0xfd, 0xeb, 0x03, 0xec,
  0xfd, 0xec, 0x03, 0xee, 0xfe, 0xed, 0x01, 0xef, 0xff, 0xef, 0x01, 0xf1,
  0xff, 0xf0, 0x01, 0xf2, 0xff, 0xf2, 0x00, 0xf4, 0x02, 0xf5, 0xfc, 0xf5,
  0x04, 0xf7, 0xfc, 0xf7, 0x03, 0xf9, 0xff, 0xf9, 0xff, 0xfa, 0x03, 0xfc,
  0xfc, 0xfc, 0x04, 0xff, 0xfc, 0xff, 0x03, 0x01, 0xff, 0x01, 0x00, 0x03,
  0x00, 0x04, 0x01, 0x06, 0xfe, 0x06, 0x03, 0x08, 0xfc, 0x08, 0x03, 0x0b,
  0xff, 0x0b, 0x00, 0x0d, 0x01, 0x0e, 0xfe, 0x0e, 0x01, 0x10, 0x00, 0x11,
  0xff, 0x11, 0x02, 0x13, 0xff, 0x13, 0x00, 0x15, 0xff, 0x15, 0x02, 0x17,
  0xfe, 0x17, 0x02, 0x18, 0xff, 0x18, 0x00, 0x1a, 0x00, 0x1b, 0x00, 0x1c,
  0x00, 0x1c, 0x01, 0x1d, 0xfe, 0x1c, 0x02, 0x1e, 0xfe, 0x1d, 0x01, 0x1f,
  0x00, 0x1f, 0x00, 0x1f, 0xff, 0x1f, 0x01, 0x20, 0x00, 0x20, 0xff, 0x20,
  0x02, 0x21, 0xfd, 0x20, 0x03, 0x21, 0xfd, 0x21, 0x04, 0x22, 0xfc, 0x21,
  0x04, 0x22, 0xfc, 0x21, 0x03, 0x22, 0xfe, 0x21, 0x01, 0x22, 0x01, 0x22,
  0xfe, 0x21, 0x01, 0x22, 0x00, 0x22, 0x00, 0x22, 0x00, 0x22, 0x00, 0x22,
  0xff, 0x21, 0x02, 0x22, 0xff, 0x21, 0x00, 0x22, 0x00, 0x21, 0x00, 0x21,
  0x00, 0x21, 0x01, 0x21, 0xff, 0x20, 0x01, 0x20, 0xff, 0x1f, 0x00, 0x20,
  0x02, 0x20, 0xfd, 0x1e, 0x03, 0x1f, 0xfd, 0x1e, 0x02, 0x1e, 0x00, 0x1e,
  0xff, 0x1d, 0x01, 0x1e, 0xfe, 0x1c, 0x03, 0x1d, 0xfd, 0x1c, 0x02, 0x1c,
  0xff, 0x1b, 0x01, 0x1c, 0xff, 0x1a, 0x02, 0x1b, 0xfd, 0x1a, 0x03, 0x1b,
  0xfd, 0x19, 0x03, 0x1a, 0xfe, 0x19, 0x02, 0x19, 0xfd, 0x18, 0x03, 0x18,
  0xfd, 0x17, 0x02, 0x17, 0x00, 0x17, 0xff, 0x15, 0x01, 0x16, 0xff, 0x14,
  0x01, 0x15, 0xff, 0x13, 0x01, 0x13, 0xff, 0x12, 0x00, 0x12, 0x02, 0x11,
  0xfd, 0x0f, 0x03, 0x10, 0xfd, 0x0e, 0x02, 0x0e, 0xff, 0x0c, 0x00, 0x0c,
  0x01, 0x0b, 0xfe, 0x09, 0x03, 0x09, 0xfd, 0x07, 0x02, 0x07, 0xfe, 0x05,
  0x01, 0x04, 0x00, 0x03, 0x01, 0x02, 0xff, 0x00, 0x00, 0x00, 0xff, 0xfd,
  0x02, 0xfd, 0xfe, 0xfb, 0x03, 0xfb, 0xfc, 0xf8, 0x04, 0xf8, 0xfd, 0xf6,
  0x02, 0xf5, 0xfe, 0xf3, 0x02, 0xf3, 0xff, 0xf1, 0x00, 0xf0, 0x01, 0xef,
  0xfe, 0xed, 0x02, 0xed, 0xff, 0xeb, 0x00, 0xeb, 0x01, 0xea, 0xfe, 0xe8,
  0x02, 0xe8, 0xfe, 0xe6, 0x03, 0xe6, 0xfc, 0xe5, 0x04, 0xe5, 0xfd, 0xe3,
  0x02, 0xe4, 0xff, 0xe2, 0x00, 0xe2, 0xff, 0xe0, 0x03, 0xe1, 0xfd, 0xdf,
  0x02, 0xe0, 0xff, 0xdf, 0xff, 0xde, 0x02, 0xdf, 0xfe, 0xde, 0x01, 0xde,
  0x01, 0xde, 0xfe, 0xdd, 0x02, 0xde, 0xfe, 0xdd, 0x01, 0xde, 0x01, 0xde,
  0xff, 0xdc, 0x00, 0xde, 0x00, 0xde, 0x00, 0xde, 0x00, 0xde, 0x01, 0xde,
  0xfe, 0xdd, 0x02, 0xde, 0xfe, 0xdd, 0x02, 0xde, 0xff, 0xdd, 0xff, 0xde,
  0x02, 0xdf, 0xfe, 0xde, 0x02, 0xdf, 0xff, 0xde, 0x00, 0xe0, 0x00, 0xe0,
  0x00, 0xe0, 0x00, 0xe0, 0x00, 0xe0, 0x01, 0xe1, 0xfe, 0xe0, 0x02, 0xe1,
  0xff, 0xe0, 0xff, 0xe1, 0x03, 0xe2, 0xfc, 0xe1, 0x03, 0xe2, 0xff, 0xe2,
  0x00, 0xe3, 0x00, 0xe3, 0x00, 0xe4, 0x00, 0xe4, 0x00, 0xe4, 0x00, 0xe4,
  0x00, 0xe5, 0x00, 0xe5, 0x00, 0xe5, 0x01, 0xe6, 0xff, 0xe5, 0x00, 0xe7,
  0x00, 0xe7, 0x00, 0xe8, 0x00, 0xe8, 0x02, 0xe9, 0xfc, 0xe8, 0x05, 0xea,
  0xfb, 0xe9, 0x03, 0xeb, 0x00, 0xec, 0xfd, 0xeb, 0x05, 0xed, 0xfc, 0xed,
  0x02, 0xee, 0x00, 0xef, 0xfe, 0xef, 0x02, 0xf1, 0xff, 0xf1, 0x01, 0xf3,
  0xff, 0xf3, 0x01, 0xf5, 0xfe, 0xf5, 0x02, 0xf7, 0xff, 0xf7, 0x00, 0xfa,
  0x01, 0xfb, 0xfe, 0xfb, 0x02, 0xfd, 0xfe, 0xfd, 0x02, 0x00, 0xff, 0x00,
  0x00, 0x03, 0x00, 0x04, 0x00, 0x05, 0xff, 0x06, 0x02, 0x08, 0xff, 0x09,
  0x00, 0x0b, 0x00, 0x0c, 0x00, 0x0d, 0x00, 0x0e, 0x00, 0x10, 0x00, 0x11,
  0x00, 0x12, 0x00, 0x13, 0x00, 0x14, 0x00, 0x16, 0xff, 0x15, 0x02, 0x17,
  0xfe, 0x17, 0x01, 0x19, 0xff, 0x19, 0x01, 0x1b, 0xff, 0x1a, 0x02, 0x1c,
  0xfd, 0x1c, 0x03, 0x1d, 0xfd, 0x1d, 0x03, 0x1e, 0xfe, 0x1e, 0x01, 0x1f,
  0x00, 0x1f, 0xff, 0x1f, 0x02, 0x20, 0xfd, 0x1f, 0x04, 0x21, 0xfc, 0x20,
  0x02, 0x21, 0x00, 0x21, 0xfe, 0x21, 0x03, 0x22, 0xfd, 0x21, 0x02, 0x22,
  0xff, 0x21, 0x01, 0x22, 0xff, 0x21, 0x00, 0x23, 0x01, 0x23, 0xfe, 0x22,
  0x03, 0x23, 0xfd, 0x21, 0x02, 0x22, 0x00, 0x22, 0xfd, 0x21, 0x05, 0x22,
  0xfa, 0x21, 0x06, 0x22, 0xfb, 0x21, 0x03, 0x22, 0xff, 0x21, 0x00, 0x21,
  0x00, 0x21, 0x00, 0x21, 0x00, 0x21, 0x01, 0x21, 0xfe, 0x1f, 0x02, 0x20,
  0xfe, 0x1f, 0x02, 0x1f, 0xff, 0x1e, 0x00, 0x1f, 0x00, 0x1f, 0x00, 0x1f,
  0x00, 0x1e, 0x00, 0x1e, 0x00, 0x1e, 0x00, 0x1e, 0xff, 0x1c, 0x02, 0x1d,
  0xfd, 0x1c, 0x04, 0x1d, 0xfc, 0x1b, 0x03, 0x1c, 0xff, 0x1b, 0xff, 0x1b,
  0x02, 0x1b, 0xff, 0x1a, 0xff, 0x1a, 0x03, 0x1a, 0xfc, 0x19, 0x05, 0x1a,
  0xfb, 0x19, 0x04, 0x19, 0xfd, 0x18, 0x02, 0x18, 0xff, 0x17, 0x01, 0x17,
  0xfe, 0x16, 0x02, 0x16, 0xff, 0x15, 0x00, 0x15, 0x00, 0x15, 0x01, 0x14,
  0xfe, 0x12, 0x03, 0x13, 0xfd, 0x11, 0x02, 0x11, 0xff, 0x0f, 0x00, 0x0f,
  0x01, 0x0e, 0x00, 0x0e, 0xff, 0x0c, 0x01, 0x0c, 0xfe, 0x0a, 0x03, 0x0a,
  0xfd, 0x08, 0x03, 0x08, 0xfe, 0x05, 0x00, 0x05, 0x01, 0x04, 0x00, 0x03,
  0xff, 0x01, 0x01, 0x00, 0xff, 0xfe, 0x01, 0xfe, 0xff, 0xfb, 0x01, 0xfb,
  0xff, 0xf9, 0x01, 0xf8, 0xff, 0xf6, 0x01, 0xf6, 0xff, 0xf3, 0x00, 0xf3,
  0x01, 0xf2, 0xff, 0xf0, 0x01, 0xf0, 0xff, 0xee, 0x00, 0xee, 0x01, 0xed,
  0xff, 0xeb, 0x01, 0xeb, 0xff, 0xe9, 0x01, 0xe9, 0xff, 0xe7, 0x00, 0xe7,
  0x01, 0xe6, 0x00, 0xe5, 0xff, 0xe3, 0x01, 0xe3, 0xfe, 0xe2, 0x03, 0xe2,
  0xfe, 0xe0, 0x01, 0xe1, 0x00, 0xe0, 0xff, 0xdf, 0x02, 0xdf, 0xfd, 0xde,
  0x04, 0xde, 0xfc, 0xdd, 0x03, 0xde, 0xff, 0xdc, 0x00, 0xdd, 0x00, 0xdd,
  0x00, 0xdd, 0x00, 0xdc, 0x00, 0xdc, 0x00, 0xdc, 0x00, 0xdc, 0x00, 0xdc,
  0x01, 0xdc, 0xfe, 0xdb, 0x02, 0xdc, 0xfe, 0xdb, 0x02, 0xdc, 0xff, 0xdb,
  0x00, 0xdc, 0x00, 0xdc, 0x00, 0xdc, 0x00, 0xdc, 0x01, 0xdd, 0xfe, 0xdc,
  0x02, 0xdd, 0xfe, 0xdc, 0x02, 0xdd, 0xff, 0xdd, 0x01, 0xde, 0xff, 0xdd,
  0x01, 0xde, 0xff, 0xde, 0x01, 0xdf, 0x00, 0xdf, 0x00, 0xe0, 0xff, 0xdf,
  0x01, 0xe0, 0xff, 0xe0, 0x02, 0xe1, 0xfe, 0xe0, 0x00, 0xe1, 0x01, 0xe2,
  0xff, 0xe1, 0x01, 0xe2, 0xff, 0xe2, 0x01, 0xe3, 0xff, 0xe2, 0x01, 0xe3,
  0xff, 0xe3, 0x01, 0xe4, 0xff, 0xe3, 0x01, 0xe4, 0x00, 0xe5, 0xff, 0xe4,
  0x01, 0xe5, 0xff, 0xe4, 0x01, 0xe6, 0x00, 0xe6, 0xff, 0xe5, 0x01, 0xe6,
  0xff, 0xe6, 0x02, 0xe7, 0xfd, 0xe6, 0x03, 0xe8, 0xfe, 0xe7, 0x01, 0xe9,
  0xff, 0xe8, 0x02, 0xea, 0xfd, 0xe9, 0x04, 0xeb, 0xfc, 0xea, 0x03, 0xec,
  0xfe, 0xeb, 0x02, 0xed, 0xfe, 0xed, 0x02, 0xee, 0xfe, 0xee, 0x02, 0xf0,
  0xff, 0xf0, 0xff, 0xf1, 0x03, 0xf3, 0xfc, 0xf3, 0x04, 0xf5, 0xfc, 0xf5,
  0x04, 0xf7, 0xfd, 0xf7, 0x01, 0xf9, 0x01, 0xfa, 0xfd, 0xfa, 0x05, 0xfd,
  0xfa, 0xfd, 0x06, 0xff, 0xfb, 0xff, 0x04, 0x01, 0xfe, 0x02, 0x00, 0x04,
  0x00, 0x05, 0x01, 0x07, 0xff, 0x07, 0x01, 0x09, 0xff, 0x0a, 0x00, 0x0c,
  0x00, 0x0d, 0x00, 0x0e, 0x00, 0x0f, 0x00, 0x10, 0x00, 0x11, 0x00, 0x12,
  0x00, 0x14, 0xff, 0x14, 0x02, 0x15, 0xfe, 0x15, 0x01, 0x17, 0x00, 0x18,
  0x00, 0x19, 0xff, 0x19, 0x03, 0x1b, 0xfc, 0x1a, 0x04, 0x1c, 0xfc, 0x1c,
  0x03, 0x1d, 0xff, 0x1d, 0x00, 0x1e, 0x00, 0x1f, 0x00, 0x1f, 0xff, 0x1f,
  0x02, 0x20, 0xfe, 0x1f, 0x01, 0x20, 0x00, 0x21, 0xff, 0x20, 0x02, 0x21,
  0xfe, 0x20, 0x02, 0x22, 0xfd, 0x21, 0x04, 0x22, 0xfc, 0x21, 0x03, 0x22,
  0xfe, 0x21, 0x01, 0x22, 0x00, 0x22, 0x00, 0x22, 0x00, 0x22, 0xff, 0x21,
  0x01, 0x22, 0x00, 0x22, 0x00, 0x22, 0x01, 0x22, 0xfe, 0x21, 0x02, 0x22,
  0xff, 0x20, 0xff, 0x20, 0x03, 0x21, 0xfc, 0x20, 0x04, 0x20, 0xfd, 0x1f,
  0x01, 0x20, 0x00, 0x20, 0x00, 0x1f, 0xff, 0x1e, 0x02, 0x1f, 0xfd, 0x1d,
  0x03, 0x1e, 0xfd, 0x1d, 0x04, 0x1e, 0xfc, 0x1c, 0x04, 0x1d, 0xfb, 0x1c,
  0x05, 0x1c, 0xfd, 0x1b, 0x02, 0x1c, 0xfe, 0x1a, 0x02, 0x1b, 0xfd, 0x1a,
  0x04, 0x1a, 0xfc, 0x19, 0x03, 0x19, 0xff, 0x18, 0xff, 0x18, 0x02, 0x18,
  0xfe, 0x17, 0x02, 0x17, 0xfe, 0x15, 0x02, 0x16, 0xfe, 0x14, 0x02, 0x15,
  0xfe, 0x13, 0x02, 0x14, 0xff, 0x12, 0x00, 0x12, 0x01, 0x11, 0xfd, 0x10,
  0x04, 0x10, 0xfd, 0x0e, 0x03, 0x0e, 0xfd, 0x0c, 0x03, 0x0c, 0xfc, 0x0a,
  0x05, 0x0a, 0xfb, 0x08, 0x04, 0x08, 0xfd, 0x06, 0x02, 0x06, 0xff, 0x03,
  0x00, 0x03, 0x00, 0x02, 0x00, 0x01, 0x00, 0x00, 0x01, 0xfe, 0xff, 0xfc,
  0x00, 0xfc, 0x00, 0xfb, 0x01, 0xfa, 0xfe, 0xf7, 0x03, 0xf7, 0xfd, 0xf5,
  0x02, 0xf4, 0xff, 0xf2, 0x00, 0xf2, 0x00, 0xf1, 0x01, 0xf0, 0xfe, 0xed,
  0x02, 0xed, 0xfe, 0xeb, 0x02, 0xeb, 0xff, 0xe9, 0x00, 0xe9, 0xff, 0xe7,
  0x02, 0xe8, 0xfe, 0xe6, 0x02, 0xe6, 0xff, 0xe4, 0xff, 0xe3, 0x02, 0xe4,
  0xfe, 0xe2, 0x01, 0xe2, 0x00, 0xe2, 0x00, 0xe1, 0xff, 0xe0, 0x02, 0xe0,
  0xfd, 0xdf, 0x03, 0xdf, 0xfe, 0xde, 0x02, 0xdf, 0xfe, 0xdd, 0x01, 0xde,
  0x00, 0xde, 0x00, 0xde, 0x00, 0xde, 0x01, 0xde, 0xfe, 0xdd, 0x02, 0xdd,
  0xfe, 0xdc, 0x02, 0xdd, 0xff, 0xdc, 0x01, 0xdd, 0xfe, 0xdc, 0x02, 0xde,
  0xfe, 0xdd, 0x02, 0xde, 0xff, 0xdd, 0x00, 0xde, 0x01, 0xde, 0xfe, 0xdd,
  0x02, 0xdf, 0xfe, 0xde, 0x02, 0xdf, 0xff, 0xde, 0x01, 0xe0, 0xfe, 0xdf,
  0x02, 0xe0, 0xfe, 0xdf, 0x02, 0xe0, 0xff, 0xe0, 0x00, 0xe1, 0x00, 0xe1,
  0xff, 0xe0, 0x02, 0xe2, 0xfe, 0xe1, 0x02, 0xe2, 0xff, 0xe1, 0xff, 0xe2,
  0x01, 0xe3, 0x00, 0xe3, 0x00, 0xe3, 0x01, 0xe4, 0xfe, 0xe3, 0x01, 0xe4,
  0x00, 0xe5, 0x00, 0xe5, 0x00, 0xe5, 0x00, 0xe5, 0x00, 0xe6, 0x00, 0xe6,
  0xff, 0xe6, 0x03, 0xe7, 0xfc, 0xe7, 0x03, 0xe8, 0xff, 0xe8, 0xff, 0xe8,
  0x03, 0xea, 0xfd, 0xe9, 0x01, 0xeb, 0x00, 0xec, 0x00, 0xed, 0x01, 0xed,
  0xff, 0xed, 0x00, 0xef, 0x00, 0xf0, 0x00, 0xf1, 0x01, 0xf2, 0xfe, 0xf1,
  0x03, 0xf3, 0xfc, 0xf3, 0x04, 0xf5, 0xfc, 0xf5, 0x04, 0xf7, 0xfc, 0xf7,
  0x04, 0xfa, 0xfc, 0xfa, 0x03, 0xfc, 0xff, 0xfc, 0x00, 0xfe, 0x00, 0x00,
  0x00, 0x01, 0x00, 0x02, 0x00, 0x03, 0x01, 0x05, 0xff, 0x05, 0x00, 0x08,
  0x01, 0x09, 0xfe, 0x09, 0x03, 0x0b, 0xfd, 0x0c, 0x02, 0x0e, 0xff, 0x0e,
  0x00, 0x10, 0x00, 0x11, 0x00, 0x12, 0x00, 0x13, 0x00, 0x14, 0x00, 0x15,
  0x00, 0x16, 0xff, 0x16, 0x02, 0x18, 0xfe, 0x18, 0x01, 0x1a, 0x01, 0x1a,
  0xfd, 0x1a, 0x04, 0x1c, 0xfc, 0x1b, 0x04, 0x1d, 0xfc, 0x1c, 0x04, 0x1e,
  0xfc, 0x1d, 0x04, 0x1f, 0xfd, 0x1e, 0x01, 0x20, 0x01, 0x20, 0xfe, 0x1f,
  0x02, 0x21, 0xff, 0x20, 0x00, 0x21, 0x00, 0x21, 0x01, 0x22, 0xfe, 0x21,
  0x03, 0x22, 0xfd, 0x21, 0x02, 0x22, 0xff, 0x22, 0x01, 0x23, 0xfe, 0x22,
  0x03, 0x23, 0xfd, 0x22, 0x02, 0x23, 0xff, 0x22, 0x00, 0x23, 0x01, 0x23,
  0xfe, 0x22, 0x02, 0x22, 0xfe, 0x21, 0x03, 0x22, 0xfc, 0x21, 0x04, 0x22,
  0xfd, 0x21, 0x01, 0x22, 0x02, 0x21, 0xfc, 0x20, 0x05, 0x21, 0xfb, 0x20,
  0x04, 0x21, 0xfd, 0x1f, 0x03, 0x20, 0xfe, 0x1f, 0x01, 0x1f, 0xff, 0x1e,
  0x01, 0x1f, 0xff, 0x1e, 0x02, 0x1f, 0xfd, 0x1d, 0x04, 0x1e, 0xfc, 0x1d,
  0x03, 0x1d, 0xfe, 0x1c, 0x01, 0x1d, 0x00, 0x1d, 0x00, 0x1c, 0x00, 0x1c,
  0x00, 0x1c, 0xff, 0x1b, 0x03, 0x1b, 0xfc, 0x1a, 0x04, 0x1b, 0xfd, 0x19,
  0x02, 0x1a, 0xff, 0x19, 0x00, 0x1a, 0x00, 0x19, 0x00, 0x19, 0x01, 0x18,
  0xfe, 0x17, 0x02, 0x18, 0xfd, 0x16, 0x05, 0x17, 0xfa, 0x15, 0x05, 0x15,
  0xfc, 0x14, 0x03, 0x14, 0xfe, 0x13, 0x02, 0x13, 0xfe, 0x11, 0x01, 0x11,
  0x00, 0x11, 0x00, 0x10, 0x00, 0x0f, 0x00, 0x0e, 0xff, 0x0c, 0x02, 0x0c,
  0xfe, 0x0a, 0x02, 0x0a, 0xff, 0x08, 0x00, 0x08, 0x01, 0x07, 0xfd, 0x05,
  0x03, 0x04, 0xff, 0x02, 0x01, 0x02, 0xff, 0x00, 0x00, 0x00, 0xff, 0xfd,
  0x03, 0xfd, 0xfd, 0xfa, 0x02, 0xfa, 0xff, 0xf8, 0x00, 0xf8, 0x01, 0xf6,
  0xff, 0xf4, 0x01, 0xf3, 0xff, 0xf2, 0x01, 0xf1, 0xfe, 0xef, 0x03, 0xef,
  0xfe, 0xed, 0x01, 0xed, 0xff, 0xeb, 0x00, 0xeb, 0x01, 0xea, 0x00, 0xe9,
  0xfe, 0xe7, 0x02, 0xe7, 0xff, 0xe5, 0x00, 0xe5, 0x01, 0xe4, 0xfe, 0xe3,
  0x02, 0xe3, 0xff, 0xe1, 0x00, 0xe2, 0x01, 0xe1, 0xfe, 0xdf, 0x03, 0xe0,
  0xfd, 0xdf, 0x03, 0xdf, 0xfd, 0xdd, 0x02, 0xde, 0xff, 0xdd, 0x01, 0xde,
  0xff, 0xdc, 0x00, 0xdd, 0x00, 0xdd, 0x00, 0xdc, 0x01, 0xdc, 0xfe, 0xdb,
  0x02, 0xdc, 0xfe, 0xdb, 0x01, 0xdc, 0x00, 0xdc, 0x00, 0xdc, 0x00, 0xdc,
  0x00, 0xdc, 0x00, 0xdc, 0x00, 0xdc, 0x00, 0xdc, 0x00, 0xdc, 0xff, 0xdb,
  0x02, 0xdd, 0xfe, 0xdc, 0x02, 0xdd, 0xfe, 0xdc, 0x01, 0xdd, 0xff, 0xdd,
  0x02, 0xde, 0xfe, 0xdd, 0x01, 0xdf, 0xff, 0xde, 0x01, 0xdf, 0x00, 0xdf,
  0x00, 0xe0, 0xff, 0xdf, 0x02, 0xe0, 0xfd, 0xe0, 0x03, 0xe1, 0xfe, 0xe0,
  0x01, 0xe1, 0x00, 0xe2, 0xff, 0xe1, 0x02, 0xe2, 0xfd, 0xe2, 0x03, 0xe3,
  0xfd, 0xe2, 0x03, 0xe3, 0xfe, 0xe3, 0x01, 0xe4, 0xff, 0xe3, 0x01, 0xe4,
  0xff, 0xe3, 0x01, 0xe5, 0xff, 0xe4, 0x01, 0xe5, 0x00, 0xe5, 0xff, 0xe5,
  0x01, 0xe6, 0xff, 0xe5, 0x02, 0xe7, 0xfd, 0xe6, 0x04, 0xe7, 0xfb, 0xe7,
  0x05, 0xe8, 0xfd, 0xe7, 0x01, 0xe9, 0x00, 0xe9, 0xff, 0xe9, 0x02, 0xea,
  0xff, 0xea, 0x00, 0xec, 0x00, 0xec, 0x00, 0xed, 0x00, 0xee, 0x01, 0xee,
  0xfe, 0xee, 0x02, 0xf0, 0xfe, 0xf0, 0x02, 0xf2, 0xff, 0xf2, 0x00, 0xf4,
  0x00, 0xf5, 0x01, 0xf6, 0xfe, 0xf6, 0x03, 0xf8, 0xfd, 0xf8, 0x01, 0xfa,
  0x01, 0xfb, 0xff, 0xfc, 0x01, 0xfe, 0xff, 0xfe, 0x00, 0x01, 0x01, 0x02,
  0xff, 0x02, 0x01, 0x04, 0xff, 0x05, 0x01, 0x07, 0xff, 0x08, 0x01, 0x0a,
  0xff, 0x0a, 0x01, 0x0d, 0xff, 0x0d, 0x01, 0x0f, 0xff, 0x0f, 0x01, 0x12,
  0xff, 0x12, 0x01, 0x14, 0xff, 0x14, 0x01, 0x15, 0xff, 0x15, 0x00, 0x17,
  0x02, 0x18, 0xfd, 0x18, 0x03, 0x1a, 0xfd, 0x1a, 0x03, 0x1c, 0xfd, 0x1b,
  0x03, 0x1d, 0xfe, 0x1c, 0x00, 0x1e, 0x02, 0x1e, 0xfe, 0x1e, 0x01, 0x1f,
  0x00, 0x20, 0xff, 0x1f, 0x01, 0x20, 0x00, 0x20, 0x00, 0x21, 0x00, 0x21,
  0x00, 0x21, 0x00, 0x21, 0x00, 0x21, 0x00, 0x21, 0x00, 0x22, 0x00, 0x22,
  0x00, 0x22, 0x01, 0x22, 0xfe, 0x21, 0x02, 0x22, 0xfe, 0x21, 0x02, 0x22,
  0xfe, 0x21, 0x02, 0x21, 0xfe, 0x20, 0x02, 0x21, 0xfe, 0x20, 0x02, 0x21,
  0xfd, 0x20, 0x03, 0x21, 0xfe, 0x1f, 0x01, 0x20, 0x00, 0x20, 0xff, 0x1f,
  0x01, 0x20, 0x00, 0x1f, 0xff, 0x1e, 0x02, 0x1f, 0xfd, 0x1e, 0x04, 0x1e,
  0xfb, 0x1d, 0x06, 0x1e, 0xfa, 0x1d, 0x05, 0x1d, 0xfc, 0x1c, 0x03, 0x1d,
  0xfe, 0x1b, 0x02, 0x1c, 0xfd, 0x1b, 0x03, 0x1b, 0xfd, 0x1a, 0x03, 0x1b,
  0xfe, 0x19, 0x00, 0x1a, 0x01, 0x19, 0xff, 0x18, 0x00, 0x19, 0x01, 0x18,
  0xfe, 0x17, 0x02, 0x17, 0xff, 0x16, 0x01, 0x16, 0xfe, 0x14, 0x03, 0x15,
  0xfc, 0x13, 0x04, 0x14, 0xfd, 0x12, 0x02, 0x12, 0xff, 0x10, 0x00, 0x11,
  0x01, 0x10, 0xfe, 0x0e, 0x03, 0x0e, 0xfd, 0x0c, 0x03, 0x0c, 0xfd, 0x0a,
  0x02, 0x0a, 0xff, 0x08, 0x01, 0x08, 0x00, 0x07, 0xfe, 0x05, 0x03, 0x05,
  0xfc, 0x03, 0x04, 0x02, 0xfe, 0x00, 0x00, 0x00, 0x01, 0xff, 0xfe, 0xfc,
  0x02, 0xfc, 0xfe, 0xfa, 0x03, 0xf9, 0xfc, 0xf7, 0x04, 0xf7, 0xfc, 0xf5,
  0x03, 0xf5, 0xff, 0xf3, 0x00, 0xf2, 0x00, 0xf1, 0x00, 0xf0, 0xff, 0xee,
  0x02, 0xee, 0xff, 0xec, 0x00, 0xec, 0x00, 0xeb, 0xff, 0xe8, 0x01, 0xe9,
  0x00, 0xe8, 0x00, 0xe7, 0x00, 0xe6, 0xff, 0xe4, 0x02, 0xe4, 0xfe, 0xe3,
  0x01, 0xe3, 0x00, 0xe3, 0xff, 0xe1, 0x02, 0xe1, 0xff, 0xe0, 0xff, 0xdf,
  0x02, 0xe0, 0xfe, 0xde, 0x02, 0xdf, 0xff, 0xde, 0x00, 0xde, 0x00, 0xde,
  0x00, 0xde, 0x00, 0xde, 0x00, 0xde, 0x00, 0xdd, 0x00, 0xdd, 0xff, 0xdc,
  0x02, 0xdd, 0xfd, 0xdc, 0x03, 0xdd, 0xff, 0xdc, 0xff, 0xdc, 0x01, 0xdd,
  0xff, 0xdc, 0x02, 0xdd, 0xfe, 0xdc, 0x02, 0xde, 0xfd, 0xdd, 0x03, 0xde,
  0xfe, 0xdd, 0x02, 0xde, 0xfd, 0xde, 0x03, 0xdf, 0xfe, 0xde, 0x01, 0xdf,
  0xff, 0xde, 0x01, 0xe0, 0xfe, 0xdf, 0x03, 0xe0, 0xfd, 0xdf, 0x02, 0xe0,
  0xff, 0xe0, 0x00, 0xe1, 0x01, 0xe1, 0xfe, 0xe0, 0x02, 0xe2, 0xfe, 0xe1,
  0x03, 0xe2, 0xfd, 0xe1, 0x02, 0xe3, 0xff, 0xe2, 0xff, 0xe2, 0x02, 0xe3,
  0xff, 0xe3, 0x00, 0xe4, 0x00, 0xe4, 0x00, 0xe5, 0xff, 0xe4, 0x02, 0xe5,
  0xfe, 0xe4, 0x01, 0xe6, 0xff, 0xe5, 0x01, 0xe6, 0xff, 0xe6, 0x02, 0xe7,
  0xfd, 0xe7, 0x03, 0xe8, 0xfd, 0xe7, 0x03, 0xe9, 0xfe, 0xe8, 0x01, 0xea,
  0xff, 0xe9, 0x01, 0xeb, 0x00, 0xec, 0xff, 0xeb, 0x02, 0xed, 0xfe, 0xec,
  0x01, 0xee, 0x00, 0xef, 0x00, 0xf0, 0x00, 0xf0, 0x00, 0xf1, 0x00, 0xf2,
  0x00, 0xf3, 0x00, 0xf4, 0x00, 0xf5, 0x00, 0xf6, 0xff, 0xf6, 0x02, 0xf8,
  0xfe, 0xf8, 0x02, 0xfa, 0xff, 0xfa, 0xff, 0xfb, 0x01, 0xfd, 0x00, 0xfe,
  0x00, 0x00, 0x00, 0x01, 0x00, 0x02, 0xff, 0x02, 0x01, 0x04, 0x00, 0x05,
  0x00, 0x07, 0xff, 0x07, 0x01, 0x09, 0x00, 0x0a, 0xff, 0x0a, 0x02, 0x0c,
  0xfe, 0x0c, 0x01, 0x0e, 0x01, 0x10, 0xfd, 0x10, 0x03, 0x12, 0xfe, 0x12,
  0x01, 0x14, 0x01, 0x15, 0xfd, 0x15, 0x03, 0x17, 0xfd, 0x17, 0x03, 0x19,
  0xfe, 0x18, 0x01, 0x1a, 0xff, 0x19, 0x01, 0x1b, 0xff, 0x1b, 0x01, 0x1d,
  0xff, 0x1c, 0x01, 0x1e, 0x00, 0x1e, 0xfe, 0x1e, 0x03, 0x1f, 0xfd, 0x1f,
  0x02, 0x20, 0x00, 0x20, 0xfe, 0x20, 0x02, 0x21, 0xff, 0x20, 0x00, 0x21,
  0x00, 0x22, 0x00, 0x22, 0x01, 0x22, 0xfe, 0x21, 0x02, 0x22, 0xfe, 0x21,
  0x02, 0x22, 0xff, 0x21, 0x00, 0x22, 0x00, 0x22, 0x00, 0x22, 0x01, 0x22,
  0xfe, 0x21, 0x03, 0x22, 0xfc, 0x21, 0x04, 0x22, 0xfd, 0x21, 0x02, 0x22,
  0xff, 0x20, 0x00, 0x21, 0x01, 0x21, 0xfe, 0x20, 0x02, 0x20, 0xff, 0x1f,
  0x00, 0x20, 0x00, 0x20, 0x01, 0x20, 0xfe, 0x1e, 0x02, 0x1f, 0xfe, 0x1e,
  0x02, 0x1f, 0xff, 0x1d, 0x00, 0x1e, 0x01, 0x1e, 0xfd, 0x1c, 0x04, 0x1d,
  0xfd, 0x1c, 0x02, 0x1d, 0xff, 0x1b, 0x00, 0x1c, 0x00, 0x1c, 0x01, 0x1c,
  0xfe, 0x1a, 0x02, 0x1b, 0xff, 0x1a, 0x00, 0x1a, 0x01, 0x1a, 0xff, 0x18,
  0x00, 0x19, 0x01, 0x19, 0xff, 0x17, 0x01, 0x18, 0xff, 0x16, 0x01, 0x17,
  0xff, 0x15, 0x01, 0x16, 0x00, 0x15, 0xff, 0x14, 0x01, 0x14, 0xff, 0x12,
  0x01, 0x13, 0x00, 0x12, 0x00, 0x11, 0xff, 0x0f, 0x01, 0x0f, 0xff, 0x0d,
  0x01, 0x0e, 0xff, 0x0c, 0x01, 0x0c, 0xff, 0x0a, 0x02, 0x0a, 0xfd, 0x08,
  0x02, 0x08, 0xfe, 0x05, 0x02, 0x05, 0x00, 0x04, 0xff, 0x02, 0x00, 0x02,
  0x01, 0x00, 0xfe, 0xfe, 0x03, 0xfe, 0xfd, 0xfb, 0x02, 0xfb, 0xff, 0xf9,
  0x00, 0xf9, 0x01, 0xf7, 0xff, 0xf5, 0x00, 0xf5, 0x01, 0xf4, 0xff, 0xf2,
  0x01, 0xf1, 0xff, 0xef, 0x00, 0xef, 0x01, 0xee, 0x00, 0xed, 0x00, 0xec,
  0xff, 0xea, 0x01, 0xea, 0xff, 0xe8, 0x02, 0xe8, 0xff, 0xe6, 0xff, 0xe5,
  0x02, 0xe5, 0xfe, 0xe3, 0x01, 0xe4, 0x01, 0xe3, 0xfd, 0xe1, 0x04, 0xe1,
  0xfc, 0xe0, 0x04, 0xe1, 0xfc, 0xdf, 0x03, 0xe0, 0xfe, 0xde, 0x02, 0xdf,
  0xfe, 0xdd, 0x02, 0xde, 0xfd, 0xdd, 0x04, 0xde, 0xfc, 0xdc, 0x03, 0xdd,
  0xfe, 0xdc, 0x01, 0xdd, 0x00, 0xdd, 0xff, 0xdc, 0x01, 0xdd, 0xff, 0xdc,
  0x02, 0xdd, 0xfd, 0xdc, 0x04, 0xdd, 0xfc, 0xdc, 0x02, 0xdd, 0x00, 0xdd,
  0xfe, 0xdc, 0x04, 0xdd, 0xfc, 0xdc, 0x03, 0xde, 0xfd, 0xdd, 0x02, 0xde,
  0xff, 0xdd, 0x01, 0xdf, 0xff, 0xde, 0x00, 0xdf, 0x01, 0xdf, 0xfe, 0xdf,
  0x02, 0xe0, 0xfe, 0xdf, 0x02, 0xe1, 0xff, 0xe0, 0x00, 0xe1, 0x00, 0xe1,
  0x00, 0xe2, 0x00, 0xe2, 0x01, 0xe2, 0xfe, 0xe1, 0x02, 0xe3, 0xff, 0xe2,
  0x00, 0xe3, 0x01, 0xe3, 0xfe, 0xe3, 0x03, 0xe4, 0xfc, 0xe3, 0x05, 0xe4,
  0xfb, 0xe4, 0x04, 0xe5, 0xfd, 0xe4, 0x02, 0xe5, 0xff, 0xe5, 0x01, 0xe6,
  0xff, 0xe5, 0x00, 0xe7, 0x00, 0xe7, 0x01, 0xe7, 0xff, 0xe7, 0x01, 0xe8,
  0xff, 0xe8, 0x00, 0xe9, 0x01, 0xea, 0xff, 0xe9, 0x01, 0xeb, 0xff, 0xeb,
  0x01, 0xec, 0xfe, 0xec, 0x03, 0xee, 0xfd, 0xee, 0x03, 0xef, 0xfd, 0xef,
  0x02, 0xf1, 0xff, 0xf1, 0x01, 0xf3, 0xfe, 0xf3, 0x03, 0xf5, 0xfd, 0xf5,
  0x02, 0xf7, 0x00, 0xf8, 0xfe, 0xf8, 0x02, 0xfb, 0x00, 0xfc, 0xfe, 0xfc,
  0x03, 0xfe, 0xfe, 0xfe, 0x00, 0x01, 0x02, 0x02, 0xfd, 0x02, 0x03, 0x04,
  0xfe, 0x05, 0x01, 0x07, 0xff, 0x07, 0x02, 0x0a, 0xfd, 0x0a, 0x03, 0x0c,
  0xfe, 0x0c, 0x00, 0x0f, 0x02, 0x10, 0xfd, 0x10, 0x03, 0x12, 0xfe, 0x12,
  0x01, 0x14, 0xff, 0x14, 0x02, 0x16, 0xfd, 0x16, 0x03, 0x18, 0xfe, 0x18,
  0x01, 0x19, 0xff, 0x19, 0x02, 0x1b, 0xfc, 0x1b, 0x05, 0x1c, 0xfc, 0x1c,
  0x02, 0x1d, 0x00, 0x1e, 0xfe, 0x1d, 0x03, 0x1f, 0xfd, 0x1e, 0x03, 0x20,
  0xfd, 0x1f, 0x03, 0x20, 0xfd, 0x1f, 0x03, 0x21, 0xfe, 0x20, 0x01, 0x21,
  0x00, 0x21, 0xff, 0x21, 0x01, 0x22, 0x00, 0x22, 0xff, 0x21, 0x01, 0x22,
  0x00, 0x22, 0xff, 0x21, 0x01, 0x22, 0x00, 0x22, 0xfe, 0x21, 0x03, 0x22,
  0xfe, 0x21, 0x00, 0x22, 0x02, 0x22, 0xfd, 0x21, 0x03, 0x22, 0xfe, 0x21,
  0x01, 0x22, 0xff, 0x20, 0x01, 0x21, 0x00, 0x21, 0x00, 0x21, 0x00, 0x21,
  0xff, 0x1f, 0x01, 0x20, 0x00, 0x20, 0x00, 0x20, 0x00, 0x1f, 0x00, 0x1f,
  0xff, 0x1e, 0x02, 0x1f, 0xfd, 0x1d, 0x04, 0x1e, 0xfd, 0x1d, 0x02, 0x1e,
  0xfe, 0x1c, 0x01, 0x1d, 0x00, 0x1d, 0x00, 0x1c, 0x01, 0x1c, 0xfe, 0x1b,
  0x02, 0x1c, 0xfe, 0x1a, 0x02, 0x1b, 0xfe, 0x1a, 0x01, 0x1a, 0x01, 0x1a,
  0xfd, 0x19, 0x04, 0x19, 0xfc, 0x18, 0x03, 0x19, 0xfe, 0x17, 0x01, 0x18,
  0xff, 0x17, 0x01, 0x17, 0x00, 0x16, 0xff, 0x15, 0x01, 0x15, 0xff, 0x14,
  0x01, 0x14, 0xff, 0x13, 0x01, 0x13, 0xff, 0x11, 0x01, 0x11, 0x00, 0x11,
  0xff, 0x0f, 0x01, 0x0f, 0x00, 0x0e, 0xff, 0x0c, 0x02, 0x0c, 0xfe, 0x0a,
  0x01, 0x0a, 0x00, 0x09, 0xff, 0x07, 0x01, 0x07, 0x00, 0x06, 0xff, 0x04,
  0x01, 0x04, 0xfe, 0x02, 0x02, 0x02, 0x00, 0x00, 0xff, 0xfe, 0x01, 0xfd,
  0xfe, 0xfb, 0x02, 0xfb, 0x00, 0xfa, 0xfe, 0xf8, 0x03, 0xf8, 0xfd, 0xf5,
  0x02, 0xf5, 0x00, 0xf4, 0xfe, 0xf1, 0x02, 0xf1, 0xff, 0xef, 0x01, 0xef,
  0xff, 0xed, 0x01, 0xed, 0xfe, 0xeb, 0x02, 0xeb, 0xff, 0xe9, 0x00, 0xe9,
  0x01, 0xe8, 0xfd, 0xe6, 0x04, 0xe6, 0xfc, 0xe4, 0x04, 0xe5, 0xfc, 0xe3,
  0x03, 0xe3, 0xfe, 0xe2, 0x01, 0xe2, 0x01, 0xe1, 0xfd, 0xe0, 0x04, 0xe0,
  0xfc, 0xdf, 0x03, 0xdf, 0xfe, 0xde, 0x01, 0xdf, 0x00, 0xde, 0x00, 0xde,
  0x00, 0xde, 0xff, 0xdc, 0x01, 0xdd, 0x00, 0xdd, 0xff, 0xdc, 0x02, 0xdd,
  0xfd, 0xdc, 0x03, 0xdd, 0xfe, 0xdb, 0x00, 0xdc, 0x01, 0xdc, 0xff, 0xdb,
  0x02, 0xdc, 0xfe, 0xdb, 0x01, 0xdc, 0x00, 0xdd, 0xff, 0xdc, 0x02, 0xdd,
  0xfe, 0xdc, 0x01, 0xdd, 0x00, 0xdd, 0x00, 0xdd, 0x00, 0xde, 0xff, 0xdd,
  0x02, 0xde, 0xfd, 0xdd, 0x03, 0xde, 0xfe, 0xde, 0x01, 0xdf, 0x01, 0xdf,
  0xfe, 0xdf, 0x01, 0xe0, 0xff, 0xdf, 0x01, 0xe0, 0x00, 0xe1, 0x00, 0xe1,
  0x00, 0xe1, 0x00, 0xe2, 0xff, 0xe1, 0x02, 0xe2, 0xfe, 0xe1, 0x02, 0xe2,
  0xfe, 0xe2, 0x02, 0xe3, 0xfe, 0xe3, 0x02, 0xe4, 0xfe, 0xe3, 0x02, 0xe4,
  0xfd, 0xe3, 0x04, 0xe5, 0xfb, 0xe4, 0x05, 0xe5, 0xfc, 0xe4, 0x02, 0xe6,
  0x00, 0xe6, 0xff, 0xe6, 0x01, 0xe7, 0x00, 0xe7, 0xff, 0xe7, 0x01, 0xe8,
  0x00, 0xe9, 0xff, 0xe8, 0x02, 0xea, 0xfe, 0xe9, 0x01, 0xeb, 0x00, 0xeb,
  0xff, 0xeb, 0x02, 0xed, 0xfe, 0xec, 0x02, 0xee, 0xfe, 0xee, 0x01, 0xf0,
  0x00, 0xf1, 0x00, 0xf2, 0x01, 0xf2, 0xfe, 0xf2, 0x01, 0xf4, 0x00, 0xf6,
  0x00, 0xf7, 0x00, 0xf8, 0x00, 0xf9, 0xff, 0xf9, 0x02, 0xfb, 0xfe, 0xfb,
  0x01, 0xfe, 0xff, 0xfe, 0x02, 0x00, 0xfe, 0x00, 0x02, 0x02, 0xfd, 0x03,
  0x03, 0x05, 0xff, 0x05, 0x00, 0x08, 0x01, 0x09, 0xfd, 0x09, 0x04, 0x0b,
  0xfc, 0x0c, 0x04, 0x0e, 0xfd, 0x0e, 0x01, 0x10, 0x00, 0x11, 0xff, 0x11,
  0x02, 0x13, 0xfe, 0x13, 0x01, 0x15, 0xff, 0x15, 0x01, 0x17, 0x00, 0x18,
  0xff, 0x18, 0x01, 0x1a, 0xff, 0x19, 0x01, 0x1b, 0x00, 0x1c, 0xff, 0x1b,
  0x02, 0x1d, 0xfd, 0x1d, 0x03, 0x1e, 0xfe, 0x1e, 0x02, 0x1f, 0xfe, 0x1e,
  0x01, 0x20, 0x00, 0x20, 0xff, 0x1f, 0x02, 0x20, 0xfd, 0x20, 0x03, 0x21,
  0xfe, 0x20, 0x02, 0x21, 0xfd, 0x20, 0x03, 0x21, 0xfe, 0x20, 0x02, 0x21,
  0xfd, 0x20, 0x03, 0x21, 0xfe, 0x20, 0x01, 0x21, 0x01, 0x21, 0xfc, 0x20,
  0x06, 0x21, 0xfa, 0x20, 0x06, 0x21, 0xfb, 0x20, 0x03, 0x21, 0xfe, 0x20,
  0x01, 0x20, 0x01, 0x20, 0xfe, 0x1f, 0x02, 0x20, 0xfe, 0x1e, 0x01, 0x1f,
  0x00, 0x1f, 0x00, 0x1f, 0x00, 0x1f, 0x00, 0x1e, 0x00, 0x1e, 0x00, 0x1e,
  0x01, 0x1e, 0xfe, 0x1c, 0x03, 0x1d, 0xfc, 0x1c, 0x04, 0x1c, 0xfe, 0x1b,
  0x00, 0x1c, 0x01, 0x1b, 0xfe, 0x1a, 0x02, 0x1b, 0xff, 0x19, 0x00, 0x1a,
  0x01, 0x19, 0xfe, 0x18, 0x02, 0x19, 0xff, 0x17, 0xff, 0x17, 0x03, 0x17,
  0xfd, 0x16, 0x02, 0x16, 0x00, 0x15, 0xfe, 0x14, 0x03, 0x14, 0xfe, 0x13,
  0x00, 0x13, 0x02, 0x12, 0xfd, 0x10, 0x03, 0x10, 0xfd, 0x0e, 0x03, 0x0f,
  0xfe, 0x0d, 0x01, 0x0d, 0x00, 0x0b, 0xfe, 0x09, 0x03, 0x09, 0xfd, 0x08,
  0x03, 0x07, 0xfe, 0x05, 0x00, 0x04, 0x01, 0x03, 0xfe, 0x01, 0x03, 0x01,
  0xfd, 0xff, 0x02, 0xff, 0xff, 0xfc, 0x00, 0xfc, 0x00, 0xfa, 0x00, 0xf9,
  0x00, 0xf8, 0x00, 0xf6, 0x00, 0xf5, 0x00, 0xf4, 0x00, 0xf3, 0x00, 0xf1,
  0x00, 0xf0, 0x00, 0xef, 0x01, 0xee, 0xff, 0xec, 0x01, 0xec, 0xfe, 0xea,
  0x03, 0xe9, 0xfd, 0xe7, 0x02, 0xe7, 0xff, 0xe6, 0x00, 0xe6, 0x01, 0xe5,
  0xff, 0xe3, 0x00, 0xe3, 0x01, 0xe2, 0xfe, 0xe1, 0x02, 0xe1, 0xff, 0xe0,
  0x00, 0xe0, 0x01, 0xe0, 0xff, 0xde, 0x00, 0xdf, 0x00, 0xde, 0x00, 0xde,
  0x00, 0xde, 0x00, 0xdd, 0x00, 0xdd, 0x01, 0xdd, 0xfe, 0xdc, 0x02, 0xdd,
  0xfe, 0xdc, 0x02, 0xdd, 0xff, 0xdc, 0x01, 0xdc, 0xfe, 0xdb, 0x03, 0xdc,
  0xfd, 0xdc, 0x03, 0xdd, 0xfd, 0xdc, 0x02, 0xdd, 0xff, 0xdc, 0x01, 0xdd,
  0xff, 0xdc, 0x01, 0xdd, 0xfe, 0xdd, 0x03, 0xde, 0xfd, 0xdd, 0x03, 0xde,
  0xfe, 0xdd, 0x01, 0xde, 0xff, 0xde, 0x02, 0xdf, 0xfd, 0xde, 0x03, 0xdf,
  0xfe, 0xdf, 0x01, 0xe0, 0x00, 0xe0, 0xff, 0xe0, 0x01, 0xe1, 0xff, 0xe0,
  0x01, 0xe1, 0x00, 0xe1, 0xff, 0xe1, 0x01, 0xe2, 0xff, 0xe1, 0x02, 0xe3,
  0xfd, 0xe2, 0x04, 0xe3, 0xfb, 0xe2, 0x05, 0xe3, 0xfc, 0xe2, 0x03, 0xe4,
  0xfe, 0xe3, 0x02, 0xe4, 0xfe, 0xe3, 0x01, 0xe5, 0x00, 0xe5, 0x00, 0xe6,
  0x00, 0xe6, 0x00, 0xe6, 0x00, 0xe7, 0xff, 0xe6, 0x03, 0xe7, 0xfc, 0xe7,
  0x04, 0xe8, 0xfc, 0xe8, 0x03, 0xe9, 0xfe, 0xe9, 0x02, 0xea, 0xfe, 0xea,
  0x01, 0xeb, 0x00, 0xec, 0xff, 0xec, 0x02, 0xee, 0xfd, 0xed, 0x04, 0xef,
  0xfc, 0xef, 0x02, 0xf1, 0x00, 0xf2, 0xff, 0xf2, 0x02, 0xf4, 0xfe, 0xf4,
  0x01, 0xf6, 0xff, 0xf6, 0x01, 0xf8, 0x00, 0xf9, 0xff, 0xf9, 0x01, 0xfb,
  0xff, 0xfb, 0x01, 0xfd, 0xff, 0xfd, 0x01, 0x00, 0xff, 0x00, 0x00, 0x02,
  0x01, 0x04, 0xff, 0x04, 0x01, 0x06, 0xff, 0x06, 0x01, 0x09, 0xff, 0x09,
  0x01, 0x0b, 0x00, 0x0c, 0xff, 0x0c, 0x01, 0x0f, 0x00, 0x10, 0xff, 0x10,
  0x01, 0x12, 0xff, 0x12, 0x01, 0x14, 0xff, 0x14, 0x00, 0x16, 0x00, 0x17,
  0x00, 0x18, 0x00, 0x19, 0x00, 0x1a, 0x00, 0x1a, 0xff, 0x1a, 0x02, 0x1c,
  0xfd, 0x1b, 0x04, 0x1d, 0xfc, 0x1d, 0x03, 0x1e, 0xfe, 0x1e, 0x01, 0x1f,
  0x01, 0x1f, 0xfe, 0x1f, 0x02, 0x20, 0xfe, 0x1f, 0x01, 0x21, 0x01, 0x21,
  0xfe, 0x20, 0x03, 0x21, 0xfd, 0x21, 0x01, 0x22, 0x00, 0x22, 0x00, 0x22,
  0x00, 0x22, 0x00, 0x23, 0x00, 0x23, 0xff, 0x22, 0x02, 0x23, 0xfd, 0x22,
  0x03, 0x23, 0xfe, 0x22, 0x01, 0x23, 0x00, 0x23, 0xff, 0x22, 0x01, 0x22,
  0x00, 0x22, 0xff, 0x21, 0x01, 0x22, 0xff, 0x21, 0x01, 0x22, 0xff, 0x21,
  0x02, 0x21, 0xfc, 0x20, 0x04, 0x21, 0xfe, 0x20, 0x00, 0x20, 0x02, 0x20,
  0xfc, 0x1f, 0x05, 0x20, 0xfb, 0x1e, 0x04, 0x1f, 0xfd, 0x1e, 0x02, 0x1e,
  0x00, 0x1e, 0xfe, 0x1d, 0x02, 0x1e, 0xff, 0x1c, 0x00, 0x1d, 0x00, 0x1d,
  0x01, 0x1c, 0xfe, 0x1b, 0x04, 0x1c, 0xfb, 0x1b, 0x03, 0x1c, 0xff, 0x1a,
  0x00, 0x1b, 0x01, 0x1b, 0xff, 0x19, 0x00, 0x1a, 0x00, 0x1a, 0x00, 0x1a,
  0x00, 0x19, 0x00, 0x19, 0x00, 0x19, 0x00, 0x18, 0x00, 0x17, 0x00, 0x17,
  0x00, 0x17, 0x00, 0x16, 0x01, 0x16, 0xfe, 0x14, 0x03, 0x14, 0xfd, 0x13,
  0x03, 0x13, 0xfe, 0x12, 0x00, 0x12, 0x01, 0x11, 0xff, 0x0f, 0x01, 0x10,
  0x00, 0x0f, 0xfe, 0x0d, 0x02, 0x0d, 0xfe, 0x0b, 0x02, 0x0b, 0xff, 0x09,
  0xff, 0x08, 0x02, 0x08, 0xfe, 0x06, 0x02, 0x06, 0xff, 0x03, 0xff, 0x02,
  0x02, 0x02, 0xfe, 0x00, 0x02, 0xff, 0xfe, 0xfd, 0x02, 0xfd, 0xff, 0xfb,
  0x00, 0xfa, 0x00, 0xf9, 0x00, 0xf8, 0x01, 0xf6, 0xfe, 0xf4, 0x03, 0xf3,
  0xfc, 0xf1, 0x04, 0xf1, 0xfe, 0xef, 0x00, 0xef, 0x01, 0xee, 0xfe, 0xec,
  0x02, 0xec, 0x00, 0xeb, 0xfe, 0xe9, 0x03, 0xe9, 0xfd, 0xe7, 0x02, 0xe7,
  0xff, 0xe5, 0x00, 0xe5, 0x01, 0xe4, 0xff, 0xe3, 0x00, 0xe3, 0x00, 0xe2,
  0x01, 0xe2, 0xff, 0xe0, 0x01, 0xe0, 0xfe, 0xdf, 0x02, 0xe0, 0xff, 0xde,
  0x02, 0xdf, 0xfd, 0xde, 0x03, 0xde, 0xfd, 0xdd, 0x03, 0xdd, 0xfe, 0xdc,
  0x01, 0xdd, 0xff, 0xdc, 0x01, 0xdd, 0xff, 0xdb, 0x02, 0xdc, 0xfe, 0xdc,
  0x01, 0xdd, 0xff, 0xdc, 0x01, 0xdd, 0xff, 0xdc, 0x02, 0xdd, 0xfd, 0xdb,
  0x03, 0xdd, 0xfe, 0xdc, 0x01, 0xdd, 0xff, 0xdc, 0x01, 0xdd, 0xff, 0xdc,
  0x02, 0xde, 0xfd, 0xdd, 0x03, 0xde, 0xfe, 0xdd, 0x02, 0xdf, 0xfe, 0xde,
  0x01, 0xdf, 0x00, 0xdf, 0xff, 0xdf, 0x02, 0xe0, 0xff, 0xdf, 0x00, 0xe1,
  0x00, 0xe1, 0x00, 0xe1, 0x00, 0xe1, 0x00, 0xe2, 0x00, 0xe2, 0xff, 0xe2,
  0x02, 0xe3, 0xff, 0xe2, 0x00, 0xe3, 0x00, 0xe4, 0xff, 0xe3, 0x01, 0xe4,
  0x00, 0xe5, 0x00, 0xe5, 0x00, 0xe5, 0xff, 0xe5, 0x02, 0xe6, 0xfd, 0xe5,
  0x03, 0xe7, 0xfe, 0xe6, 0x00, 0xe7, 0x02, 0xe8, 0xfd, 0xe7, 0x03, 0xe9,
  0xfe, 0xe8, 0x01, 0xea, 0x00, 0xea, 0xff, 0xea, 0x02, 0xec, 0xfd, 0xeb,
  0x04, 0xed, 0xfc, 0xed, 0x04, 0xee, 0xfd, 0xee, 0x02, 0xf0, 0xfe, 0xf0,
  0x02, 0xf2, 0xff, 0xf2, 0x00, 0xf4, 0x01, 0xf5, 0xfe, 0xf5, 0x02, 0xf7,
  0xff, 0xf7, 0x00, 0xf9, 0x00, 0xfa, 0x00, 0xfb, 0x00, 0xfd, 0xff, 0xfd,
  0x03, 0xff, 0xfc, 0xff, 0x03, 0x01, 0xfe, 0x01, 0x01, 0x04, 0x00, 0x05,
  0x00, 0x06, 0xff, 0x06, 0x01, 0x09, 0x00, 0x0a, 0xff, 0x0a, 0x02, 0x0c,
  0xfd, 0x0c, 0x04, 0x0e, 0xfb, 0x0f, 0x06, 0x11, 0xfa, 0x11, 0x06, 0x13,
  0xfb, 0x13, 0x04, 0x15, 0xfc, 0x15, 0x04, 0x17, 0xfc, 0x16, 0x04, 0x18,
  0xfe, 0x18, 0xff, 0x19, 0x02, 0x1a, 0xfe, 0x1a, 0x02, 0x1c, 0xff, 0x1b,
  0x00, 0x1d, 0xff, 0x1d, 0x02, 0x1e, 0xfe, 0x1e, 0x02, 0x1f, 0xfe, 0x1e,
  0x01, 0x1f, 0x00, 0x20, 0x00, 0x20, 0xff, 0x20, 0x02, 0x21, 0xfe, 0x20,
  0x02, 0x21, 0xfe, 0x20, 0x01, 0x21, 0x00, 0x21, 0x00, 0x21, 0x00, 0x21,
  0x00, 0x21, 0x00, 0x21, 0x00, 0x21, 0x00, 0x21, 0x00, 0x21, 0x00, 0x21,
  0x01, 0x21, 0xfe, 0x20, 0x02, 0x21, 0xff, 0x20, 0x00, 0x20, 0x01, 0x20,
  0xff, 0x1f, 0x00, 0x20, 0x01, 0x20, 0xff, 0x1e, 0x01, 0x1f, 0x00, 0x1f,
  0x00, 0x1f, 0xff, 0x1e, 0x01, 0x1f, 0x00, 0x1e, 0xff, 0x1d, 0x01, 0x1e,
  0x01, 0x1e, 0xfd, 0x1c, 0x04, 0x1d, 0xfb, 0x1c, 0x05, 0x1d, 0xfd, 0x1b,
  0x02, 0x1c, 0xfe, 0x1b, 0x01, 0x1b, 0x00, 0x1b, 0x00, 0x1b, 0x01, 0x1a,
  0xfe, 0x19, 0x02, 0x19, 0xfe, 0x18, 0x02, 0x18, 0xfe, 0x17, 0x02, 0x18,
  0xfe, 0x16, 0x02, 0x16, 0xff, 0x15, 0xff, 0x14, 0x03, 0x14, 0xfc, 0x13,
  0x04, 0x13, 0xfe, 0x11, 0x00, 0x11, 0x01, 0x10, 0xff, 0x0e, 0x01, 0x0e,
  0xff, 0x0d, 0x01, 0x0d, 0xff, 0x0b, 0x01, 0x0b, 0xff, 0x08, 0x01, 0x08,
  0xff, 0x06, 0x00, 0x06, 0x01, 0x05, 0xfe, 0x02, 0x03, 0x02, 0xfd, 0x00,
  0x02, 0xff, 0xff, 0xfd, 0x00, 0xfd, 0x00, 0xfb, 0x01, 0xfa, 0xfe, 0xf7,
  0x03, 0xf7, 0xfd, 0xf4, 0x02, 0xf4, 0xff, 0xf2, 0xff, 0xf1, 0x02, 0xf1,
  0xfe, 0xef, 0x03, 0xee, 0xfc, 0xec, 0x04, 0xec, 0xfc, 0xea, 0x03, 0xeb,
  0xfe, 0xe9, 0x02, 0xe8, 0xfe, 0xe6, 0x03, 0xe6, 0xfc, 0xe4, 0x03, 0xe5,
  0xfe, 0xe3, 0x02, 0xe4, 0xfe, 0xe2, 0x03, 0xe2, 0xfd, 0xe0, 0x01, 0xe1,
  0x00, 0xe0, 0xff, 0xdf, 0x02, 0xe0, 0xff, 0xde, 0x00, 0xdf, 0x00, 0xde,
  0x00, 0xde, 0xff, 0xdd, 0x01, 0xde, 0x00, 0xde, 0x00, 0xdd, 0x00, 0xdd,
  0x00, 0xdd, 0xff, 0xdc, 0x02, 0xdc, 0xfe, 0xdc, 0x01, 0xdd, 0x00, 0xdd,
  0x00, 0xdc, 0xff, 0xdb, 0x02, 0xdc, 0xfd, 0xdb, 0x04, 0xdd, 0xfc, 0xdc,
  0x02, 0xdd, 0x00, 0xdd, 0xff, 0xdc, 0x02, 0xdd, 0xfe, 0xdc, 0x01, 0xde,
  0x00, 0xde, 0xff, 0xdd, 0x01, 0xde, 0x00, 0xde, 0x00, 0xde, 0x00, 0xdf,
  0xff, 0xde, 0x01, 0xdf, 0xff, 0xdf, 0x02, 0xe0, 0xfd, 0xdf, 0x03, 0xe0,
  0xfd, 0xdf, 0x03, 0xe1, 0xfe, 0xe0, 0x00, 0xe1, 0x01, 0xe1, 0xff, 0xe1,
  0x01, 0xe2, 0x00, 0xe2, 0xff, 0xe1, 0x01, 0xe3, 0x00, 0xe3, 0x00, 0xe3,
  0x00, 0xe3, 0x01, 0xe3, 0xfe, 0xe3, 0x03, 0xe4, 0xfd, 0xe3, 0x02, 0xe5,
  0xff, 0xe4, 0x01, 0xe5, 0xff, 0xe5, 0x01, 0xe6, 0xfe, 0xe5, 0x02, 0xe7,
  0x00, 0xe7, 0xff, 0xe7, 0x01, 0xe8, 0xfe, 0xe8, 0x02, 0xe9, 0xff, 0xe8,
  0x00, 0xea, 0x01, 0xeb, 0xfe, 0xea, 0x02, 0xec, 0xfe, 0xeb, 0x01, 0xed,
  0x00, 0xee, 0x00, 0xef, 0x00, 0xf0, 0x00, 0xf0, 0x00, 0xf1, 0x00, 0xf2,
  0x00, 0xf3, 0x00, 0xf4, 0x00, 0xf5, 0x00, 0xf6, 0x00, 0xf7, 0x00, 0xf8,
  0x00, 0xf9, 0x00, 0xfa, 0x00, 0xfb, 0x00, 0xfd, 0x00, 0xfe, 0x00, 0xff,
  0x00, 0x00, 0x00, 0x01, 0x00, 0x02, 0x00, 0x04, 0x00, 0x05, 0x00, 0x06,
  0x00, 0x08, 0x00, 0x09, 0x00, 0x0b, 0x00, 0x0c, 0x00, 0x0d, 0x00, 0x0e,
  0x01, 0x0f, 0xfe, 0x0f, 0x02, 0x11, 0xff, 0x11, 0x00, 0x13, 0x01, 0x14,
  0xfe, 0x14, 0x02, 0x16, 0xff, 0x16, 0x00, 0x18, 0x01, 0x19, 0xfe, 0x19,
  0x02, 0x1b, 0xff, 0x1a, 0xff, 0x1b, 0x03, 0x1c, 0xfc, 0x1c, 0x05, 0x1e,
  0xfa, 0x1d, 0x06, 0x1f, 0xfb, 0x1e, 0x04, 0x20, 0xfd, 0x1f, 0x02, 0x20,
  0xfe, 0x20, 0x02, 0x21, 0xfe, 0x20, 0x01, 0x21, 0x01, 0x21, 0xfe, 0x21,
  0x01, 0x22, 0xff, 0x21, 0x01, 0x22, 0x00, 0x22, 0xff, 0x21, 0x01, 0x22,
  0xff, 0x21, 0x00, 0x23, 0x01, 0x23, 0xff, 0x22, 0x00, 0x23, 0x01, 0x22,
  0xfe, 0x21, 0x02, 0x22, 0xff, 0x21, 0x00, 0x22, 0x01, 0x22, 0xfe, 0x21,
  0x03, 0x22, 0xfd, 0x20, 0x03, 0x21, 0xfd, 0x20, 0x02, 0x21, 0xfe, 0x20,
  0x03, 0x20, 0xfd, 0x1f, 0x03, 0x20, 0xfc, 0x1e, 0x03, 0x1f, 0xfe, 0x1e,
  0x02, 0x1f, 0xff, 0x1e, 0xff, 0x1d, 0x02, 0x1e, 0xfe, 0x1d, 0x02, 0x1d,
  0xff, 0x1c, 0xff, 0x1c, 0x02, 0x1d, 0xfe, 0x1b, 0x02, 0x1c, 0xff, 0x1b,
  0x00, 0x1c, 0x00, 0x1b, 0x00, 0x1b, 0xff, 0x1a, 0x02, 0x1a, 0xfe, 0x19,
  0x02, 0x1a, 0xfe, 0x18, 0x02, 0x19, 0xfe, 0x18, 0x02, 0x18, 0xff, 0x17,
  0x00, 0x18, 0x01, 0x17, 0xff, 0x15, 0x01, 0x16, 0xff, 0x14, 0x00, 0x15,
  0x01, 0x15, 0xff, 0x13, 0x01, 0x13, 0xff, 0x12, 0x00, 0x12, 0x00, 0x11,
  0x01, 0x10, 0xff, 0x0e, 0x00, 0x0e, 0x01, 0x0d, 0xfd, 0x0b, 0x05, 0x0b,
  0xfb, 0x09, 0x04, 0x09, 0xfd, 0x08, 0x02, 0x07, 0xff, 0x05, 0x01, 0x05,
  0xff, 0x02, 0x01, 0x02, 0xff, 0x00, 0x00, 0x00, 0x01, 0xff, 0xff, 0xfc,
  0x01, 0xfc, 0x00, 0xfb, 0xff, 0xf9, 0x00, 0xf9, 0x01, 0xf7, 0xff, 0xf5,
  0x01, 0xf4, 0x00, 0xf3, 0xff, 0xf1, 0x01, 0xf1, 0xff, 0xef, 0x02, 0xef,
  0xfc, 0xec, 0x05, 0xec, 0xfb, 0xea, 0x05, 0xea, 0xfc, 0xe8, 0x02, 0xe9,
  0xff, 0xe7, 0x00, 0xe6, 0x01, 0xe5, 0xff, 0xe3, 0x01, 0xe4, 0xff, 0xe2,
  0x00, 0xe3, 0x01, 0xe2, 0xff, 0xe0, 0x01, 0xe1, 0xff, 0xdf, 0x01, 0xe0,
  0xff, 0xde, 0x01, 0xdf, 0xff, 0xde, 0x02, 0xde, 0xfd, 0xdd, 0x03, 0xde,
  0xfe, 0xdc, 0x00, 0xdd, 0x03, 0xdd, 0xfb, 0xdc, 0x05, 0xdd, 0xfc, 0xdc,
  0x03, 0xdd, 0xfd, 0xdc, 0x02, 0xdd, 0x00, 0xdd, 0xff, 0xdc, 0x01, 0xdd,
  0xfe, 0xdc, 0x03, 0xdd, 0xfd, 0xdc, 0x03, 0xde, 0xfd, 0xdd, 0x01, 0xde,
  0x01, 0xde, 0xff, 0xdd, 0x00, 0xdf, 0x01, 0xdf, 0xfe, 0xde, 0x02, 0xdf,
  0xff, 0xdf, 0x00, 0xe0, 0x01, 0xe0, 0xfe, 0xdf, 0x03, 0xe0, 0xfd, 0xe0,
  0x03, 0xe1, 0xfe, 0xe1, 0x00, 0xe2, 0x01, 0xe2, 0xff, 0xe1, 0x02, 0xe3,
  0xfd, 0xe2, 0x03, 0xe3, 0xfd, 0xe2, 0x03, 0xe4, 0xfe, 0xe3, 0x01, 0xe5,
  0xff, 0xe4, 0x01, 0xe5, 0xff, 0xe5, 0x01, 0xe6, 0x00, 0xe6, 0xff, 0xe6,
  0x01, 0xe7, 0xff, 0xe7, 0x02, 0xe8, 0xfe, 0xe8, 0x01, 0xe9, 0xff, 0xe9,
  0x02, 0xea, 0xfe, 0xea, 0x02, 0xeb, 0xff, 0xeb, 0xff, 0xec, 0x02, 0xed,
  0xfe, 0xed, 0x01, 0xef, 0x01, 0xf0, 0xfe, 0xf0, 0x01, 0xf2, 0xff, 0xf1,
  0x01, 0xf3, 0xff, 0xf3, 0x02, 0xf5, 0xfe, 0xf5, 0x01, 0xf7, 0xff, 0xf7,
  0x00, 0xfa, 0x02, 0xfb, 0xfe, 0xfb, 0x02, 0xfd, 0xfe, 0xfd, 0x01, 0x00,
  0xff, 0x00, 0x02, 0x02, 0xfe, 0x02, 0x02, 0x04, 0xfd, 0x05, 0x03, 0x07,
  0xfd, 0x07, 0x03, 0x09, 0xfe, 0x0a, 0x00, 0x0c, 0x01, 0x0d, 0xff, 0x0d,
  0x01, 0x0f, 0x00, 0x10, 0xff, 0x11, 0x01, 0x13, 0xff, 0x12, 0x02, 0x14,
  0xfd, 0x14, 0x03, 0x16, 0xfe, 0x16, 0x00, 0x18, 0x02, 0x19, 0xfc, 0x19,
  0x04, 0x1a, 0xfe, 0x1a, 0x01, 0x1c, 0xff, 0x1b, 0x00, 0x1d, 0x00, 0x1d,
  0x01, 0x1e, 0x00, 0x1e, 0xff, 0x1e, 0x00, 0x1f, 0x01, 0x20, 0xfe, 0x1f,
  0x04, 0x20, 0xfb, 0x20, 0x05, 0x21, 0xfb, 0x20, 0x04, 0x21, 0xfe, 0x20,
  0x00, 0x21, 0x01, 0x22, 0xff, 0x21, 0x01, 0x22, 0xff, 0x21, 0x00, 0x22,
  0x00, 0x22, 0x02, 0x22, 0xfd, 0x21, 0x03, 0x22, 0xfd, 0x21, 0x03, 0x22,
  0xfd, 0x20, 0x03, 0x21, 0xfd, 0x20, 0x03, 0x21, 0xfe, 0x20, 0x00, 0x21,
  0x01, 0x20, 0xff, 0x1f, 0x01, 0x20, 0xff, 0x1f, 0x00, 0x20, 0x01, 0x20,
  0xff, 0x1e, 0x01, 0x1f, 0xfe, 0x1e, 0x02, 0x1f, 0xff, 0x1d, 0x01, 0x1e,
  0xff, 0x1d, 0x01, 0x1e, 0xff, 0x1c, 0x00, 0x1d, 0x02, 0x1d, 0xfd, 0x1c,
  0x03, 0x1d, 0xfe, 0x1b, 0x01, 0x1c, 0xff, 0x1a, 0x02, 0x1b, 0xfe, 0x1a,
  0x01, 0x1b, 0x01, 0x1a, 0xfd, 0x19, 0x03, 0x1a, 0xfe, 0x18, 0x01, 0x19,
  0x00, 0x18, 0xff, 0x17, 0x02, 0x17, 0xfd, 0x16, 0x03, 0x17, 0xfe, 0x15,
  0x01, 0x15, 0x01, 0x14, 0xfe, 0x13, 0x02, 0x13, 0xfe, 0x11, 0x02, 0x12,
  0xff, 0x10, 0x00, 0x10, 0x00, 0x0f, 0x00, 0x0e, 0xff, 0x0c, 0x02, 0x0d,
  0xff, 0x0b, 0xff, 0x09, 0x02, 0x09, 0xfe, 0x07, 0x02, 0x07, 0xfe, 0x05,
  0x02, 0x05, 0xfe, 0x03, 0x01, 0x03, 0x01, 0x01, 0xfd, 0xff, 0x03, 0xff,
  0xfe, 0xfd, 0x01, 0xfd, 0x00, 0xfb, 0x00, 0xfa, 0xff, 0xf7, 0x02, 0xf7,
  0xfe, 0xf5, 0x02, 0xf5, 0xfe, 0xf3, 0x03, 0xf3, 0xfc, 0xf0, 0x05, 0xf0,
  0xfb, 0xee, 0x03, 0xee, 0x00, 0xed, 0xfe, 0xeb, 0x03, 0xeb, 0xfd, 0xe9,
  0x02, 0xe9, 0xff, 0xe7, 0x00, 0xe7, 0x01, 0xe6, 0xff, 0xe5, 0x00, 0xe5,
  0x01, 0xe4, 0xfd, 0xe2, 0x04, 0xe2, 0xfd, 0xe1, 0x02, 0xe1, 0xff, 0xe0,
  0x00, 0xe0, 0xff, 0xdf, 0x02, 0xdf, 0xfe, 0xde, 0x02, 0xde, 0xff, 0xdd,
  0xff, 0xdd, 0x02, 0xdd, 0xfe, 0xdc, 0x02, 0xdd, 0xfe, 0xdc, 0x02, 0xdd,
  0xfe, 0xdc, 0x02, 0xdd, 0xff, 0xdb, 0x00, 0xdc, 0x00, 0xdc, 0x00, 0xdc,
  0x00, 0xdc, 0x01, 0xdd, 0xfe, 0xdc, 0x02, 0xdd, 0xff, 0xdc, 0xff, 0xdc,
  0x03, 0xdd, 0xfc, 0xdc, 0x04, 0xdd, 0xfd, 0xdd, 0x01, 0xde, 0x01, 0xde,
  0xfd, 0xdd, 0x04, 0xde, 0xfc, 0xde, 0x03, 0xdf, 0xfe, 0xde, 0x01, 0xdf,
  0xff, 0xdf, 0x02, 0xe0, 0xfe, 0xdf, 0x01, 0xe1, 0x00, 0xe1, 0xff, 0xe0,
  0x02, 0xe1, 0xfe, 0xe1, 0x02, 0xe2, 0xfe, 0xe1, 0x01, 0xe2, 0x00, 0xe3,
  0xff, 0xe2, 0x02, 0xe3, 0xfe, 0xe3, 0x01, 0xe4, 0x00, 0xe4, 0xff, 0xe4,
  0x01, 0xe5, 0x00, 0xe5, 0xff, 0xe4, 0x02, 0xe6, 0xfd, 0xe5, 0x03, 0xe7,
  0xfe, 0xe6, 0x01, 0xe7, 0x00, 0xe8, 0xff, 0xe7, 0x02, 0xe9, 0xfe, 0xe8,
  0x02, 0xea, 0xfe, 0xea, 0x01, 0xeb, 0x01, 0xec, 0xfe, 0xeb, 0x03, 0xed,
  0xfc, 0xed, 0x04, 0xef, 0xfd, 0xee, 0x03, 0xf0, 0xfd, 0xf0, 0x02, 0xf2,
  0xff, 0xf2, 0x00, 0xf4, 0x01, 0xf5, 0xff, 0xf5, 0x01, 0xf7, 0xff, 0xf7,
  0x01, 0xf9, 0xfe, 0xf9, 0x03, 0xfb, 0xfe, 0xfc, 0x00, 0xfe, 0x02, 0xff,
  0xfc, 0xff, 0x05, 0x01, 0xfc, 0x01, 0x02, 0x04, 0xff, 0x04, 0x00, 0x06,
  0x01, 0x07, 0xff, 0x08, 0x00, 0x0a, 0x00, 0x0b, 0x01, 0x0c, 0xfe, 0x0d,
  0x03, 0x0f, 0xfc, 0x0f, 0x04, 0x11, 0xfd, 0x11, 0x03, 0x13, 0xfd, 0x13,
  0x03, 0x15, 0xfd, 0x15, 0x03, 0x17, 0xfd, 0x17, 0x03, 0x18, 0xfe, 0x18,
  0x00, 0x1a, 0x01, 0x1b, 0xfe, 0x1b, 0x03, 0x1c, 0xfd, 0x1c, 0x03, 0x1d,
  0xfc, 0x1d, 0x04, 0x1e, 0xfd, 0x1e, 0x02, 0x1f, 0xff, 0x1f, 0x00, 0x20,
  0x01, 0x20, 0xff, 0x1f, 0x01, 0x21, 0xfe, 0x20, 0x02, 0x21, 0xfe, 0x20,
  0x03, 0x22, 0xfe, 0x21, 0x00, 0x22, 0x01, 0x22, 0xfe, 0x21, 0x02, 0x22,
  0x00, 0x22, 0xff, 0x21, 0x01, 0x22, 0xfe, 0x21, 0x03, 0x22, 0xfd, 0x21,
  0x03, 0x22, 0xfd, 0x21, 0x02, 0x21, 0xff, 0x20, 0x00, 0x21, 0x01, 0x21,
  0xff, 0x20, 0x01, 0x21, 0xff, 0x1f, 0x00, 0x20, 0x01, 0x20, 0xff, 0x1e,
  0x01, 0x1f, 0xfe, 0x1e, 0x02, 0x1f, 0xff, 0x1e, 0x01, 0x1e, 0xff, 0x1d,
  0x00, 0x1e, 0x00, 0x1e, 0x01, 0x1d, 0xff, 0x1c, 0x00, 0x1d, 0x01, 0x1d,
  0xfe, 0x1b, 0x03, 0x1c, 0xfd, 0x1b, 0x02, 0x1b, 0xff, 0x1a, 0x00, 0x1b,
  0x00, 0x1a, 0x01, 0x1a, 0xff, 0x18, 0x00, 0x19, 0x01, 0x18, 0xfe, 0x17,
  0x03, 0x18, 0xfd, 0x16, 0x02, 0x17, 0xff, 0x15, 0x00, 0x16, 0x01, 0x15,
  0xff, 0x13, 0x00, 0x14, 0x00, 0x13, 0x00, 0x12, 0x00, 0x12, 0x01, 0x11,
  0xfe, 0x0f, 0x02, 0x0f, 0xfe, 0x0d, 0x01, 0x0e, 0x00, 0x0d, 0x00, 0x0c,
  0x00, 0x0a, 0x00, 0x09, 0xff, 0x07, 0x01, 0x07, 0x00, 0x06, 0x00, 0x05,
  0xff, 0x03, 0x01, 0x02, 0xff, 0x00, 0x01, 0x00, 0xff, 0xfe, 0x01, 0xfe,
  0xfe, 0xfb, 0x03, 0xfb, 0xfd, 0xf9, 0x01, 0xf8, 0x01, 0xf7, 0xfe, 0xf5,
  0x02, 0xf5, 0xff, 0xf3, 0x00, 0xf2, 0x00, 0xf1, 0x00, 0xf0, 0x00, 0xef,
  0x00, 0xee, 0x00, 0xed, 0x00, 0xec, 0x00, 0xea, 0x00, 0xe9, 0x00, 0xe8,
  0x00, 0xe8, 0x00, 0xe7, 0x00, 0xe6, 0x00, 0xe5, 0xff, 0xe3, 0x02, 0xe3,
  0xfe, 0xe2, 0x01, 0xe2, 0x00, 0xe2, 0xfe, 0xe0, 0x03, 0xe1, 0xfe, 0xdf,
  0x00, 0xdf, 0x01, 0xdf, 0xff, 0xde, 0x00, 0xdf, 0x02, 0xde, 0xfd, 0xdd,
  0x03, 0xde, 0xfd, 0xdc, 0x02, 0xdd, 0x00, 0xdd, 0xff, 0xdc, 0x01, 0xdd,
  0xff, 0xdc, 0x00, 0xdd, 0x01, 0xdd, 0xff, 0xdc, 0x00, 0xdd, 0x01, 0xdd,
  0xff, 0xdc, 0x01, 0xdd, 0xfe, 0xdc, 0x03, 0xdd, 0xfd, 0xdc, 0x03, 0xdd,
  0xfe, 0xdd, 0x00, 0xde, 0x01, 0xde, 0xff, 0xdd, 0x00, 0xde, 0x02, 0xde,
  0xfc, 0xde, 0x06, 0xdf, 0xf9, 0xde, 0x06, 0xdf, 0xfc, 0xdf, 0x02, 0xe0,
  0x01, 0xe0, 0xfd, 0xe0, 0x03, 0xe1, 0xfe, 0xe0, 0x01, 0xe1, 0x00, 0xe1,
  0x00, 0xe2, 0xff, 0xe1, 0x03, 0xe2, 0xfb, 0xe2, 0x05, 0xe3, 0xfc, 0xe2,
  0x04, 0xe3, 0xfc, 0xe2, 0x03, 0xe4, 0xfd, 0xe3, 0x04, 0xe4, 0xfc, 0xe3,
  0x03, 0xe5, 0xfe, 0xe4, 0x01, 0xe6, 0x00, 0xe6, 0x00, 0xe6, 0x00, 0xe7,
  0x00, 0xe7, 0x00, 0xe7, 0xff, 0xe7, 0x02, 0xe8, 0xfd, 0xe8, 0x04, 0xe9,
  0xfc, 0xe9, 0x02, 0xea, 0x00, 0xeb, 0xff, 0xeb, 0x01, 0xec, 0x00, 0xed,
  0xff, 0xed, 0x01, 0xee, 0xff, 0xee, 0x02, 0xf0, 0xfd, 0xf0, 0x03, 0xf2,
  0xfe, 0xf2, 0x00, 0xf4, 0x02, 0xf5, 0xfe, 0xf5, 0x01, 0xf6, 0x00, 0xf7,
  0xff, 0xf8, 0x01, 0xfa, 0xff, 0xfa, 0x02, 0xfc, 0xfe, 0xfc, 0x00, 0xfe,
  0x01, 0x00, 0xfe, 0x00, 0x02, 0x02, 0xff, 0x03, 0x00, 0x05, 0xff, 0x05,
  0x02, 0x07, 0xfe, 0x07, 0x01, 0x0a, 0x01, 0x0b, 0xfd, 0x0b, 0x04, 0x0d,
  0xfc, 0x0d, 0x04, 0x10, 0xfc, 0x10, 0x05, 0x12, 0xfb, 0x12, 0x04, 0x14,
  0xfd, 0x14, 0x02, 0x16, 0x00, 0x16, 0xfe, 0x16, 0x03, 0x18, 0xfd, 0x18,
  0x03, 0x1a, 0xfe, 0x1a, 0x00, 0x1b, 0x01, 0x1c, 0xff, 0x1c, 0x02, 0x1d,
  0xfe, 0x1d, 0x01, 0x1e, 0x00, 0x1f, 0xff, 0x1e, 0x03, 0x20, 0xfc, 0x1f,
  0x03, 0x20, 0xff, 0x20, 0xff, 0x20, 0x03, 0x21, 0xfc, 0x20, 0x03, 0x22,
  0xfe, 0x21, 0x01, 0x22, 0x00, 0x22, 0xff, 0x21, 0x01, 0x22, 0x00, 0x22,
  0xff, 0x21, 0x01, 0x22, 0xff, 0x21, 0x02, 0x23, 0xfe, 0x22, 0x01, 0x22,
  0x00, 0x22, 0xff, 0x21, 0x02, 0x22, 0xfe, 0x21, 0x01, 0x22, 0x00, 0x22,
  0xff, 0x21, 0x02, 0x22, 0xfe, 0x20, 0x01, 0x21, 0xff, 0x20, 0x01, 0x21,
  0xff, 0x20, 0x02, 0x20, 0xfe, 0x1f, 0x01, 0x20, 0x00, 0x1f, 0xff, 0x1e,
  0x01, 0x1f, 0x00, 0x1f, 0x00, 0x1f, 0x01, 0x1e, 0xfe, 0x1d, 0x02, 0x1e,
  0xfe, 0x1c, 0x02, 0x1d, 0xfe, 0x1c, 0x02, 0x1d, 0xfe, 0x1c, 0x02, 0x1c,
  0xfe, 0x1b, 0x02, 0x1b, 0xfe, 0x1a, 0x02, 0x1b, 0xfe, 0x1a, 0x01, 0x1b,
  0x00, 0x1a, 0x00, 0x1a, 0x01, 0x1a, 0xfe, 0x18, 0x01, 0x19, 0x00, 0x19,
  0xff, 0x17, 0x02, 0x18, 0xff, 0x16, 0xff, 0x16, 0x01, 0x17, 0x00, 0x16,
  0x00, 0x16, 0x00, 0x15, 0x00, 0x14, 0xff, 0x13, 0x01, 0x13, 0x00, 0x12,
  0x00, 0x12, 0x00, 0x11, 0x00, 0x10, 0xff, 0x0e, 0x02, 0x0e, 0xfe, 0x0c,
  0x02, 0x0c, 0xfe, 0x0a, 0x01, 0x09, 0x00, 0x08, 0x00, 0x07, 0x00, 0x06,
  0x00, 0x04, 0x00, 0x03, 0xff, 0x01, 0x02, 0x00, 0xfe, 0xfe, 0x02, 0xfe,
  0xff, 0xfc, 0xff, 0xfa, 0x01, 0xfa, 0x00, 0xf8, 0x01, 0xf7, 0xfe, 0xf5,
  0x02, 0xf5, 0xfd, 0xf2, 0x03, 0xf2, 0xfe, 0xf0, 0x01, 0xef, 0xff, 0xed,
  0x01, 0xed, 0xff, 0xeb, 0x01, 0xeb, 0xff, 0xe9, 0x00, 0xe9, 0x00, 0xe8,
  0x01, 0xe7, 0xff, 0xe6, 0x02, 0xe6, 0xfc, 0xe4, 0x04, 0xe4, 0xfd, 0xe2,
  0x02, 0xe2, 0xff, 0xe1, 0x00, 0xe1, 0x00, 0xe1, 0x01, 0xe0, 0xff, 0xdf,
  0xff, 0xde, 0x03, 0xdf, 0xfc, 0xde, 0x05, 0xdf, 0xfc, 0xdd, 0x01, 0xde,
  0x01, 0xde, 0xfe, 0xdd, 0x03, 0xdd, 0xfe, 0xdc, 0xff, 0xdc, 0x02, 0xdd,
  0xff, 0xdc, 0x00, 0xdd, 0x00, 0xdd, 0x00, 0xdd, 0xff, 0xdc, 0x03, 0xde,
  0xfc, 0xdd, 0x04, 0xde, 0xfd, 0xdd, 0x01, 0xde, 0x00, 0xde, 0x00, 0xde,
  0x00, 0xdf, 0x02, 0xdf, 0xfc, 0xde, 0x03, 0xdf, 0xff, 0xde, 0x00, 0xe0,
  0x00, 0xe0, 0x00, 0xe0, 0x00, 0xe0, 0x00, 0xe0, 0x00, 0xe1, 0xff, 0xe0,
  0x01, 0xe1, 0x00, 0xe2, 0x00, 0xe2, 0xff, 0xe1, 0x01, 0xe2, 0xff, 0xe2,
  0x01, 0xe3, 0x00, 0xe3, 0x00, 0xe4, 0xff, 0xe3, 0x01, 0xe5, 0xff, 0xe4,
  0x02, 0xe5, 0xfe, 0xe5, 0x01, 0xe6, 0xff, 0xe6, 0x01, 0xe7, 0x00, 0xe7,
  0xff, 0xe7, 0x01, 0xe8, 0xff, 0xe8, 0x02, 0xea, 0xfd, 0xe9, 0x04, 0xeb,
  0xfb, 0xea, 0x04, 0xec, 0xfe, 0xec, 0x01, 0xed, 0x00, 0xee, 0x00, 0xef,
  0xff, 0xef, 0x01, 0xf1, 0xff, 0xf0, 0x02, 0xf2, 0xfd, 0xf2, 0x04, 0xf4,
  0xfc, 0xf4, 0x03, 0xf6, 0xfe, 0xf6, 0x01, 0xf9, 0x00, 0xfa, 0x00, 0xfb,
  0xff, 0xfb, 0x02, 0xfd, 0xfe, 0xfd, 0x02, 0x00, 0xfe, 0x00, 0x02, 0x02,
  0xff, 0x03, 0x00, 0x05, 0x01, 0x06, 0xfe, 0x06, 0x02, 0x09, 0xfe, 0x09,
  0x02, 0x0b, 0xfe, 0x0b, 0x03, 0x0e, 0xfb, 0x0e, 0x05, 0x10, 0xfc, 0x0f,
  0x03, 0x12, 0xfe, 0x12, 0x00, 0x14, 0x02, 0x15, 0xfe, 0x15, 0x02, 0x17,
  0xfd, 0x17, 0x03, 0x18, 0xfd, 0x18, 0x04, 0x1a, 0xfc, 0x1a, 0x03, 0x1c,
  0xff, 0x1b, 0xff, 0x1c, 0x02, 0x1d, 0xfe, 0x1d, 0x01, 0x1e, 0x00, 0x1f,
  0xff, 0x1e, 0x02, 0x20, 0xfe, 0x1f, 0x01, 0x20, 0xff, 0x20, 0x01, 0x21,
  0x00, 0x21, 0x00, 0x21, 0xff, 0x21, 0x01, 0x22, 0xff, 0x21, 0x02, 0x22,
  0xff, 0x21, 0xff, 0x21, 0x01, 0x22, 0xff, 0x21, 0x02, 0x22, 0xfe, 0x21,
  0x02, 0x22, 0xfe, 0x21, 0x01, 0x22, 0x00, 0x22, 0x00, 0x22, 0x00, 0x21,
  0x00, 0x21, 0xff, 0x20, 0x02, 0x21, 0xfe, 0x20, 0x02, 0x21, 0xfd, 0x1f,
  0x03, 0x20, 0xfd, 0x1f, 0x03, 0x20, 0xfd, 0x1e, 0x03, 0x1f, 0xfd, 0x1e,
  0x02, 0x1f, 0xff, 0x1e, 0x01, 0x1e, 0xff, 0x1d, 0x01, 0x1e, 0xfe, 0x1d,
  0x03, 0x1e, 0xfd, 0x1c, 0x04, 0x1d, 0xfb, 0x1c, 0x04, 0x1c, 0xfd, 0x1b,
  0x02, 0x1c, 0x00, 0x1c, 0xfe, 0x1b, 0x03, 0x1b, 0xfd, 0x1a, 0x02, 0x1b,
  0xff, 0x19, 0xff, 0x19, 0x02, 0x19, 0xff, 0x18, 0x00, 0x19, 0x00, 0x18,
  0x00, 0x18, 0xff, 0x16, 0x02, 0x17, 0xfe, 0x15, 0x02, 0x16, 0xfe, 0x14,
  0x02, 0x14, 0xfe, 0x12, 0x02, 0x13, 0xff, 0x11, 0x00, 0x11, 0x00, 0x10,
  0x00, 0x0f, 0x00, 0x0f, 0x01, 0x0e, 0xff, 0x0c, 0x00, 0x0c, 0x00, 0x0b,
  0x00, 0x0a, 0x00, 0x08, 0x01, 0x07, 0xfe, 0x05, 0x02, 0x05, 0xff, 0x03,
  0x00, 0x02, 0x01, 0x01, 0xfe, 0xff, 0x02, 0xff, 0xff, 0xfd, 0x01, 0xfc,
  0xff, 0xfa, 0x01, 0xfa, 0xfe, 0xf8, 0x03, 0xf7, 0xfd, 0xf5, 0x03, 0xf5,
  0xfd, 0xf3, 0x03, 0xf2, 0xfd, 0xf0, 0x03, 0xf0, 0xfd, 0xee, 0x02, 0xee,
  0xff, 0xec, 0x01, 0xec, 0xff, 0xea, 0x01, 0xea, 0xfe, 0xe8, 0x02, 0xe8,
  0xff, 0xe6, 0x01, 0xe6, 0x00, 0xe5, 0xfe, 0xe3, 0x02, 0xe4, 0xff, 0xe2,
  0x01, 0xe2, 0x00, 0xe2, 0xfe, 0xe0, 0x03, 0xe0, 0xfe, 0xdf, 0x01, 0xdf,
  0x00, 0xdf, 0xff, 0xde, 0x01, 0xde, 0x01, 0xde, 0xfd, 0xdd, 0x04, 0xdd,
  0xfc, 0xdc, 0x04, 0xdd, 0xfc, 0xdc, 0x04, 0xdc, 0xfd, 0xdb, 0x01, 0xdc,
  0x01, 0xdc, 0xfe, 0xdb, 0x02, 0xdc, 0xff, 0xdb, 0x00, 0xdc, 0x00, 0xdc,
  0x00, 0xdc, 0x01, 0xdc, 0xfe, 0xdb, 0x02, 0xdd, 0xff, 0xdc, 0x00, 0xdd,
  0x01, 0xdd, 0xff, 0xdc, 0x00, 0xdd, 0x01, 0xdd, 0xff, 0xdd, 0x01, 0xde,
  0xff, 0xdd, 0x01, 0xde, 0xff, 0xde, 0x01, 0xdf, 0xff, 0xde, 0x00, 0xe0,
  0x01, 0xe0, 0xff, 0xdf, 0x00, 0xe0, 0x00, 0xe1, 0x00, 0xe1, 0x01, 0xe1,
  0xfe, 0xe0, 0x02, 0xe2, 0xfe, 0xe1, 0x02, 0xe2, 0xff, 0xe1, 0x00, 0xe3,
  0x01, 0xe3, 0xfe, 0xe2, 0x03, 0xe3, 0xfc, 0xe3, 0x05, 0xe4, 0xfb, 0xe3,
  0x04, 0xe5, 0xfd, 0xe4, 0x02, 0xe5, 0xff, 0xe4, 0x01, 0xe6, 0xff, 0xe5,
  0x00, 0xe6, 0x00, 0xe7, 0x01, 0xe7, 0xff, 0xe6, 0x01, 0xe8, 0xfe, 0xe7,
  0x02, 0xe9, 0xff, 0xe8, 0x01, 0xea, 0xfe, 0xe9, 0x02, 0xeb, 0xff, 0xea,
  0x01, 0xec, 0xfe, 0xec, 0x02, 0xed, 0xff, 0xed, 0x00, 0xef, 0x02, 0xf0,
  0xfd, 0xef, 0x02, 0xf1, 0xff, 0xf1, 0x00, 0xf3, 0x01, 0xf4, 0xff, 0xf4,
  0x01, 0xf6, 0xfe, 0xf6, 0x03, 0xf8, 0xfd, 0xf8, 0x03, 0xfa, 0xfd, 0xfb,
  0x02, 0xfd, 0x00, 0xfe, 0xff, 0xfe, 0x01, 0x00, 0xff, 0x00, 0x01, 0x03,
  0xff, 0x03, 0x01, 0x06, 0xff, 0x06, 0x00, 0x08, 0x01, 0x09, 0xff, 0x09,
  0x00, 0x0b, 0x01, 0x0d, 0xfe, 0x0d, 0x02, 0x0f, 0xff, 0x0f, 0x00, 0x11,
  0x00, 0x12, 0x01, 0x14, 0xfe, 0x14, 0x02, 0x15, 0xff, 0x15, 0x00, 0x17,
  0x01, 0x18, 0xff, 0x18, 0x00, 0x1a, 0x01, 0x1a, 0xfe, 0x1a, 0x02, 0x1c,
  0x00, 0x1d, 0xff, 0x1c, 0x00, 0x1e, 0x00, 0x1e, 0x00, 0x1f, 0x01, 0x1f,
  0xff, 0x1e, 0x01, 0x20, 0xff, 0x1f, 0x00, 0x20, 0x01, 0x21, 0xfe, 0x20,
  0x03, 0x21, 0xfd, 0x21, 0x02, 0x22, 0xff, 0x21, 0x00, 0x22, 0x01, 0x22,
  0xff, 0x21, 0x01, 0x22, 0xff, 0x22, 0x00, 0x23, 0x01, 0x22, 0xff, 0x21,
  0x01, 0x22, 0xff, 0x21, 0x00, 0x22, 0x01, 0x22, 0xff, 0x21, 0x00, 0x22,
  0x01, 0x22, 0xfe, 0x21, 0x02, 0x22, 0xff, 0x21, 0xff, 0x20, 0x03, 0x21,
  0xfc, 0x20, 0x04, 0x21, 0xfc, 0x20, 0x04, 0x20, 0xfc, 0x1f, 0x03, 0x20,
  0xfe, 0x1f, 0x01, 0x1f, 0x01, 0x1f, 0xfe, 0x1e, 0x02, 0x1e, 0xfe, 0x1d,
  0x02, 0x1e, 0xff, 0x1d, 0x00, 0x1d, 0x00, 0x1d, 0x00, 0x1d, 0x01, 0x1c,
  0xff, 0x1b, 0x00, 0x1c, 0x00, 0x1b, 0x00, 0x1b, 0x01, 0x1b, 0xff, 0x19,
  0x00, 0x1a, 0x00, 0x1a, 0x00, 0x19, 0x00, 0x19, 0x01, 0x19, 0xff, 0x17,
  0x00, 0x18, 0x00, 0x17, 0x00, 0x17, 0x00, 0x16, 0x01, 0x16, 0xfe, 0x14,
  0x02, 0x14, 0xff, 0x12, 0x00, 0x13, 0x00, 0x12, 0x00, 0x12, 0x00, 0x11,
  0x00, 0x10, 0x01, 0x0e, 0xfd, 0x0d, 0x04, 0x0d, 0xfc, 0x0b, 0x03, 0x0b,
  0xff, 0x09, 0xff, 0x08, 0x02, 0x07, 0xfe, 0x05, 0x01, 0x05, 0x00, 0x04,
  0xff, 0x02, 0x02, 0x01, 0xfe, 0xff, 0x02, 0xff, 0xfe, 0xfc, 0x01, 0xfc,
  0x00, 0xfb, 0x00, 0xfa, 0x00, 0xf8, 0x00, 0xf7, 0xff, 0xf5, 0x02, 0xf5,
  0xfe, 0xf2, 0x01, 0xf2, 0x00, 0xf1, 0x00, 0xf0, 0xff, 0xee, 0x01, 0xed,
  0x00, 0xec, 0xff, 0xea, 0x03, 0xea, 0xfc, 0xe8, 0x03, 0xe8, 0xfe, 0xe7,
  0x02, 0xe7, 0xfe, 0xe5, 0x02, 0xe5, 0xff, 0xe3, 0xff, 0xe3, 0x02, 0xe3,
  0xfe, 0xe1, 0x02, 0xe2, 0xff, 0xe0, 0x00, 0xe1, 0xff, 0xdf, 0x02, 0xe0,
  0xff, 0xde, 0x01, 0xdf, 0xff, 0xde, 0x00, 0xdf, 0x00, 0xde, 0x01, 0xde,
  0xff, 0xdd, 0x01, 0xde, 0xff, 0xdd, 0x01, 0xde, 0xfe, 0xdc, 0x02, 0xdd,
  0xff, 0xdd, 0x01, 0xde, 0xff, 0xdd, 0x01, 0xde, 0xfe, 0xdd, 0x02, 0xde,
  0xff, 0xdd, 0x00, 0xde, 0x01, 0xde, 0xfe, 0xdd, 0x02, 0xde, 0xfe, 0xde,
  0x02, 0xdf, 0xfe, 0xde, 0x02, 0xdf, 0xfe, 0xdf, 0x01, 0xe0, 0x00, 0xe0,
  0x00, 0xe0, 0x00, 0xe0, 0x01, 0xe1, 0xfe, 0xe0, 0x02, 0xe1, 0xfe, 0xe0,
  0x02, 0xe2, 0xff, 0xe1, 0x01, 0xe2, 0xff, 0xe2, 0x00, 0xe3, 0x01, 0xe3,
  0xfe, 0xe2, 0x03, 0xe4, 0xfd, 0xe3, 0x03, 0xe4, 0xfd, 0xe4, 0x02, 0xe5,
  0xff, 0xe4, 0x00, 0xe6, 0x01, 0xe6, 0xff, 0xe6, 0x00, 0xe7, 0x00, 0xe8,
  0x01, 0xe8, 0xfd, 0xe8, 0x04, 0xe9, 0xfc, 0xe9, 0x03, 0xea, 0xff, 0xea,
  0xff, 0xeb, 0x01, 0xec, 0xff, 0xec, 0x02, 0xee, 0xfe, 0xee, 0x01, 0xef,
  0xff, 0xef, 0x01, 0xf1, 0xff, 0xf1, 0x02, 0xf3, 0xfd, 0xf3, 0x03, 0xf5,
  0xfd, 0xf5, 0x03, 0xf7, 0xfd, 0xf8, 0x03, 0xfa, 0xfd, 0xfa, 0x02, 0xfc,
  0x00, 0xfd, 0xfe, 0xfd, 0x02, 0x00, 0xff, 0x00, 0x00, 0x02, 0x01, 0x04,
  0xff, 0x04, 0x00, 0x06, 0x00, 0x07, 0x01, 0x09, 0xfe, 0x09, 0x02, 0x0b,
  0xff, 0x0c, 0x00, 0x0e, 0x01, 0x0f, 0xfe, 0x0f, 0x03, 0x12, 0xfc, 0x12,
  0x04, 0x14, 0xfd, 0x14, 0x02, 0x16, 0xff, 0x16, 0x01, 0x18, 0xfe, 0x18,
  0x02, 0x1a, 0xff, 0x19, 0x00, 0x1b, 0x01, 0x1c, 0xff, 0x1c, 0x00, 0x1d,
  0x01, 0x1e, 0xff, 0x1d, 0x00, 0x1f, 0x01, 0x1f, 0xff, 0x1e, 0x01, 0x20,
  0x00, 0x20, 0xff, 0x1f, 0x00, 0x21, 0x02, 0x21, 0xfd, 0x20, 0x04, 0x22,
  0xfc, 0x21, 0x03, 0x22, 0xfe, 0x21, 0x01, 0x22, 0x00, 0x22, 0xff, 0x21,
  0x01, 0x22, 0x00, 0x22, 0x00, 0x22, 0x00, 0x23, 0x00, 0x23, 0xff, 0x22,
  0x01, 0x23, 0x00, 0x22, 0xff, 0x21, 0x02, 0x22, 0xfe, 0x21, 0x01, 0x22,
  0x00, 0x22, 0xfe, 0x21, 0x03, 0x22, 0xfe, 0x20, 0x01, 0x21, 0xff, 0x20,
  0x01, 0x21, 0xff, 0x20, 0x02, 0x20, 0xfd, 0x1f, 0x02, 0x20, 0xff, 0x1f,
  0x02, 0x1f, 0xfe, 0x1e, 0x01, 0x1f, 0x00, 0x1f, 0xfe, 0x1d, 0x05, 0x1e,
  0xfa, 0x1d, 0x06, 0x1e, 0xfb, 0x1d, 0x03, 0x1d, 0xff, 0x1c, 0xff, 0x1c,
  0x02, 0x1c, 0xfe, 0x1b, 0x02, 0x1c, 0xff, 0x1a, 0x00, 0x1b, 0xff, 0x1a,
  0x02, 0x1b, 0xfe, 0x1a, 0x03, 0x1a, 0xfd, 0x19, 0x02, 0x19, 0xfe, 0x18,
  0x03, 0x19, 0xfd, 0x17, 0x02, 0x17, 0x00, 0x17, 0xfd, 0x15, 0x05, 0x16,
  0xfb, 0x15, 0x04, 0x15, 0xfe, 0x13, 0x00, 0x13, 0x01, 0x12, 0xff, 0x11,
  0x01, 0x11, 0xff, 0x10, 0x01, 0x10, 0xff, 0x0e, 0x01, 0x0d, 0xff, 0x0c,
  0x00, 0x0c, 0x01, 0x0b, 0xff, 0x09, 0x01, 0x09, 0xfe, 0x07, 0x02, 0x06,
  0xfe, 0x04, 0x02, 0x04, 0xff, 0x02, 0x00, 0x02, 0x00, 0x00, 0x00, 0xff,
  0x00, 0xfe, 0x00, 0xfd, 0x00, 0xfc, 0x00, 0xfa, 0x00, 0xf9, 0x01, 0xf8,
  0xfe, 0xf5, 0x02, 0xf5, 0xff, 0xf3, 0x00, 0xf3, 0x01, 0xf2, 0xff, 0xef,
  0x01, 0xef, 0xff, 0xed, 0x01, 0xed, 0xff, 0xeb, 0x01, 0xeb, 0xff, 0xe9,
  0x01, 0xe9, 0xff, 0xe7, 0x02, 0xe7, 0xfd, 0xe5, 0x02, 0xe5, 0xff, 0xe4,
  0x01, 0xe4, 0x00, 0xe3, 0xff, 0xe1, 0x01, 0xe2, 0xff, 0xe0, 0x01, 0xe0,
  0x00, 0xe0, 0xff, 0xde, 0x01, 0xdf, 0x00, 0xdf, 0xff, 0xdd, 0x02, 0xde,
  0xfd, 0xdd, 0x03, 0xdd, 0xfe, 0xdc, 0x01, 0xdd, 0x00, 0xdd, 0xff, 0xdb,
  0x01, 0xdc, 0xff, 0xdb, 0x01, 0xdc, 0xfe, 0xdb, 0x03, 0xdc, 0xfe, 0xdb,
  0x00, 0xdc, 0x01, 0xdc, 0xfe, 0xdb, 0x02, 0xdc, 0xff, 0xdb, 0x01, 0xdc,
  0xff, 0xdc, 0x00, 0xdd, 0x01, 0xdd, 0xff, 0xdc, 0x01, 0xdd, 0xfe, 0xdc,
  0x02, 0xde, 0xfe, 0xdd, 0x02, 0xde, 0x00, 0xde, 0xfd, 0xde, 0x03, 0xdf,
  0xfe, 0xde, 0x02, 0xdf, 0xfe, 0xdf, 0x02, 0xe0, 0xfd, 0xdf, 0x04, 0xe1,
  0xfd, 0xe0, 0x01, 0xe1, 0x00, 0xe1, 0x00, 0xe2, 0x00, 0xe2, 0x01, 0xe3,
  0xfe, 0xe2, 0x02, 0xe3, 0xfe, 0xe2, 0x01, 0xe4, 0x01, 0xe4, 0xfe, 0xe3,
  0x02, 0xe4, 0xff, 0xe4, 0x00, 0xe5, 0x00, 0xe5, 0x00, 0xe6, 0x00, 0xe6,
  0x00, 0xe6, 0x01, 0xe6, 0xfe, 0xe6, 0x02, 0xe7, 0xff, 0xe7, 0x00, 0xe8,
  0x01, 0xe9, 0xfe, 0xe8, 0x02, 0xe9, 0x00, 0xea, 0xff, 0xea, 0x01, 0xeb,
  0xfe, 0xeb, 0x02, 0xec, 0xff, 0xec, 0x01, 0xee, 0xff, 0xee, 0x00, 0xf0,
  0x00, 0xf0, 0x01, 0xf1, 0xfe, 0xf1, 0x03, 0xf3, 0xfd, 0xf3, 0x01, 0xf5,
  0x02, 0xf6, 0xfc, 0xf6, 0x05, 0xf8, 0xfc, 0xf8, 0x01, 0xfa, 0x01, 0xfb,
  0xff, 0xfb, 0x01, 0xfe, 0x00, 0xff, 0xfe, 0xff, 0x03, 0x01, 0xfd, 0x02,
  0x04, 0x04, 0xfc, 0x04, 0x02, 0x07, 0xff, 0x07, 0x00, 0x09, 0x02, 0x0a,
  0xfd, 0x0a, 0x03, 0x0c, 0xfc, 0x0d, 0x04, 0x0f, 0xfe, 0x0f, 0x01, 0x11,
  0xff, 0x11, 0x01, 0x13, 0xfe, 0x13, 0x03, 0x15, 0xfe, 0x15, 0x00, 0x17,
  0x01, 0x18, 0xff, 0x18, 0x00, 0x19, 0x01, 0x1a, 0xff, 0x1a, 0x01, 0x1c,
  0xff, 0x1b, 0x00, 0x1d, 0x01, 0x1d, 0xff, 0x1d, 0x01, 0x1e, 0xff, 0x1e,
  0x00, 0x1f, 0x01, 0x20, 0xff, 0x1f, 0x00, 0x20, 0x01, 0x20, 0xff, 0x20,
  0x00, 0x21, 0x01, 0x21, 0xfe, 0x20, 0x03, 0x22, 0xfe, 0x21, 0x00, 0x22,
  0x01, 0x22, 0xfe, 0x21, 0x03, 0x22, 0xfd, 0x21, 0x03, 0x22, 0xfd, 0x21,
  0x02, 0x22, 0xff, 0x21, 0x01, 0x22, 0xff, 0x21, 0x01, 0x22, 0xff, 0x20,
  0x00, 0x21, 0x02, 0x21, 0xfd, 0x20, 0x03, 0x21, 0xfe, 0x20, 0x01, 0x20,
  0xff, 0x1f, 0x02, 0x20, 0xfd, 0x1f, 0x03, 0x1f, 0xfe, 0x1e, 0x01, 0x1f,
  0x00, 0x1f, 0xff, 0x1e, 0x01, 0x1e, 0xff, 0x1d, 0x02, 0x1e, 0xfd, 0x1c,
  0x02, 0x1d, 0x00, 0x1d, 0xff, 0x1c, 0x02, 0x1c, 0xfd, 0x1b, 0x02, 0x1c,
  0x00, 0x1b, 0x00, 0x1b, 0xff, 0x19, 0x01, 0x1a, 0xff, 0x19, 0x02, 0x19,
  0xfe, 0x18, 0x01, 0x18, 0x00, 0x18, 0xff, 0x17, 0x01, 0x17, 0xff, 0x15,
  0x01, 0x16, 0x01, 0x15, 0xfd, 0x13, 0x02, 0x14, 0xfe, 0x12, 0x03, 0x13,
  0xff, 0x11, 0xff, 0x10, 0x00, 0x10, 0x00, 0x0f, 0x02, 0x0e, 0xfe, 0x0c,
  0x01, 0x0c, 0xff, 0x0a, 0x01, 0x0a, 0xff, 0x08, 0x02, 0x08, 0xfd, 0x06,
  0x03, 0x06, 0xfe, 0x04, 0x01, 0x04, 0xff, 0x01, 0x01, 0x01, 0x00, 0x00,
  0xff, 0xfe, 0x01, 0xfd, 0xff, 0xfb, 0x01, 0xfb, 0x00, 0xfa, 0x00, 0xf9,
  0xff, 0xf6, 0x01, 0xf6, 0xff, 0xf4, 0x02, 0xf4, 0xfe, 0xf1, 0x02, 0xf1,
  0xfe, 0xef, 0x01, 0xef, 0x01, 0xee, 0xfd, 0xec, 0x04, 0xec, 0xfc, 0xea,
  0x04, 0xea, 0xfd, 0xe8, 0x01, 0xe8, 0x00, 0xe7, 0xff, 0xe5, 0x02, 0xe5,
  0xfe, 0xe3, 0x01, 0xe4, 0x00, 0xe3, 0xff, 0xe2, 0x02, 0xe2, 0xfe, 0xe0,
  0x02, 0xe1, 0xfe, 0xdf, 0x02, 0xe0, 0xfe, 0xde, 0x02, 0xdf, 0xff, 0xde,
  0x00, 0xde, 0x01, 0xde, 0xfe, 0xdd, 0x02, 0xde, 0xfe, 0xdd, 0x02, 0xde,
  0xff, 0xdc, 0x00, 0xdd, 0x01, 0xdd, 0xfe, 0xdc, 0x02, 0xdd, 0xfe, 0xdc,
  0x02, 0xdd, 0xff, 0xdc, 0xff, 0xdc, 0x02, 0xdd, 0xfd, 0xdc, 0x04, 0xde,
  0xfc, 0xdd, 0x03, 0xde, 0xfe, 0xdd, 0x01, 0xde, 0x00, 0xde, 0xff, 0xdd,
  0x01, 0xdf, 0x01, 0xdf, 0xfe, 0xde, 0x02, 0xe0, 0xfe, 0xdf, 0x01, 0xe0,
  0x00, 0xe0, 0x00, 0xe1, 0x00, 0xe1, 0x00, 0xe1, 0x00, 0xe1, 0x00, 0xe1,
  0x00, 0xe2, 0xff, 0xe1, 0x02, 0xe2, 0xfd, 0xe1, 0x03, 0xe3, 0xff, 0xe2,
  0xff, 0xe2, 0x01, 0xe3, 0xff, 0xe3, 0x01, 0xe4, 0x00, 0xe4, 0xff, 0xe4,
  0x02, 0xe5, 0xfd, 0xe4, 0x03, 0xe6, 0xfd, 0xe5, 0x03, 0xe6, 0xfe, 0xe6,
  0x01, 0xe7, 0x00, 0xe8, 0xff, 0xe7, 0x01, 0xe9, 0x00, 0xe9, 0x00, 0xea,
  0x00, 0xea, 0xff, 0xea, 0x02, 0xec, 0xfe, 0xeb, 0x02, 0xed, 0xfe, 0xed,
  0x01, 0xee, 0xff, 0xee, 0x02, 0xf0, 0xfe, 0xf0, 0x01, 0xf2, 0x00, 0xf3,
  0xff, 0xf3, 0x01, 0xf5, 0x01, 0xf6, 0xfd, 0xf6, 0x04, 0xf8, 0xfb, 0xf8,
  0x05, 0xfa, 0xfd, 0xfa, 0x02, 0xfc, 0xfe, 0xfd, 0x01, 0xff, 0x00, 0x00,
  0x00, 0x01, 0x00, 0x02, 0x00, 0x04, 0x00, 0x05, 0xff, 0x05, 0x02, 0x07,
  0xfd, 0x08, 0x04, 0x0a, 0xfd, 0x0a, 0x01, 0x0c, 0x00, 0x0d, 0x00, 0x0e,
  0xff, 0x0f, 0x02, 0x11, 0xfe, 0x11, 0x02, 0x13, 0xfe, 0x13, 0x01, 0x15,
  0x00, 0x16, 0x00, 0x17, 0x00, 0x18, 0xff, 0x17, 0x01, 0x19, 0x01, 0x1a,
  0xfe, 0x1a, 0x02, 0x1b, 0xfd, 0x1b, 0x03, 0x1d, 0xfe, 0x1c, 0x02, 0x1e,
  0xfe, 0x1d, 0x02, 0x1f, 0xfe, 0x1e, 0x02, 0x20, 0xfe, 0x1f, 0x03, 0x20,
  0xfd, 0x20, 0x02, 0x21, 0xff, 0x20, 0x00, 0x21, 0x01, 0x22, 0xff, 0x21,
  0x00, 0x22, 0x01, 0x22, 0xfe, 0x21, 0x02, 0x22, 0xff, 0x22, 0xff, 0x22,
  0x03, 0x23, 0xfc, 0x22, 0x04, 0x23, 0xfc, 0x22, 0x03, 0x23, 0xfe, 0x21,
  0x02, 0x22, 0xfe, 0x21, 0x01, 0x22, 0xff, 0x21, 0x01, 0x22, 0xff, 0x21,
  0x02, 0x22, 0xfd, 0x20, 0x03, 0x21, 0xfd, 0x20, 0x03, 0x21, 0xfe, 0x1f,
  0x01, 0x20, 0x00, 0x20, 0xff, 0x1f, 0x02, 0x1f, 0xfe, 0x1e, 0x02, 0x1f,
  0xfe, 0x1e, 0x02, 0x1e, 0xfe, 0x1d, 0x02, 0x1e, 0xfe, 0x1c, 0x02, 0x1d,
  0xfd, 0x1c, 0x04, 0x1d, 0xfd, 0x1b, 0x02, 0x1c, 0xff, 0x1b, 0xfe, 0x1a,
  0x04, 0x1b, 0xfd, 0x1a, 0x03, 0x1a, 0xfd, 0x19, 0x02, 0x19, 0xfe, 0x18,
  0x03, 0x19, 0xfd, 0x17, 0x03, 0x18, 0xfe, 0x16, 0x00, 0x17, 0x01, 0x16,
  0xfe, 0x15, 0x03, 0x15, 0xfe, 0x13, 0x00, 0x14, 0x02, 0x13, 0xfd, 0x11,
  0x03, 0x11, 0xfd, 0x10, 0x02, 0x10, 0x00, 0x0f, 0x00, 0x0e, 0x00, 0x0d,
  0xff, 0x0b, 0x01, 0x0b, 0x00, 0x0a, 0x00, 0x09, 0x00, 0x08, 0x00, 0x07,
  0x00, 0x06, 0x00, 0x05, 0x01, 0x03, 0xfe, 0x01, 0x02, 0x01, 0xff, 0xff,
  0x00, 0xfe, 0x01, 0xfd, 0xff, 0xfb, 0x00, 0xfb, 0x00, 0xf9, 0x00, 0xf8,
  0x00, 0xf7, 0x01, 0xf6, 0xfe, 0xf3, 0x02, 0xf3, 0xfe, 0xf1, 0x02, 0xf1,
  0xfe, 0xef, 0x01, 0xef, 0x00, 0xed, 0x00, 0xec, 0x01, 0xeb, 0xfd, 0xe9,
  0x04, 0xe9, 0xfc, 0xe7, 0x03, 0xe7, 0xff, 0xe6, 0x00, 0xe6, 0x00, 0xe5,
  0x00, 0xe4, 0x00, 0xe4, 0x00, 0xe3, 0x01, 0xe2, 0xff, 0xe1, 0x00, 0xe1,
  0x00, 0xe1, 0x00, 0xe0, 0x00, 0xe0, 0x00, 0xdf, 0x01, 0xdf, 0xfe, 0xdd,
  0x02, 0xde, 0xfe, 0xdd, 0x01, 0xde, 0x00, 0xde, 0x00, 0xdd, 0xff, 0xdc,
  0x01, 0xdd, 0x00, 0xdd, 0x00, 0xdd, 0x00, 0xdd, 0xff, 0xdc, 0x01, 0xdd,
  0x00, 0xdd, 0x00, 0xdd, 0x01, 0xdd, 0xfe, 0xdc, 0x01, 0xdd, 0x00, 0xde,
  0x00, 0xde, 0x00, 0xde, 0x01, 0xde, 0xfe, 0xdd, 0x02, 0xde, 0xfe, 0xde,
  0x02, 0xdf, 0xfe, 0xde, 0x03, 0xdf, 0xfd, 0xde, 0x02, 0xe0, 0xff, 0xdf,
  0x00, 0xe0, 0x01, 0xe1, 0xff, 0xe0, 0x01, 0xe1, 0xff, 0xe0, 0x01, 0xe1,
  0xff, 0xe1, 0x01, 0xe2, 0xff, 0xe2, 0x01, 0xe3, 0xfe, 0xe2, 0x03, 0xe3,
  0xfd, 0xe3, 0x03, 0xe4, 0xfc, 0xe3, 0x04, 0xe5, 0xfd, 0xe4, 0x02, 0xe5,
  0xff, 0xe5, 0x00, 0xe6, 0x01, 0xe7, 0xfe, 0xe6, 0x02, 0xe8, 0xff, 0xe7,
  0x00, 0xe8, 0x01, 0xe9, 0xfe, 0xe8, 0x03, 0xea, 0xfc, 0xea, 0x04, 0xec,
  0xfc, 0xeb, 0x04, 0xed, 0xfe, 0xed, 0x00, 0xee, 0x00, 0xef, 0x00, 0xf0,
  0x00, 0xf1, 0x01, 0xf2, 0xfe, 0xf2, 0x02, 0xf4, 0xff, 0xf4, 0x00, 0xf6,
  0x00, 0xf7, 0x01, 0xf8, 0xfe, 0xf8, 0x02, 0xfa, 0xff, 0xfa, 0x00, 0xfd,
  0x01, 0xfe, 0xff, 0xfe, 0x00, 0x00, 0x00, 0x01, 0x01, 0x02, 0xfe, 0x03,
  0x03, 0x05, 0xfc, 0x05, 0x04, 0x07, 0xfd, 0x08, 0x02, 0x0a, 0xff, 0x0a,
  0x00, 0x0c, 0xff, 0x0c, 0x02, 0x0e, 0xfe, 0x0e, 0x03, 0x11, 0xfd, 0x11,
  0x01, 0x13, 0x00, 0x14, 0x00, 0x15, 0x01, 0x16, 0xff, 0x15, 0x00, 0x17,
  0x01, 0x18, 0xff, 0x18, 0x00, 0x1a, 0x00, 0x1b, 0x00, 0x1b, 0x01, 0x1c,
  0xff, 0x1b, 0x00, 0x1d, 0x00, 0x1e, 0xff, 0x1d, 0x02, 0x1e, 0xff, 0x1e,
  0x00, 0x1f, 0x00, 0x20, 0x00, 0x20, 0xff, 0x1f, 0x02, 0x21, 0xff, 0x20,
  0x00, 0x21, 0x00, 0x21, 0x00, 0x22, 0x00, 0x22, 0x00, 0x22, 0x01, 0x22,
  0xfe, 0x21, 0x03, 0x22, 0xfd, 0x21, 0x02, 0x22, 0x00, 0x22, 0xfe, 0x21,
  0x04, 0x22, 0xfb, 0x21, 0x04, 0x22, 0xfe, 0x21, 0x00, 0x22, 0x01, 0x22,
  0xff, 0x21, 0x00, 0x22, 0x01, 0x22, 0xfe, 0x20, 0x02, 0x21, 0xff, 0x20,
  0x00, 0x21, 0x01, 0x20, 0xfe, 0x1f, 0x03, 0x20, 0xfd, 0x1f, 0x02, 0x1f,
  0xff, 0x1e, 0x00, 0x1f, 0x01, 0x1f, 0xff, 0x1e, 0x00, 0x1e, 0x01, 0x1e,
  0xff, 0x1d, 0x00, 0x1d, 0x01, 0x1d, 0xfe, 0x1c, 0x03, 0x1d, 0xfd, 0x1c,
  0x02, 0x1c, 0xff, 0x1b, 0x01, 0x1c, 0xff, 0x1a, 0x01, 0x1b, 0xfe, 0x1a,
  0x03, 0x1a, 0xfd, 0x19, 0x02, 0x1a, 0xff, 0x19, 0x00, 0x19, 0x01, 0x19,
  0xff, 0x17, 0xff, 0x17, 0x02, 0x17, 0xfe, 0x16, 0x03, 0x16, 0xfd, 0x15,
  0x02, 0x15, 0xfe, 0x14, 0x02, 0x14, 0xff, 0x12, 0x01, 0x12, 0xfe, 0x10,
  0x03, 0x11, 0xfd, 0x0f, 0x02, 0x0f, 0xff, 0x0d, 0x00, 0x0d, 0x01, 0x0c,
  0xff, 0x0a, 0x00, 0x0a, 0x01, 0x09, 0xff, 0x07, 0x01, 0x07, 0xff, 0x05,
  0x00, 0x04, 0x01, 0x03, 0xff, 0x01, 0x01, 0x01, 0xff, 0xfe, 0x00, 0xfe,
  0x01, 0xfd, 0xfe, 0xfb, 0x03, 0xfa, 0xfd, 0xf8, 0x03, 0xf8, 0xfd, 0xf6,
  0x02, 0xf5, 0xfe, 0xf3, 0x03, 0xf3, 0xfe, 0xf1, 0x00, 0xf0, 0x00, 0xef,
  0x00, 0xee, 0x00, 0xed, 0x00, 0xec, 0x01, 0xeb, 0xfe, 0xe9, 0x02, 0xe9,
  0xff, 0xe7, 0xff, 0xe6, 0x02, 0xe6, 0xff, 0xe4, 0x00, 0xe5, 0x02, 0xe4,
  0xfd, 0xe2, 0x02, 0xe2, 0xff, 0xe1, 0x01, 0xe1, 0xff, 0xe0, 0x02, 0xe0,
  0xfd, 0xdf, 0x03, 0xdf, 0xfd, 0xde, 0x02, 0xde, 0x00, 0xde, 0xff, 0xdd,
  0x01, 0xde, 0xff, 0xdc, 0x01, 0xdd, 0x00, 0xdc, 0xff, 0xdb, 0x02, 0xdc,
  0xfd, 0xdb, 0x04, 0xdc, 0xfc, 0xdb, 0x04, 0xdc, 0xfc, 0xdb, 0x03, 0xdc,
  0xff, 0xdb, 0xff, 0xdb, 0x02, 0xdc, 0xff, 0xdb, 0xff, 0xdb, 0x03, 0xdc,
  0xfc, 0xdc, 0x04, 0xdd, 0xfc, 0xdc, 0x04, 0xdd, 0xfc, 0xdc, 0x05, 0xde,
  0xfb, 0xdd, 0x04, 0xde, 0xfc, 0xdd, 0x04, 0xdf, 0xfe, 0xde, 0x00, 0xdf,
  0x02, 0xdf, 0xfc, 0xdf, 0x04, 0xe0, 0xfe, 0xdf, 0x00, 0xe1, 0x01, 0xe1,
  0xff, 0xe0, 0x00, 0xe1, 0x01, 0xe1, 0xfe, 0xe1, 0x03, 0xe2, 0xfd, 0xe1,
  0x02, 0xe3, 0xff, 0xe2, 0x01, 0xe3, 0xff, 0xe2, 0x01, 0xe4, 0xff, 0xe3,
  0x01, 0xe4, 0x00, 0xe4, 0xff, 0xe4, 0x00, 0xe5, 0x02, 0xe5, 0xfd, 0xe4,
  0x04, 0xe6, 0xfb, 0xe5, 0x04, 0xe6, 0xfd, 0xe6, 0x03, 0xe7, 0xfd, 0xe6,
  0x02, 0xe8, 0xff, 0xe7, 0x01, 0xe9, 0xff, 0xe8, 0x00, 0xea, 0x01, 0xea,
  0xfe, 0xea, 0x03, 0xeb, 0xfd, 0xeb, 0x02, 0xed, 0xff, 0xed, 0x00, 0xee,
  0x00, 0xef, 0x01, 0xf0, 0xfe, 0xf0, 0x02, 0xf2, 0xff, 0xf2, 0x00, 0xf4,
  0x00, 0xf5, 0x00, 0xf6, 0x00, 0xf7, 0x00, 0xf8, 0x00, 0xf9, 0x00, 0xfa,
  0x00, 0xfb, 0x00, 0xfc, 0x00, 0xfd, 0x00, 0xfe, 0x00, 0x00, 0x00, 0x01,
  0x00, 0x02, 0x00, 0x04, 0x00, 0x05, 0x00, 0x07, 0x00, 0x08, 0x00, 0x09,
  0x01, 0x0a, 0xfe, 0x0a, 0x02, 0x0d, 0xff, 0x0d, 0x00, 0x0f, 0x01, 0x10,
  0xff, 0x10, 0x00, 0x13, 0x01, 0x14, 0xfe, 0x14, 0x03, 0x16, 0xfe, 0x16,
  0xff, 0x17, 0x02, 0x18, 0xff, 0x18, 0x00, 0x1a, 0x01, 0x1b, 0xfe, 0x1b,
  0x02, 0x1c, 0xfe, 0x1c, 0x02, 0x1e, 0xfe, 0x1d, 0x02, 0x1e, 0xff, 0x1e,
  0x00, 0x1f, 0x00, 0x20, 0x00, 0x20, 0x00, 0x20, 0x00, 0x21, 0x00, 0x21,
  0x00, 0x21, 0x00, 0x21, 0x01, 0x21, 0xfe, 0x21, 0x01, 0x22, 0xff, 0x21,
  0x02, 0x22, 0xfe, 0x21, 0x02, 0x22, 0xfe, 0x21, 0x00, 0x22, 0x02, 0x22,
  0xfe, 0x21, 0x02, 0x22, 0xfe, 0x21, 0x01, 0x22, 0x00, 0x22, 0x00, 0x21,
  0x00, 0x21, 0x00, 0x21, 0xff, 0x20, 0x02, 0x21, 0xff, 0x1f, 0xff, 0x1f,
  0x03, 0x20, 0xfb, 0x1f, 0x05, 0x20, 0xfd, 0x1f, 0x02, 0x1f, 0xfe, 0x1e,
  0x02, 0x1f, 0xfe, 0x1d, 0x01, 0x1e, 0x01, 0x1e, 0xfe, 0x1c, 0x03, 0x1d,
  0xfc, 0x1c, 0x03, 0x1c, 0xfe, 0x1b, 0x03, 0x1c, 0xfd, 0x1a, 0x03, 0x1b,
  0xfc, 0x1a, 0x04, 0x1a, 0xfd, 0x19, 0x02, 0x19, 0x00, 0x19, 0xff, 0x17,
  0x01, 0x18, 0xff, 0x16, 0x00, 0x17, 0x01, 0x16, 0xff, 0x15, 0x01, 0x15,
  0xff, 0x13, 0x00, 0x14, 0x01, 0x13, 0xff, 0x11, 0x00, 0x11, 0x01, 0x10,
  0xfe, 0x0f, 0x03, 0x0f, 0xfd, 0x0d, 0x02, 0x0d, 0xff, 0x0b, 0x00, 0x0b,
  0x01, 0x0a, 0xfe, 0x08, 0x03, 0x07, 0xfe, 0x05, 0x00, 0x05, 0x01, 0x04,
  0xff, 0x02, 0x00, 0x02, 0x02, 0x00, 0xfd, 0xfe, 0x03, 0xfe, 0xfd, 0xfc,
  0x02, 0xfb, 0x00, 0xfa, 0xfe, 0xf8, 0x04, 0xf7, 0xfb, 0xf5, 0x04, 0xf5,
  0xfe, 0xf3, 0x00, 0xf3, 0x01, 0xf1, 0x00, 0xf0, 0xff, 0xee, 0x00, 0xee,
  0x01, 0xed, 0xfe, 0xeb, 0x04, 0xeb, 0xfc, 0xe9, 0x02, 0xe9, 0x00, 0xe8,
  0xfe, 0xe6, 0x04, 0xe6, 0xfb, 0xe5, 0x05, 0xe5, 0xfc, 0xe3, 0x03, 0xe3,
  0xfd, 0xe2, 0x03, 0xe2, 0xfd, 0xe1, 0x02, 0xe1, 0xff, 0xe0, 0x00, 0xe0,
  0x01, 0xe0, 0xff, 0xde, 0xff, 0xde, 0x02, 0xdf, 0xfe, 0xdd, 0x02, 0xde,
  0xff, 0xdd, 0x00, 0xdd, 0x00, 0xdd, 0x00, 0xdd, 0x00, 0xdd, 0x00, 0xdd,
  0x01, 0xdd, 0xfe, 0xdc, 0x02, 0xdd, 0xfe, 0xdc, 0x02, 0xdd, 0xff, 0xdc,
  0xff, 0xdd, 0x02, 0xde, 0xfe, 0xdd, 0x02, 0xde, 0xff, 0xdd, 0xff, 0xdd,
  0x02, 0xde, 0xfe, 0xde, 0x02, 0xdf, 0xfe, 0xde, 0x01, 0xdf, 0x01, 0xe0,
  0xfe, 0xdf, 0x02, 0xe0, 0xfe, 0xdf, 0x01, 0xe1, 0x01, 0xe1, 0xfe, 0xe0,
  0x02, 0xe1, 0xfe, 0xe0, 0x02, 0xe2, 0xfd, 0xe1, 0x04, 0xe2, 0xfc, 0xe2,
  0x03, 0xe3, 0xfe, 0xe2, 0x01, 0xe3, 0x00, 0xe3, 0x00, 0xe4, 0xff, 0xe3,
  0x02, 0xe4, 0xfe, 0xe3, 0x02, 0xe5, 0xfe, 0xe4, 0x01, 0xe5, 0x00, 0xe6,
  0xff, 0xe5, 0x02, 0xe6, 0xfe, 0xe6, 0x01, 0xe7, 0x00, 0xe8, 0xfe, 0xe7,
  0x04, 0xe9, 0xfb, 0xe8, 0x06, 0xea, 0xfa, 0xe9, 0x05, 0xeb, 0xfc, 0xeb,
  0x03, 0xec, 0xff, 0xec, 0x00, 0xee, 0x00, 0xef, 0x00, 0xf0, 0x00, 0xf1,
  0x00, 0xf1, 0x00, 0xf2, 0x00, 0xf3, 0xff, 0xf3, 0x02, 0xf5, 0xfd, 0xf6,
  0x04, 0xf8, 0xfb, 0xf8, 0x05, 0xfa, 0xfb, 0xfa, 0x05, 0xfc, 0xfc, 0xfc,
  0x03, 0xfe, 0xfe, 0xfe, 0x01, 0x01, 0xff, 0x01, 0x02, 0x03, 0xfd, 0x04,
  0x04, 0x06, 0xfd, 0x06, 0x01, 0x08, 0x00, 0x09, 0x00, 0x0a, 0xff, 0x0b,
  0x03, 0x0d, 0xfd, 0x0d, 0x01, 0x0f, 0x01, 0x10, 0xfe, 0x10, 0x02, 0x12,
  0xff, 0x12, 0x00, 0x14, 0x00, 0x15, 0x00, 0x16, 0x01, 0x17, 0xff, 0x17,
  0x00, 0x19, 0x00, 0x1a, 0x00, 0x1a, 0x00, 0x1b, 0x01, 0x1c, 0xfe, 0x1c,
  0x01, 0x1d, 0x00, 0x1d, 0x01, 0x1e, 0xfe, 0x1d, 0x03, 0x1f, 0xfc, 0x1e,
  0x04, 0x20, 0xfd, 0x1f, 0x02, 0x20, 0x00, 0x21, 0xfe, 0x20, 0x02, 0x21,
  0xfe, 0x21, 0x03, 0x22, 0xfc, 0x21, 0x04, 0x22, 0xfc, 0x21, 0x03, 0x23,
  0xff, 0x22, 0x00, 0x23, 0x00, 0x23, 0x00, 0x23, 0xff, 0x22, 0x02, 0x23,
  0xfe, 0x22, 0x03, 0x23, 0xfd, 0x22, 0x02, 0x23, 0xfe, 0x22, 0x02, 0x23,
  0xff, 0x21, 0x01, 0x22, 0xff, 0x21, 0x00, 0x22, 0x01, 0x22, 0xff, 0x21,
  0x00, 0x21, 0x01, 0x21, 0xfe, 0x20, 0x03, 0x21, 0xfd, 0x20, 0x02, 0x20,
  0xff, 0x1f, 0x00, 0x20, 0x00, 0x1f, 0x01, 0x1f, 0xfe, 0x1e, 0x03, 0x1f,
  0xfc, 0x1d, 0x03, 0x1e, 0xff, 0x1d, 0xff, 0x1c, 0x02, 0x1d, 0xff, 0x1c,
  0xff, 0x1c, 0x02, 0x1c, 0xfd, 0x1b, 0x04, 0x1c, 0xfc, 0x1b, 0x04, 0x1b,
  0xfb, 0x1a, 0x05, 0x1b, 0xfd, 0x1a, 0x01, 0x1a, 0x00, 0x1a, 0xff, 0x18,
  0x02, 0x19, 0xff, 0x18, 0x00, 0x18, 0x00, 0x18, 0x00, 0x17, 0x01, 0x17,
  0xff, 0x15, 0x00, 0x16, 0x01, 0x15, 0xff, 0x14, 0x01, 0x14, 0xff, 0x12,
  0x00, 0x12, 0x01, 0x12, 0xff, 0x10, 0x01, 0x10, 0xff, 0x0e, 0x01, 0x0e,
  0xff, 0x0c, 0x00, 0x0c, 0x00, 0x0b, 0x01, 0x0a, 0x00, 0x09, 0xfe, 0x07,
  0x02, 0x07, 0xfe, 0x04, 0x02, 0x04, 0xff, 0x02, 0x00, 0x02, 0x00, 0x01,
  0x00, 0x00, 0x00, 0xfe, 0xff, 0xfc, 0x01, 0xfc, 0x00, 0xfb, 0xff, 0xf8,
  0x02, 0xf8, 0xfd, 0xf5, 0x03, 0xf5, 0xfd, 0xf3, 0x03, 0xf3, 0xff, 0xf1,
  0xfe, 0xf0, 0x04, 0xf0, 0xfc, 0xed, 0x03, 0xed, 0xff, 0xeb, 0xff, 0xea,
  0x01, 0xea, 0x00, 0xe9, 0x00, 0xe9, 0x00, 0xe7, 0xff, 0xe5, 0x01, 0xe5,
  0xff, 0xe3, 0x01, 0xe4, 0x00, 0xe3, 0xff, 0xe1, 0x01, 0xe1, 0xff, 0xe0,
  0x00, 0xe0, 0x02, 0xe0, 0xfe, 0xdf, 0x02, 0xdf, 0xfd, 0xde, 0x02, 0xde,
  0xff, 0xdd, 0x02, 0xde, 0xfd, 0xdc, 0x03, 0xdd, 0xfc, 0xdc, 0x04, 0xdd,
  0xfd, 0xdc, 0x02, 0xdc, 0xff, 0xdb, 0x01, 0xdc, 0xfe, 0xdb, 0x02, 0xdc,
  0xff, 0xdb, 0x01, 0xdc, 0xff, 0xdb, 0x01, 0xdc, 0xfe, 0xdb, 0x03, 0xdc,
  0xfe, 0xdb, 0x01, 0xdc, 0xff, 0xdb, 0x01, 0xdd, 0x00, 0xdd, 0x00, 0xdd,
  0x00, 0xdd, 0xff, 0xdd, 0x02, 0xde, 0xfe, 0xdd, 0x02, 0xde, 0xff, 0xdd,
  0xff, 0xde, 0x02, 0xdf, 0xff, 0xde, 0x00, 0xe0, 0x01, 0xe0, 0xfe, 0xdf,
  0x02, 0xe0, 0xff, 0xe0, 0x00, 0xe1, 0x00, 0xe2, 0x00, 0xe2, 0x00, 0xe2,
  0x01, 0xe2, 0xfe, 0xe1, 0x01, 0xe3, 0x01, 0xe3, 0xfe, 0xe2, 0x02, 0xe4,
  0xff, 0xe3, 0xff, 0xe3, 0x03, 0xe4, 0xfc, 0xe3, 0x03, 0xe5, 0xfe, 0xe4,
  0x02, 0xe5, 0xfe, 0xe4, 0x02, 0xe5, 0xfd, 0xe5, 0x04, 0xe6, 0xfc, 0xe6,
  0x03, 0xe7, 0xfe, 0xe7, 0x01, 0xe8, 0x00, 0xe8, 0xff, 0xe8, 0x01, 0xea,
  0xff, 0xe9, 0x01, 0xeb, 0xff, 0xea, 0x01, 0xec, 0xff, 0xec, 0x02, 0xee,
  0xfe, 0xee, 0x01, 0xef, 0x00, 0xf0, 0xff, 0xf0, 0x02, 0xf2, 0xfe, 0xf2,
  0x02, 0xf4, 0xfe, 0xf4, 0x02, 0xf7, 0xfd, 0xf7, 0x04, 0xf9, 0xfc, 0xf9,
  0x04, 0xfb, 0xfd, 0xfc, 0x01, 0xfe, 0x01, 0xff, 0xfe, 0x00, 0x01, 0x02,
  0x00, 0x03, 0x01, 0x04, 0xfe, 0x04, 0x01, 0x07, 0xff, 0x07, 0x01, 0x0a,
  0x00, 0x0b, 0x00, 0x0c, 0xff, 0x0c, 0x01, 0x0e, 0xff, 0x0e, 0x02, 0x11,
  0xfe, 0x11, 0x02, 0x13, 0xfe, 0x13, 0x02, 0x15, 0xfe, 0x15, 0x02, 0x17,
  0xff, 0x17, 0xff, 0x17, 0x03, 0x19, 0xfd, 0x19, 0x02, 0x1b, 0xfe, 0x1a,
  0x01, 0x1c, 0xff, 0x1c, 0x02, 0x1d, 0xfe, 0x1d, 0x01, 0x1e, 0xff, 0x1e,
  0x01, 0x1f, 0xff, 0x1f, 0x01, 0x20, 0xff, 0x1f, 0x00, 0x20, 0x01, 0x21,
  0xff, 0x20, 0x00, 0x21, 0x01, 0x21, 0xfe, 0x20, 0x02, 0x21, 0xff, 0x20,
  0x00, 0x22, 0x00, 0x22, 0x00, 0x22, 0x01, 0x22, 0xfe, 0x21, 0x03, 0x22,
  0xfc, 0x21, 0x04, 0x21, 0xfd, 0x20, 0x02, 0x21, 0xff, 0x20, 0x00, 0x21,
  0x01, 0x21, 0xfe, 0x20, 0x01, 0x21, 0x01, 0x20, 0xfe, 0x1f, 0x02, 0x20,
  0xfe, 0x1f, 0x02, 0x20, 0xfe, 0x1e, 0x02, 0x1f, 0xfe, 0x1e, 0x01, 0x1f,
  0x01, 0x1f, 0xff, 0x1d, 0xff, 0x1d, 0x02, 0x1e, 0xfe, 0x1c, 0x02, 0x1d,
  0xff, 0x1c, 0xff, 0x1b, 0x02, 0x1c, 0xfe, 0x1b, 0x02, 0x1b, 0xfe, 0x1a,
  0x01, 0x1a, 0x01, 0x1a, 0xfe, 0x19, 0x01, 0x19, 0x00, 0x19, 0x00, 0x18,
  0x00, 0x18, 0x00, 0x17, 0xff, 0x15, 0x01, 0x16, 0x01, 0x15, 0xfd, 0x14,
  0x03, 0x14, 0xfe, 0x12, 0x02, 0x13, 0xff, 0x11, 0xff, 0x10, 0x02, 0x10,
  0xfe, 0x0e, 0x02, 0x0e, 0xff, 0x0c, 0x00, 0x0c, 0x01, 0x0b, 0xff, 0x09,
  0x00, 0x09, 0x01, 0x08, 0xff, 0x06, 0x01, 0x05, 0xff, 0x03, 0x00, 0x03,
  0x01, 0x02, 0xfe, 0xff, 0x02, 0xff, 0xfe, 0xfd, 0x01, 0xfc, 0x00, 0xfb,
  0xff, 0xf9, 0x01, 0xf9, 0x00, 0xf8, 0xfe, 0xf5, 0x03, 0xf5, 0xfd, 0xf3,
  0x02, 0xf2, 0x00, 0xf1, 0xfe, 0xef, 0x03, 0xef, 0xfd, 0xed, 0x03, 0xed,
  0xfd, 0xea, 0x03, 0xea, 0xfd, 0xe8, 0x02, 0xe8, 0xff, 0xe7, 0x00, 0xe7,
  0x01, 0xe6, 0xfe, 0xe3, 0x02, 0xe4, 0xff, 0xe2, 0x00, 0xe3, 0x00, 0xe2,
  0x00, 0xe1, 0xff, 0xe0, 0x03, 0xe0, 0xfd, 0xdf, 0x02, 0xdf, 0xff, 0xde,
  0xff, 0xde, 0x02, 0xde, 0xff, 0xdd, 0x00, 0xdd, 0x00, 0xdd, 0x00, 0xdd,
  0x00, 0xdd, 0x00, 0xdd, 0x00, 0xdd, 0xff, 0xdb, 0x02, 0xdc, 0xfe, 0xdb,
  0x01, 0xdc, 0x01, 0xdc, 0xfe, 0xdb, 0x01, 0xdd, 0x00, 0xdc, 0x00, 0xdc,
  0x00, 0xdc, 0x00, 0xdd, 0x00, 0xdd, 0x00, 0xdd, 0x00, 0xdd, 0x00, 0xde,
  0x00, 0xde, 0x00, 0xde, 0x00, 0xde, 0x00, 0xde, 0x00, 0xdf, 0x00, 0xdf,
  0x00, 0xdf, 0x00, 0xdf, 0x00, 0xdf, 0x00, 0xe0, 0x00, 0xe0, 0xff, 0xe0,
  0x01, 0xe1, 0xff, 0xe0, 0x01, 0xe1, 0x00, 0xe1, 0xff, 0xe0, 0x00, 0xe2,
  0x00, 0xe2, 0x00, 0xe2, 0x01, 0xe3, 0xff, 0xe2, 0x00, 0xe3, 0x00, 0xe3,
  0x00, 0xe3, 0x01, 0xe4, 0xfe, 0xe3, 0x02, 0xe4, 0xfe, 0xe3, 0x02, 0xe5,
  0xff, 0xe4, 0x00, 0xe5, 0x00, 0xe6, 0x00, 0xe6, 0x00, 0xe7, 0x01, 0xe7,
  0xfe, 0xe6, 0x02, 0xe8, 0xfe, 0xe7, 0x02, 0xe9, 0xfe, 0xe8, 0x02, 0xea,
  0xfe, 0xea, 0x02, 0xeb, 0xfe, 0xeb, 0x01, 0xed, 0x00, 0xee, 0x00, 0xee,
  0x00, 0xef, 0x00, 0xf0, 0x00, 0xf1, 0xff, 0xf1, 0x02, 0xf3, 0xfe, 0xf3,
  0x01, 0xf5, 0x00, 0xf6, 0xff, 0xf6, 0x01, 0xf8, 0x00, 0xf9, 0xff, 0xf9,
  0x01, 0xfb, 0x00, 0xfc, 0xff, 0xfc, 0x02, 0xfe, 0xfd, 0xff, 0x04, 0x01,
  0xfc, 0x01, 0x03, 0x04, 0xff, 0x04, 0xfe, 0x05, 0x03, 0x08, 0xfe, 0x08,
  0x01, 0x0a, 0x01, 0x0b, 0xfe, 0x0c, 0x01, 0x0e, 0x00, 0x0f, 0x00, 0x10,
  0x00, 0x11, 0x01, 0x12, 0xfe, 0x12, 0x02, 0x14, 0xff, 0x14, 0xff, 0x15,
  0x02, 0x17, 0xfe, 0x17, 0x02, 0x19, 0xfe, 0x19, 0x01, 0x1a, 0xff, 0x1a,
  0x01, 0x1c, 0x00, 0x1c, 0x00, 0x1d, 0xff, 0x1d, 0x01, 0x1e, 0xff, 0x1e,
  0x01, 0x1f, 0x00, 0x1f, 0xfe, 0x1f, 0x04, 0x20, 0xfb, 0x20, 0x04, 0x21,
  0xfe, 0x20, 0x00, 0x21, 0x02, 0x22, 0xfd, 0x21, 0x03, 0x22, 0xfd, 0x21,
  0x02, 0x23, 0xff, 0x22, 0x01, 0x23, 0x00, 0x23, 0x00, 0x23, 0xff, 0x22,
  0x01, 0x23, 0x00, 0x23, 0xff, 0x22, 0x02, 0x23, 0xfe, 0x22, 0x01, 0x23,
  0x00, 0x23, 0xff, 0x22, 0x01, 0x23, 0x00, 0x22, 0xff, 0x21, 0x00, 0x22,
  0x01, 0x22, 0xff, 0x21, 0x01, 0x21, 0xff, 0x20, 0x00, 0x21, 0x00, 0x21,
  0x01, 0x20, 0xff, 0x1f, 0x00, 0x20, 0x01, 0x20, 0xfe, 0x1e, 0x02, 0x1f,
  0x00, 0x1f, 0xfe, 0x1d, 0x03, 0x1e, 0xfd, 0x1d, 0x02, 0x1d, 0xff, 0x1c,
  0x00, 0x1d, 0x01, 0x1d, 0xff, 0x1b, 0x00, 0x1c, 0x01, 0x1c, 0xfe, 0x1a,
  0x02, 0x1b, 0xff, 0x1a, 0xff, 0x19, 0x02, 0x1a, 0xfe, 0x18, 0x02, 0x19,
  0xff, 0x18, 0xff, 0x17, 0x02, 0x18, 0xfe, 0x16, 0x01, 0x17, 0x02, 0x16,
  0xfc, 0x15, 0x04, 0x15, 0xfc, 0x13, 0x04, 0x14, 0xfd, 0x12, 0x03, 0x12,
  0xfc, 0x10, 0x04, 0x11, 0xfc, 0x0f, 0x04, 0x0f, 0xfd, 0x0d, 0x01, 0x0d,
  0x01, 0x0c, 0xfe, 0x0a, 0x02, 0x0a, 0xfe, 0x08, 0x01, 0x08, 0x00, 0x07,
  0x00, 0x06, 0x00, 0x05, 0xff, 0x02, 0x02, 0x02, 0xfe, 0x00, 0x02, 0x00,
  0xfe, 0xfe, 0x02, 0xfd, 0xfe, 0xfb, 0x02, 0xfa, 0xfe, 0xf8, 0x03, 0xf8,
  0xfc, 0xf6, 0x04, 0xf6, 0xfd, 0xf3, 0x01, 0xf3, 0x02, 0xf2, 0xfc, 0xf0,
  0x04, 0xf0, 0xfd, 0xee, 0x01, 0xed, 0x01, 0xec, 0xfe, 0xea, 0x03, 0xea,
  0xfd, 0xe8, 0x02, 0xe9, 0xfe, 0xe7, 0x02, 0xe7, 0xff, 0xe5, 0x01, 0xe5,
  0xfe, 0xe3, 0x02, 0xe3, 0xff, 0xe2, 0x01, 0xe2, 0xfe, 0xe1, 0x02, 0xe1,
  0xfe, 0xdf, 0x02, 0xe0, 0xff, 0xde, 0xff, 0xde, 0x02, 0xdf, 0xff, 0xdd,
  0xff, 0xdd, 0x02, 0xde, 0xfe, 0xdc, 0x01, 0xdd, 0x01, 0xdd, 0xfe, 0xdc,
  0x02, 0xdd, 0xff, 0xdc, 0x00, 0xdd, 0x00, 0xdc, 0x01, 0xdc, 0xfe, 0xdb,
  0x02, 0xdd, 0xff, 0xdc, 0x00, 0xdc, 0x01, 0xdc, 0xfe, 0xdc, 0x02, 0xdd,
  0xff, 0xdc, 0x01, 0xdd, 0xff, 0xdc, 0x01, 0xdd, 0xfe, 0xdc, 0x03, 0xde,
  0xfd, 0xdd, 0x03, 0xde, 0xfe, 0xdd, 0x01, 0xdf, 0xff, 0xde, 0x00, 0xdf,
  0x01, 0xdf, 0xff, 0xdf, 0x01, 0xe0, 0x00, 0xe0, 0xfe, 0xe0, 0x03, 0xe1,
  0xfd, 0xe0, 0x02, 0xe1, 0xff, 0xe1, 0x01, 0xe2, 0xff, 0xe1, 0x01, 0xe3,
  0xfe, 0xe2, 0x03, 0xe3, 0xfd, 0xe3, 0x03, 0xe4, 0xfe, 0xe3, 0xff, 0xe4,
  0x03, 0xe5, 0xfc, 0xe4, 0x05, 0xe6, 0xfc, 0xe5, 0x01, 0xe7, 0x01, 0xe7,
  0xfe, 0xe7, 0x02, 0xe8, 0xff, 0xe7, 0x00, 0xe9, 0x00, 0xe9, 0x01, 0xea,
  0xff, 0xea, 0x00, 0xeb, 0x01, 0xec, 0xfe, 0xec, 0x03, 0xed, 0xfd, 0xed,
  0x02, 0xef, 0xff, 0xef, 0x01, 0xf1, 0xff, 0xf0, 0x01, 0xf2, 0xfe, 0xf2,
  0x02, 0xf4, 0xff, 0xf4, 0x01, 0xf6, 0xff, 0xf6, 0x01, 0xf8, 0xfe, 0xf9,
  0x03, 0xfb, 0xfe, 0xfb, 0x00, 0xfd, 0x01, 0xff, 0xfe, 0xff, 0x02, 0x01,
  0x00, 0x02, 0xff, 0x02, 0x00, 0x05, 0x00, 0x06, 0x00, 0x07, 0x01, 0x08,
  0xfe, 0x08, 0x03, 0x0b, 0xfc, 0x0b, 0x04, 0x0d, 0xfd, 0x0d, 0x01, 0x0f,
  0x01, 0x10, 0xfe, 0x10, 0x03, 0x12, 0xfc, 0x13, 0x04, 0x15, 0xfd, 0x15,
  0x02, 0x16, 0xff, 0x16, 0x00, 0x18, 0x00, 0x19, 0x01, 0x1a, 0xfe, 0x19,
  0x02, 0x1b, 0xfe, 0x1b, 0x01, 0x1c, 0x00, 0x1d, 0x00, 0x1d, 0x00, 0x1e,
  0x00, 0x1e, 0x00, 0x1f, 0xff, 0x1e, 0x02, 0x20, 0xfe, 0x1f, 0x02, 0x20,
  0xff, 0x20, 0xff, 0x20, 0x02, 0x21, 0xfe, 0x21, 0x02, 0x22, 0xfe, 0x21,
  0x02, 0x22, 0xfd, 0x21, 0x04, 0x22, 0xfc, 0x21, 0x03, 0x22, 0xff, 0x21,
  0xff, 0x21, 0x01, 0x22, 0x00, 0x22, 0x00, 0x22, 0x00, 0x22, 0x01, 0x22,
  0xfe, 0x21, 0x02, 0x22, 0xfe, 0x21, 0x02, 0x21, 0xff, 0x20, 0x01, 0x21,
  0xfe, 0x20, 0x02, 0x21, 0xfe, 0x1f, 0x02, 0x20, 0xff, 0x1f, 0x00, 0x20,
  0x00, 0x20, 0x00, 0x1f, 0x00, 0x1f, 0x00, 0x1f, 0x00, 0x1e, 0x00, 0x1e,
  0xff, 0x1d, 0x01, 0x1e, 0xff, 0x1d, 0x02, 0x1d, 0xfe, 0x1c, 0x01, 0x1d,
  0xff, 0x1b, 0x01, 0x1c, 0x00, 0x1c, 0xff, 0x1a, 0x02, 0x1b, 0xfe, 0x1a,
  0x02, 0x1b, 0xfe, 0x19, 0x01, 0x1a, 0xff, 0x18, 0x02, 0x19, 0xfe, 0x17,
  0x02, 0x18, 0xfe, 0x16, 0x02, 0x17, 0xfe, 0x15, 0x01, 0x16, 0x01, 0x15,
  0xfe, 0x13, 0x02, 0x14, 0xff, 0x12, 0xff, 0x11, 0x02, 0x11, 0xff, 0x0f,
  0x00, 0x10, 0x01, 0x0e, 0xfe, 0x0c, 0x02, 0x0d, 0xff, 0x0b, 0x00, 0x0b,
  0x01, 0x09, 0xff, 0x07, 0x00, 0x07, 0x02, 0x06, 0xfc, 0x04, 0x04, 0x03,
  0xfe, 0x01, 0x00, 0x01, 0x01, 0x00, 0xfe, 0xfe, 0x02, 0xfd, 0xff, 0xfb,
  0x00, 0xfb, 0x01, 0xf9, 0xfe, 0xf7, 0x03, 0xf7, 0xfc, 0xf4, 0x04, 0xf4,
  0xfd, 0xf2, 0x03, 0xf2, 0xfd, 0xf0, 0x01, 0xef, 0x01, 0xee, 0xfe, 0xec,
  0x03, 0xec, 0xfd, 0xea, 0x02, 0xea, 0xff, 0xe8, 0x00, 0xe8, 0x00, 0xe7,
  0x01, 0xe6, 0xfe, 0xe4, 0x03, 0xe5, 0xfc, 0xe3, 0x04, 0xe3, 0xfd, 0xe2,
  0x01, 0xe2, 0x00, 0xe1, 0x00, 0xe1, 0xff, 0xdf, 0x02, 0xe0, 0xfd, 0xde,
  0x04, 0xdf, 0xfd, 0xdd, 0x01, 0xde, 0x00, 0xde, 0x00, 0xdd, 0x00, 0xdd,
  0x01, 0xdd, 0xfe, 0xdc, 0x02, 0xdd, 0xff, 0xdb, 0x00, 0xdc, 0x00, 0xdc,
  0x00, 0xdc, 0xff, 0xdb, 0x02, 0xdc, 0xfe, 0xdb, 0x01, 0xdc, 0xff, 0xdb,
  0x01, 0xdc, 0xff, 0xdb, 0x01, 0xdc, 0xff, 0xdb, 0x00, 0xdc, 0x00, 0xdc,
  0x01, 0xdd, 0xfe, 0xdc, 0x03, 0xdd, 0xfc, 0xdc, 0x04, 0xdd, 0xfc, 0xdd,
  0x05, 0xde, 0xfa, 0xdd, 0x06, 0xde, 0xfb, 0xde, 0x03, 0xdf, 0xff, 0xde,
  0x00, 0xe0, 0x00, 0xe0, 0x00, 0xe0, 0xff, 0xdf, 0x02, 0xe1, 0xfe, 0xe0,
  0x02, 0xe1, 0xfe, 0xe1, 0x02, 0xe2, 0xfe, 0xe1, 0x02, 0xe3, 0xfe, 0xe2,
  0x01, 0xe3, 0x00, 0xe3, 0x00, 0xe4, 0x00, 0xe4, 0x01, 0xe4, 0xfd, 0xe4,
  0x03, 0xe5, 0xfe, 0xe4, 0x01, 0xe6, 0x01, 0xe6, 0xfe, 0xe5, 0x02, 0xe7,
  0xff, 0xe6, 0xff, 0xe7, 0x02, 0xe8, 0xfe, 0xe8, 0x03, 0xe9, 0xfe, 0xe9,
  0x00, 0xeb, 0x00, 0xeb, 0x00, 0xec, 0x01, 0xed, 0x00, 0xed, 0xff, 0xed,
  0x00, 0xef, 0x01, 0xf0, 0xfe, 0xf0, 0x03, 0xf2, 0xfd, 0xf2, 0x03, 0xf4,
  0xfd, 0xf4, 0x02, 0xf6, 0xff, 0xf6, 0x00, 0xf8, 0x01, 0xf9, 0xff, 0xf9,
  0x01, 0xfb, 0xff, 0xfb, 0x00, 0xfd, 0x01, 0xff, 0xfe, 0xff, 0x04, 0x01,
  0xfb, 0x01, 0x04, 0x04, 0xfd, 0x04, 0x02, 0x06, 0xff, 0x06, 0x00, 0x09,
  0x00, 0x0a, 0x00, 0x0b, 0x01, 0x0c, 0xfe, 0x0c, 0x02, 0x0e, 0xfe, 0x0f,
  0x02, 0x11, 0xfe, 0x11, 0x02, 0x13, 0xfd, 0x13, 0x05, 0x15, 0xfa, 0x15,
  0x05, 0x17, 0xfc, 0x16, 0x03, 0x18, 0xfe, 0x18, 0x02, 0x1a, 0xfd, 0x1a,
  0x03, 0x1b, 0xfe, 0x1b, 0x01, 0x1d, 0x00, 0x1d, 0xff, 0x1d, 0x01, 0x1f,
  0xff, 0x1e, 0x01, 0x1f, 0xff, 0x1f, 0x00, 0x20, 0x01, 0x20, 0xfe, 0x20,
  0x03, 0x21, 0xfd, 0x20, 0x02, 0x21, 0xff, 0x20, 0x00, 0x22, 0x00, 0x22,
  0x01, 0x22, 0xfe, 0x21, 0x03, 0x22, 0xfc, 0x21, 0x04, 0x22, 0xfd, 0x21,
  0x01, 0x22, 0x01, 0x22, 0xfe, 0x21, 0x02, 0x22, 0x00, 0x22, 0xfd, 0x21,
  0x04, 0x22, 0xfd, 0x21, 0x02, 0x21, 0x00, 0x21, 0xfe, 0x20, 0x02, 0x21,
  0xff, 0x20, 0x00, 0x20, 0x01, 0x20, 0xff, 0x1f, 0x00, 0x20, 0x01, 0x20,
  0xff, 0x1e, 0x00, 0x1f, 0x02, 0x1f, 0xfc, 0x1d, 0x05, 0x1e, 0xfb, 0x1d,
  0x04, 0x1d, 0xfd, 0x1c, 0x03, 0x1d, 0xfd, 0x1c, 0x02, 0x1c, 0xff, 0x1b,
  0x01, 0x1c, 0xfe, 0x1a, 0x02, 0x1b, 0xff, 0x19, 0x01, 0x1a, 0xff, 0x18,
  0x00, 0x19, 0x00, 0x18, 0x00, 0x18, 0x01, 0x17, 0xfe, 0x16, 0x02, 0x16,
  0xff, 0x14, 0x00, 0x15, 0x01, 0x14, 0xfe, 0x12, 0x02, 0x12, 0xfe, 0x11,
  0x02, 0x11, 0xfe, 0x0f, 0x03, 0x0f, 0xfc, 0x0d, 0x04, 0x0d, 0xfc, 0x0b,
  0x03, 0x0b, 0xfe, 0x09, 0x02, 0x09, 0xfe, 0x07, 0x01, 0x07, 0x00, 0x05,
  0x00, 0x04, 0x00, 0x03, 0x00, 0x02, 0xff, 0x00, 0x02, 0xff, 0xff, 0xfd,
  0x00, 0xfc, 0x00, 0xfb, 0x00, 0xf9, 0x00, 0xf8, 0x01, 0xf7, 0xfd, 0xf5,
  0x04, 0xf4, 0xfc, 0xf2, 0x04, 0xf2, 0xfc, 0xf0, 0x03, 0xef, 0xfe, 0xed,
  0x02, 0xed, 0xfe, 0xeb, 0x01, 0xeb, 0x00, 0xea, 0xff, 0xe8, 0x02, 0xe8,
  0xfd, 0xe6, 0x03, 0xe6, 0xfe, 0xe4, 0x01, 0xe5, 0xff, 0xe3, 0x01, 0xe3,
  0xff, 0xe2, 0x01, 0xe2, 0x00, 0xe1, 0xfe, 0xe0, 0x03, 0xe0, 0xfd, 0xdf,
  0x03, 0xdf, 0xfe, 0xde, 0x01, 0xdf, 0xfe, 0xdd, 0x03, 0xde, 0xfd, 0xdd,
  0x03, 0xdd, 0xfe, 0xdc, 0x01, 0xdd, 0xff, 0xdc, 0x00, 0xdd, 0x01, 0xdc,
  0x00, 0xdc, 0xff, 0xdb, 0x01, 0xdc, 0xff, 0xdb, 0x00, 0xdc, 0x01, 0xdc,
  0xff, 0xdb, 0x00, 0xdc, 0x02, 0xdc, 0xfc, 0xdb, 0x04, 0xdd, 0xfd, 0xdc,
  0x02, 0xdd, 0xff, 0xdc, 0x01, 0xdd, 0xfe, 0xdc, 0x03, 0xde, 0xfc, 0xdd,
  0x04, 0xde, 0xfd, 0xdd, 0x02, 0xde, 0xfe, 0xde, 0x02, 0xdf, 0xfe, 0xde,
  0x02, 0xe0, 0xfe, 0xdf, 0x01, 0xe0, 0x01, 0xe0, 0xfe, 0xdf, 0x02, 0xe1,
  0xfe, 0xe0, 0x01, 0xe2, 0x01, 0xe2, 0xfe, 0xe1, 0x02, 0xe2, 0xfe, 0xe1,
  0x01, 0xe3, 0x00, 0xe3, 0xff, 0xe2, 0x02, 0xe3, 0xfe, 0xe3, 0x02, 0xe4,
  0xfe, 0xe3, 0x01, 0xe5, 0x00, 0xe5, 0x00, 0xe5, 0x00, 0xe5, 0x00, 0xe6,
  0x00, 0xe6, 0x00, 0xe7, 0x00, 0xe7, 0x00, 0xe7, 0x00, 0xe8, 0x00, 0xe9,
  0x01, 0xe9, 0xfe, 0xe9, 0x02, 0xea, 0xfe, 0xea, 0x03, 0xeb, 0xfd, 0xeb,
  0x02, 0xed, 0xff, 0xed, 0x00, 0xee, 0x01, 0xef, 0xff, 0xef, 0x00, 0xf1,
  0x00, 0xf2, 0x01, 0xf3, 0xff, 0xf3, 0x01, 0xf5, 0xfe, 0xf5, 0x02, 0xf7,
  0xfe, 0xf7, 0x03, 0xf9, 0xfd, 0xf9, 0x03, 0xfb, 0xfc, 0xfb, 0x04, 0xfe,
  0xfc, 0xfe, 0x04, 0x00, 0xfe, 0x00, 0x00, 0x02, 0x01, 0x04, 0xfe, 0x04,
  0x03, 0x06, 0xfd, 0x07, 0x02, 0x09, 0xff, 0x09, 0x01, 0x0b, 0xff, 0x0b,
  0x01, 0x0d, 0xfe, 0x0e, 0x02, 0x10, 0xff, 0x10, 0x01, 0x12, 0xfe, 0x12,
  0x02, 0x14, 0xfe, 0x14, 0x03, 0x16, 0xfd, 0x16, 0x02, 0x18, 0xff, 0x18,
  0x00, 0x1a, 0x00, 0x1a, 0x01, 0x1b, 0xfe, 0x1b, 0x02, 0x1d, 0xff, 0x1c,
  0xff, 0x1d, 0x02, 0x1e, 0xfe, 0x1e, 0x02, 0x1f, 0xfe, 0x1f, 0x02, 0x20,
  0xfe, 0x1f, 0x02, 0x21, 0xff, 0x20, 0x00, 0x21, 0x01, 0x22, 0xfe, 0x21,
  0x03, 0x22, 0xfd, 0x21, 0x02, 0x23, 0xff, 0x22, 0x00, 0x23, 0x01, 0x23,
  0xfe, 0x22, 0x01, 0x23, 0x01, 0x23, 0xfe, 0x22, 0x02, 0x23, 0xfe, 0x22,
  0x01, 0x23, 0x00, 0x23, 0x00, 0x23, 0x00, 0x23, 0x00, 0x23, 0x00, 0x23,
  0x00, 0x23, 0x00, 0x22, 0x00, 0x22, 0x00, 0x22, 0x00, 0x22, 0xff, 0x21,
  0x03, 0x21, 0xfb, 0x20, 0x06, 0x21, 0xfa, 0x20, 0x05, 0x20, 0xfc, 0x1f,
  0x02, 0x20, 0xff, 0x1e, 0x02, 0x1f, 0xfd, 0x1e, 0x03, 0x1f, 0xfc, 0x1d,
  0x04, 0x1e, 0xfd, 0x1d, 0x03, 0x1d, 0xfe, 0x1c, 0x00, 0x1d, 0x01, 0x1d,
  0xff, 0x1c, 0x00, 0x1c, 0x02, 0x1c, 0xfd, 0x1b, 0x03, 0x1b, 0xfd, 0x1a,
  0x02, 0x1b, 0xff, 0x19, 0x01, 0x1a, 0xff, 0x19, 0x01, 0x19, 0xff, 0x18,
  0x01, 0x19, 0x00, 0x18, 0xff, 0x17, 0x01, 0x17, 0x00, 0x17, 0xff, 0x15,
  0x02, 0x16, 0xfd, 0x14, 0x04, 0x15, 0xfb, 0x13, 0x05, 0x13, 0xfc, 0x12,
  0x02, 0x12, 0x01, 0x11, 0xfd, 0x0f, 0x03, 0x10, 0xfe, 0x0e, 0x01, 0x0e,
  0x00, 0x0c, 0x00, 0x0b, 0xff, 0x09, 0x01, 0x0a, 0x00, 0x09, 0x00, 0x07,
  0x00, 0x06, 0xff, 0x04, 0x02, 0x04, 0xfe, 0x02, 0x02, 0x02, 0xff, 0xff,
  0xff, 0xfe, 0x02, 0xfd, 0xfe, 0xfb, 0x02, 0xfb, 0xff, 0xf9, 0x01, 0xf9,
  0xff, 0xf6, 0x00, 0xf6, 0x00, 0xf4, 0x00, 0xf3, 0x02, 0xf2, 0xfe, 0xf0,
  0x01, 0xf0, 0x00, 0xef, 0xfe, 0xed, 0x04, 0xed, 0xfc, 0xeb, 0x04, 0xeb,
  0xfd, 0xe9, 0x01, 0xe9, 0x00, 0xe8, 0xff, 0xe6, 0x03, 0xe6, 0xfd, 0xe4,
  0x02, 0xe4, 0xfe, 0xe3, 0x01, 0xe3, 0x00, 0xe2, 0x00, 0xe1, 0x01, 0xe1,
  0xfe, 0xdf, 0x02, 0xe0, 0xfe, 0xde, 0x02, 0xdf, 0xfe, 0xde, 0x02, 0xde,
  0xff, 0xdd, 0x00, 0xde, 0x00, 0xdd, 0xff, 0xdc, 0x02, 0xdd, 0xff, 0xdc,
  0x01, 0xdd, 0xfd, 0xdb, 0x04, 0xdc, 0xfc, 0xdb, 0x04, 0xdc, 0xfd, 0xdb,
  0x02, 0xdc, 0xff, 0xdb, 0x00, 0xdc, 0x00, 0xdc, 0x00, 0xdd, 0x01, 0xdd,
  0xff, 0xdc, 0x00, 0xdd, 0x00, 0xdd, 0x00, 0xdd, 0x01, 0xde, 0xff, 0xdd,
  0x00, 0xde, 0x01, 0xde, 0xfe, 0xde, 0x03, 0xdf, 0xfd, 0xde, 0x01, 0xdf,
  0x01, 0xe0, 0xff, 0xdf, 0x00, 0xe0, 0x00, 0xe1, 0x00, 0xe1, 0x00, 0xe1,
  0x01, 0xe1, 0xfe, 0xe1, 0x01, 0xe2, 0x01, 0xe3, 0xfe, 0xe2, 0x02, 0xe3,
  0xfe, 0xe2, 0x01, 0xe4, 0x01, 0xe4, 0xfe, 0xe4, 0x01, 0xe5, 0x00, 0xe5,
  0xff, 0xe5, 0x02, 0xe6, 0xfe, 0xe6, 0x01, 0xe7, 0x00, 0xe8, 0xff, 0xe7,
  0x02, 0xe9, 0xfd, 0xe8, 0x03, 0xea, 0xfe, 0xe9, 0x01, 0xeb, 0x00, 0xec,
  0x00, 0xec, 0x00, 0xed, 0x00, 0xee, 0xff, 0xed, 0x02, 0xef, 0xfe, 0xef,
  0x03, 0xf1, 0xfc, 0xf1, 0x03, 0xf3, 0xfe, 0xf3, 0x02, 0xf5, 0xfe, 0xf5,
  0x02, 0xf7, 0xfe, 0xf7, 0x02, 0xf9, 0xff, 0xf9, 0xff, 0xfa, 0x02, 0xfd,
  0xfe, 0xfd, 0x03, 0xff, 0xfc, 0xff, 0x03, 0x01, 0xff, 0x02, 0x00, 0x04,
  0x01, 0x05, 0xff, 0x05, 0xff, 0x06, 0x03, 0x09, 0xfd, 0x09, 0x03, 0x0b,
  0xfd, 0x0b, 0x03, 0x0d, 0xfd, 0x0d, 0x03, 0x10, 0xfe, 0x10, 0x00, 0x12,
  0x01, 0x13, 0xff, 0x13, 0x01, 0x15, 0xff, 0x15, 0x02, 0x17, 0xfc, 0x16,
  0x04, 0x18, 0xfe, 0x18, 0x01, 0x1a, 0x00, 0x1a, 0xff, 0x1a, 0x00, 0x1c,
  0x01, 0x1c, 0x00, 0x1d, 0xff, 0x1c, 0x02, 0x1e, 0xfd, 0x1e, 0x03, 0x1f,
  0xfe, 0x1e, 0x01, 0x20, 0x00, 0x20, 0xff, 0x1f, 0x02, 0x21, 0xfe, 0x20,
  0x01, 0x21, 0x01, 0x21, 0xfd, 0x21, 0x04, 0x22, 0xfc, 0x21, 0x03, 0x22,
  0xff, 0x21, 0x00, 0x22, 0x00, 0x22, 0x00, 0x22, 0x00, 0x22, 0x00, 0x22,
  0x00, 0x22, 0x00, 0x22, 0x00, 0x22, 0x00, 0x22, 0x00, 0x21, 0x00, 0x21,
  0x00, 0x21, 0x00, 0x21, 0x00, 0x21, 0xff, 0x1f, 0x03, 0x20, 0xfb, 0x1f,
  0x05, 0x20, 0xfc, 0x1f, 0x03, 0x1f, 0xfe, 0x1e, 0x01, 0x1f, 0xff, 0x1d,
  0x01, 0x1e, 0xff, 0x1d, 0x02, 0x1e, 0xfd, 0x1d, 0x03, 0x1e, 0xfe, 0x1c,
  0x01, 0x1d, 0xff, 0x1c, 0x01, 0x1c, 0xff, 0x1b, 0x01, 0x1b, 0x00, 0x1b,
  0xff, 0x1a, 0x00, 0x1b, 0x01, 0x1a, 0xfe, 0x19, 0x03, 0x19, 0xfd, 0x18,
  0x02, 0x18, 0xfe, 0x17, 0x03, 0x17, 0xfc, 0x16, 0x04, 0x16, 0xfc, 0x15,
  0x03, 0x15, 0xff, 0x13, 0x00, 0x13, 0xff, 0x11, 0x02, 0x12, 0xfd, 0x10,
  0x04, 0x10, 0xfc, 0x0e, 0x03, 0x0e, 0xfe, 0x0c, 0x01, 0x0c, 0xff, 0x0a,
  0x01, 0x0a, 0x00, 0x09, 0x00, 0x08, 0xff, 0x06, 0x01, 0x05, 0xff, 0x03,
  0x02, 0x03, 0xfe, 0x01, 0x01, 0x01, 0xff, 0xfe, 0x02, 0xfe, 0xfe, 0xfc,
  0x01, 0xfc, 0x00, 0xfb, 0xff, 0xf8, 0x02, 0xf8, 0xfe, 0xf5, 0x01, 0xf5,
  0x00, 0xf4, 0x00, 0xf3, 0x00, 0xf2, 0xff, 0xf0, 0x01, 0xf0, 0x00, 0xee,
  0x00, 0xed, 0xff, 0xeb, 0x01, 0xeb, 0xff, 0xe9, 0x01, 0xe9, 0x00, 0xe8,
  0xff, 0xe6, 0x01, 0xe6, 0xff, 0xe4, 0x00, 0xe5, 0x01, 0xe4, 0xff, 0xe2,
  0x00, 0xe2, 0x00, 0xe2, 0x00, 0xe1, 0x00, 0xe0, 0x00, 0xe0, 0x00, 0xe0,
  0x00, 0xdf, 0xff, 0xde, 0x02, 0xde, 0xfe, 0xdd, 0x02, 0xdd, 0xfe, 0xdc,
  0x01, 0xdd, 0x00, 0xdd, 0x00, 0xdd, 0x01, 0xdc, 0xfd, 0xdb, 0x04, 0xdc,
  0xfc, 0xdb, 0x04, 0xdc, 0xfd, 0xdb, 0x01, 0xdc, 0x00, 0xdc, 0x00, 0xdc,
  0x00, 0xdc, 0x00, 0xdc, 0x00, 0xdc, 0x00, 0xdc, 0x00, 0xdc, 0x00, 0xdc,
  0x00, 0xdc, 0x00, 0xdc, 0x01, 0xdd, 0xff, 0xdc, 0x00, 0xdd, 0x01, 0xdd,
  0xfe, 0xdc, 0x03, 0xdd, 0xfd, 0xdd, 0x02, 0xde, 0x00, 0xde, 0xff, 0xde,
  0x01, 0xdf, 0xfe, 0xde, 0x02, 0xdf, 0x00, 0xe0, 0xff, 0xdf, 0x01, 0xe0,
  0xff, 0xe0, 0x00, 0xe1, 0x01, 0xe1, 0xff, 0xe0, 0x00, 0xe2, 0x01, 0xe2,
  0xff, 0xe1, 0x00, 0xe3, 0x00, 0xe3, 0x00, 0xe3, 0x00, 0xe3, 0x00, 0xe3,
  0x00, 0xe4, 0xff, 0xe3, 0x02, 0xe4, 0xfe, 0xe4, 0x01, 0xe5, 0x00, 0xe5,
  0xff, 0xe5, 0x01, 0xe6, 0x00, 0xe6, 0xff, 0xe6, 0x01, 0xe7, 0xff, 0xe6,
  0x00, 0xe8, 0x01, 0xe9, 0x00, 0xe9, 0xfe, 0xe9, 0x02, 0xea, 0xff, 0xea,
  0x00, 0xeb, 0x02, 0xec, 0xfc, 0xec, 0x04, 0xee, 0xfd, 0xed, 0x02, 0xef,
  0xff, 0xef, 0x00, 0xf1, 0x01, 0xf2, 0xfe, 0xf2, 0x02, 0xf4, 0xff, 0xf4,
  0xff, 0xf5, 0x02, 0xf7, 0xff, 0xf7, 0x00, 0xf9, 0x00, 0xfa, 0x01, 0xfb,
  0xfd, 0xfb, 0x05, 0xfd, 0xfb, 0xfd, 0x04, 0x00, 0xfd, 0x00, 0x03, 0x02,
  0xfd, 0x03, 0x02, 0x05, 0xff, 0x05, 0x00, 0x07, 0x01, 0x09, 0xfe, 0x09,
  0x02, 0x0b, 0xfe, 0x0b, 0x02, 0x0e, 0xfe, 0x0e, 0x02, 0x0f, 0xff, 0x0f,
  0x00, 0x12, 0x00, 0x13, 0x00, 0x14, 0x01, 0x15, 0xff, 0x15, 0x01, 0x17,
  0xff, 0x17, 0x00, 0x19, 0x01, 0x1a, 0xff, 0x19, 0x00, 0x1b, 0x02, 0x1c,
  0xfc, 0x1b, 0x04, 0x1d, 0xfd, 0x1c, 0x01, 0x1e, 0x01, 0x1f, 0xfe, 0x1e,
  0x02, 0x20, 0xfe, 0x1f, 0x01, 0x20, 0x01, 0x21, 0xfd, 0x20, 0x04, 0x21,
  0xfd, 0x21, 0x01, 0x22, 0x00, 0x22, 0x00, 0x22, 0x00, 0x22, 0x00, 0x23,
  0x00, 0x23, 0xff, 0x22, 0x02, 0x23, 0xfe, 0x22, 0x02, 0x23, 0xfd, 0x22,
  0x04, 0x23, 0xfc, 0x22, 0x03, 0x23, 0xfe, 0x22, 0x02, 0x23, 0xfe, 0x22,
  0x03, 0x23, 0xfc, 0x22, 0x04, 0x23, 0xfd, 0x22, 0x02, 0x22, 0xff, 0x21,
  0x01, 0x22, 0xff, 0x20, 0x01, 0x21, 0xff, 0x20, 0x01, 0x21, 0xff, 0x20,
  0x01, 0x20, 0xff, 0x1f, 0x02, 0x20, 0xfe, 0x1f, 0x01, 0x1f, 0xff, 0x1e,
  0x01, 0x1f, 0xff, 0x1d, 0x02, 0x1e, 0xfe, 0x1d, 0x01, 0x1e, 0xff, 0x1c,
  0x00, 0x1d, 0x02, 0x1d, 0xfd, 0x1b, 0x02, 0x1c, 0xff, 0x1b, 0x01, 0x1c,
  0xff, 0x1b, 0x01, 0x1b, 0xff, 0x1a, 0x00, 0x1a, 0x02, 0x1a, 0xfd, 0x19,
  0x02, 0x19, 0x00, 0x19, 0xff, 0x18, 0x01, 0x18, 0x00, 0x18, 0xfe, 0x17,
  0x03, 0x17, 0xfd, 0x16, 0x03, 0x16, 0xfd, 0x14, 0x03, 0x15, 0xfd, 0x13,
  0x03, 0x14, 0xfe, 0x12, 0x00, 0x12, 0x02, 0x11, 0xfc, 0x10, 0x05, 0x10,
  0xfc, 0x0e, 0x03, 0x0e, 0xfe, 0x0c, 0x00, 0x0c, 0x01, 0x0b, 0xff, 0x09,
  0x01, 0x08, 0x00, 0x07, 0xfe, 0x05, 0x02, 0x05, 0xfe, 0x02, 0x03, 0x02,
  0xfd, 0x00, 0x02, 0x00, 0xff, 0xfe, 0x00, 0xfd, 0x01, 0xfb, 0xff, 0xf9,
  0x00, 0xf9, 0x01, 0xf7, 0xff, 0xf5, 0x01, 0xf5, 0xfe, 0xf2, 0x03, 0xf2,
  0xfc, 0xf0, 0x04, 0xf0, 0xfd, 0xed, 0x02, 0xed, 0xff, 0xeb, 0x00, 0xec,
  0x00, 0xea, 0x00, 0xe9, 0x01, 0xe8, 0xff, 0xe6, 0x01, 0xe7, 0xff, 0xe5,
  0x01, 0xe5, 0xff, 0xe3, 0x01, 0xe3, 0xff, 0xe1, 0x01, 0xe2, 0x00, 0xe1,
  0xff, 0xe0, 0x00, 0xe0, 0x02, 0xe0, 0xfc, 0xde, 0x05, 0xdf, 0xfb, 0xdd,
  0x04, 0xde, 0xfd, 0xdd, 0x02, 0xde, 0xff, 0xdc, 0x00, 0xdd, 0x01, 0xdd,
  0xfe, 0xdc, 0x02, 0xdd, 0xff, 0xdc, 0x00, 0xdd, 0x01, 0xdd, 0xfe, 0xdc,
  0x03, 0xdd, 0xfd, 0xdc, 0x02, 0xdd, 0xff, 0xdc, 0x00, 0xdd, 0x01, 0xdd,
  0xfe, 0xdc, 0x03, 0xde, 0xfc, 0xdd, 0x04, 0xde, 0xfc, 0xdd, 0x04, 0xde,
  0xfd, 0xdd, 0x02, 0xdf, 0xfe, 0xde, 0x02, 0xdf, 0xff, 0xde, 0x01, 0xe0,
  0xff, 0xdf, 0x00, 0xe0, 0x00, 0xe0, 0x02, 0xe1, 0xfd, 0xe0, 0x03, 0xe1,
  0xfc, 0xe1, 0x03, 0xe2, 0x00, 0xe2, 0xfe, 0xe2, 0x03, 0xe3, 0xfd, 0xe2,
  0x01, 0xe4, 0x01, 0xe4, 0xfe, 0xe3, 0x02, 0xe5, 0x00, 0xe5, 0xfe, 0xe5,
  0x02, 0xe6, 0xfe, 0xe5, 0x02, 0xe7, 0x00, 0xe7, 0xff, 0xe7, 0x00, 0xe8,
  0x00, 0xe9, 0x00, 0xea, 0x01, 0xea, 0xff, 0xea, 0x01, 0xeb, 0xfe, 0xeb,
  0x03, 0xed, 0xfc, 0xed, 0x05, 0xef, 0xfc, 0xee, 0x03, 0xf0, 0xfd, 0xf0,
  0x03, 0xf2, 0xfd, 0xf2, 0x03, 0xf4, 0xfe, 0xf4, 0x01, 0xf6, 0xff, 0xf6,
  0x01, 0xf8, 0xfe, 0xf8, 0x03, 0xfa, 0xfd, 0xfa, 0x02, 0xfc, 0xff, 0xfd,
  0x01, 0xff, 0xff, 0xff, 0x01, 0x01, 0xff, 0x01, 0x01, 0x04, 0xff, 0x04,
  0x01, 0x06, 0x00, 0x07, 0x00, 0x08, 0xff, 0x09, 0x02, 0x0b, 0xfc, 0x0b,
  0x06, 0x0d, 0xf9, 0x0d, 0x06, 0x0f, 0xfc, 0x0f, 0x02, 0x12, 0x00, 0x13,
  0xfe, 0x13, 0x02, 0x15, 0xff, 0x15, 0x00, 0x17, 0x02, 0x18, 0xfc, 0x17,
  0x04, 0x19, 0xfd, 0x19, 0x03, 0x1b, 0xfe, 0x1a, 0x01, 0x1c, 0x00, 0x1c,
  0xff, 0x1c, 0x01, 0x1e, 0x00, 0x1e, 0xff, 0x1e, 0x02, 0x1f, 0xfe, 0x1e,
  0x02, 0x20, 0xfe, 0x1f, 0x01, 0x21, 0xff, 0x20, 0x02, 0x21, 0xfe, 0x20,
  0x01, 0x22, 0x00, 0x22, 0xff, 0x21, 0x02, 0x22, 0xfd, 0x21, 0x03, 0x22,
  0xfe, 0x21, 0x01, 0x22, 0x00, 0x22, 0x00, 0x22, 0x00, 0x22, 0x00, 0x22,
  0x00, 0x22, 0x00, 0x22, 0x00, 0x22, 0x01, 0x22, 0xfe, 0x21, 0x02, 0x22,
  0xfe, 0x21, 0x02, 0x22, 0xff, 0x20, 0x00, 0x21, 0x01, 0x21, 0xfe, 0x1f,
  0x02, 0x20, 0xff, 0x1f, 0x00, 0x20, 0x01, 0x20, 0xfe, 0x1f, 0x02, 0x1f,
  0xfe, 0x1e, 0x02, 0x1f, 0xff, 0x1e, 0x00, 0x1e, 0x00, 0x1e, 0x00, 0x1e,
  0x00, 0x1e, 0x00, 0x1d, 0x01, 0x1d, 0xfe, 0x1c, 0x02, 0x1d, 0xfe, 0x1b,
  0x02, 0x1c, 0xfe, 0x1b, 0x02, 0x1b, 0xfe, 0x1a, 0x01, 0x1b, 0x01, 0x1a,
  0xfe, 0x19, 0x02, 0x19, 0xfe, 0x18, 0x02, 0x19, 0xfe, 0x17, 0x02, 0x17,
  0xfe, 0x16, 0x01, 0x16, 0x00, 0x16, 0xff, 0x14, 0x02, 0x15, 0xfd, 0x13,
  0x03, 0x13, 0xfe, 0x11, 0x01, 0x12, 0x01, 0x11, 0xfd, 0x0f, 0x03, 0x0f,
  0xfe, 0x0d, 0x01, 0x0d, 0x01, 0x0c, 0xfe, 0x0a, 0x01, 0x0a, 0x01, 0x09,
  0xfd, 0x07, 0x04, 0x07, 0xfc, 0x05, 0x03, 0x05, 0xff, 0x03, 0x00, 0x03,
  0xff, 0x01, 0x02, 0x00, 0xfe, 0xfe, 0x01, 0xfe, 0x01, 0xfd, 0xfe, 0xfa,
  0x01, 0xfa, 0x01, 0xf9, 0xfd, 0xf7, 0x04, 0xf7, 0xfd, 0xf4, 0x02, 0xf4,
  0xfe, 0xf2, 0x02, 0xf2, 0xfe, 0xf0, 0x03, 0xf0, 0xfd, 0xed, 0x02, 0xed,
  0xff, 0xeb, 0x01, 0xec, 0xff, 0xea, 0x01, 0xea, 0xff, 0xe7, 0x01, 0xe8,
  0x00, 0xe7, 0xff, 0xe5, 0x01, 0xe5, 0xff, 0xe3, 0x01, 0xe4, 0x00, 0xe3,
  0xff, 0xe1, 0x01, 0xe1, 0x00, 0xe1, 0xff, 0xdf, 0x02, 0xe0, 0xfd, 0xdf,
  0x03, 0xdf, 0xff, 0xdd, 0xff, 0xdd, 0x02, 0xde, 0xfd, 0xdc, 0x03, 0xdd,
  0xfe, 0xdc, 0x02, 0xdd, 0xfd, 0xdb, 0x03, 0xdc, 0xfe, 0xdb, 0x01, 0xdc,
  0x00, 0xdc, 0x00, 0xdc, 0x00, 0xdc, 0x00, 0xdc, 0x00, 0xdc, 0x00, 0xdc,
  0x00, 0xdc, 0x01, 0xdc, 0xfe, 0xdb, 0x02, 0xdc, 0xff, 0xdb, 0x00, 0xdc,
  0x00, 0xdd, 0x01, 0xdd, 0xfe, 0xdc, 0x02, 0xdd, 0xff, 0xdd, 0x00, 0xde,
  0x00, 0xde, 0x00, 0xde, 0xff, 0xdd, 0x02, 0xdf, 0xfe, 0xde, 0x01, 0xdf,
  0xff, 0xdf, 0x01, 0xe0, 0xff, 0xdf, 0x01, 0xe0, 0xfe, 0xe0, 0x03, 0xe1,
  0xfd, 0xe0, 0x03, 0xe1, 0xfd, 0xe1, 0x02, 0xe2, 0xff, 0xe1, 0x01, 0xe3,
  0xff, 0xe2, 0x01, 0xe3, 0xfe, 0xe2, 0x03, 0xe4, 0xfd, 0xe3, 0x03, 0xe4,
  0xfe, 0xe4, 0x00, 0xe5, 0x02, 0xe5, 0xfc, 0xe5, 0x05, 0xe6, 0xfb, 0xe6,
  0x05, 0xe7, 0xfd, 0xe6, 0x00, 0xe8, 0x01, 0xe8, 0xff, 0xe8, 0x01, 0xe9,
  0x00, 0xea, 0x00, 0xeb, 0x00, 0xeb, 0x00, 0xec, 0x00, 0xed, 0xff, 0xec,
  0x03, 0xee, 0xfd, 0xee, 0x02, 0xf0, 0xff, 0xf0, 0x00, 0xf1, 0x00, 0xf2,
  0x01, 0xf3, 0xff, 0xf3, 0x00, 0xf5, 0x01, 0xf6, 0xff, 0xf7, 0x00, 0xf9,
  0x02, 0xfa, 0xfc, 0xfa, 0x04, 0xfc, 0xfe, 0xfc, 0x01, 0xfe, 0xff, 0xfe,
  0x01, 0x01, 0xff, 0x01, 0x00, 0x03, 0x01, 0x05, 0xfe, 0x05, 0x02, 0x07,
  0xff, 0x07, 0x00, 0x0a, 0x01, 0x0b, 0xfe, 0x0b, 0x02, 0x0d, 0xff, 0x0d,
  0x00, 0x0f, 0x02, 0x10, 0xfc, 0x11, 0x04, 0x13, 0xfe, 0x13, 0x00, 0x15,
  0x01, 0x16, 0xfe, 0x16, 0x02, 0x18, 0xff, 0x17, 0x01, 0x19, 0xfe, 0x19,
  0x02, 0x1b, 0xff, 0x1a, 0x00, 0x1c, 0x01, 0x1d, 0xff, 0x1c, 0x01, 0x1e,
  0xfe, 0x1d, 0x03, 0x1f, 0xfd, 0x1e, 0x02, 0x20, 0x00, 0x20, 0xfd, 0x20,
  0x05, 0x21, 0xfb, 0x20, 0x04, 0x21, 0xfe, 0x21, 0x00, 0x22, 0x01, 0x22,
  0xfe, 0x21, 0x03, 0x23, 0xfd, 0x22, 0x03, 0x23, 0xfd, 0x22, 0x02, 0x23,
  0xff, 0x22, 0x00, 0x23, 0x01, 0x23, 0xfe, 0x22, 0x03, 0x23, 0xfc, 0x22,
  0x04, 0x23, 0xfd, 0x21, 0x02, 0x22, 0xff, 0x21, 0x00, 0x22, 0x00, 0x22,
  0x01, 0x22, 0xfe, 0x20, 0x03, 0x21, 0xfd, 0x20, 0x02, 0x21, 0xfe, 0x20,
  0x02, 0x20, 0xff, 0x1f, 0x01, 0x20, 0xff, 0x1f, 0xff, 0x1e, 0x02, 0x1f,
  0xff, 0x1e, 0x01, 0x1e, 0xfe, 0x1d, 0x01, 0x1e, 0x00, 0x1e, 0x00, 0x1d,
  0x00, 0x1d, 0xff, 0x1c, 0x01, 0x1d, 0x00, 0x1c, 0x00, 0x1c, 0x00, 0x1c,
  0xff, 0x1a, 0x01, 0x1b, 0x00, 0x1b, 0xff, 0x19, 0x03, 0x1a, 0xfc, 0x19,
  0x03, 0x19, 0xfe, 0x18, 0x02, 0x18, 0xfe, 0x17, 0x02, 0x17, 0xfe, 0x16,
  0x02, 0x16, 0xff, 0x15, 0x00, 0x15, 0x00, 0x14, 0x00, 0x13, 0x00, 0x13,
  0x01, 0x12, 0xfe, 0x10, 0x03, 0x11, 0xfc, 0x0f, 0x04, 0x0f, 0xfd, 0x0d,
  0x02, 0x0c, 0xff, 0x0a, 0x00, 0x0a, 0x01, 0x09, 0xff, 0x07, 0x01, 0x07,
  0xfe, 0x05, 0x03, 0x04, 0xfd, 0x02, 0x03, 0x02, 0xfd, 0x00, 0x02, 0x00,
  0x00, 0xfe, 0xff, 0xfc, 0x01, 0xfb, 0xfe, 0xf9, 0x03, 0xf9, 0xfd, 0xf7,
  0x03, 0xf7, 0xfd, 0xf4, 0x02, 0xf4, 0xff, 0xf2, 0x01, 0xf1, 0xff, 0xef,
  0x00, 0xef, 0x01, 0xee, 0xff, 0xec, 0x00, 0xec, 0x01, 0xeb, 0xfe, 0xe9,
  0x03, 0xe9, 0xfd, 0xe7, 0x02, 0xe7, 0xff, 0xe5, 0x01, 0xe5, 0xfe, 0xe3,
  0x02, 0xe4, 0xff, 0xe2, 0x01, 0xe2, 0x00, 0xe2, 0xff, 0xe0, 0x00, 0xe1,
  0x01, 0xe0, 0xff, 0xde, 0x01, 0xdf, 0xff, 0xde, 0x01, 0xde, 0xff, 0xdd,
  0x01, 0xde, 0xff, 0xdc, 0x01, 0xdd, 0x00, 0xdd, 0xff, 0xdc, 0x02, 0xdd,
  0xfd, 0xdc, 0x04, 0xdc, 0xfd, 0xdb, 0x01, 0xdc, 0x01, 0xdc, 0xfe, 0xdb,
  0x02, 0xdc, 0xff, 0xdb, 0x00, 0xdc, 0x00, 0xdc, 0x00, 0xdc, 0x01, 0xdd,
  0xfe, 0xdc, 0x03, 0xdd, 0xfc, 0xdc, 0x04, 0xdd, 0xfc, 0xdc, 0x04, 0xde,
  0xfc, 0xdd, 0x04, 0xde, 0xfd, 0xdd, 0x01, 0xdf, 0x00, 0xdf, 0xff, 0xde,
  0x02, 0xdf, 0xfe, 0xdf, 0x02, 0xe0, 0xfe, 0xdf, 0x02, 0xe0, 0xfd, 0xe0,
  0x04, 0xe1, 0xfc, 0xe0, 0x04, 0xe1, 0xfd, 0xe1, 0x01, 0xe2, 0x01, 0xe2,
  0xfd, 0xe2, 0x04, 0xe3, 0xfd, 0xe2, 0x02, 0xe4, 0xff, 0xe3, 0x00, 0xe4,
  0x00, 0xe5, 0x01, 0xe5, 0xfe, 0xe4, 0x02, 0xe5, 0xff, 0xe5, 0x00, 0xe6,
  0x00, 0xe7, 0x00, 0xe7, 0x00, 0xe8, 0x00, 0xe8, 0x00, 0xe9, 0x00, 0xe9,
  0x00, 0xea, 0x00, 0xea, 0x01, 0xeb, 0xfe, 0xea, 0x03, 0xec, 0xfc, 0xec,
  0x04, 0xee, 0xfd, 0xed, 0x02, 0xef, 0x00, 0xf0, 0xfe, 0xf0, 0x02, 0xf1,
  0xff, 0xf1, 0x00, 0xf3, 0x01, 0xf4, 0x00, 0xf5, 0xfe, 0xf5, 0x02, 0xf7,
  0x00, 0xf8, 0xff, 0xf9, 0x02, 0xfb, 0xfd, 0xfb, 0x02, 0xfd, 0x00, 0xfe,
  0x00, 0xff, 0x00, 0x00, 0xff, 0x01, 0x01, 0x03, 0xff, 0x03, 0x02, 0x05,
  0xfe, 0x05, 0x01, 0x07, 0x00, 0x09, 0xff, 0x09, 0x02, 0x0b, 0xfe, 0x0c,
  0x01, 0x0e, 0x00, 0x0f, 0xff, 0x0f, 0x02, 0x11, 0xfe, 0x11, 0x02, 0x13,
  0xfe, 0x13, 0x02, 0x15, 0xfe, 0x15, 0x02, 0x17, 0xfe, 0x16, 0x02, 0x18,
  0xfe, 0x18, 0x02, 0x1a, 0xfe, 0x1a, 0x02, 0x1b, 0xfe, 0x1b, 0x01, 0x1d,
  0x00, 0x1d, 0xff, 0x1d, 0x02, 0x1e, 0xfd, 0x1e, 0x04, 0x1f, 0xfc, 0x1f,
  0x03, 0x20, 0xfe, 0x1f, 0x01, 0x21, 0x00, 0x21, 0x01, 0x21, 0xfe, 0x20,
  0x02, 0x22, 0xfe, 0x21, 0x01, 0x22, 0x01, 0x22, 0xff, 0x21, 0x00, 0x23,
  0x00, 0x23, 0xff, 0x22, 0x02, 0x23, 0xff, 0x22, 0x00, 0x23, 0x00, 0x23,
  0x00, 0x23, 0x00, 0x23, 0x00, 0x23, 0x01, 0x23, 0xfd, 0x22, 0x04, 0x23,
  0xfc, 0x21, 0x03, 0x22, 0xff, 0x21, 0xff, 0x21, 0x01, 0x22, 0x00, 0x21,
  0xff, 0x20, 0x02, 0x21, 0xfd, 0x20, 0x03, 0x21, 0xfe, 0x1f, 0x00, 0x20,
  0x02, 0x20, 0xfd, 0x1f, 0x02, 0x20, 0x00, 0x1f, 0xfe, 0x1e, 0x03, 0x1f,
  0xfe, 0x1d, 0x00, 0x1e, 0x01, 0x1e, 0xff, 0x1d, 0x01, 0x1d, 0xff, 0x1c,
  0x01, 0x1d, 0xfe, 0x1b, 0x02, 0x1c, 0xff, 0x1b, 0x01, 0x1b, 0xff, 0x1a,
  0x00, 0x1b, 0x00, 0x1a, 0x01, 0x1a, 0xfe, 0x19, 0x03, 0x19, 0xfd, 0x18,
  0x02, 0x18, 0xff, 0x17, 0x01, 0x17, 0xfe, 0x16, 0x02, 0x16, 0xff, 0x14,
  0x00, 0x15, 0x02, 0x14, 0xfc, 0x13, 0x04, 0x13, 0xfd, 0x11, 0x02, 0x11,
  0xff, 0x0f, 0x00, 0x10, 0x01, 0x0f, 0xff, 0x0d, 0x01, 0x0d, 0xfe, 0x0b,
  0x03, 0x0b, 0xfd, 0x09, 0x03, 0x09, 0xfd, 0x07, 0x03, 0x07, 0xfd, 0x04,
  0x03, 0x04, 0xfe, 0x01, 0x01, 0x01, 0xff, 0xff, 0x01, 0xff, 0x00, 0xfe,
  0x00, 0xfc, 0xff, 0xfa, 0x01, 0xfa, 0xff, 0xf8, 0x02, 0xf8, 0xff, 0xf5,
  0xff, 0xf4, 0x01, 0xf4, 0xff, 0xf1, 0x02, 0xf1, 0xfe, 0xef, 0x01, 0xef,
  0xff, 0xed, 0x01, 0xed, 0x00, 0xec, 0xff, 0xe9, 0x00, 0xe9, 0x01, 0xe9,
  0xff, 0xe7, 0x01, 0xe7, 0xff, 0xe5, 0x00, 0xe5, 0x01, 0xe4, 0xff, 0xe3,
  0x01, 0xe3, 0xff, 0xe1, 0x01, 0xe2, 0xff, 0xe0, 0x01, 0xe1, 0xff, 0xdf,
  0x01, 0xe0, 0xfe, 0xde, 0x03, 0xdf, 0xfd, 0xdd, 0x03, 0xde, 0xfd, 0xdd,
  0x02, 0xde, 0xff, 0xdc, 0x01, 0xdd, 0xff, 0xdc, 0x01, 0xdd, 0xff, 0xdc,
  0x01, 0xdd, 0xff, 0xdc, 0x01, 0xdd, 0xff, 0xdc, 0x01, 0xdd, 0x00, 0xdd,
  0xff, 0xdc, 0x00, 0xdd, 0x02, 0xdd, 0xfd, 0xdc, 0x03, 0xdd, 0xff, 0xdc,
  0xfe, 0xdd, 0x04, 0xde, 0xfc, 0xdd, 0x02, 0xde, 0x01, 0xdf, 0xfe, 0xde,
  0x01, 0xdf, 0x00, 0xdf, 0xff, 0xde, 0x02, 0xe0, 0xfe, 0xdf, 0x01, 0xe0,
  0xff, 0xdf, 0x01, 0xe1, 0xff, 0xe0, 0x01, 0xe1, 0xff, 0xe1, 0x01, 0xe2,
  0xff, 0xe1, 0x00, 0xe2, 0x00, 0xe3, 0x01, 0xe3, 0xfe, 0xe2, 0x04, 0xe4,
  0xfa, 0xe3, 0x06, 0xe5, 0xfc, 0xe4, 0x01, 0xe5, 0x02, 0xe6, 0xfc, 0xe5,
  0x05, 0xe7, 0xfb, 0xe6, 0x04, 0xe8, 0xfd, 0xe7, 0x02, 0xe9, 0x00, 0xe9,
  0xff, 0xe9, 0x00, 0xea, 0x01, 0xeb, 0xfe, 0xeb, 0x03, 0xed, 0xfd, 0xec,
  0x02, 0xee, 0xff, 0xee, 0x00, 0xef, 0x01, 0xf0, 0xfe, 0xf0, 0x02, 0xf3,
  0xfe, 0xf3, 0x02, 0xf5, 0xfe, 0xf5, 0x03, 0xf7, 0xfc, 0xf7, 0x04, 0xf9,
  0xfc, 0xf9, 0x04, 0xfb, 0xfd, 0xfb, 0x03, 0xfd, 0xfc, 0xfe, 0x04, 0x00,
  0xfd, 0x01, 0x02, 0x03, 0xff, 0x03, 0x00, 0x06, 0x00, 0x07, 0x00, 0x08,
  0x00, 0x09, 0x00, 0x0b, 0x00, 0x0c, 0x01, 0x0d, 0xfd, 0x0d, 0x05, 0x0f,
  0xfa, 0x10, 0x06, 0x12, 0xfb, 0x12, 0x04, 0x14, 0xfd, 0x14, 0x02, 0x16,
  0x00, 0x17, 0xfe, 0x17, 0x03, 0x19, 0xfd, 0x19, 0x02, 0x1b, 0x00, 0x1c,
  0xff, 0x1b, 0x01, 0x1d, 0xff, 0x1c, 0x01, 0x1e, 0xff, 0x1e, 0x01, 0x1f,
  0xfe, 0x1f, 0x04, 0x20, 0xfb, 0x1f, 0x05, 0x21, 0xfb, 0x20, 0x04, 0x21,
  0xfe, 0x21, 0x01, 0x22, 0x00, 0x22, 0xfe, 0x21, 0x03, 0x22, 0xfe, 0x21,
  0x01, 0x23, 0xff, 0x22, 0x01, 0x23, 0x00, 0x23, 0x00, 0x23, 0x00, 0x23,
  0xff, 0x22, 0x02, 0x23, 0xfe, 0x22, 0x02, 0x23, 0xff, 0x22, 0x00, 0x23,
  0x00, 0x22, 0x00, 0x22, 0x00, 0x22, 0x01, 0x22, 0xfe, 0x21, 0x02, 0x22,
  0xfe, 0x21, 0x02, 0x21, 0xff, 0x20, 0x01, 0x21, 0xfe, 0x20, 0x03, 0x21,
  0xfb, 0x1f, 0x07, 0x20, 0xfa, 0x1f, 0x04, 0x20, 0xfd, 0x1e, 0x01, 0x1f,
  0x01, 0x1f, 0xff, 0x1e, 0x01, 0x1e, 0xff, 0x1d, 0x00, 0x1e, 0x01, 0x1d,
  0xff, 0x1c, 0x00, 0x1d, 0x01, 0x1d, 0xff, 0x1c, 0x01, 0x1c, 0xff, 0x1b,
  0x00, 0x1c, 0x01, 0x1b, 0xfe, 0x1a, 0x03, 0x1b, 0xfd, 0x19, 0x02, 0x1a,
  0x00, 0x1a, 0xfe, 0x18, 0x02, 0x18, 0xff, 0x17, 0x01, 0x18, 0xff, 0x16,
  0x01, 0x17, 0xff, 0x15, 0x01, 0x15, 0x00, 0x15, 0xff, 0x13, 0x01, 0x14,
  0x00, 0x13, 0x00, 0x12, 0x01, 0x11, 0xfe, 0x0f, 0x02, 0x0f, 0xfe, 0x0e,
  0x02, 0x0e, 0xfe, 0x0c, 0x02, 0x0c, 0xfe, 0x0a, 0x02, 0x09, 0xfd, 0x07,
  0x03, 0x07, 0xfe, 0x05, 0x01, 0x05, 0x00, 0x03, 0xff, 0x01, 0x00, 0x01,
  0x02, 0x00, 0xfd, 0xfe, 0x03, 0xfe, 0xfd, 0xfb, 0x02, 0xfb, 0xff, 0xf9,
  0x01, 0xf8, 0xff, 0xf6, 0x00, 0xf6, 0x01, 0xf4, 0xff, 0xf2, 0x01, 0xf2,
  0xff, 0xf0, 0x01, 0xf0, 0x00, 0xef, 0xff, 0xed, 0x01, 0xed, 0x00, 0xeb,
  0xff, 0xe9, 0x02, 0xea, 0xfd, 0xe8, 0x03, 0xe8, 0xfe, 0xe5, 0x01, 0xe5,
  0x00, 0xe5, 0xff, 0xe3, 0x01, 0xe3, 0x00, 0xe3, 0xff, 0xe1, 0x02, 0xe1,
  0xfd, 0xe0, 0x03, 0xe0, 0xfe, 0xdf, 0x01, 0xdf, 0x00, 0xdf, 0xff, 0xdd,
  0x01, 0xde, 0x00, 0xdd, 0xff, 0xdc, 0x01, 0xdd, 0x00, 0xdd, 0xff, 0xdb,
  0x01, 0xdc, 0xff, 0xdb, 0x01, 0xdc, 0x00, 0xdc, 0xff, 0xdb, 0x01, 0xdc,
  0xff, 0xdb, 0x01, 0xdc, 0xff, 0xda, 0x00, 0xdb, 0x02, 0xdc, 0xfd, 0xdb,
  0x03, 0xdc, 0xfd, 0xdb, 0x02, 0xdc, 0x00, 0xdc, 0xff, 0xdb, 0x01, 0xdc,
  0xff, 0xdc, 0x02, 0xdd, 0xfd, 0xdc, 0x03, 0xdd, 0xfd, 0xdd, 0x03, 0xde,
  0xfd, 0xdd, 0x04, 0xde, 0xfa, 0xde, 0x07, 0xdf, 0xfa, 0xde, 0x04, 0xdf,
  0xfd, 0xdf, 0x02, 0xe0, 0xff, 0xdf, 0x01, 0xe1, 0xff, 0xe0, 0x00, 0xe1,
  0x01, 0xe1, 0xfe, 0xe1, 0x02, 0xe2, 0xff, 0xe1, 0x00, 0xe3, 0x01, 0xe3,
  0xfe, 0xe2, 0x01, 0xe3, 0x00, 0xe4, 0x00, 0xe4, 0x01, 0xe4, 0xfe, 0xe3,
  0x01, 0xe5, 0x00, 0xe5, 0x00, 0xe5, 0x01, 0xe5, 0xfe, 0xe5, 0x02, 0xe6,
  0xff, 0xe6, 0x00, 0xe7, 0x01, 0xe8, 0xff, 0xe7, 0x01, 0xe9, 0xff, 0xe8,
  0x00, 0xe9, 0x01, 0xea, 0xff, 0xe9, 0x02, 0xeb, 0xfd, 0xeb, 0x03, 0xec,
  0xfc, 0xec, 0x05, 0xee, 0xfb, 0xed, 0x05, 0xef, 0xfc, 0xef, 0x02, 0xf1,
  0xff, 0xf1, 0x01, 0xf3, 0xff, 0xf3, 0x01, 0xf5, 0xff, 0xf5, 0x01, 0xf7,
  0xff, 0xf7, 0x02, 0xf9, 0xfd, 0xf9, 0x02, 0xfc, 0x00, 0xfd, 0xff, 0xfd,
  0x02, 0xff, 0xfe, 0xff, 0x00, 0x01, 0x02, 0x03, 0xfe, 0x03, 0x01, 0x05,
  0xff, 0x06, 0x02, 0x08, 0xfd, 0x08, 0x03, 0x0b, 0xfd, 0x0b, 0x02, 0x0d,
  0x00, 0x0e, 0xfe, 0x0e, 0x02, 0x10, 0xfe, 0x10, 0x03, 0x12, 0xfc, 0x12,
  0x04, 0x14, 0xfd, 0x15, 0x01, 0x16, 0x00, 0x17, 0x00, 0x18, 0xff, 0x18,
  0x02, 0x1a, 0xfe, 0x1a, 0x01, 0x1b, 0x00, 0x1c, 0x00, 0x1d, 0x00, 0x1d,
  0x00, 0x1e, 0x00, 0x1e, 0x01, 0x1f, 0xfe, 0x1e, 0x03, 0x20, 0xfd, 0x1f,
  0x02, 0x20, 0xff, 0x20, 0x00, 0x21, 0x00, 0x21, 0x01, 0x22, 0xfe, 0x21,
  0x01, 0x22, 0x00, 0x22, 0x00, 0x22, 0x00, 0x23, 0xff, 0x22, 0x01, 0x23,
  0xff, 0x22, 0x02, 0x23, 0xfe, 0x22, 0x00, 0x23, 0x01, 0x23, 0xff, 0x22,
  0x00, 0x23, 0x02, 0x23, 0xfd, 0x22, 0x03, 0x22, 0xfd, 0x21, 0x03, 0x22,
  0xfd, 0x21, 0x03, 0x22, 0xfe, 0x21, 0x01, 0x21, 0x00, 0x21, 0x00, 0x21,
  0xff, 0x20, 0x02, 0x20, 0xfd, 0x1f, 0x04, 0x20, 0xfc, 0x1f, 0x03, 0x1f,
  0xfe, 0x1e, 0x01, 0x1f, 0x00, 0x1f, 0xff, 0x1d, 0x01, 0x1e, 0x00, 0x1d,
  0xff, 0x1c, 0x01, 0x1d, 0xff, 0x1c, 0x01, 0x1c, 0x00, 0x1c, 0xfe, 0x1a,
  0x03, 0x1b, 0xfe, 0x1a, 0x01, 0x1a, 0x00, 0x1a, 0xff, 0x18, 0x00, 0x19,
  0x02, 0x19, 0xfe, 0x17, 0x01, 0x18, 0x00, 0x17, 0xfe, 0x16, 0x03, 0x16,
  0xfe, 0x14, 0x02, 0x15, 0xfe, 0x13, 0x00, 0x13, 0x02, 0x12, 0xfe, 0x11,
  0x02, 0x11, 0xfe, 0x0f, 0x01, 0x0f, 0xff, 0x0d, 0x02, 0x0d, 0xfe, 0x0b,
  0x02, 0x0b, 0xfd, 0x09, 0x04, 0x09, 0xfc, 0x07, 0x03, 0x07, 0xfe, 0x05,
  0x01, 0x05, 0x00, 0x03, 0x00, 0x02, 0x00, 0x01, 0xff, 0xff, 0x02, 0xfe,
  0xfd, 0xfc, 0x04, 0xfc, 0xfd, 0xf9, 0x02, 0xf9, 0xff, 0xf7, 0x00, 0xf7,
  0x01, 0xf5, 0x00, 0xf4, 0xff, 0xf2, 0x01, 0xf2, 0xff, 0xf0, 0x01, 0xef,
  0x00, 0xee, 0xff, 0xec, 0x01, 0xec, 0xfe, 0xea, 0x02, 0xea, 0xff, 0xe8,
  0x01, 0xe8, 0xfe, 0xe6, 0x02, 0xe7, 0xfe, 0xe5, 0x03, 0xe5, 0xfd, 0xe3,
  0x02, 0xe3, 0xff, 0xe2, 0x00, 0xe2, 0x02, 0xe2, 0xfd, 0xe0, 0x02, 0xe0,
  0xff, 0xdf, 0x01, 0xdf, 0xff, 0xde, 0x00, 0xdf, 0x01, 0xdf, 0xfe, 0xdd,
  0x03, 0xde, 0xfd, 0xdd, 0x02, 0xdd, 0xff, 0xdc, 0x00, 0xdd, 0x00, 0xdd,
  0x00, 0xdd, 0x01, 0xdd, 0xfe, 0xdc, 0x02, 0xdd, 0xfe, 0xdc, 0x02, 0xdd,
  0xfe, 0xdc, 0x02, 0xdd, 0xfd, 0xdc, 0x05, 0xdd, 0xfa, 0xdd, 0x06, 0xde,
  0xfb, 0xdd, 0x03, 0xde, 0xfe, 0xdd, 0x02, 0xde, 0xfe, 0xde, 0x02, 0xdf,
  0xfe, 0xde, 0x02, 0xdf, 0xfe, 0xdf, 0x02, 0xe0, 0xfe, 0xdf, 0x02, 0xe0,
  0xff, 0xe0, 0x00, 0xe1, 0x01, 0xe1, 0xfe, 0xe0, 0x03, 0xe2, 0xfe, 0xe1,
  0x01, 0xe2, 0xff, 0xe1, 0x00, 0xe3, 0x01, 0xe3, 0xff, 0xe2, 0x01, 0xe4,
  0xfe, 0xe3, 0x02, 0xe4, 0xff, 0xe4, 0x00, 0xe5, 0x00, 0xe5, 0x00, 0xe6,
  0x00, 0xe6, 0x00, 0xe7, 0x00, 0xe7, 0x00, 0xe8, 0x01, 0xe8, 0xfe, 0xe8,
  0x03, 0xea, 0xfc, 0xe9, 0x03, 0xeb, 0xff, 0xeb, 0xff, 0xeb, 0x03, 0xed,
  0xfc, 0xed, 0x03, 0xef, 0xff, 0xef, 0xff, 0xef, 0x01, 0xf1, 0x00, 0xf2,
  0x00, 0xf3, 0x00, 0xf5, 0x00, 0xf6, 0xff, 0xf6, 0x01, 0xf8, 0x00, 0xf9,
  0xff, 0xfa, 0x02, 0xfc, 0xfe, 0xfc, 0x01, 0xfe, 0x00, 0xff, 0xff, 0x00,
  0x02, 0x02, 0xfe, 0x02, 0x02, 0x05, 0xfe, 0x05, 0x02, 0x07, 0xfe, 0x08,
  0x02, 0x0a, 0xff, 0x0a, 0x00, 0x0c, 0x00, 0x0e, 0x00, 0x0f, 0xff, 0x0f,
  0x02, 0x11, 0xfe, 0x11, 0x02, 0x13, 0xfe, 0x13, 0x01, 0x15, 0x00, 0x16,
  0xff, 0x16, 0x02, 0x18, 0xfe, 0x18, 0x01, 0x1a, 0x00, 0x1a, 0x00, 0x1b,
  0xff, 0x1b, 0x02, 0x1c, 0xfd, 0x1c, 0x03, 0x1e, 0xfd, 0x1d, 0x04, 0x1f,
  0xfb, 0x1e, 0x05, 0x1f, 0xfc, 0x1f, 0x02, 0x20, 0x00, 0x20, 0xff, 0x20,
  0x01, 0x21, 0x00, 0x21, 0x00, 0x22, 0x00, 0x22, 0xff, 0x21, 0x02, 0x22,
  0xfe, 0x22, 0x02, 0x23, 0xfe, 0x22, 0x02, 0x23, 0xfe, 0x22, 0x02, 0x23,
  0xfe, 0x22, 0x01, 0x23, 0x00, 0x23, 0x00, 0x23, 0x00, 0x23, 0x00, 0x23,
  0x00, 0x23, 0x00, 0x23, 0x00, 0x23, 0x00, 0x23, 0x00, 0x22, 0x00, 0x22,
  0x00, 0x22, 0x01, 0x22, 0xfe, 0x21, 0x01, 0x22, 0xff, 0x21, 0x02, 0x21,
  0xfe, 0x20, 0x02, 0x21, 0xfd, 0x1f, 0x03, 0x20, 0xfd, 0x1f, 0x03, 0x20,
  0xfd, 0x1f, 0x03, 0x1f, 0xfd, 0x1e, 0x02, 0x1f, 0xff, 0x1e, 0x00, 0x1e,
  0x01, 0x1e, 0xfe, 0x1d, 0x02, 0x1d, 0xff, 0x1c, 0x00, 0x1d, 0x00, 0x1d,
  0x01, 0x1c, 0xfe, 0x1b, 0x03, 0x1c, 0xfd, 0x1b, 0x01, 0x1b, 0x01, 0x1b,
  0xff, 0x1a, 0x01, 0x1a, 0xfe, 0x19, 0x03, 0x1a, 0xfc, 0x18, 0x05, 0x19,
  0xfb, 0x17, 0x03, 0x17, 0xff, 0x16, 0x00, 0x16, 0x01, 0x16, 0xfe, 0x14,
  0x02, 0x15, 0xfe, 0x13, 0x01, 0x13, 0x01, 0x12, 0xff, 0x10, 0x00, 0x11,
  0x00, 0x10, 0x00, 0x0f, 0x00, 0x0e, 0x01, 0x0d, 0xfe, 0x0b, 0x02, 0x0b,
  0xfe, 0x09, 0x02, 0x09, 0xff, 0x07, 0xff, 0x05, 0x03, 0x05, 0xfc, 0x03,
  0x04, 0x03, 0xfd, 0x01, 0x01, 0x01, 0x01, 0xff, 0xfe, 0xfd, 0x02, 0xfd,
  0xff, 0xfa, 0xff, 0xf9, 0x03, 0xf9, 0xfc, 0xf7, 0x04, 0xf6, 0xfc, 0xf4,
  0x04, 0xf4, 0xfc, 0xf1, 0x04, 0xf1, 0xfc, 0xef, 0x04, 0xef, 0xfc, 0xed,
  0x04, 0xed, 0xfd, 0xeb, 0x02, 0xeb, 0xfe, 0xe9, 0x01, 0xe9, 0x00, 0xe8,
  0x01, 0xe7, 0xfe, 0xe5, 0x02, 0xe5, 0xfe, 0xe3, 0x02, 0xe3, 0xff, 0xe2,
  0x00, 0xe2, 0x00, 0xe2, 0x01, 0xe1, 0xff, 0xdf, 0x00, 0xe0, 0x01, 0xdf,
  0xfe, 0xde, 0x03, 0xde, 0xfd, 0xdd, 0x02, 0xde, 0xff, 0xdc, 0x00, 0xdd,
  0x02, 0xdd, 0xfd, 0xdb, 0x03, 0xdc, 0xfd, 0xdb, 0x03, 0xdc, 0xfd, 0xdb,
  0x03, 0xdb, 0xfd, 0xda, 0x03, 0xdb, 0xfd, 0xda, 0x02, 0xdb, 0xff, 0xda,
  0x00, 0xdb, 0x01, 0xdc, 0xff, 0xdb, 0x01, 0xdc, 0xff, 0xdb, 0x00, 0xdc,
  0x01, 0xdc, 0xff, 0xdb, 0x01, 0xdc, 0xff, 0xdc, 0x01, 0xdd, 0xfe, 0xdc,
  0x02, 0xde, 0x00, 0xde, 0xfe, 0xdd, 0x04, 0xde, 0xfa, 0xde, 0x06, 0xdf,
  0xfb, 0xde, 0x05, 0xe0, 0xfc, 0xdf, 0x02, 0xe0, 0xff, 0xdf, 0x00, 0xe1,
  0x01, 0xe1, 0x00, 0xe1, 0xfe, 0xe1, 0x02, 0xe2, 0xff, 0xe1, 0x00, 0xe2,
  0x02, 0xe3, 0xfd, 0xe2, 0x02, 0xe3, 0xff, 0xe2, 0x00, 0xe4, 0x01, 0xe4,
  0xff, 0xe3, 0x00, 0xe5, 0x00, 0xe5, 0x01, 0xe5, 0xfe, 0xe4, 0x03, 0xe6,
  0xfd, 0xe5, 0x02, 0xe6, 0x00, 0xe7, 0xff, 0xe6, 0x01, 0xe7, 0xff, 0xe7,
  0x01, 0xe8, 0x00, 0xe9, 0xff, 0xe8, 0x01, 0xea, 0xff, 0xe9, 0x01, 0xeb,
  0xff, 0xeb, 0x00, 0xec, 0x01, 0xed, 0xff, 0xed, 0x00, 0xee, 0x01, 0xef,
  0xfd, 0xef, 0x05, 0xf1, 0xfb, 0xf1, 0x03, 0xf2, 0xff, 0xf2, 0xff, 0xf3,
  0x03, 0xf5, 0xfd, 0xf6, 0x01, 0xf8, 0x01, 0xf9, 0xfe, 0xf9, 0x03, 0xfb,
  0xfc, 0xfb, 0x03, 0xfd, 0xff, 0xfe, 0x00, 0x00, 0x01, 0x01, 0xfe, 0x01,
  0x01, 0x04, 0x01, 0x05, 0xff, 0x05, 0x00, 0x08, 0x01, 0x09, 0xfe, 0x09,
  0x03, 0x0b, 0xfd, 0x0c, 0x02, 0x0e, 0xff, 0x0e, 0x00, 0x10, 0x01, 0x11,
  0xff, 0x11, 0x00, 0x13, 0x01, 0x14, 0xff, 0x15, 0x00, 0x17, 0x01, 0x17,
  0xff, 0x17, 0x01, 0x19, 0xff, 0x19, 0x01, 0x1b, 0xff, 0x1b, 0x01, 0x1d,
  0xff, 0x1c, 0x01, 0x1d, 0xff, 0x1d, 0x01, 0x1e, 0xfe, 0x1e, 0x03, 0x1f,
  0xfd, 0x1f, 0x03, 0x20, 0xfd, 0x1f, 0x02, 0x21, 0xff, 0x20, 0x01, 0x21,
  0xff, 0x21, 0x00, 0x22, 0x02, 0x22, 0xfd, 0x21, 0x03, 0x22, 0xfe, 0x21,
  0x00, 0x22, 0x02, 0x22, 0xfd, 0x21, 0x03, 0x22, 0xfe, 0x21, 0x02, 0x22,
  0xfd, 0x21, 0x03, 0x22, 0xfd, 0x21, 0x03, 0x22, 0xfe, 0x21, 0x01, 0x22,
  0xff, 0x21, 0x01, 0x22, 0xfe, 0x20, 0x03, 0x21, 0xfc, 0x20, 0x04, 0x21,
  0xfd, 0x1f, 0x01, 0x20, 0x01, 0x20, 0xfe, 0x1f, 0x02, 0x1f, 0xfe, 0x1e,
  0x01, 0x1f, 0x00, 0x1f, 0x01, 0x1e, 0xff, 0x1d, 0x01, 0x1e, 0xfe, 0x1c,
  0x02, 0x1d, 0xff, 0x1c, 0x01, 0x1c, 0xff, 0x1b, 0x01, 0x1b, 0xfe, 0x1a,
  0x03, 0x1b, 0xfc, 0x19, 0x05, 0x1a, 0xfb, 0x19, 0x04, 0x19, 0xfd, 0x17,
  0x02, 0x18, 0xff, 0x17, 0x00, 0x17, 0x01, 0x16, 0xfe, 0x15, 0x03, 0x15,
  0xfd, 0x14, 0x02, 0x14, 0x00, 0x13, 0xfe, 0x11, 0x03, 0x12, 0xfd, 0x10,
  0x02, 0x10, 0x00, 0x0f, 0xfe, 0x0d, 0x03, 0x0d, 0xfc, 0x0b, 0x04, 0x0b,
  0xfd, 0x09, 0x01, 0x09, 0x01, 0x08, 0xfe, 0x06, 0x02, 0x06, 0xff, 0x03,
  0x00, 0x03, 0x01, 0x02, 0xfe, 0x00, 0x03, 0xff, 0xfd, 0xfd, 0x03, 0xfd,
  0xfd, 0xfb, 0x02, 0xfb, 0xff, 0xf8, 0x01, 0xf8, 0xff, 0xf6, 0x00, 0xf5,
  0x01, 0xf4, 0xff, 0xf2, 0x01, 0xf2, 0x00, 0xf1, 0xfe, 0xef, 0x03, 0xee,
  0xfd, 0xec, 0x03, 0xec, 0xfd, 0xea, 0x03, 0xea, 0xfd, 0xe8, 0x02, 0xe8,
  0xff, 0xe6, 0x00, 0xe6, 0x01, 0xe6, 0xff, 0xe4, 0x01, 0xe4, 0xff, 0xe2,
  0x00, 0xe3, 0x01, 0xe2, 0xff, 0xe0, 0x01, 0xe1, 0xff, 0xdf, 0x01, 0xe0,
  0xff, 0xde, 0x02, 0xdf, 0xfd, 0xde, 0x03, 0xde, 0xfd, 0xdd, 0x03, 0xde,
  0xfe, 0xdc, 0x01, 0xdd, 0x00, 0xdd, 0xfe, 0xdc, 0x04, 0xdd, 0xfb, 0xdc,
  0x05, 0xdd, 0xfc, 0xdc, 0x02, 0xdd, 0x01, 0xdd, 0xfd, 0xdc, 0x04, 0xdd,
  0xfc, 0xdc, 0x03, 0xdd, 0xff, 0xdc, 0x00, 0xdd, 0x00, 0xdd, 0x00, 0xdd,
  0x00, 0xde, 0x00, 0xde, 0x00, 0xde, 0x00, 0xde, 0x01, 0xde, 0xfe, 0xde,
  0x01, 0xdf, 0x00, 0xdf, 0xff, 0xde, 0x02, 0xe0, 0xff, 0xdf, 0xff, 0xdf,
  0x02, 0xe0, 0xfd, 0xdf, 0x03, 0xe1, 0xff, 0xe0, 0xff, 0xe0, 0x02, 0xe2,
  0xfe, 0xe1, 0x02, 0xe2, 0xfe, 0xe1, 0x01, 0xe3, 0x00, 0xe3, 0x00, 0xe3,
  0x00, 0xe3, 0xff, 0xe3, 0x01, 0xe4, 0x00, 0xe4, 0xff, 0xe4, 0x01, 0xe5,
  0xff, 0xe5, 0x01, 0xe6, 0x00, 0xe6, 0xff, 0xe6, 0x01, 0xe7, 0xff, 0xe7,
  0x01, 0xe8, 0xff, 0xe8, 0x01, 0xe9, 0xff, 0xe9, 0x01, 0xea, 0xff, 0xea,
  0x01, 0xec, 0xfe, 0xec, 0x03, 0xed, 0xfd, 0xed, 0x02, 0xef, 0xff, 0xee,
  0x00, 0xf0, 0x01, 0xf1, 0xff, 0xf1, 0x00, 0xf3, 0x00, 0xf4, 0x00, 0xf5,
  0x00, 0xf6, 0x01, 0xf7, 0xff, 0xf7, 0x00, 0xf9, 0x01, 0xfa, 0xfe, 0xfa,
  0x02, 0xfc, 0x00, 0xfd, 0xff, 0xfd, 0x01, 0x00, 0xff, 0x00, 0x00, 0x02,
  0x01, 0x03, 0xff, 0x04, 0x01, 0x06, 0xff, 0x06, 0x00, 0x08, 0x01, 0x09,
  0xfe, 0x09, 0x03, 0x0b, 0xfd, 0x0b, 0x02, 0x0e, 0xff, 0x0e, 0x01, 0x10,
  0xff, 0x10, 0x01, 0x12, 0xff, 0x12, 0x00, 0x14, 0x02, 0x15, 0xfd, 0x15,
  0x03, 0x17, 0xfe, 0x17, 0x00, 0x19, 0x01, 0x19, 0xff, 0x19, 0x01, 0x1b,
  0xff, 0x1a, 0x01, 0x1c, 0xff, 0x1c, 0x01, 0x1d, 0xff, 0x1d, 0x01, 0x1e,
  0xff, 0x1e, 0x01, 0x1f, 0xff, 0x1f, 0x01, 0x20, 0xff, 0x20, 0x01, 0x21,
  0xfe, 0x20, 0x03, 0x21, 0xfd, 0x21, 0x03, 0x22, 0xfe, 0x21, 0x00, 0x23,
  0x01, 0x23, 0xff, 0x22, 0x01, 0x23, 0xff, 0x22, 0x01, 0x23, 0xff, 0x22,
  0x00, 0x23, 0x00, 0x23, 0x00, 0x23, 0x00, 0x23, 0x00, 0x23, 0x00, 0x23,
  0x00, 0x23, 0x00, 0x23, 0x01, 0x23, 0xfe, 0x21, 0x03, 0x22, 0xfc, 0x21,
  0x04, 0x22, 0xfd, 0x21, 0x03, 0x21, 0xfd, 0x20, 0x02, 0x21, 0xfe, 0x20,
  0x01, 0x20, 0x01, 0x20, 0xfe, 0x1f, 0x02, 0x20, 0xfd, 0x1f, 0x04, 0x1f,
  0xfd, 0x1e, 0x03, 0x1f, 0xfc, 0x1d, 0x04, 0x1e, 0xfd, 0x1d, 0x04, 0x1e,
  0xfc, 0x1c, 0x02, 0x1d, 0x00, 0x1d, 0xff, 0x1b, 0x02, 0x1c, 0xfd, 0x1b,
  0x03, 0x1b, 0xfe, 0x1a, 0x01, 0x1b, 0x00, 0x1a, 0xff, 0x19, 0x01, 0x19,
  0x00, 0x19, 0x00, 0x19, 0x00, 0x18, 0x00, 0x18, 0xff, 0x16, 0x02, 0x16,
  0xfe, 0x15, 0x02, 0x16, 0xfd, 0x14, 0x04, 0x14, 0xfc, 0x12, 0x03, 0x13,
  0xfe, 0x11, 0x00, 0x11, 0x02, 0x10, 0xfe, 0x0e, 0x01, 0x0e, 0x00, 0x0e,
  0xff, 0x0c, 0x01, 0x0c, 0x00, 0x0b, 0xff, 0x09, 0x01, 0x08, 0x00, 0x07,
  0xff, 0x05, 0x02, 0x05, 0xfd, 0x03, 0x03, 0x03, 0xfd, 0x00, 0x02, 0x00,
  0x00, 0xff, 0x00, 0xfe, 0x00, 0xfd, 0xff, 0xfa, 0x00, 0xfa, 0x01, 0xf8,
  0x00, 0xf7, 0x00, 0xf6, 0xff, 0xf4, 0x01, 0xf4, 0xff, 0xf1, 0x02, 0xf1,
  0xfe, 0xef, 0x01, 0xef, 0xff, 0xed, 0x01, 0xed, 0xff, 0xeb, 0x02, 0xea,
  0xfe, 0xe8, 0x01, 0xe8, 0x00, 0xe7, 0xff, 0xe6, 0x01, 0xe6, 0xff, 0xe4,
  0x02, 0xe4, 0xfd, 0xe2, 0x04, 0xe3, 0xfb, 0xe1, 0x04, 0xe1, 0xfe, 0xe0,
  0x01, 0xe0, 0x00, 0xe0, 0xff, 0xde, 0x01, 0xdf, 0xff, 0xdd, 0x02, 0xde,
  0xfe, 0xdd, 0x01, 0xdd, 0x00, 0xdd, 0x00, 0xdd, 0x00, 0xdd, 0x00, 0xdd,
  0x00, 0xdc, 0x00, 0xdc, 0x01, 0xdc, 0xff, 0xdb, 0x00, 0xdc, 0x01, 0xdc,
  0xfe, 0xdb, 0x02, 0xdc, 0x00, 0xdc, 0xfe, 0xdb, 0x02, 0xdd, 0xff, 0xdc,
  0xff, 0xdc, 0x03, 0xdd, 0xfc, 0xdc, 0x03, 0xdd, 0xff, 0xdc, 0x00, 0xdd,
  0x00, 0xde, 0xff, 0xdd, 0x02, 0xde, 0xfe, 0xde, 0x02, 0xdf, 0xfe, 0xde,
  0x01, 0xdf, 0x01, 0xe0, 0xfe, 0xdf, 0x02, 0xe0, 0xff, 0xdf, 0xff, 0xe0,
  0x03, 0xe1, 0xfc, 0xe0, 0x05, 0xe2, 0xfa, 0xe1, 0x06, 0xe2, 0xfb, 0xe1,
  0x03, 0xe3, 0xff, 0xe2, 0x00, 0xe3, 0x00, 0xe4, 0x00, 0xe4, 0x01, 0xe4,
  0xfd, 0xe3, 0x04, 0xe5, 0xfc, 0xe4, 0x03, 0xe5, 0xfe, 0xe5, 0x01, 0xe6,
  0x00, 0xe6, 0xff, 0xe6, 0x02, 0xe7, 0xfd, 0xe7, 0x03, 0xe8, 0xfe, 0xe8,
  0x00, 0xe9, 0x01, 0xea, 0xff, 0xe9, 0x01, 0xeb, 0xff, 0xeb, 0x00, 0xec,
  0x00, 0xed, 0x00, 0xee, 0x00, 0xee, 0x00, 0xef, 0xff, 0xef, 0x02, 0xf1,
  0xfe, 0xf1, 0x01, 0xf3, 0xff, 0xf3, 0x00, 0xf5, 0x01, 0xf6, 0xff, 0xf6,
  0x01, 0xf8, 0xfe, 0xf8, 0x03, 0xfa, 0xfd, 0xfb, 0x03, 0xfd, 0xfd, 0xfd,
  0x02, 0x00, 0xff, 0x00, 0x01, 0x02, 0x00, 0x04, 0xff, 0x04, 0x01, 0x06,
  0x00, 0x07, 0xff, 0x07, 0x02, 0x0a, 0xfd, 0x0a, 0x03, 0x0c, 0xfe, 0x0c,
  0x01, 0x0f, 0x00, 0x10, 0xff, 0x10, 0x01, 0x12, 0x00, 0x13, 0xff, 0x13,
  0x01, 0x15, 0x00, 0x16, 0xff, 0x16, 0x02, 0x18, 0xfe, 0x18, 0x00, 0x1a,
  0x02, 0x1a, 0xfd, 0x1a, 0x03, 0x1c, 0xfe, 0x1b, 0x01, 0x1d, 0xff, 0x1d,
  0x02, 0x1e, 0xfd, 0x1e, 0x03, 0x1f, 0xfe, 0x1e, 0x01, 0x20, 0x00, 0x20,
  0x00, 0x20, 0x00, 0x21, 0x00, 0x21, 0x00, 0x21, 0x00, 0x22, 0x00, 0x22,
  0x00, 0x22, 0x00, 0x22, 0x00, 0x22, 0x00, 0x22, 0x00, 0x22, 0x00, 0x22,
  0x00, 0x23, 0x00, 0x23, 0x00, 0x23, 0x00, 0x23, 0x00, 0x23, 0x00, 0x23,
  0x01, 0x22, 0xfe, 0x21, 0x02, 0x22, 0xff, 0x21, 0xff, 0x21, 0x03, 0x22,
  0xfb, 0x21, 0x06, 0x21, 0xfb, 0x20, 0x03, 0x21, 0xff, 0x20, 0xfe, 0x20,
  0x05, 0x21, 0xfb, 0x1f, 0x03, 0x20, 0xff, 0x1f, 0xff, 0x1f, 0x03, 0x1f,
  0xfd, 0x1e, 0x02, 0x1f, 0xff, 0x1e, 0x00, 0x1e, 0x01, 0x1e, 0xff, 0x1d,
  0x01, 0x1d, 0xfe, 0x1c, 0x03, 0x1d, 0xfc, 0x1c, 0x04, 0x1c, 0xfd, 0x1b,
  0x03, 0x1c, 0xfd, 0x1a, 0x03, 0x1b, 0xfc, 0x1a, 0x04, 0x1a, 0xfd, 0x19,
  0x03, 0x19, 0xfd, 0x18, 0x03, 0x18, 0xfd, 0x17, 0x02, 0x17, 0xfe, 0x16,
  0x03, 0x16, 0xfd, 0x15, 0x03, 0x15, 0xfd, 0x14, 0x01, 0x14, 0x02, 0x13,
  0xfd, 0x12, 0x03, 0x12, 0xfd, 0x10, 0x02, 0x10, 0x00, 0x0f, 0xff, 0x0d,
  0x01, 0x0d, 0xff, 0x0c, 0x01, 0x0c, 0xff, 0x0a, 0x01, 0x0a, 0xfe, 0x08,
  0x03, 0x07, 0xfd, 0x05, 0x02, 0x05, 0xff, 0x03, 0xff, 0x01, 0x02, 0x01,
  0xff, 0xff, 0xff, 0xfe, 0x02, 0xfe, 0xfd, 0xfb, 0x03, 0xfb, 0xfe, 0xf9,
  0x01, 0xf9, 0xff, 0xf6, 0x01, 0xf6, 0xff, 0xf4, 0x01, 0xf3, 0xff, 0xf1,
  0x01, 0xf1, 0xff, 0xef, 0x02, 0xef, 0xfd, 0xed, 0x03, 0xed, 0xfd, 0xeb,
  0x03, 0xeb, 0xfe, 0xe9, 0x01, 0xe9, 0xff, 0xe7, 0x01, 0xe7, 0xff, 0xe5,
  0x02, 0xe5, 0xfe, 0xe3, 0x01, 0xe4, 0xff, 0xe2, 0x01, 0xe2, 0x00, 0xe1,
  0x00, 0xe1, 0xff, 0xdf, 0x01, 0xe0, 0xff, 0xde, 0x01, 0xdf, 0x00, 0xdf,
  0xfe, 0xdd, 0x03, 0xde, 0xfd, 0xdc, 0x02, 0xdd, 0xff, 0xdc, 0x01, 0xdd,
  0xff, 0xdc, 0x01, 0xdd, 0xfe, 0xdb, 0x03, 0xdc, 0xfd, 0xdb, 0x04, 0xdc,
  0xfb, 0xdb, 0x04, 0xdc, 0xfd, 0xdb, 0x03, 0xdc, 0xfd, 0xdb, 0x03, 0xdc,
  0xfd, 0xdb, 0x02, 0xdc, 0xff, 0xdc, 0x00, 0xdd, 0x01, 0xdd, 0xfe, 0xdc,
  0x02, 0xdd, 0xff, 0xdc, 0x00, 0xdd, 0x01, 0xde, 0xfe, 0xdd, 0x01, 0xde,
  0x00, 0xde, 0x00, 0xdf, 0x00, 0xdf, 0x01, 0xdf, 0xfe, 0xde, 0x01, 0xe0,
  0x01, 0xe0, 0xfe, 0xdf, 0x02, 0xe0, 0xff, 0xe0, 0xff, 0xe0, 0x03, 0xe1,
  0xfc, 0xe1, 0x04, 0xe2, 0xfd, 0xe1, 0x02, 0xe2, 0xff, 0xe2, 0x00, 0xe3,
  0x01, 0xe3, 0xff, 0xe2, 0x01, 0xe4, 0x00, 0xe4, 0xff, 0xe3, 0x01, 0xe5,
  0xff, 0xe4, 0x00, 0xe5, 0x02, 0xe5, 0xfe, 0xe5, 0x01, 0xe6, 0xff, 0xe5,
  0x00, 0xe7, 0x01, 0xe7, 0xff, 0xe7, 0x02, 0xe8, 0xfc, 0xe8, 0x05, 0xe9,
  0xfb, 0xe9, 0x05, 0xea, 0xfc, 0xea, 0x02, 0xeb, 0xff, 0xeb, 0x01, 0xed,
  0xff, 0xec, 0x02, 0xee, 0xfd, 0xee, 0x03, 0xf0, 0xfe, 0xf0, 0x01, 0xf2,
  0x00, 0xf3, 0x00, 0xf4, 0xff, 0xf4, 0x02, 0xf6, 0xfe, 0xf6, 0x01, 0xf8,
  0x00, 0xf9, 0x00, 0xfa, 0x00, 0xfb, 0x01, 0xfd, 0xfd, 0xfd, 0x04, 0xff,
  0xfc, 0xff, 0x04, 0x02, 0xfd, 0x02, 0x02, 0x04, 0xff, 0x04, 0x00, 0x07,
  0x00, 0x08, 0x00, 0x09, 0x01, 0x0a, 0xfe, 0x0b, 0x03, 0x0d, 0xfd, 0x0d,
  0x02, 0x0f, 0xff, 0x0f, 0xff, 0x10, 0x02, 0x13, 0xff, 0x13, 0x00, 0x15,
  0x01, 0x16, 0xfe, 0x16, 0x01, 0x18, 0x01, 0x18, 0xfe, 0x18, 0x02, 0x1a,
  0xfe, 0x1a, 0x02, 0x1c, 0xfe, 0x1b, 0x02, 0x1d, 0xfe, 0x1c, 0x01, 0x1e,
  0x01, 0x1e, 0xfd, 0x1e, 0x03, 0x1f, 0xfe, 0x1f, 0x02, 0x20, 0xfe, 0x1f,
  0x01, 0x21, 0x00, 0x21, 0x00, 0x21, 0x00, 0x21, 0x00, 0x22, 0xff, 0x21,
  0x02, 0x22, 0xfe, 0x21, 0x01, 0x22, 0x00, 0x22, 0x00, 0x22, 0xff, 0x21,
  0x02, 0x22, 0xfe, 0x21, 0x01, 0x22, 0x01, 0x22, 0xfd, 0x21, 0x04, 0x22,
  0xfc, 0x21, 0x03, 0x22, 0xfe, 0x20, 0x01, 0x21, 0x00, 0x21, 0x00, 0x21,
  0xff, 0x20, 0x01, 0x21, 0xff, 0x1f, 0x01, 0x20, 0x00, 0x20, 0xff, 0x1f,
  0x01, 0x1f, 0xff, 0x1e, 0x01, 0x1f, 0x00, 0x1f, 0xff, 0x1d, 0x00, 0x1e,
  0x02, 0x1e, 0xfd, 0x1d, 0x03, 0x1d, 0xfe, 0x1c, 0x01, 0x1d, 0xff, 0x1b,
  0x02, 0x1c, 0xfd, 0x1a, 0x04, 0x1b, 0xfc, 0x1a, 0x04, 0x1a, 0xfc, 0x19,
  0x03, 0x19, 0xff, 0x18, 0xff, 0x17, 0x03, 0x18, 0xfc, 0x16, 0x04, 0x17,
  0xfc, 0x15, 0x04, 0x15, 0xfc, 0x14, 0x03, 0x14, 0xff, 0x12, 0x00, 0x13,
  0xff, 0x11, 0x01, 0x11, 0xff, 0x0f, 0x01, 0x0f, 0x00, 0x0e, 0xff, 0x0c,
  0x01, 0x0c, 0xff, 0x0a, 0x00, 0x0a, 0x00, 0x09, 0x00, 0x08, 0x01, 0x07,
  0xff, 0x05, 0x01, 0x05, 0xfd, 0x02, 0x04, 0x02, 0xfd, 0x00, 0x02, 0xff,
  0xff, 0xfd, 0x00, 0xfd, 0x00, 0xfb, 0x00, 0xfa, 0x00, 0xf9, 0x00, 0xf8,
  0x00, 0xf7, 0x00, 0xf5, 0xff, 0xf3, 0x01, 0xf3, 0xff, 0xf1, 0x02, 0xf0,
  0xfd, 0xee, 0x04, 0xee, 0xfb, 0xec, 0x04, 0xec, 0xfe, 0xea, 0x01, 0xea,
  0x00, 0xe9, 0xff, 0xe7, 0x01, 0xe7, 0xff, 0xe5, 0x02, 0xe5, 0xfd, 0xe3,
  0x02, 0xe4, 0x00, 0xe3, 0xff, 0xe1, 0x01, 0xe1, 0xff, 0xe0, 0x01, 0xe0,
  0x00, 0xe0, 0xff, 0xdf, 0x01, 0xdf, 0xff, 0xde, 0x02, 0xde, 0xfe, 0xdd,
  0x02, 0xdd, 0xfd, 0xdc, 0x03, 0xdd, 0xfe, 0xdc, 0x01, 0xdd, 0x00, 0xdd,
  0x00, 0xdc, 0x00, 0xdc, 0xff, 0xdb, 0x02, 0xdd, 0xfe, 0xdc, 0x02, 0xdd,
  0xfe, 0xdb, 0x01, 0xdc, 0x00, 0xdd, 0x01, 0xdd, 0xfe, 0xdc, 0x01, 0xdd,
  0x00, 0xdd, 0x00, 0xdd, 0x01, 0xde, 0xfe, 0xdd, 0x02, 0xde, 0xff, 0xdd,
  0x00, 0xdf, 0x02, 0xdf, 0xfc, 0xde, 0x05, 0xdf, 0xfc, 0xde, 0x02, 0xe0,
  0xff, 0xdf, 0x00, 0xe0, 0x01, 0xe0, 0xff, 0xe0, 0x00, 0xe1, 0x00, 0xe1,
  0x00, 0xe1, 0x01, 0xe2, 0xfe, 0xe1, 0x02, 0xe2, 0xfd, 0xe1, 0x04, 0xe2,
  0xfe, 0xe2, 0xff, 0xe2, 0x03, 0xe3, 0xfb, 0xe2, 0x06, 0xe4, 0xfb, 0xe3,
  0x04, 0xe4, 0xfc, 0xe4, 0x04, 0xe5, 0xfc, 0xe4, 0x03, 0xe6, 0xff, 0xe5,
  0x00, 0xe7, 0x00, 0xe7, 0x00, 0xe7, 0x00, 0xe8, 0xff, 0xe7, 0x02, 0xe9,
  0xfe, 0xe9, 0x02, 0xea, 0xfe, 0xea, 0x02, 0xeb, 0xfe, 0xeb, 0x01, 0xed,
  0x00, 0xee, 0x00, 0xee, 0x00, 0xef, 0x00, 0xf0, 0x00, 0xf1, 0x00, 0xf2,
  0x01, 0xf2, 0xfe, 0xf2, 0x01, 0xf4, 0x01, 0xf5, 0xfe, 0xf5, 0x02, 0xf8,
  0xfe, 0xf8, 0x01, 0xfa, 0x00, 0xfb, 0x00, 0xfc, 0x00, 0xfd, 0xff, 0xfe,
  0x01, 0x00, 0xff, 0x00, 0x01, 0x02, 0x01, 0x03, 0xfd, 0x04, 0x04, 0x06,
  0xfb, 0x06, 0x05, 0x09, 0xfd, 0x09, 0x01, 0x0b, 0x01, 0x0c, 0xfd, 0x0c,
  0x04, 0x0e, 0xfc, 0x0e, 0x04, 0x11, 0xfd, 0x11, 0x02, 0x13, 0xff, 0x13,
  0x00, 0x15, 0x01, 0x16, 0xff, 0x16, 0x00, 0x18, 0x02, 0x19, 0xfd, 0x18,
  0x03, 0x1a, 0xfd, 0x1a, 0x02, 0x1c, 0xff, 0x1b, 0x00, 0x1d, 0x01, 0x1e,
  0xfe, 0x1d, 0x02, 0x1e, 0xff, 0x1e, 0x00, 0x1f, 0x00, 0x20, 0x01, 0x20,
  0xfe, 0x1f, 0x03, 0x21, 0xfc, 0x20, 0x03, 0x21, 0xff, 0x21, 0x00, 0x22,
  0x02, 0x22, 0xfb, 0x22, 0x05, 0x23, 0xfc, 0x22, 0x04, 0x23, 0xfd, 0x22,
  0x02, 0x23, 0xfe, 0x22, 0x01, 0x23, 0x01, 0x23, 0xfd, 0x22, 0x05, 0x23,
  0xf9, 0x22, 0x08, 0x23, 0xf8, 0x22, 0x07, 0x23, 0xfa, 0x22, 0x05, 0x23,
  0xfd, 0x21, 0x02, 0x22, 0xfe, 0x21, 0x02, 0x22, 0xfe, 0x21, 0x03, 0x21,
  0xfd, 0x20, 0x02, 0x21, 0xff, 0x20, 0x00, 0x21, 0x01, 0x20, 0xff, 0x1f,
  0x01, 0x20, 0xfe, 0x1e, 0x02, 0x1f, 0xfe, 0x1e, 0x02, 0x1f, 0xff, 0x1e,
  0xff, 0x1d, 0x02, 0x1e, 0xfe, 0x1c, 0x01, 0x1d, 0x00, 0x1d, 0xff, 0x1c,
  0x02, 0x1d, 0xfd, 0x1b, 0x03, 0x1c, 0xfd, 0x1b, 0x03, 0x1b, 0xfe, 0x1a,
  0x01, 0x1b, 0xff, 0x19, 0x01, 0x1a, 0xff, 0x19, 0x01, 0x19, 0x00, 0x19,
  0xff, 0x17, 0x01, 0x18, 0xff, 0x17, 0x01, 0x17, 0x00, 0x17, 0xff, 0x15,
  0x01, 0x15, 0xff, 0x14, 0x02, 0x15, 0xfe, 0x13, 0x02, 0x13, 0xfd, 0x11,
  0x03, 0x11, 0xff, 0x0f, 0xff, 0x0f, 0x03, 0x0f, 0xfb, 0x0d, 0x06, 0x0d,
  0xfa, 0x0b, 0x06, 0x0b, 0xfb, 0x09, 0x03, 0x09, 0xff, 0x07, 0xff, 0x06,
  0x02, 0x05, 0xff, 0x03, 0x00, 0x03, 0x00, 0x02, 0x00, 0x01, 0x00, 0xff,
  0x00, 0xfe, 0x01, 0xfd, 0xfd, 0xfa, 0x04, 0xfa, 0xfc, 0xf8, 0x03, 0xf8,
  0xfe, 0xf6, 0x01, 0xf5, 0x00, 0xf3, 0xff, 0xf2, 0x01, 0xf2, 0xff, 0xf0,
  0x01, 0xef, 0xff, 0xed, 0x00, 0xed, 0x01, 0xec, 0xff, 0xea, 0x01, 0xea,
  0xff, 0xe8, 0x00, 0xe8, 0x00, 0xe7, 0x00, 0xe6, 0x00, 0xe5, 0x01, 0xe4,
  0xff, 0xe3, 0x00, 0xe3, 0x00, 0xe2, 0x00, 0xe2, 0x00, 0xe1, 0x01, 0xe0,
  0xfe, 0xdf, 0x02, 0xe0, 0xfe, 0xde, 0x02, 0xdf, 0xff, 0xdd, 0x00, 0xde,
  0x00, 0xdd, 0xff, 0xdc, 0x02, 0xdd, 0xff, 0xdc, 0x01, 0xdd, 0xff, 0xdc,
  0xff, 0xdb, 0x02, 0xdc, 0xff, 0xdb, 0x00, 0xdc, 0x01, 0xdc, 0xfd, 0xdb,
  0x04, 0xdc, 0xfc, 0xdb, 0x03, 0xdc, 0xfe, 0xdb, 0x01, 0xdc, 0xff, 0xdb,
  0x01, 0xdd, 0xff, 0xdc, 0x01, 0xdd, 0xff, 0xdc, 0x01, 0xdd, 0xff, 0xdc,
  0x01, 0xde, 0x00, 0xde, 0xff, 0xdd, 0x01, 0xde, 0xff, 0xdd, 0x01, 0xdf,
  0xff, 0xde, 0x01, 0xdf, 0xff, 0xdf, 0x00, 0xe0, 0x01, 0xe0, 0xfe, 0xdf,
  0x03, 0xe1, 0xfc, 0xe0, 0x04, 0xe1, 0xfd, 0xe1, 0x01, 0xe2, 0x01, 0xe2,
  0xfd, 0xe1, 0x04, 0xe3, 0xfc, 0xe2, 0x03, 0xe3, 0xfe, 0xe3, 0x00, 0xe4,
  0x02, 0xe4, 0xfd, 0xe4, 0x03, 0xe5, 0xfe, 0xe4, 0x00, 0xe6, 0x02, 0xe6,
  0xfd, 0xe5, 0x03, 0xe7, 0xfe, 0xe6, 0x00, 0xe8, 0x01, 0xe8, 0xff, 0xe8,
  0x01, 0xe9, 0xff, 0xe9, 0x00, 0xeb, 0x00, 0xeb, 0x01, 0xec, 0xfe, 0xec,
  0x03, 0xee, 0xfd, 0xed, 0x02, 0xef, 0xff, 0xef, 0xff, 0xf0, 0x03, 0xf2,
  0xfd, 0xf2, 0x02, 0xf4, 0x00, 0xf5, 0xfd, 0xf5, 0x04, 0xf7, 0xfd, 0xf7,
  0x02, 0xf9, 0x00, 0xfa, 0xfe, 0xfa, 0x02, 0xfd, 0xff, 0xfd, 0x00, 0xff,
  0x01, 0x00, 0xfe, 0x01, 0x02, 0x03, 0xff, 0x03, 0x01, 0x05, 0xff, 0x05,
  0x00, 0x07, 0x00, 0x09, 0x01, 0x0a, 0x00, 0x0b, 0x00, 0x0c, 0xff, 0x0d,
  0x01, 0x0f, 0xff, 0x0f, 0x01, 0x11, 0x00, 0x12, 0xff, 0x12, 0x02, 0x14,
  0xfd, 0x14, 0x03, 0x16, 0xfd, 0x16, 0x03, 0x18, 0xfe, 0x18, 0x01, 0x19,
  0xff, 0x19, 0x01, 0x1b, 0xff, 0x1a, 0x01, 0x1c, 0x00, 0x1d, 0xff, 0x1c,
  0x01, 0x1e, 0x00, 0x1e, 0xff, 0x1e, 0x02, 0x1f, 0xfd, 0x1f, 0x03, 0x20,
  0xfe, 0x1f, 0x01, 0x21, 0x00, 0x21, 0x00, 0x21, 0x00, 0x21, 0xff, 0x20,
  0x02, 0x21, 0xfe, 0x21, 0x02, 0x22, 0xff, 0x21, 0xff, 0x21, 0x02, 0x22,
  0xfe, 0x21, 0x02, 0x22, 0xfe, 0x21, 0x01, 0x22, 0x00, 0x22, 0x00, 0x22,
  0x00, 0x21, 0x00, 0x21, 0x00, 0x21, 0x00, 0x21, 0x00, 0x21, 0x00, 0x21,
  0x00, 0x21, 0x01, 0x20, 0xfe, 0x1f, 0x02, 0x20, 0xff, 0x1f, 0x00, 0x20,
  0x01, 0x1f, 0xff, 0x1e, 0x00, 0x1f, 0x01, 0x1f, 0xff, 0x1d, 0x01, 0x1e,
  0xff, 0x1d, 0x00, 0x1e, 0x01, 0x1d, 0xff, 0x1c, 0x01, 0x1c, 0xff, 0x1b,
  0x00, 0x1c, 0x01, 0x1c, 0xfe, 0x1a, 0x03, 0x1b, 0xfc, 0x19, 0x04, 0x1a,
  0xfd, 0x18, 0x02, 0x19, 0xff, 0x17, 0x00, 0x18, 0x00, 0x17, 0x00, 0x17,
  0x01, 0x16, 0xfe, 0x14, 0x02, 0x14, 0xff, 0x13, 0x00, 0x13, 0x00, 0x13,
  0x00, 0x12, 0xff, 0x10, 0x02, 0x10, 0xfe, 0x0e, 0x01, 0x0e, 0x00, 0x0d,
  0xff, 0x0b, 0x01, 0x0b, 0x00, 0x0a, 0x00, 0x08, 0xff, 0x06, 0x02, 0x06,
  0xfd, 0x04, 0x04, 0x04, 0xfc, 0x02, 0x03, 0x01, 0xff, 0xff, 0xff, 0xfd,
  0x02, 0xfd, 0xfe, 0xfb, 0x01, 0xfb, 0x00, 0xf9, 0x00, 0xf7, 0xff, 0xf5,
  0x01, 0xf5, 0x00, 0xf4, 0xff, 0xf2, 0x02, 0xf1, 0xfe, 0xef, 0x00, 0xef,
  0x01, 0xed, 0xff, 0xeb, 0x02, 0xeb, 0xfe, 0xe9, 0x01, 0xe9, 0xff, 0xe7,
  0x00, 0xe7, 0x03, 0xe6, 0xfb, 0xe4, 0x05, 0xe4, 0xfb, 0xe3, 0x05, 0xe3,
  0xfc, 0xe1, 0x03, 0xe1, 0xfe, 0xe0, 0x01, 0xe0, 0x00, 0xe0, 0x00, 0xe0,
  0xff, 0xde, 0x02, 0xdf, 0xfe, 0xdd, 0x02, 0xde, 0xfe, 0xdc, 0x02, 0xdd,
  0xfe, 0xdc, 0x01, 0xdd, 0x00, 0xdd, 0x00, 0xdc, 0x00, 0xdc, 0x00, 0xdc,
  0xff, 0xdb, 0x01, 0xdc, 0x01, 0xdc, 0xfe, 0xdb, 0x02, 0xdc, 0xfe, 0xdb,
  0x02, 0xdc, 0xfe, 0xdb, 0x03, 0xdc, 0xfc, 0xdc, 0x05, 0xdd, 0xfb, 0xdb,
  0x04, 0xdc, 0xfd, 0xdc, 0x02, 0xdd, 0xff, 0xdc, 0x01, 0xdd, 0xff, 0xdd,
  0x00, 0xde, 0x01, 0xde, 0xfe, 0xdd, 0x02, 0xde, 0xff, 0xde, 0x00, 0xdf,
  0x00, 0xdf, 0x00, 0xdf, 0xff, 0xdf, 0x03, 0xe0, 0xfc, 0xdf, 0x04, 0xe1,
  0xfc, 0xe0, 0x03, 0xe1, 0xff, 0xe0, 0x00, 0xe1, 0x00, 0xe2, 0x00, 0xe2,
  0x00, 0xe2, 0x00, 0xe2, 0x00, 0xe3, 0x00, 0xe3, 0xff, 0xe2, 0x02, 0xe3,
  0xff, 0xe3, 0xff, 0xe3, 0x02, 0xe4, 0xfd, 0xe3, 0x03, 0xe5, 0xfe, 0xe4,
  0x01, 0xe6, 0x00, 0xe6, 0xff, 0xe6, 0x01, 0xe7, 0xff, 0xe6, 0x00, 0xe8,
  0x01, 0xe8, 0xff, 0xe8, 0x00, 0xea, 0x01, 0xea, 0xfe, 0xea, 0x02, 0xeb,
  0xfe, 0xeb, 0x02, 0xec, 0xfe, 0xec, 0x02, 0xee, 0xfe, 0xee, 0x02, 0xf0,
  0xff, 0xf0, 0x00, 0xf1, 0x00, 0xf2, 0x00, 0xf3, 0x00, 0xf4, 0x01, 0xf5,
  0xfe, 0xf5, 0x03, 0xf7, 0xfc, 0xf7, 0x04, 0xf9, 0xfd, 0xfa, 0x02, 0xfc,
  0xff, 0xfc, 0x00, 0xfe, 0x01, 0xff, 0xfe, 0xff, 0x02, 0x02, 0xff, 0x02,
  0x00, 0x04, 0x00, 0x06, 0x01, 0x07, 0xfd, 0x07, 0x04, 0x09, 0xfc, 0x0a,
  0x03, 0x0c, 0xfe, 0x0c, 0x01, 0x0e, 0x00, 0x0f, 0xff, 0x0f, 0x02, 0x11,
  0xfd, 0x11, 0x03, 0x14, 0xfe, 0x14, 0x02, 0x15, 0xfd, 0x15, 0x03, 0x17,
  0xfe, 0x17, 0x02, 0x19, 0xfe, 0x19, 0x01, 0x1b, 0x00, 0x1b, 0x00, 0x1c,
  0x00, 0x1d, 0x00, 0x1d, 0x00, 0x1e, 0x00, 0x1e, 0x00, 0x1f, 0x00, 0x20,
  0x00, 0x20, 0x00, 0x20, 0x00, 0x20, 0xff, 0x20, 0x02, 0x21, 0xfe, 0x21,
  0x02, 0x22, 0xfe, 0x21, 0x01, 0x22, 0x00, 0x22, 0xff, 0x22, 0x02, 0x23,
  0xfe, 0x22, 0x01, 0x23, 0x00, 0x23, 0xff, 0x22, 0x01, 0x23, 0x00, 0x23,
  0xff, 0x22, 0x01, 0x23, 0x00, 0x23, 0xff, 0x22, 0x02, 0x23, 0xfd, 0x22,
  0x03, 0x23, 0xfd, 0x22, 0x03, 0x23, 0xfe, 0x22, 0x01, 0x22, 0xff, 0x21,
  0x00, 0x22, 0x01, 0x22, 0xff, 0x20, 0x01, 0x21, 0xff, 0x20, 0x00, 0x21,
  0x00, 0x20, 0x00, 0x20, 0x01, 0x20, 0xfe, 0x1e, 0x03, 0x1f, 0xfc, 0x1e,
  0x04, 0x1f, 0xfc, 0x1d, 0x04, 0x1e, 0xfd, 0x1d, 0x01, 0x1e, 0x00, 0x1d,
  0x00, 0x1d, 0x00, 0x1d, 0x01, 0x1c, 0xfd, 0x1b, 0x03, 0x1c, 0xfe, 0x1b,
  0x02, 0x1b, 0xff, 0x1a, 0x00, 0x1b, 0x00, 0x1a, 0x00, 0x1a, 0x01, 0x1a,
  0xfe, 0x18, 0x03, 0x19, 0xfc, 0x18, 0x05, 0x18, 0xfb, 0x16, 0x04, 0x17,
  0xfd, 0x15, 0x02, 0x16, 0xff, 0x14, 0x00, 0x15, 0x01, 0x14, 0xfe, 0x13,
  0x03, 0x13, 0xfd, 0x11, 0x02, 0x11, 0xff, 0x10, 0x00, 0x10, 0x01, 0x0f,
  0xff, 0x0d, 0x01, 0x0d, 0xff, 0x0b, 0x00, 0x0b, 0x00, 0x0a, 0x01, 0x08,
  0x00, 0x08, 0xff, 0x06, 0x01, 0x06, 0xfe, 0x03, 0x03, 0x03, 0xfe, 0x01,
  0x00, 0x01, 0x02, 0x00, 0xfd, 0xfd, 0x03, 0xfd, 0xfe, 0xfb, 0x00, 0xfa,
  0x01, 0xf9, 0xff, 0xf7, 0x01, 0xf7, 0x00, 0xf5, 0xfe, 0xf3, 0x02, 0xf3,
  0x00, 0xf2, 0xfe, 0xef, 0x03, 0xef, 0xfd, 0xed, 0x02, 0xee, 0x00, 0xed,
  0xff, 0xea, 0x01, 0xea, 0xff, 0xe8, 0x01, 0xe8, 0xff, 0xe6, 0x02, 0xe6,
  0xfe, 0xe4, 0x01, 0xe4, 0xff, 0xe3, 0x02, 0xe3, 0xfd, 0xe1, 0x03, 0xe2,
  0xfe, 0xe0, 0x00, 0xe1, 0x02, 0xe0, 0xfd, 0xdf, 0x02, 0xdf, 0x00, 0xdf,
  0xff, 0xdd, 0x01, 0xde, 0xff, 0xdd, 0x01, 0xdd, 0xff, 0xdc, 0x01, 0xdd,
  0xff, 0xdc, 0x01, 0xdd, 0xff, 0xdb, 0x01, 0xdc, 0xff, 0xdb, 0x01, 0xdc,
  0xff, 0xdb, 0x01, 0xdc, 0xfe, 0xdb, 0x03, 0xdc, 0xfe, 0xdb, 0x01, 0xdd,
  0xff, 0xdc, 0x00, 0xdd, 0x00, 0xdd, 0x02, 0xdd, 0xfd, 0xdc, 0x03, 0xde,
  0xfd, 0xdd, 0x03, 0xde, 0xfe, 0xdd, 0x01, 0xde, 0xff, 0xde, 0x01, 0xdf,
  0xff, 0xde, 0x01, 0xe0, 0xff, 0xdf, 0x01, 0xe0, 0xff, 0xdf, 0x01, 0xe1,
  0xfe, 0xe0, 0x02, 0xe1, 0xff, 0xe1, 0x00, 0xe2, 0x01, 0xe2, 0xfe, 0xe1,
  0x02, 0xe3, 0xfe, 0xe2, 0x02, 0xe4, 0xff, 0xe3, 0xff, 0xe3, 0x02, 0xe4,
  0xfe, 0xe4, 0x02, 0xe5, 0xfe, 0xe5, 0x02, 0xe6, 0xfe, 0xe5, 0x01, 0xe7,
  0x01, 0xe7, 0xfe, 0xe7, 0x02, 0xe8, 0xff, 0xe8, 0x00, 0xe9, 0x01, 0xea,
  0xff, 0xea, 0x01, 0xeb, 0xfe, 0xeb, 0x03, 0xed, 0xfd, 0xec, 0x03, 0xee,
  0xfe, 0xee, 0x00, 0xf0, 0x01, 0xf1, 0xfe, 0xf0, 0x03, 0xf2, 0xfd, 0xf2,
  0x03, 0xf4, 0xfc, 0xf4, 0x04, 0xf6, 0xfc, 0xf6, 0x03, 0xf8, 0xff, 0xf8,
  0xff, 0xf9, 0x03, 0xfc, 0xfc, 0xfc, 0x03, 0xfe, 0xfe, 0xfe, 0x01, 0x01,
  0x00, 0x02, 0x00, 0x03, 0x00, 0x04, 0x00, 0x05, 0xff, 0x05, 0x01, 0x08,
  0xff, 0x08, 0x01, 0x0a, 0xff, 0x0a, 0x01, 0x0c, 0xff, 0x0c, 0x01, 0x0f,
  0xfe, 0x0f, 0x03, 0x11, 0xfd, 0x11, 0x03, 0x13, 0xfe, 0x13, 0x00, 0x15,
  0x01, 0x16, 0x00, 0x17, 0xff, 0x17, 0x02, 0x18, 0xfe, 0x18, 0x01, 0x1a,
  0x00, 0x1a, 0xff, 0x1a, 0x02, 0x1c, 0xff, 0x1c, 0x00, 0x1d, 0xff, 0x1d,
  0x01, 0x1e, 0x00, 0x1f, 0x00, 0x1f, 0x00, 0x20, 0x00, 0x20, 0xff, 0x1f,
  0x02, 0x20, 0xfe, 0x20, 0x02, 0x21, 0xfe, 0x20, 0x02, 0x21, 0xfe, 0x21,
  0x02, 0x22, 0xfe, 0x21, 0x02, 0x22, 0xfe, 0x21, 0x01, 0x22, 0x01, 0x22,
  0xfd, 0x21, 0x03, 0x22, 0xfe, 0x21, 0x01, 0x22, 0x00, 0x22, 0x00, 0x22,
  0x00, 0x22, 0xff, 0x21, 0x02, 0x21, 0xfd, 0x20, 0x04, 0x21, 0xfd, 0x20,
  0x02, 0x21, 0xff, 0x20, 0xff, 0x1f, 0x02, 0x20, 0xfe, 0x1f, 0x02, 0x20,
  0xff, 0x1f, 0xff, 0x1e, 0x02, 0x1f, 0xff, 0x1e, 0xff, 0x1e, 0x02, 0x1e,
  0xfd, 0x1d, 0x03, 0x1e, 0xff, 0x1c, 0xff, 0x1c, 0x01, 0x1d, 0x00, 0x1d,
  0xfe, 0x1b, 0x04, 0x1c, 0xfb, 0x1b, 0x05, 0x1b, 0xfc, 0x1a, 0x03, 0x1b,
  0xfd, 0x19, 0x03, 0x1a, 0xfd, 0x18, 0x03, 0x19, 0xfe, 0x17, 0x01, 0x18,
  0xff, 0x16, 0x01, 0x17, 0xff, 0x15, 0x01, 0x15, 0x00, 0x15, 0xff, 0x13,
  0x01, 0x13, 0xff, 0x12, 0x00, 0x12, 0x02, 0x11, 0xfd, 0x0f, 0x03, 0x0f,
  0xfd, 0x0d, 0x02, 0x0d, 0x00, 0x0c, 0xfe, 0x0a, 0x03, 0x0b, 0xfd, 0x09,
  0x02, 0x09, 0xff, 0x06, 0x01, 0x06, 0xfe, 0x04, 0x04, 0x04, 0xfa, 0x02,
  0x06, 0x02, 0xfc, 0x00, 0x02, 0xff, 0xff, 0xfd, 0x01, 0xfd, 0xfe, 0xfb,
  0x03, 0xfb, 0xfd, 0xf9, 0x02, 0xf9, 0xff, 0xf6, 0x01, 0xf6, 0xfe, 0xf4,
  0x02, 0xf4, 0xff, 0xf2, 0x00, 0xf2, 0x01, 0xf1, 0xff, 0xee, 0x00, 0xee,
  0x01, 0xed, 0xff, 0xeb, 0x01, 0xeb, 0xff, 0xe9, 0x00, 0xe9, 0x01, 0xe8,
  0xff, 0xe6, 0x01, 0xe7, 0xff, 0xe5, 0x01, 0xe6, 0xff, 0xe4, 0x01, 0xe4,
  0xfe, 0xe2, 0x03, 0xe2, 0xfe, 0xe1, 0x01, 0xe1, 0xff, 0xe0, 0x00, 0xe1,
  0x00, 0xe0, 0x01, 0xdf, 0xff, 0xde, 0x01, 0xdf, 0xff, 0xdd, 0xff, 0xdd,
  0x03, 0xde, 0xfd, 0xdc, 0x02, 0xdd, 0x00, 0xdd, 0xfd, 0xdc, 0x05, 0xdd,
  0xfb, 0xdc, 0x04, 0xdd, 0xfd, 0xdb, 0x02, 0xdc, 0xfe, 0xdb, 0x02, 0xdc,
  0xff, 0xdb, 0x00, 0xdc, 0x01, 0xdc, 0xfe, 0xdc, 0x03, 0xdd, 0xfd, 0xdc,
  0x02, 0xdd, 0xff, 0xdc, 0x01, 0xdd, 0xff, 0xdc, 0x01, 0xde, 0xff, 0xdd,
  0x00, 0xde, 0x01, 0xde, 0xff, 0xdd, 0x01, 0xdf, 0xff, 0xde, 0x01, 0xdf,
  0xfe, 0xde, 0x02, 0xdf, 0x00, 0xe0, 0xff, 0xdf, 0x02, 0xe0, 0xfd, 0xe0,
  0x02, 0xe1, 0x00, 0xe1, 0xff, 0xe0, 0x01, 0xe2, 0xff, 0xe1, 0x01, 0xe2,
  0xff, 0xe2, 0x01, 0xe3, 0xff, 0xe2, 0x00, 0xe3, 0x02, 0xe4, 0xfd, 0xe3,
  0x02, 0xe4, 0xff, 0xe4, 0x01, 0xe5, 0x00, 0xe5, 0x00, 0xe6, 0xff, 0xe5,
  0x01, 0xe7, 0xff, 0xe6, 0x02, 0xe8, 0xfd, 0xe7, 0x03, 0xe9, 0xfd, 0xe8,
  0x03, 0xea, 0xfe, 0xe9, 0x01, 0xeb, 0xff, 0xeb, 0x00, 0xec, 0x01, 0xed,
  0xff, 0xed, 0x01, 0xee, 0xff, 0xee, 0x00, 0xf0, 0x01, 0xf1, 0xfe, 0xf1,
  0x02, 0xf3, 0xff, 0xf3, 0x00, 0xf5, 0x01, 0xf6, 0xfe, 0xf5, 0x02, 0xf7,
  0xff, 0xf7, 0x00, 0xfa, 0x01, 0xfb, 0xff, 0xfb, 0x01, 0xfd, 0xfe, 0xfd,
  0x03, 0xff, 0xfd, 0xff, 0x03, 0x02, 0xfe, 0x02, 0x00, 0x04, 0x01, 0x05,
  0xff, 0x06, 0x01, 0x08, 0x00, 0x09, 0xff, 0x09, 0x02, 0x0b, 0xfe, 0x0b,
  0x01, 0x0e, 0x00, 0x0f, 0x00, 0x10, 0xff, 0x10, 0x02, 0x12, 0xff, 0x12,
  0x00, 0x14, 0x00, 0x15, 0xff, 0x15, 0x01, 0x17, 0x00, 0x18, 0x00, 0x18,
  0x00, 0x19, 0x00, 0x1a, 0x00, 0x1b, 0x00, 0x1b, 0xff, 0x1b, 0x02, 0x1c,
  0xfe, 0x1c, 0x02, 0x1e, 0xff, 0x1d, 0x00, 0x1f, 0xff, 0x1e, 0x03, 0x20,
  0xfc, 0x1f, 0x04, 0x20, 0xfd, 0x20, 0x02, 0x21, 0xfe, 0x20, 0x03, 0x22,
  0xfd, 0x21, 0x02, 0x22, 0xff, 0x21, 0x00, 0x22, 0x00, 0x22, 0x00, 0x22,
  0x01, 0x22, 0xfe, 0x22, 0x01, 0x23, 0x01, 0x23, 0xfd, 0x22, 0x05, 0x22,
  0xfa, 0x21, 0x05, 0x22, 0xfd, 0x21, 0x01, 0x22, 0x01, 0x22, 0xfd, 0x21,
  0x04, 0x22, 0xfc, 0x20, 0x03, 0x21, 0xfe, 0x20, 0x01, 0x21, 0x00, 0x20,
  0xff, 0x1f, 0x01, 0x20, 0xff, 0x1f, 0x02, 0x20, 0xfd, 0x1e, 0x03, 0x1f,
  0xfe, 0x1e, 0x01, 0x1f, 0xff, 0x1d, 0x01, 0x1e, 0xfe, 0x1d, 0x03, 0x1d,
  0xfe, 0x1c, 0x00, 0x1d, 0x01, 0x1d, 0xff, 0x1b, 0x00, 0x1c, 0x01, 0x1c,
  0xff, 0x1a, 0x00, 0x1b, 0x01, 0x1b, 0xfe, 0x19, 0x02, 0x1a, 0xfe, 0x18,
  0x03, 0x19, 0xfc, 0x18, 0x03, 0x18, 0xff, 0x17, 0xff, 0x16, 0x02, 0x16,
  0xff, 0x15, 0xff, 0x14, 0x02, 0x15, 0xfe, 0x13, 0x01, 0x13, 0x01, 0x13,
  0xfe, 0x11, 0x02, 0x11, 0xfe, 0x0f, 0x02, 0x0f, 0xfe, 0x0d, 0x03, 0x0d,
  0xfd, 0x0b, 0x02, 0x0b, 0xfe, 0x09, 0x03, 0x09, 0xfd, 0x08, 0x03, 0x07,
  0xfd, 0x05, 0x01, 0x05, 0x01, 0x03, 0xff, 0x01, 0x00, 0x01, 0x01, 0x00,
  0xfd, 0xfe, 0x05, 0xfd, 0xfa, 0xfb, 0x06, 0xfb, 0xfb, 0xf9, 0x03, 0xf9,
  0xff, 0xf6, 0xff, 0xf5, 0x02, 0xf5, 0xfe, 0xf2, 0x01, 0xf2, 0x01, 0xf1,
  0xfd, 0xef, 0x03, 0xef, 0xfe, 0xed, 0x01, 0xec, 0x01, 0xeb, 0xfd, 0xe9,
  0x03, 0xea, 0xfe, 0xe8, 0x02, 0xe8, 0xfe, 0xe6, 0x01, 0xe6, 0x00, 0xe5,
  0x00, 0xe4, 0x00, 0xe3, 0x00, 0xe3, 0xff, 0xe1, 0x02, 0xe2, 0xfe, 0xe0,
  0x02, 0xe0, 0xfe, 0xdf, 0x01, 0xdf, 0x00, 0xdf, 0x00, 0xdf, 0xff, 0xdd,
  0x01, 0xde, 0xff, 0xdc, 0x01, 0xdd, 0x00, 0xdd, 0xff, 0xdc, 0x01, 0xdd,
  0xff, 0xdc, 0x01, 0xdc, 0xff, 0xdb, 0x01, 0xdc, 0x00, 0xdc, 0xff, 0xdb,
  0x01, 0xdc, 0xff, 0xdb, 0x01, 0xdc, 0x00, 0xdc, 0xff, 0xdb, 0x00, 0xdd,
  0x01, 0xdd, 0x00, 0xdd, 0xff, 0xdc, 0x01, 0xdd, 0xff, 0xdc, 0x00, 0xde,
  0x01, 0xde, 0xfe, 0xdd, 0x03, 0xde, 0xfd, 0xde, 0x02, 0xdf, 0xfe, 0xde,
  0x02, 0xdf, 0xff, 0xde, 0x00, 0xe0, 0x00, 0xe0, 0x00, 0xe0, 0x01, 0xe0,
  0xff, 0xe0, 0x01, 0xe1, 0xfe, 0xe0, 0x02, 0xe2, 0xff, 0xe1, 0x01, 0xe2,
  0xff, 0xe1, 0x01, 0xe3, 0xff, 0xe2, 0x00, 0xe3, 0x01, 0xe4, 0xfe, 0xe3,
  0x03, 0xe4, 0xfd, 0xe3, 0x02, 0xe5, 0xfe, 0xe4, 0x03, 0xe6, 0xfc, 0xe5,
  0x04, 0xe6, 0xfc, 0xe6, 0x03, 0xe7, 0xff, 0xe7, 0x00, 0xe8, 0xff, 0xe8,
  0x02, 0xe9, 0xfd, 0xe9, 0x03, 0xea, 0xff, 0xea, 0xff, 0xea, 0x01, 0xec,
  0xff, 0xec, 0x01, 0xee, 0x00, 0xee, 0xff, 0xee, 0x01, 0xf0, 0xff, 0xf0,
  0x01, 0xf1, 0x00, 0xf2, 0xff, 0xf2, 0x01, 0xf4, 0x00, 0xf5, 0x00, 0xf6,
  0x00, 0xf7, 0xff, 0xf8, 0x01, 0xfa, 0xff, 0xfa, 0x03, 0xfc, 0xfb, 0xfc,
  0x05, 0xfe, 0xfc, 0xfe, 0x02, 0x00, 0x00, 0x02, 0xfe, 0x02, 0x03, 0x04,
  0xfe, 0x04, 0x01, 0x06, 0xff, 0x06, 0x00, 0x09, 0x01, 0x0a, 0xff, 0x0a,
  0x02, 0x0c, 0xfd, 0x0c, 0x03, 0x0e, 0xfd, 0x0f, 0x02, 0x11, 0x00, 0x12,
  0xff, 0x12, 0x01, 0x14, 0xfe, 0x13, 0x03, 0x15, 0xfd, 0x15, 0x03, 0x17,
  0xfe, 0x17, 0xff, 0x18, 0x03, 0x1a, 0xfd, 0x19, 0x03, 0x1b, 0xfe, 0x1b,
  0x00, 0x1c, 0x00, 0x1d, 0x00, 0x1e, 0x01, 0x1e, 0xff, 0x1e, 0x00, 0x1f,
  0x00, 0x1f, 0x00, 0x20, 0x01, 0x20, 0xfe, 0x20, 0x02, 0x21, 0xfe, 0x20,
  0x02, 0x21, 0xff, 0x21, 0xff, 0x21, 0x02, 0x22, 0xfd, 0x21, 0x03, 0x22,
  0xfe, 0x21, 0x01, 0x23, 0x00, 0x23, 0xff, 0x22, 0x01, 0x23, 0x00, 0x23,
  0x00, 0x23, 0x00, 0x23, 0xff, 0x22, 0x02, 0x23, 0xfe, 0x21, 0x03, 0x22,
  0xfc, 0x21, 0x04, 0x22, 0xfc, 0x21, 0x04, 0x22, 0xfd, 0x21, 0x02, 0x21,
  0xfe, 0x20, 0x02, 0x21, 0xfe, 0x20, 0x02, 0x21, 0xfe, 0x1f, 0x02, 0x20,
  0xfe, 0x1f, 0x02, 0x20, 0xff, 0x1f, 0x00, 0x1f, 0x00, 0x1f, 0x01, 0x1f,
  0xfe, 0x1d, 0x04, 0x1e, 0xfb, 0x1d, 0x04, 0x1e, 0xfd, 0x1c, 0x02, 0x1d,
  0xff, 0x1c, 0x01, 0x1c, 0xfe, 0x1b, 0x02, 0x1c, 0xfe, 0x1a, 0x01, 0x1b,
  0x01, 0x1b, 0xfe, 0x19, 0x01, 0x1a, 0x01, 0x1a, 0xfe, 0x18, 0x02, 0x19,
  0xff, 0x18, 0xff, 0x17, 0x02, 0x18, 0x00, 0x17, 0xfe, 0x16, 0x03, 0x16,
  0xfc, 0x15, 0x03, 0x15, 0xff, 0x14, 0x01, 0x14, 0xfe, 0x12, 0x02, 0x12,
  0xfe, 0x11, 0x02, 0x11, 0xff, 0x0f, 0xff, 0x0f, 0x02, 0x0f, 0xfe, 0x0d,
  0x02, 0x0d, 0xfe, 0x0b, 0x01, 0x0b, 0x00, 0x0a, 0x00, 0x0a, 0x00, 0x08,
  0x00, 0x07, 0x00, 0x06, 0x00, 0x05, 0x01, 0x04, 0xfd, 0x02, 0x04, 0x02,
  0xfd, 0x00, 0x02, 0xff, 0xfe, 0xfd, 0x02, 0xfd, 0xfe, 0xfb, 0x02, 0xfa,
  0xfe, 0xf8, 0x02, 0xf8, 0xff, 0xf6, 0x00, 0xf5, 0x00, 0xf4, 0x00, 0xf3,
  0x01, 0xf2, 0x00, 0xf1, 0xfe, 0xee, 0x03, 0xee, 0xfd, 0xec, 0x03, 0xec,
  0xfe, 0xea, 0x01, 0xea, 0x00, 0xe9, 0xff, 0xe7, 0x01, 0xe7, 0xff, 0xe5,
  0x02, 0xe5, 0xfd, 0xe4, 0x04, 0xe4, 0xfb, 0xe2, 0x05, 0xe2, 0xfb, 0xe1,
  0x05, 0xe1, 0xfd, 0xe0, 0x01, 0xe0, 0x00, 0xe0, 0xff, 0xde, 0x01, 0xdf,
  0x01, 0xde, 0xfe, 0xdd, 0x02, 0xde, 0xfe, 0xdd, 0x01, 0xde, 0x00, 0xdd,
  0x00, 0xdd, 0xff, 0xdc, 0x01, 0xdd, 0x00, 0xdd, 0xff, 0xdc, 0x02, 0xdd,
  0xfd, 0xdc, 0x03, 0xdd, 0xfd, 0xdc, 0x03, 0xdd, 0xfe, 0xdc, 0x02, 0xdd,
  0xfe, 0xdc, 0x01, 0xdd, 0x00, 0xde, 0xff, 0xdd, 0x02, 0xde, 0xfe, 0xdd,
  0x01, 0xde, 0x00, 0xdf, 0xff, 0xde, 0x01, 0xdf, 0xff, 0xde, 0x02, 0xdf,
  0xfe, 0xdf, 0x01, 0xe0, 0xff, 0xdf, 0x01, 0xe1, 0x00, 0xe1, 0x00, 0xe1,
  0x00, 0xe2, 0xff, 0xe1, 0x01, 0xe2, 0x00, 0xe2, 0xff, 0xe2, 0x02, 0xe3,
  0xfd, 0xe3, 0x03, 0xe4, 0xfe, 0xe3, 0x00, 0xe5, 0x02, 0xe5, 0xfd, 0xe5,
  0x03, 0xe6, 0xfe, 0xe5, 0x00, 0xe7, 0x01, 0xe7, 0xfe, 0xe7, 0x03, 0xe8,
  0xfd, 0xe8, 0x03, 0xe9, 0xfc, 0xe9, 0x04, 0xea, 0xfc, 0xea, 0x04, 0xec,
  0xfd, 0xeb, 0x03, 0xed, 0xfc, 0xed, 0x03, 0xef, 0xfe, 0xef, 0x02, 0xf0,
  0xff, 0xf0, 0x00, 0xf2, 0x00, 0xf3, 0xff, 0xf3, 0x03, 0xf5, 0xfc, 0xf5,
  0x04, 0xf7, 0xfd, 0xf7, 0x01, 0xf9, 0x00, 0xfa, 0x00, 0xfb, 0x00, 0xfd,
  0x00, 0xfe, 0x00, 0xff, 0x00, 0x00, 0x00, 0x01, 0x00, 0x03, 0x00, 0x04,
  0x00, 0x05, 0x01, 0x06, 0xff, 0x07, 0x00, 0x09, 0x00, 0x0a, 0x01, 0x0b,
  0xfe, 0x0b, 0x03, 0x0d, 0xfc, 0x0d, 0x03, 0x10, 0xff, 0x10, 0x00, 0x12,
  0x00, 0x13, 0x00, 0x14, 0x00, 0x15, 0x00, 0x16, 0x01, 0x17, 0xfe, 0x16,
  0x02, 0x18, 0xfe, 0x18, 0x03, 0x1a, 0xfc, 0x1a, 0x05, 0x1b, 0xfa, 0x1b,
  0x05, 0x1d, 0xfe, 0x1c, 0x00, 0x1d, 0x01, 0x1e, 0xff, 0x1e, 0x00, 0x1f,
  0x01, 0x20, 0xfe, 0x1f, 0x03, 0x20, 0xfd, 0x20, 0x03, 0x21, 0xfd, 0x20,
  0x02, 0x21, 0xff, 0x21, 0x00, 0x22, 0x01, 0x22, 0xfe, 0x21, 0x03, 0x22,
  0xfd, 0x21, 0x01, 0x22, 0x01, 0x22, 0xfe, 0x21, 0x02, 0x22, 0xff, 0x21,
  0xff, 0x21, 0x02, 0x22, 0xff, 0x21, 0x00, 0x22, 0x00, 0x22, 0x00, 0x21,
  0x00, 0x21, 0x00, 0x21, 0x00, 0x21, 0x00, 0x21, 0x00, 0x20, 0x00, 0x20,
  0x00, 0x20, 0xff, 0x1f, 0x02, 0x1f, 0xfe, 0x1e, 0x02, 0x1f, 0xfe, 0x1e,
  0x01, 0x1e, 0x00, 0x1e, 0x00, 0x1e, 0x00, 0x1e, 0x00, 0x1e, 0xff, 0x1c,
  0x02, 0x1d, 0xfe, 0x1c, 0x01, 0x1c, 0x01, 0x1c, 0xfd, 0x1b, 0x04, 0x1b,
  0xfc, 0x1a, 0x04, 0x1b, 0xfc, 0x19, 0x04, 0x1a, 0xfc, 0x19, 0x05, 0x19,
  0xfb, 0x18, 0x04, 0x18, 0xfd, 0x17, 0x02, 0x17, 0xff, 0x16, 0x01, 0x16,
  0xff, 0x15, 0x01, 0x15, 0xff, 0x13, 0x00, 0x13, 0x01, 0x13, 0xff, 0x11,
  0x01, 0x11, 0xff, 0x10, 0x01, 0x10, 0xff, 0x0e, 0x01, 0x0e, 0xff, 0x0c,
  0x01, 0x0c, 0xff, 0x0a, 0x01, 0x0a, 0xff, 0x08, 0x00, 0x08, 0x01, 0x06,
  0xfe, 0x04, 0x03, 0x05, 0xfc, 0x03, 0x03, 0x02, 0xfe, 0x00, 0x01, 0x00,
  0x00, 0xfe, 0xff, 0xfc, 0x01, 0xfc, 0xff, 0xfa, 0x00, 0xfa, 0x01, 0xf9,
  0xff, 0xf6, 0x00, 0xf6, 0x02, 0xf5, 0xfc, 0xf3, 0x04, 0xf3, 0xfe, 0xf0,
  0x00, 0xf0, 0x02, 0xef, 0xfe, 0xed, 0x00, 0xed, 0x02, 0xec, 0xfd, 0xea,
  0x03, 0xea, 0xfe, 0xe8, 0x00, 0xe8, 0x02, 0xe7, 0xfd, 0xe5, 0x03, 0xe6,
  0xfe, 0xe4, 0x00, 0xe4, 0x01, 0xe3, 0xff, 0xe1, 0x01, 0xe2, 0xff, 0xe0,
  0x00, 0xe1, 0x01, 0xe0, 0xff, 0xdf, 0x01, 0xdf, 0xfe, 0xde, 0x02, 0xde,
  0xfe, 0xdd, 0x03, 0xde, 0xfe, 0xdd, 0x00, 0xdd, 0x02, 0xdd, 0xfd, 0xdc,
  0x02, 0xdc, 0x00, 0xdc, 0xfe, 0xdb, 0x04, 0xdc, 0xfb, 0xdb, 0x05, 0xdc,
  0xfc, 0xdb, 0x02, 0xdc, 0xff, 0xdb, 0x00, 0xdc, 0x01, 0xdc, 0xff, 0xdb,
  0x00, 0xdc, 0x01, 0xdc, 0xfe, 0xdb, 0x03, 0xdd, 0xfd, 0xdc, 0x02, 0xdd,
  0xff, 0xdc, 0x00, 0xdd, 0x01, 0xde, 0xff, 0xdd, 0x01, 0xde, 0xff, 0xdd,
  0x01, 0xdf, 0xff, 0xde, 0x00, 0xdf, 0x01, 0xdf, 0xff, 0xdf, 0x01, 0xe0,
  0x00, 0xe0, 0xff, 0xdf, 0x00, 0xe1, 0x01, 0xe1, 0x00, 0xe1, 0xff, 0xe1,
  0x02, 0xe2, 0xfd, 0xe1, 0x03, 0xe2, 0xfe, 0xe2, 0x01, 0xe3, 0xff, 0xe2,
  0x02, 0xe3, 0xfd, 0xe3, 0x03, 0xe4, 0xfd, 0xe3, 0x02, 0xe5, 0xff, 0xe4,
  0x01, 0xe5, 0xff, 0xe4, 0x01, 0xe6, 0xfe, 0xe5, 0x03, 0xe7, 0xfd, 0xe6,
  0x03, 0xe8, 0xfe, 0xe7, 0x01, 0xe9, 0x00, 0xe9, 0x00, 0xea, 0x00, 0xea,
  0x00, 0xeb, 0x00, 0xeb, 0x00, 0xec, 0x00, 0xed, 0x01, 0xee, 0xff, 0xed,
  0x01, 0xef, 0xfe, 0xef, 0x02, 0xf1, 0xff, 0xf0, 0x01, 0xf2, 0xff, 0xf2,
  0x01, 0xf4, 0xfe, 0xf4, 0x03, 0xf6, 0xfd, 0xf6, 0x03, 0xf8, 0xfd, 0xf8,
  0x02, 0xfa, 0xff, 0xfa, 0x01, 0xfc, 0xff, 0xfc, 0x01, 0xff, 0xfe, 0xff,
  0x03, 0x01, 0xfd, 0x01, 0x02, 0x03, 0x00, 0x04, 0xfe, 0x05, 0x04, 0x07,
  0xfb, 0x07, 0x05, 0x09, 0xfc, 0x09, 0x03, 0x0c, 0xfe, 0x0c, 0x01, 0x0e,
  0x00, 0x0f, 0x00, 0x10, 0xff, 0x10, 0x02, 0x12, 0xfe, 0x12, 0x01, 0x14,
  0x00, 0x15, 0xff, 0x15, 0x02, 0x17, 0xfe, 0x17, 0x01, 0x19, 0xff, 0x18,
  0x01, 0x1a, 0x00, 0x1b, 0xff, 0x1a, 0x01, 0x1c, 0xff, 0x1c, 0x02, 0x1d,
  0xfd, 0x1d, 0x03, 0x1e, 0xfe, 0x1e, 0x01, 0x1f, 0x00, 0x1f, 0xff, 0x1f,
  0x02, 0x20, 0xfd, 0x1f, 0x04, 0x21, 0xfb, 0x20, 0x05, 0x21, 0xfd, 0x20,
  0x01, 0x22, 0x00, 0x22, 0x00, 0x22, 0xff, 0x21, 0x02, 0x22, 0xff, 0x21,
  0x00, 0x22, 0x00, 0x23, 0x00, 0x23, 0x00, 0x23, 0x00, 0x23, 0x01, 0x23,
  0xfe, 0x21, 0x02, 0x22, 0xfe, 0x21, 0x01, 0x22, 0x00, 0x22, 0x00, 0x22,
  0x00, 0x22, 0x00, 0x22, 0xff, 0x20, 0x02, 0x21, 0xfe, 0x20, 0x01, 0x21,
  0x01, 0x21, 0xfd, 0x1f, 0x04, 0x20, 0xfd, 0x1f, 0x01, 0x20, 0x01, 0x1f,
  0xfd, 0x1e, 0x03, 0x1f, 0xfe, 0x1e, 0x02, 0x1e, 0xfd, 0x1d, 0x03, 0x1e,
  0xfe, 0x1c, 0x00, 0x1d, 0x02, 0x1d, 0xfd, 0x1c, 0x03, 0x1c, 0xfe, 0x1b,
  0x00, 0x1c, 0x02, 0x1c, 0xfd, 0x1a, 0x03, 0x1b, 0xfe, 0x19, 0x00, 0x1a,
  0x02, 0x1a, 0xfe, 0x18, 0x00, 0x19, 0x02, 0x19, 0xfc, 0x17, 0x05, 0x18,
  0xfc, 0x16, 0x02, 0x16, 0xff, 0x15, 0x01, 0x15, 0xfe, 0x14, 0x03, 0x14,
  0xfd, 0x12, 0x02, 0x13, 0xff, 0x11, 0x00, 0x11, 0x00, 0x10, 0x01, 0x0f,
  0xff, 0x0d, 0xff, 0x0c, 0x03, 0x0c, 0xfc, 0x0a, 0x04, 0x0a, 0xfd, 0x08,
  0x01, 0x08, 0x00, 0x07, 0x00, 0x06, 0x00, 0x05, 0x00, 0x03, 0x00, 0x02,
  0x00, 0x01, 0xff, 0xff, 0x02, 0xfe, 0xfd, 0xfc, 0x03, 0xfb, 0xfe, 0xf9,
  0x01, 0xf9, 0x00, 0xf8, 0xff, 0xf6, 0x01, 0xf5, 0xff, 0xf3, 0x02, 0xf3,
  0xfd, 0xf1, 0x03, 0xf0, 0xfe, 0xee, 0x00, 0xee, 0x02, 0xed, 0xfd, 0xeb,
  0x03, 0xeb, 0xfd, 0xe9, 0x02, 0xe9, 0x00, 0xe8, 0xfe, 0xe7, 0x03, 0xe7,
  0xfe, 0xe5, 0x00, 0xe5, 0x01, 0xe4, 0xfe, 0xe2, 0x03, 0xe3, 0xfe, 0xe1,
  0x01, 0xe2, 0xff, 0xe0, 0xff, 0xe0, 0x04, 0xe0, 0xfc, 0xdf, 0x03, 0xdf,
  0xfe, 0xde, 0x00, 0xdf, 0x01, 0xde, 0x00, 0xde, 0x00, 0xde, 0x00, 0xde,
  0x00, 0xde, 0x00, 0xde, 0x00, 0xde, 0x00, 0xdd, 0x00, 0xdd, 0x00, 0xdd,
  0x01, 0xdd, 0xfe, 0xdc, 0x02, 0xdd, 0xfd, 0xdc, 0x04, 0xdd, 0xfd, 0xdd,
  0x02, 0xde, 0xfe, 0xdd, 0x01, 0xde, 0xff, 0xdd, 0x02, 0xde, 0xfe, 0xdd,
  0x02, 0xdf, 0xfd, 0xde, 0x04, 0xdf, 0xfb, 0xde, 0x05, 0xe0, 0xfc, 0xdf,
  0x03, 0xe0, 0xff, 0xdf, 0xff, 0xdf, 0x02, 0xe1, 0xfe, 0xe0, 0x02, 0xe1,
  0xff, 0xe1, 0x00, 0xe2, 0x01, 0xe2, 0xfe, 0xe2, 0x02, 0xe3, 0xff, 0xe2,
  0x01, 0xe4, 0xff, 0xe3, 0x01, 0xe4, 0xfe, 0xe4, 0x02, 0xe5, 0xff, 0xe5,
  0x00, 0xe6, 0x01, 0xe7, 0xff, 0xe6, 0x00, 0xe7, 0x00, 0xe8, 0x01, 0xe9,
  0xfe, 0xe8, 0x03, 0xea, 0xfd, 0xea, 0x03, 0xeb, 0xfe, 0xeb, 0x00, 0xec,
  0x01, 0xed, 0x00, 0xee, 0x00, 0xef, 0x01, 0xef, 0xfd, 0xef, 0x03, 0xf1,
  0xff, 0xf1, 0xff, 0xf2, 0x02, 0xf4, 0xfe, 0xf4, 0x02, 0xf6, 0xfe, 0xf6,
  0x02, 0xf8, 0xfd, 0xf8, 0x04, 0xfa, 0xfc, 0xfa, 0x03, 0xfd, 0xfe, 0xfd,
  0x02, 0xff, 0xfe, 0xff, 0x01, 0x02, 0xff, 0x02, 0x02, 0x04, 0xfe, 0x04,
  0x01, 0x07, 0xff, 0x07, 0x00, 0x09, 0x01, 0x0a, 0x00, 0x0b, 0xff, 0x0c,
  0x01, 0x0e, 0xff, 0x0e, 0x00, 0x10, 0x01, 0x11, 0xff, 0x11, 0x01, 0x13,
  0xff, 0x13, 0x00, 0x15, 0x00, 0x16, 0x00, 0x17, 0x01, 0x18, 0xff, 0x18,
  0x01, 0x1a, 0xff, 0x19, 0x00, 0x1b, 0x00, 0x1c, 0x01, 0x1c, 0xff, 0x1c,
  0x02, 0x1d, 0xfe, 0x1d, 0x01, 0x1f, 0xff, 0x1e, 0x00, 0x1f, 0x02, 0x20,
  0xfd, 0x1f, 0x04, 0x21, 0xfc, 0x20, 0x02, 0x21, 0x01, 0x22, 0xfc, 0x21,
  0x06, 0x22, 0xfa, 0x21, 0x04, 0x22, 0xff, 0x21, 0xff, 0x21, 0x01, 0x22,
  0x00, 0x22, 0xff, 0x21, 0x02, 0x22, 0xfd, 0x21, 0x03, 0x22, 0xfe, 0x21,
  0x01, 0x22, 0x00, 0x22, 0xff, 0x21, 0x02, 0x22, 0xfe, 0x21, 0x01, 0x22,
  0x00, 0x21, 0xff, 0x20, 0x02, 0x21, 0xfe, 0x20, 0x01, 0x21, 0x01, 0x20,
  0xfc, 0x1f, 0x06, 0x20, 0xfa, 0x1f, 0x05, 0x20, 0xfc, 0x1e, 0x02, 0x1f,
  0x00, 0x1f, 0x00, 0x1f, 0x00, 0x1e, 0xff, 0x1d, 0x01, 0x1e, 0x00, 0x1e,
  0x00, 0x1d, 0x00, 0x1d, 0x00, 0x1d, 0xff, 0x1c, 0x03, 0x1d, 0xfb, 0x1b,
  0x06, 0x1c, 0xfb, 0x1a, 0x03, 0x1b, 0xfe, 0x19, 0x01, 0x1a, 0x01, 0x1a,
  0xfe, 0x19, 0x03, 0x19, 0xfc, 0x18, 0x04, 0x18, 0xfd, 0x17, 0x02, 0x17,
  0xfe, 0x16, 0x02, 0x16, 0xff, 0x15, 0x00, 0x15, 0x01, 0x14, 0xfe, 0x13,
  0x02, 0x13, 0xff, 0x11, 0x00, 0x11, 0x01, 0x10, 0xfe, 0x0f, 0x02, 0x0f,
  0xff, 0x0d, 0x00, 0x0d, 0x00, 0x0c, 0x00, 0x0b, 0x00, 0x0a, 0x00, 0x09,
  0x01, 0x08, 0xfe, 0x06, 0x02, 0x06, 0xfe, 0x04, 0x02, 0x04, 0xff, 0x01,
  0x01, 0x01, 0xff, 0xff, 0x00, 0xff, 0x00, 0xfe, 0x01, 0xfd, 0xfe, 0xfa,
  0x03, 0xfa, 0xfd, 0xf7, 0x02, 0xf7, 0xff, 0xf5, 0x01, 0xf5, 0xfe, 0xf3,
  0x03, 0xf3, 0xfd, 0xf1, 0x02, 0xf0, 0x00, 0xef, 0xff, 0xed, 0x01, 0xed,
  0x00, 0xec, 0xff, 0xea, 0x01, 0xea, 0x00, 0xe9, 0xff, 0xe7, 0x01, 0xe7,
  0x00, 0xe6, 0xff, 0xe5, 0x02, 0xe5, 0xfd, 0xe3, 0x03, 0xe3, 0xfd, 0xe2,
  0x03, 0xe2, 0xfe, 0xe0, 0x01, 0xe1, 0xff, 0xdf, 0x01, 0xe0, 0xfe, 0xde,
  0x04, 0xdf, 0xfb, 0xdd, 0x04, 0xde, 0xfd, 0xdd, 0x02, 0xde, 0x00, 0xdd,
  0xff, 0xdc, 0x01, 0xdd, 0xff, 0xdc, 0x01, 0xdc, 0x00, 0xdc, 0xff, 0xdb,
  0x02, 0xdc, 0xfd, 0xdb, 0x03, 0xdc, 0xfe, 0xdb, 0x02, 0xdc, 0xfe, 0xdb,
  0x02, 0xdc, 0xfd, 0xdb, 0x03, 0xdc, 0xfe, 0xdb, 0x02, 0xdc, 0xff, 0xdc,
  0x00, 0xdd, 0x00, 0xdd, 0xff, 0xdc, 0x03, 0xdd, 0xfd, 0xdd, 0x02, 0xde,
  0xff, 0xdd, 0x00, 0xde, 0x01, 0xdf, 0xff, 0xde, 0x00, 0xdf, 0x01, 0xdf,
  0xff, 0xdf, 0x00, 0xe0, 0x01, 0xe0, 0xff, 0xe0, 0x01, 0xe1, 0xff, 0xe0,
  0x00, 0xe1, 0x01, 0xe1, 0xfe, 0xe1, 0x03, 0xe2, 0xfd, 0xe2, 0x02, 0xe3,
  0xff, 0xe2, 0x00, 0xe3, 0x01, 0xe3, 0xfe, 0xe3, 0x03, 0xe4, 0xfd, 0xe3,
  0x02, 0xe5, 0xff, 0xe4, 0x01, 0xe5, 0xff, 0xe5, 0x01, 0xe6, 0x00, 0xe6,
  0xfe, 0xe6, 0x03, 0xe7, 0xfd, 0xe7, 0x02, 0xe8, 0x00, 0xe9, 0xff, 0xe8,
  0x00, 0xea, 0x01, 0xea, 0xfe, 0xea, 0x03, 0xeb, 0xfd, 0xeb, 0x02, 0xed,
  0xff, 0xec, 0x00, 0xee, 0x02, 0xef, 0xfc, 0xef, 0x05, 0xf1, 0xfc, 0xf0,
  0x03, 0xf2, 0xfe, 0xf2, 0x01, 0xf4, 0x00, 0xf5, 0xff, 0xf5, 0x03, 0xf7,
  0xfc, 0xf7, 0x04, 0xf9, 0xfd, 0xf9, 0x00, 0xfb, 0x02, 0xfc, 0xfe, 0xfc,
  0x02, 0xfe, 0xfe, 0xff, 0x02, 0x01, 0xfe, 0x01, 0x02, 0x03, 0xfe, 0x03,
  0x01, 0x06, 0x00, 0x07, 0x00, 0x08, 0x01, 0x0a, 0xfe, 0x0a, 0x02, 0x0c,
  0xfe, 0x0c, 0x02, 0x0e, 0xff, 0x0e, 0x00, 0x10, 0x01, 0x11, 0xff, 0x11,
  0x00, 0x13, 0x01, 0x14, 0xfe, 0x14, 0x04, 0x16, 0xfb, 0x16, 0x04, 0x18,
  0xfd, 0x18, 0x02, 0x19, 0xff, 0x19, 0x01, 0x1b, 0xfe, 0x1a, 0x02, 0x1c,
  0x00, 0x1d, 0xfe, 0x1c, 0x03, 0x1e, 0xfc, 0x1d, 0x04, 0x1f, 0xfe, 0x1e,
  0x00, 0x1f, 0x02, 0x20, 0xfd, 0x1f, 0x02, 0x21, 0xff, 0x20, 0x00, 0x21,
  0x01, 0x21, 0x00, 0x21, 0xff, 0x21, 0x01, 0x22, 0xff, 0x21, 0x01, 0x22,
  0xff, 0x21, 0x01, 0x22, 0xff, 0x21, 0x00, 0x23, 0x02, 0x23, 0xfc, 0x21,
  0x04, 0x22, 0xfd, 0x21, 0x01, 0x22, 0x01, 0x22, 0xff, 0x21, 0x00, 0x22,
  0x01, 0x22, 0xfe, 0x21, 0x02, 0x21, 0xff, 0x20, 0x01, 0x21, 0xfe, 0x20,
  0x03, 0x21, 0xfd, 0x20, 0x02, 0x20, 0xff, 0x1f, 0xff, 0x1f, 0x03, 0x1f,
  0xfd, 0x1e, 0x02, 0x1f, 0xff, 0x1e, 0x00, 0x1e, 0x01, 0x1e, 0xff, 0x1c,
  0x01, 0x1d, 0xff, 0x1c, 0x01, 0x1d, 0xff, 0x1b, 0x01, 0x1c, 0x00, 0x1b,
  0xff, 0x1a, 0x02, 0x1b, 0xfd, 0x19, 0x03, 0x1a, 0xfd, 0x19, 0x04, 0x19,
  0xfc, 0x18, 0x03, 0x18, 0xfe, 0x17, 0x00, 0x17, 0x01, 0x17, 0x00, 0x16,
  0xff, 0x15, 0x01, 0x15, 0xff, 0x13, 0x00, 0x14, 0x01, 0x13, 0xff, 0x11,
  0x01, 0x11, 0xff, 0x10, 0x00, 0x10, 0x01, 0x0f, 0xff, 0x0d, 0x01, 0x0d,
  0x00, 0x0c, 0xfe, 0x0a, 0x03, 0x0a, 0xfd, 0x08, 0x03, 0x08, 0xfe, 0x06,
  0x01, 0x05, 0xff, 0x03, 0x01, 0x03, 0x00, 0x02, 0xff, 0x00, 0x01, 0xff,
  0xff, 0xfd, 0x02, 0xfd, 0xfe, 0xfb, 0x01, 0xfb, 0xff, 0xf8, 0x01, 0xf8,
  0x00, 0xf7, 0x00, 0xf6, 0x00, 0xf5, 0x00, 0xf3, 0x00, 0xf2, 0x00, 0xf1,
  0x00, 0xf0, 0x00, 0xef, 0x00, 0xee, 0x00, 0xed, 0xff, 0xeb, 0x02, 0xeb,
  0xfd, 0xe9, 0x03, 0xe9, 0xfe, 0xe7, 0x00, 0xe7, 0x02, 0xe6, 0xfc, 0xe5,
  0x05, 0xe5, 0xfb, 0xe3, 0x05, 0xe3, 0xfc, 0xe2, 0x03, 0xe2, 0xfd, 0xe1,
  0x02, 0xe1, 0x00, 0xe1, 0xff, 0xdf, 0x02, 0xe0, 0xfd, 0xde, 0x02, 0xdf,
  0x00, 0xdf, 0xff, 0xdd, 0x02, 0xde, 0xfd, 0xdd, 0x03, 0xde, 0xfd, 0xdd,
  0x03, 0xde, 0xfd, 0xdc, 0x03, 0xdd, 0xfd, 0xdc, 0x03, 0xdd, 0xfd, 0xdc,
  0x02, 0xdd, 0xff, 0xdc, 0x01, 0xdd, 0xff, 0xdd, 0x02, 0xde, 0xfd, 0xdd,
  0x03, 0xde, 0xfd, 0xdd, 0x04, 0xde, 0xfc, 0xdd, 0x04, 0xdf, 0xfc, 0xde,
  0x03, 0xdf, 0xfe, 0xde, 0x02, 0xdf, 0xfe, 0xde, 0x02, 0xe0, 0xff, 0xdf,
  0xff, 0xdf, 0x02, 0xe0, 0xfe, 0xe0, 0x01, 0xe1, 0x01, 0xe1, 0xfe, 0xe0,
  0x01, 0xe2, 0x00, 0xe2, 0xff, 0xe1, 0x02, 0xe3, 0xfe, 0xe2, 0x01, 0xe3,
  0x00, 0xe4, 0xff, 0xe3, 0x02, 0xe4, 0xfe, 0xe3, 0x01, 0xe5, 0x00, 0xe5,
  0xff, 0xe5, 0x01, 0xe6, 0x00, 0xe7, 0x00, 0xe7, 0xff, 0xe6, 0x01, 0xe8,
  0xff, 0xe7, 0x02, 0xe9, 0xfd, 0xe9, 0x03, 0xea, 0xfe, 0xea, 0x01, 0xec,
  0x00, 0xec, 0xff, 0xec, 0x00, 0xee, 0x02, 0xee, 0xfe, 0xee, 0x02, 0xf0,
  0xfd, 0xf0, 0x02, 0xf2, 0xff, 0xf1, 0x02, 0xf3, 0xfe, 0xf3, 0x01, 0xf5,
  0x00, 0xf6, 0xff, 0xf6, 0x02, 0xf9, 0xfd, 0xf9, 0x04, 0xfb, 0xfc, 0xfb,
  0x04, 0xfd, 0xfc, 0xfd, 0x03, 0xff, 0xfe, 0xff, 0x01, 0x02, 0x00, 0x03,
  0xff, 0x03, 0x02, 0x06, 0xfe, 0x06, 0x02, 0x08, 0xfe, 0x08, 0x01, 0x0a,
  0x00, 0x0b, 0x00, 0x0d, 0x01, 0x0e, 0xfe, 0x0e, 0x02, 0x10, 0xfe, 0x10,
  0x02, 0x12, 0xff, 0x12, 0xff, 0x13, 0x03, 0x15, 0xfc, 0x14, 0x03, 0x16,
  0xff, 0x16, 0xff, 0x17, 0x03, 0x19, 0xfd, 0x18, 0x01, 0x1a, 0x00, 0x1b,
  0xff, 0x1a, 0x02, 0x1c, 0xfe, 0x1b, 0x02, 0x1d, 0xfe, 0x1c, 0x01, 0x1e,
  0x00, 0x1e, 0xff, 0x1e, 0x01, 0x1f, 0x00, 0x20, 0xff, 0x1f, 0x02, 0x20,
  0xfe, 0x20, 0x01, 0x21, 0x00, 0x21, 0xff, 0x20, 0x01, 0x22, 0x00, 0x22,
  0xff, 0x21, 0x02, 0x22, 0xfd, 0x21, 0x03, 0x22, 0xfd, 0x21, 0x03, 0x22,
  0xfd, 0x21, 0x03, 0x22, 0xfe, 0x21, 0x01, 0x22, 0x00, 0x22, 0xff, 0x21,
  0x02, 0x22, 0xfe, 0x21, 0x02, 0x22, 0xfe, 0x21, 0x01, 0x22, 0x00, 0x22,
  0x00, 0x21, 0x00, 0x21, 0x00, 0x21, 0x00, 0x21, 0x00, 0x21, 0x01, 0x20,
  0xfe, 0x1f, 0x03, 0x20, 0xfd, 0x1f, 0x02, 0x1f, 0x00, 0x1f, 0xfe, 0x1e,
  0x03, 0x1f, 0xfd, 0x1d, 0x03, 0x1e, 0xfd, 0x1d, 0x02, 0x1e, 0xff, 0x1c,
  0x00, 0x1d, 0x01, 0x1d, 0xfe, 0x1b, 0x02, 0x1c, 0xfe, 0x1b, 0x02, 0x1b,
  0xff, 0x1a, 0xff, 0x1a, 0x02, 0x1a, 0xfe, 0x19, 0x01, 0x19, 0x01, 0x19,
  0xfd, 0x18, 0x04, 0x18, 0xfc, 0x17, 0x04, 0x17, 0xfc, 0x16, 0x04, 0x16,
  0xfd, 0x14, 0x01, 0x15, 0x00, 0x14, 0x00, 0x13, 0x00, 0x13, 0x01, 0x12,
  0xff, 0x10, 0x00, 0x10, 0x01, 0x0f, 0xff, 0x0d, 0x00, 0x0e, 0x02, 0x0d,
  0xfd, 0x0b, 0x04, 0x0b, 0xfb, 0x09, 0x05, 0x09, 0xfc, 0x07, 0x03, 0x07,
  0xfe, 0x04, 0x01, 0x04, 0xff, 0x02, 0x01, 0x02, 0x00, 0x01, 0xff, 0xff,
  0x02, 0xff, 0xfd, 0xfc, 0x03, 0xfc, 0xfe, 0xfa, 0x01, 0xfa, 0x00, 0xf8,
  0xff, 0xf6, 0x02, 0xf6, 0xfe, 0xf4, 0x02, 0xf4, 0xfe, 0xf2, 0x02, 0xf1,
  0xff, 0xef, 0x00, 0xef, 0x01, 0xee, 0xfe, 0xec, 0x03, 0xec, 0xfe, 0xea,
  0x00, 0xea, 0x01, 0xe9, 0xfe, 0xe7, 0x02, 0xe7, 0x00, 0xe7, 0xfe, 0xe5,
  0x03, 0xe5, 0xfc, 0xe3, 0x04, 0xe4, 0xfd, 0xe2, 0x03, 0xe2, 0xfd, 0xe1,
  0x02, 0xe1, 0xff, 0xe0, 0x00, 0xe0, 0x02, 0xe0, 0xfc, 0xde, 0x04, 0xdf,
  0xfd, 0xde, 0x02, 0xde, 0xff, 0xdd, 0x00, 0xde, 0x00, 0xde, 0x00, 0xdd,
  0x01, 0xdd, 0xff, 0xdc, 0x00, 0xdd, 0x01, 0xdd, 0xfe, 0xdc, 0x03, 0xdd,
  0xfd, 0xdc, 0x02, 0xdd, 0xff, 0xdc, 0x00, 0xdd, 0x00, 0xdd, 0x00, 0xdd,
  0x00, 0xdd, 0x00, 0xdd, 0x00, 0xde, 0xff, 0xdd, 0x01, 0xde, 0x00, 0xde,
  0x00, 0xde, 0xff, 0xde, 0x01, 0xdf, 0xfe, 0xde, 0x04, 0xdf, 0xfc, 0xde,
  0x03, 0xe0, 0xfd, 0xdf, 0x02, 0xe0, 0xff, 0xe0, 0x01, 0xe1, 0x00, 0xe1,
  0xff, 0xe0, 0x01, 0xe2, 0xff, 0xe1, 0x01, 0xe2, 0x00, 0xe3, 0xff, 0xe2,
  0x01, 0xe3, 0xff, 0xe2, 0x01, 0xe4, 0x00, 0xe4, 0xff, 0xe3, 0x01, 0xe5,
  0xfe, 0xe4, 0x03, 0xe6, 0xfd, 0xe5, 0x03, 0xe6, 0xfe, 0xe6, 0x01, 0xe7,
  0xff, 0xe7, 0x02, 0xe8, 0xfd, 0xe8, 0x04, 0xe9, 0xfd, 0xe9, 0x01, 0xea,
  0x01, 0xeb, 0xfe, 0xeb, 0x02, 0xec, 0xff, 0xec, 0x00, 0xee, 0x01, 0xef,
  0xfe, 0xee, 0x02, 0xf0, 0xff, 0xf0, 0x00, 0xf2, 0x01, 0xf3, 0xfd, 0xf3,
  0x04, 0xf5, 0xfc, 0xf5, 0x03, 0xf7, 0xff, 0xf7, 0xff, 0xf8, 0x01, 0xfa,
  0x00, 0xfb, 0xfe, 0xfb, 0x04, 0xfd, 0xfc, 0xfe, 0x03, 0x00, 0xfe, 0x00,
  0x01, 0x02, 0xff, 0x03, 0x02, 0x05, 0xfe, 0x05, 0x01, 0x07, 0x00, 0x08,
  0xff, 0x09, 0x01, 0x0b, 0x00, 0x0c, 0xff, 0x0c, 0x01, 0x0e, 0x00, 0x0f,
  0xff, 0x0f, 0x01, 0x12, 0xff, 0x12, 0x01, 0x14, 0xff, 0x14, 0x01, 0x15,
  0xff, 0x15, 0x00, 0x17, 0x01, 0x18, 0xff, 0x18, 0x01, 0x19, 0xfe, 0x19,
  0x03, 0x1b, 0xfd, 0x1a, 0x02, 0x1c, 0xff, 0x1c, 0x00, 0x1d, 0x01, 0x1e,
  0xff, 0x1d, 0x01, 0x1f, 0xfe, 0x1e, 0x02, 0x1f, 0xff, 0x1f, 0x00, 0x20,
  0x01, 0x20, 0xfe, 0x20, 0x02, 0x21, 0xff, 0x20, 0x01, 0x21, 0xff, 0x20,
  0x00, 0x22, 0x00, 0x22, 0x01, 0x22, 0xff, 0x21, 0x02, 0x22, 0xfd, 0x21,
  0x02, 0x22, 0xff, 0x21, 0x00, 0x22, 0x02, 0x22, 0xfd, 0x21, 0x03, 0x22,
  0xfd, 0x21, 0x02, 0x22, 0xff, 0x21, 0x01, 0x21, 0xff, 0x20, 0x01, 0x21,
  0xff, 0x20, 0x01, 0x21, 0xff, 0x20, 0x02, 0x20, 0xfd, 0x1f, 0x03, 0x20,
  0xfd, 0x1f, 0x02, 0x20, 0x00, 0x1f, 0x00, 0x1f, 0xff, 0x1e, 0x01, 0x1f,
  0xff, 0x1d, 0x00, 0x1e, 0x02, 0x1e, 0xfd, 0x1d, 0x03, 0x1d, 0xfe, 0x1c,
  0x00, 0x1d, 0x01, 0x1c, 0xff, 0x1b, 0x01, 0x1c, 0x00, 0x1b, 0xfe, 0x1a,
  0x03, 0x1b, 0xfd, 0x19, 0x03, 0x1a, 0xfd, 0x19, 0x03, 0x19, 0xfd, 0x18,
  0x04, 0x18, 0xfc, 0x17, 0x02, 0x17, 0x00, 0x17, 0x00, 0x16, 0x00, 0x16,
  0xff, 0x14, 0x01, 0x15, 0x00, 0x14, 0x00, 0x13, 0x00, 0x12, 0xff, 0x10,
  0x01, 0x11, 0x00, 0x10, 0xff, 0x0e, 0x01, 0x0e, 0x00, 0x0d, 0x00, 0x0c,
  0xff, 0x0a, 0x01, 0x0a, 0xff, 0x08, 0x02, 0x08, 0xff, 0x06, 0xff, 0x05,
  0x01, 0x05, 0x00, 0x04, 0x00, 0x03, 0x00, 0x01, 0x00, 0x00, 0x00, 0xff,
  0x00, 0xfe, 0x00, 0xfd, 0xff, 0xfb, 0x02, 0xfa, 0xfe, 0xf8, 0x03, 0xf8,
  0xfc, 0xf6, 0x03, 0xf5, 0xfe, 0xf3, 0x02, 0xf3, 0xff, 0xf1, 0x01, 0xf1,
  0xfd, 0xef, 0x04, 0xef, 0xfc, 0xed, 0x04, 0xed, 0xfd, 0xeb, 0x02, 0xeb,
  0xfe, 0xe9, 0x02, 0xe9, 0xfe, 0xe7, 0x02, 0xe7, 0xff, 0xe5, 0x01, 0xe5,
  0xfe, 0xe4, 0x03, 0xe4, 0xfc, 0xe2, 0x04, 0xe3, 0xfd, 0xe1, 0x02, 0xe1,
  0xff, 0xe0, 0x00, 0xe0, 0x00, 0xe0, 0x01, 0xdf, 0xfe, 0xde, 0x02, 0xdf,
  0xfe, 0xdd, 0x02, 0xde, 0xff, 0xdd, 0x00, 0xde, 0x00, 0xdd, 0x00, 0xdd,
  0x00, 0xdd, 0x00, 0xdd, 0x00, 0xdd, 0x00, 0xdc, 0x00, 0xdd, 0xff, 0xdc,
  0x01, 0xdd, 0xff, 0xdc, 0x02, 0xdd, 0xfd, 0xdc, 0x03, 0xdd, 0xfd, 0xdc,
  0x02, 0xdd, 0xff, 0xdc, 0x01, 0xdd, 0xff, 0xdc, 0x01, 0xdd, 0xff, 0xdd,
  0x00, 0xde, 0x01, 0xde, 0x00, 0xde, 0xff, 0xde, 0x02, 0xdf, 0xfd, 0xde,
  0x03, 0xdf, 0xfd, 0xde, 0x04, 0xe0, 0xfc, 0xdf, 0x04, 0xe0, 0xfb, 0xe0,
  0x05, 0xe1, 0xfc, 0xe0, 0x03, 0xe1, 0xfe, 0xe1, 0x01, 0xe2, 0xff, 0xe1,
  0x01, 0xe2, 0x00, 0xe3, 0xff, 0xe2, 0x02, 0xe3, 0xfd, 0xe2, 0x03, 0xe4,
  0xfe, 0xe3, 0x02, 0xe4, 0xfd, 0xe4, 0x04, 0xe5, 0xfc, 0xe4, 0x03, 0xe6,
  0xff, 0xe5, 0xff, 0xe5, 0x02, 0xe7, 0xfe, 0xe6, 0x01, 0xe7, 0x00, 0xe8,
  0x00, 0xe8, 0xff, 0xe8, 0x02, 0xea, 0xfe, 0xe9, 0x01, 0xea, 0x01, 0xeb,
  0xfd, 0xeb, 0x04, 0xec, 0xfd, 0xec, 0x02, 0xee, 0xff, 0xed, 0x00, 0xef,
  0x00, 0xf0, 0x00, 0xf1, 0x01, 0xf1, 0xff, 0xf1, 0x00, 0xf3, 0x00, 0xf4,
  0x00, 0xf5, 0x01, 0xf6, 0xfe, 0xf6, 0x02, 0xf8, 0xfe, 0xf8, 0x03, 0xfa,
  0xfd, 0xfa, 0x02, 0xfc, 0xff, 0xfc, 0x00, 0xfe, 0x02, 0x00, 0xfd, 0x00,
  0x02, 0x02, 0x00, 0x03, 0xfe, 0x03, 0x04, 0x05, 0xfb, 0x05, 0x05, 0x08,
  0xfc, 0x08, 0x02, 0x0a, 0xff, 0x0a, 0x01, 0x0c, 0xff, 0x0c, 0x02, 0x0e,
  0xfc, 0x0e, 0x05, 0x10, 0xfb, 0x10, 0x05, 0x12, 0xfc, 0x12, 0x02, 0x14,
  0x00, 0x15, 0xfe, 0x15, 0x03, 0x17, 0xfd, 0x17, 0x02, 0x18, 0x00, 0x19,
  0xfe, 0x19, 0x02, 0x1b, 0xff, 0x1a, 0x00, 0x1c, 0x01, 0x1c, 0xfe, 0x1c,
  0x02, 0x1e, 0xff, 0x1d, 0x01, 0x1f, 0xff, 0x1e, 0x01, 0x1f, 0xff, 0x1f,
  0x01, 0x20, 0x00, 0x20, 0x00, 0x21, 0xff, 0x20, 0x02, 0x21, 0xfe, 0x20,
  0x02, 0x21, 0xfe, 0x21, 0x01, 0x22, 0x00, 0x22, 0x00, 0x22, 0x00, 0x22,
  0xff, 0x21, 0x01, 0x22, 0xff, 0x21, 0x02, 0x22, 0xfd, 0x21, 0x04, 0x22,
  0xfb, 0x21, 0x05, 0x22, 0xfb, 0x20, 0x04, 0x21, 0xfe, 0x20, 0x01, 0x21,
  0x00, 0x21, 0xff, 0x20, 0x00, 0x20, 0x01, 0x20, 0xff, 0x1f, 0x02, 0x20,
  0xfe, 0x1e, 0x01, 0x1f, 0xff, 0x1e, 0x02, 0x1f, 0xfe, 0x1d, 0x02, 0x1e,
  0xfe, 0x1d, 0x01, 0x1d, 0x01, 0x1d, 0xfe, 0x1c, 0x02, 0x1c, 0xfd, 0x1b,
  0x04, 0x1c, 0xfc, 0x1a, 0x03, 0x1b, 0xfe, 0x1a, 0x02, 0x1a, 0xfe, 0x19,
  0x01, 0x19, 0x00, 0x19, 0xff, 0x17, 0x03, 0x18, 0xfd, 0x16, 0x02, 0x17,
  0xfe, 0x15, 0x02, 0x15, 0xfe, 0x14, 0x03, 0x14, 0xfc, 0x13, 0x04, 0x13,
  0xfc, 0x11, 0x04, 0x11, 0xfc, 0x10, 0x03, 0x10, 0xfe, 0x0e, 0x02, 0x0e,
  0xfd, 0x0c, 0x04, 0x0c, 0xfc, 0x0a, 0x03, 0x0a, 0xff, 0x08, 0xfe, 0x07,
  0x04, 0x07, 0xfc, 0x05, 0x03, 0x04, 0xfe, 0x02, 0x01, 0x02, 0x00, 0x01,
  0xff, 0xfe, 0x01, 0xfe, 0xff, 0xfc, 0x02, 0xfc, 0xfe, 0xfa, 0x01, 0xfa,
  0xff, 0xf7, 0x01, 0xf7, 0xff, 0xf5, 0x02, 0xf5, 0xfd, 0xf2, 0x03, 0xf2,
  0xfd, 0xf0, 0x02, 0xf0, 0xff, 0xee, 0x00, 0xee, 0x01, 0xed, 0xff, 0xeb,
  0x01, 0xeb, 0xfe, 0xe9, 0x02, 0xe9, 0xff, 0xe7, 0x00, 0xe7, 0x01, 0xe6,
  0xfe, 0xe4, 0x02, 0xe5, 0xff, 0xe3, 0x00, 0xe4, 0x00, 0xe3, 0x00, 0xe2,
  0x00, 0xe2, 0x00, 0xe1, 0x00, 0xe1, 0x00, 0xe0, 0x00, 0xe0, 0x01, 0xdf,
  0xff, 0xde, 0x00, 0xdf, 0x00, 0xdf, 0x00, 0xde, 0x00, 0xde, 0x01, 0xde,
  0xff, 0xdd, 0x00, 0xde, 0x01, 0xde, 0xfe, 0xdc, 0x02, 0xdd, 0xff, 0xdc,
  0x00, 0xde, 0x00, 0xde, 0x00, 0xde, 0x00, 0xde, 0x01, 0xde, 0xfd, 0xdd,
  0x03, 0xde, 0xfe, 0xdd, 0x02, 0xde, 0xff, 0xdd, 0x00, 0xde, 0xff, 0xde,
  0x02, 0xdf, 0xfe, 0xde, 0x02, 0xdf, 0xfe, 0xdf, 0x01, 0xe0, 0x00, 0xe0,
  0x00, 0xe0, 0x00, 0xe0, 0xff, 0xe0, 0x01, 0xe1, 0xff, 0xe0, 0x03, 0xe1,
  0xfc, 0xe1, 0x03, 0xe2, 0xfe, 0xe1, 0x01, 0xe2, 0x00, 0xe3, 0x00, 0xe3,
  0x00, 0xe3, 0x00, 0xe3, 0x00, 0xe4, 0x00, 0xe4, 0x00, 0xe4, 0x00, 0xe5,
  0x00, 0xe5, 0x00, 0xe6, 0x01, 0xe6, 0xff, 0xe6, 0x00, 0xe7, 0xff, 0xe7,
  0x03, 0xe8, 0xfd, 0xe8, 0x03, 0xe9, 0xfd, 0xe9, 0x02, 0xea, 0xff, 0xea,
  0x01, 0xec, 0xff, 0xeb, 0x01, 0xed, 0xff, 0xed, 0x01, 0xef, 0x00, 0xf0,
  0x00, 0xf1, 0x00, 0xf1, 0xff, 0xf1, 0x02, 0xf3, 0xfe, 0xf3, 0x03, 0xf5,
  0xfc, 0xf5, 0x04, 0xf7, 0xfc, 0xf7, 0x03, 0xf9, 0xff, 0xfa, 0xff, 0xfb,
  0x02, 0xfd, 0xfd, 0xfd, 0x03, 0xff, 0xfd, 0xff, 0x03, 0x01, 0xfd, 0x02,
  0x03, 0x04, 0xfd, 0x04, 0x02, 0x07, 0xff, 0x07, 0x01, 0x09, 0xfe, 0x09,
  0x03, 0x0c, 0xfc, 0x0c, 0x05, 0x0e, 0xfb, 0x0e, 0x03, 0x10, 0xff, 0x10,
  0x00, 0x12, 0x01, 0x13, 0xff, 0x13, 0x00, 0x15, 0x01, 0x16, 0xff, 0x16,
  0x00, 0x17, 0x02, 0x18, 0xfc, 0x18, 0x05, 0x1a, 0xfb, 0x1a, 0x03, 0x1b,
  0xff, 0x1b, 0x00, 0x1c, 0x01, 0x1d, 0xff, 0x1d, 0x00, 0x1e, 0xff, 0x1e,
  0x03, 0x1f, 0xfd, 0x1e, 0x03, 0x20, 0xfe, 0x1f, 0x00, 0x20, 0x02, 0x21,
  0xfe, 0x20, 0x01, 0x21, 0x00, 0x22, 0xff, 0x21, 0x02, 0x22, 0xfe, 0x21,
  0x01, 0x23, 0x00, 0x23, 0xff, 0x22, 0x02, 0x23, 0xfd, 0x22, 0x03, 0x23,
  0xfe, 0x22, 0x01, 0x23, 0x00, 0x23, 0xff, 0x22, 0x02, 0x23, 0xfd, 0x22,
  0x04, 0x23, 0xfc, 0x22, 0x03, 0x23, 0xfe, 0x21, 0x01, 0x22, 0x00, 0x22,
  0x00, 0x22, 0x00, 0x22, 0x00, 0x22, 0xff, 0x20, 0x01, 0x21, 0x00, 0x21,
  0xff, 0x20, 0x03, 0x20, 0xfb, 0x1f, 0x04, 0x20, 0xfe, 0x1f, 0x00, 0x20,
  0x02, 0x1f, 0xfd, 0x1e, 0x02, 0x1f, 0x00, 0x1e, 0xfe, 0x1d, 0x03, 0x1e,
  0xfd, 0x1d, 0x02, 0x1d, 0x00, 0x1d, 0xfe, 0x1c, 0x03, 0x1d, 0xfd, 0x1b,
  0x03, 0x1c, 0xfd, 0x1b, 0x03, 0x1b, 0xfd, 0x1a, 0x02, 0x1b, 0xff, 0x19,
  0x00, 0x1a, 0x02, 0x19, 0xfc, 0x18, 0x05, 0x18, 0xfb, 0x17, 0x04, 0x17,
  0xfe, 0x16, 0x01, 0x16, 0xff, 0x15, 0x01, 0x15, 0x00, 0x14, 0xff, 0x12,
  0x02, 0x13, 0xfd, 0x11, 0x03, 0x12, 0xfd, 0x10, 0x03, 0x10, 0xfe, 0x0e,
  0x01, 0x0e, 0x00, 0x0d, 0xff, 0x0b, 0x02, 0x0b, 0xfe, 0x08, 0x02, 0x08,
  0xfe, 0x07, 0x01, 0x07, 0x01, 0x05, 0xfe, 0x03, 0x01, 0x03, 0x01, 0x02,
  0xfc, 0x00, 0x06, 0xff, 0xfa, 0xfd, 0x05, 0xfd, 0xfd, 0xfb, 0x01, 0xfb,
  0x00, 0xf9, 0x00, 0xf8, 0x00, 0xf7, 0x00, 0xf6, 0x00, 0xf5, 0x00, 0xf3,
  0x01, 0xf2, 0xfe, 0xf0, 0x02, 0xef, 0xff, 0xed, 0x00, 0xee, 0x01, 0xed,
  0xfe, 0xeb, 0x02, 0xea, 0xfe, 0xe8, 0x03, 0xe9, 0xfc, 0xe7, 0x04, 0xe7,
  0xfd, 0xe5, 0x01, 0xe5, 0x00, 0xe4, 0x00, 0xe4, 0x00, 0xe3, 0x00, 0xe3,
  0x00, 0xe2, 0x00, 0xe2, 0x01, 0xe1, 0xfe, 0xdf, 0x02, 0xe0, 0xfe, 0xde,
  0x02, 0xdf, 0xfe, 0xde, 0x02, 0xde, 0xfe, 0xdd, 0x02, 0xde, 0xff, 0xdc,
  0xff, 0xdc, 0x02, 0xdd, 0xfe, 0xdc, 0x01, 0xdd, 0x01, 0xdd, 0xfe, 0xdb,
  0x02, 0xdc, 0xfe, 0xdb, 0x01, 0xdc, 0x00, 0xdc, 0x00, 0xdc, 0x00, 0xdd,
  0xff, 0xdc, 0x02, 0xdd, 0xfe, 0xdc, 0x02, 0xdd, 0xfe, 0xdc, 0x01, 0xdd,
  0xff, 0xdc, 0x02, 0xdd, 0xff, 0xdd, 0x00, 0xde, 0x00, 0xde, 0xff, 0xdd,
  0x02, 0xdf, 0xff, 0xde, 0x00, 0xdf, 0x01, 0xdf, 0xfe, 0xdf, 0x03, 0xe0,
  0xfc, 0xdf, 0x04, 0xe0, 0xfd, 0xe0, 0x02, 0xe1, 0x00, 0xe1, 0xfe, 0xe1,
  0x02, 0xe2, 0xff, 0xe1, 0x00, 0xe2, 0x01, 0xe3, 0xff, 0xe2, 0x00, 0xe3,
  0x01, 0xe4, 0xfe, 0xe3, 0x03, 0xe4, 0xfd, 0xe3, 0x03, 0xe5, 0xfd, 0xe4,
  0x02, 0xe5, 0xff, 0xe4, 0x01, 0xe6, 0x00, 0xe6, 0xfe, 0xe5, 0x03, 0xe7,
  0xfc, 0xe6, 0x05, 0xe8, 0xfc, 0xe7, 0x02, 0xe9, 0xff, 0xe8, 0x00, 0xe9,
  0x01, 0xea, 0x00, 0xea, 0xff, 0xea, 0x01, 0xec, 0xff, 0xeb, 0x01, 0xed,
  0x00, 0xee, 0xff, 0xee, 0x01, 0xef, 0x00, 0xf0, 0xff, 0xf0, 0x02, 0xf1,
  0xfd, 0xf1, 0x03, 0xf3, 0xfd, 0xf3, 0x03, 0xf5, 0xfe, 0xf5, 0x01, 0xf8,
  0xff, 0xf8, 0x00, 0xfa, 0x02, 0xfb, 0xfe, 0xfb, 0x00, 0xfd, 0x01, 0xff,
  0xfe, 0xff, 0x04, 0x01, 0xfc, 0x01, 0x02, 0x03, 0xff, 0x04, 0x01, 0x06,
  0xff, 0x06, 0x01, 0x09, 0xfe, 0x09, 0x02, 0x0b, 0xff, 0x0b, 0x00, 0x0d,
  0x01, 0x0e, 0xfe, 0x0f, 0x02, 0x11, 0xfe, 0x11, 0x02, 0x13, 0xff, 0x13,
  0x00, 0x15, 0x01, 0x16, 0xfe, 0x16, 0x02, 0x18, 0xff, 0x17, 0x00, 0x19,
  0x01, 0x1a, 0xfe, 0x1a, 0x02, 0x1b, 0xfe, 0x1b, 0x03, 0x1c, 0xfc, 0x1c,
  0x04, 0x1d, 0xfc, 0x1d, 0x03, 0x1e, 0xff, 0x1e, 0x00, 0x1f, 0x00, 0x1f,
  0x00, 0x20, 0x00, 0x20, 0x01, 0x20, 0xff, 0x1f, 0x00, 0x21, 0x00, 0x21,
  0x01, 0x21, 0xff, 0x20, 0x01, 0x21, 0xff, 0x20, 0x00, 0x21, 0x01, 0x21,
  0xff, 0x20, 0x00, 0x22, 0x02, 0x22, 0xfd, 0x20, 0x03, 0x21, 0xfd, 0x20,
  0x03, 0x21, 0xfd, 0x20, 0x04, 0x21, 0xfc, 0x20, 0x03, 0x21, 0xfe, 0x20,
  0x00, 0x20, 0x02, 0x20, 0xfe, 0x1f, 0x01, 0x20, 0xff, 0x1f, 0x01, 0x1f,
  0xff, 0x1e, 0x02, 0x1f, 0xfd, 0x1e, 0x02, 0x1e, 0x00, 0x1e, 0xff, 0x1d,
  0x01, 0x1d, 0xff, 0x1c, 0x01, 0x1d, 0xfe, 0x1c, 0x04, 0x1c, 0xfb, 0x1b,
  0x04, 0x1b, 0xfe, 0x1a, 0x00, 0x1b, 0x02, 0x1a, 0xfd, 0x19, 0x03, 0x19,
  0xfd, 0x18, 0x03, 0x18, 0xfd, 0x17, 0x03, 0x17, 0xfd, 0x15, 0x03, 0x16,
  0xfe, 0x14, 0x00, 0x15, 0x01, 0x14, 0xff, 0x12, 0x01, 0x12, 0x00, 0x12,
  0x00, 0x11, 0xff, 0x0f, 0x01, 0x0f, 0xff, 0x0d, 0x02, 0x0d, 0xfe, 0x0b,
  0x01, 0x0b, 0x00, 0x0a, 0xff, 0x08, 0x01, 0x08, 0xff, 0x06, 0x01, 0x06,
  0x00, 0x05, 0xff, 0x03, 0x01, 0x02, 0xff, 0x00, 0x01, 0x00, 0xff, 0xfe,
  0x02, 0xfe, 0xfd, 0xfb, 0x04, 0xfb, 0xfc, 0xf9, 0x03, 0xf8, 0xfe, 0xf6,
  0x01, 0xf6, 0x00, 0xf5, 0x00, 0xf4, 0x00, 0xf3, 0xff, 0xf0, 0x02, 0xf0,
  0xfd, 0xee, 0x03, 0xee, 0xfd, 0xec, 0x02, 0xec, 0x00, 0xeb, 0xff, 0xe9,
  0x00, 0xe9, 0x01, 0xe8, 0xfe, 0xe6, 0x02, 0xe7, 0xff, 0xe5, 0x00, 0xe5,
  0x01, 0xe4, 0xff, 0xe3, 0x00, 0xe3, 0x01, 0xe2, 0xff, 0xe1, 0x00, 0xe1,
  0x01, 0xe1, 0xfe, 0xdf, 0x02, 0xe0, 0xff, 0xde, 0x00, 0xdf, 0x00, 0xdf,
  0x00, 0xde, 0x00, 0xde, 0x00, 0xde, 0x00, 0xde, 0x00, 0xdd, 0xff, 0xdc,
  0x02, 0xdd, 0xff, 0xdc, 0xff, 0xdc, 0x02, 0xdd, 0xfe, 0xdc, 0x01, 0xdd,
  0x00, 0xdd, 0x00, 0xdd, 0xff, 0xdd, 0x02, 0xde, 0xfe, 0xdd, 0x02, 0xde,
  0xff, 0xdd, 0xff, 0xdd, 0x01, 0xde, 0x00, 0xde, 0x01, 0xdf, 0xfe, 0xde,
  0x02, 0xdf, 0xfe, 0xde, 0x02, 0xe0, 0xff, 0xdf, 0x00, 0xe0, 0x00, 0xe0,
  0x01, 0xe0, 0xff, 0xe0, 0x01, 0xe1, 0xff, 0xe0, 0x01, 0xe1, 0xff, 0xe1,
  0x01, 0xe2, 0x00, 0xe2, 0xfe, 0xe1, 0x03, 0xe2, 0xfe, 0xe2, 0x01, 0xe3,
  0x00, 0xe3, 0xfe, 0xe3, 0x03, 0xe4, 0xfd, 0xe3, 0x03, 0xe4, 0xfd, 0xe4,
  0x03, 0xe5, 0xfd, 0xe5, 0x03, 0xe6, 0xfd, 0xe5, 0x03, 0xe7, 0xfd, 0xe6,
  0x03, 0xe8, 0xfd, 0xe7, 0x03, 0xe9, 0xfe, 0xe8, 0x01, 0xea, 0xff, 0xe9,
  0x01, 0xeb, 0xff, 0xeb, 0x01, 0xed, 0xff, 0xec, 0x00, 0xee, 0x01, 0xef,
  0xff, 0xee, 0x00, 0xf0, 0x00, 0xf1, 0x00, 0xf2, 0x01, 0xf3, 0xff, 0xf3,
  0x00, 0xf5, 0x00, 0xf6, 0x00, 0xf7, 0x00, 0xf8, 0x01, 0xf9, 0xfe, 0xf9,
  0x01, 0xfb, 0x00, 0xfc, 0xff, 0xfc, 0x02, 0xfe, 0xfe, 0xfe, 0x02, 0x01,
  0xfe, 0x01, 0x01, 0x03, 0x00, 0x04, 0x00, 0x05, 0x00, 0x07, 0x01, 0x08,
  0xfe, 0x08, 0x01, 0x0a, 0x01, 0x0b, 0xfe, 0x0b, 0x02, 0x0d, 0xfe, 0x0d,
  0x02, 0x10, 0xfe, 0x10, 0x02, 0x12, 0xfe, 0x12, 0x01, 0x13, 0x00, 0x14,
  0x00, 0x15, 0xff, 0x15, 0x02, 0x17, 0xfe, 0x17, 0x01, 0x19, 0x01, 0x19,
  0xfd, 0x19, 0x03, 0x1b, 0xff, 0x1b, 0xff, 0x1b, 0x03, 0x1d, 0xfc, 0x1c,
  0x03, 0x1e, 0xfe, 0x1d, 0x02, 0x1f, 0xff, 0x1e, 0xff, 0x1e, 0x03, 0x20,
  0xfc, 0x1f, 0x04, 0x21, 0xfd, 0x20, 0x01, 0x21, 0x00, 0x21, 0x01, 0x22,
  0xfd, 0x21, 0x04, 0x22, 0xfb, 0x21, 0x05, 0x22, 0xfd, 0x21, 0x01, 0x22,
  0x00, 0x22, 0xfe, 0x22, 0x04, 0x23, 0xfc, 0x22, 0x04, 0x22, 0xfc, 0x21,
  0x03, 0x22, 0xff, 0x21, 0x00, 0x22, 0x00, 0x22, 0x00, 0x22, 0x00, 0x22,
  0x01, 0x22, 0xff, 0x21, 0x00, 0x21, 0x00, 0x21, 0x01, 0x21, 0xff, 0x20,
  0x01, 0x20, 0xfe, 0x1f, 0x02, 0x20, 0xff, 0x1f, 0x00, 0x1f, 0x01, 0x1f,
  0xfe, 0x1e, 0x02, 0x1f, 0xff, 0x1d, 0x00, 0x1e, 0x00, 0x1e, 0x00, 0x1e,
  0x00, 0x1d, 0x01, 0x1d, 0xfe, 0x1c, 0x02, 0x1d, 0xfe, 0x1b, 0x02, 0x1c,
  0xff, 0x1b, 0x00, 0x1b, 0x00, 0x1b, 0xff, 0x1a, 0x02, 0x1a, 0xff, 0x19,
  0x00, 0x1a, 0x01, 0x19, 0xfe, 0x18, 0x01, 0x18, 0x01, 0x18, 0xfe, 0x16,
  0x03, 0x17, 0xfe, 0x15, 0xff, 0x15, 0x02, 0x15, 0xfe, 0x14, 0x02, 0x14,
  0x00, 0x13, 0xfe, 0x12, 0x01, 0x12, 0x00, 0x11, 0xff, 0x0f, 0x03, 0x0f,
  0xfc, 0x0d, 0x03, 0x0e, 0xff, 0x0c, 0xff, 0x0b, 0x02, 0x0b, 0xfe, 0x09,
  0x01, 0x08, 0x00, 0x07, 0x00, 0x06, 0x00, 0x05, 0x00, 0x04, 0x00, 0x03,
  0x00, 0x02, 0x01, 0x01, 0xff, 0xff, 0x00, 0xff, 0x01, 0xfd, 0xff, 0xfb,
  0x01, 0xfb, 0xff, 0xf8, 0x00, 0xf8, 0x01, 0xf7, 0xff, 0xf5, 0x01, 0xf5,
  0xfe, 0xf3, 0x02, 0xf2, 0xff, 0xf0, 0x01, 0xf0, 0xff, 0xee, 0x00, 0xee,
  0x00, 0xed, 0x01, 0xec, 0xfe, 0xea, 0x02, 0xea, 0xfe, 0xe8, 0x02, 0xe8,
  0xfe, 0xe6, 0x02, 0xe6, 0xfd, 0xe5, 0x04, 0xe5, 0xfc, 0xe3, 0x04, 0xe3,
  0xfc, 0xe2, 0x03, 0xe2, 0xfe, 0xe1, 0x02, 0xe1, 0xfe, 0xe0, 0x02, 0xe0,
  0xfd, 0xdf, 0x03, 0xdf, 0xff, 0xde, 0x00, 0xdf, 0x00, 0xde, 0x00, 0xde,
  0x00, 0xde, 0x00, 0xdd, 0x01, 0xdd, 0xff, 0xdc, 0x00, 0xdd, 0x00, 0xdd,
  0x00, 0xdd, 0x00, 0xdd, 0x00, 0xdd, 0x00, 0xdd, 0xff, 0xdc, 0x02, 0xdd,
  0xfd, 0xdc, 0x03, 0xdd, 0xfd, 0xdc, 0x03, 0xdd, 0xfe, 0xdc, 0x00, 0xde,
  0x01, 0xde, 0xff, 0xdd, 0x00, 0xde, 0x01, 0xde, 0xff, 0xdd, 0x01, 0xdf,
  0xff, 0xde, 0x00, 0xdf, 0x00, 0xdf, 0x01, 0xe0, 0xff, 0xdf, 0x00, 0xe0,
  0x00, 0xe0, 0x01, 0xe1, 0xfe, 0xe0, 0x02, 0xe1, 0xfe, 0xe0, 0x02, 0xe2,
  0xfe, 0xe1, 0x03, 0xe2, 0xfc, 0xe2, 0x05, 0xe3, 0xfb, 0xe2, 0x03, 0xe4,
  0xff, 0xe3, 0x00, 0xe4, 0x01, 0xe5, 0xff, 0xe4, 0x00, 0xe5, 0x00, 0xe6,
  0x01, 0xe6, 0xfe, 0xe5, 0x02, 0xe7, 0xff, 0xe6, 0xff, 0xe7, 0x02, 0xe8,
  0xfe, 0xe8, 0x02, 0xe9, 0xfe, 0xe9, 0x01, 0xeb, 0xff, 0xea, 0x01, 0xec,
  0xff, 0xec, 0x02, 0xed, 0xfd, 0xed, 0x02, 0xef, 0x00, 0xf0, 0xff, 0xef,
  0x01, 0xf1, 0x00, 0xf2, 0xff, 0xf2, 0x01, 0xf4, 0x00, 0xf5, 0x00, 0xf6,
  0x00, 0xf7, 0x00, 0xf8, 0x00, 0xf9, 0xff, 0xf9, 0x03, 0xfb, 0xfc, 0xfc,
  0x04, 0xfe, 0xfc, 0xfe, 0x03, 0x00, 0xfe, 0x00, 0x01, 0x03, 0x00, 0x04,
  0xff, 0x04, 0x01, 0x06, 0xfe, 0x06, 0x02, 0x08, 0x00, 0x09, 0xff, 0x0a,
  0x01, 0x0c, 0xfe, 0x0c, 0x03, 0x0e, 0xfd, 0x0e, 0x04, 0x10, 0xfb, 0x10,
  0x05, 0x12, 0xfc, 0x12, 0x02, 0x14, 0xff, 0x14, 0x01, 0x16, 0xff, 0x16,
  0x01, 0x17, 0xff, 0x17, 0x00, 0x19, 0x01, 0x1a, 0xfe, 0x19, 0x02, 0x1b,
  0xff, 0x1b, 0x00, 0x1c, 0x00, 0x1d, 0x01, 0x1d, 0xfe, 0x1d, 0x02, 0x1e,
  0xfe, 0x1e, 0x02, 0x1f, 0x00, 0x1f, 0xfe, 0x1f, 0x03, 0x20, 0xfc, 0x1f,
  0x05, 0x20, 0xfc, 0x20, 0x03, 0x21, 0xfd, 0x20, 0x02, 0x21, 0x00, 0x21,
  0xff, 0x20, 0x02, 0x21, 0xfd, 0x20, 0x03, 0x21, 0xfd, 0x20, 0x03, 0x21,
  0xfd, 0x20, 0x03, 0x21, 0xfd, 0x20, 0x03, 0x21, 0xfc, 0x20, 0x04, 0x21,
  0xfd, 0x1f, 0x02, 0x20, 0xff, 0x1f, 0x00, 0x20, 0x00, 0x20, 0x00, 0x20,
  0x01, 0x20, 0xfe, 0x1e, 0x02, 0x1f, 0xff, 0x1e, 0x01, 0x1f, 0xff, 0x1e,
  0x00, 0x1e, 0x01, 0x1e, 0xff, 0x1d, 0x01, 0x1e, 0xff, 0x1c, 0x00, 0x1d,
  0x02, 0x1d, 0xfd, 0x1b, 0x03, 0x1c, 0xfd, 0x1b, 0x02, 0x1b, 0x00, 0x1b,
  0xfe, 0x1a, 0x03, 0x1a, 0xfe, 0x19, 0x00, 0x19, 0x01, 0x19, 0xff, 0x17,
  0x00, 0x18, 0x01, 0x17, 0xff, 0x16, 0x01, 0x16, 0xff, 0x15, 0x00, 0x15,
  0x00, 0x14, 0x01, 0x13, 0x00, 0x13, 0xfe, 0x11, 0x02, 0x11, 0xff, 0x10,
  0x00, 0x10, 0x01, 0x0f, 0xfe, 0x0d, 0x02, 0x0d, 0xfe, 0x0b, 0x02, 0x0b,
  0xfe, 0x09, 0x01, 0x09, 0x01, 0x08, 0xfd, 0x05, 0x03, 0x05, 0xff, 0x03,
  0xfe, 0x02, 0x04, 0x02, 0xfc, 0x00, 0x02, 0xff, 0x00, 0xfe, 0xff, 0xfc,
  0x01, 0xfc, 0x00, 0xfa, 0xff, 0xf8, 0x00, 0xf8, 0x01, 0xf7, 0x00, 0xf6,
  0xff, 0xf3, 0x01, 0xf3, 0xff, 0xf1, 0x01, 0xf1, 0x00, 0xf0, 0x00, 0xee,
  0x00, 0xed, 0xff, 0xeb, 0x02, 0xeb, 0xfd, 0xea, 0x04, 0xea, 0xfd, 0xe8,
  0x01, 0xe8, 0x01, 0xe7, 0xfd, 0xe5, 0x04, 0xe5, 0xfc, 0xe3, 0x04, 0xe4,
  0xfc, 0xe2, 0x04, 0xe2, 0xfc, 0xe1, 0x04, 0xe1, 0xfd, 0xe0, 0x01, 0xe0,
  0x00, 0xe0, 0x00, 0xdf, 0x00, 0xdf, 0x01, 0xde, 0xfe, 0xdd, 0x02, 0xde,
  0xfe, 0xdd, 0x01, 0xdd, 0x01, 0xdd, 0xff, 0xdc, 0xff, 0xdc, 0x02, 0xdd,
  0xfd, 0xdc, 0x04, 0xdd, 0xfd, 0xdc, 0x02, 0xdd, 0xfe, 0xdc, 0x02, 0xdd,
  0xfe, 0xdc, 0x02, 0xdd, 0xff, 0xdc, 0x00, 0xdd, 0x00, 0xdd, 0x00, 0xdd,
  0x00, 0xdd, 0x00, 0xdd, 0xff, 0xdd, 0x02, 0xde, 0xfd, 0xdd, 0x04, 0xde,
  0xfc, 0xdd, 0x03, 0xdf, 0xfe, 0xde, 0x01, 0xdf, 0x00, 0xdf, 0xff, 0xdf,
  0x02, 0xe0, 0xfe, 0xdf, 0x01, 0xe0, 0x00, 0xe1, 0x00, 0xe1, 0xff, 0xe0,
  0x02, 0xe1, 0xfe, 0xe0, 0x01, 0xe2, 0x01, 0xe2, 0xfd, 0xe1, 0x04, 0xe3,
  0xfc, 0xe2, 0x04, 0xe3, 0xfc, 0xe2, 0x04, 0xe4, 0xfc, 0xe3, 0x04, 0xe4,
  0xfd, 0xe4, 0x02, 0xe5, 0xfe, 0xe4, 0x03, 0xe6, 0xfc, 0xe5, 0x05, 0xe7,
  0xfb, 0xe6, 0x04, 0xe8, 0xfd, 0xe7, 0x02, 0xe9, 0xff, 0xe8, 0x01, 0xea,
  0xff, 0xe9, 0x01, 0xeb, 0xff, 0xeb, 0x01, 0xec, 0xff, 0xec, 0x01, 0xee,
  0xff, 0xee, 0x02, 0xef, 0xfd, 0xef, 0x03, 0xf1, 0xfd, 0xf1, 0x03, 0xf3,
  0xfd, 0xf3, 0x03, 0xf5, 0xfd, 0xf5, 0x03, 0xf7, 0xfd, 0xf7, 0x02, 0xf9,
  0xff, 0xf9, 0x00, 0xfb, 0x00, 0xfc, 0x00, 0xfe, 0x00, 0xff, 0x00, 0x00,
  0x00, 0x01, 0xff, 0x01, 0x01, 0x03, 0x00, 0x04, 0xff, 0x05, 0x01, 0x07,
  0x00, 0x08, 0xff, 0x08, 0x02, 0x0a, 0xfd, 0x0b, 0x03, 0x0d, 0xfd, 0x0d,
  0x03, 0x0f, 0xfe, 0x0f, 0x01, 0x11, 0x00, 0x12, 0xff, 0x12, 0x00, 0x14,
  0x01, 0x15, 0xff, 0x15, 0x02, 0x17, 0xfd, 0x16, 0x02, 0x18, 0xff, 0x18,
  0x00, 0x1a, 0x02, 0x1a, 0xfd, 0x1a, 0x03, 0x1c, 0xfd, 0x1b, 0x02, 0x1d,
  0x00, 0x1d, 0xff, 0x1d, 0x02, 0x1e, 0xfd, 0x1e, 0x03, 0x1f, 0xfd, 0x1e,
  0x03, 0x20, 0xfe, 0x1f, 0x01, 0x20, 0x00, 0x21, 0xfe, 0x20, 0x03, 0x21,
  0xfd, 0x20, 0x03, 0x21, 0xfe, 0x21, 0x00, 0x22, 0x01, 0x22, 0xfe, 0x21,
  0x03, 0x22, 0xfe, 0x21, 0x00, 0x22, 0x02, 0x22, 0xfc, 0x21, 0x05, 0x22,
  0xfc, 0x21, 0x02, 0x22, 0xff, 0x20, 0x00, 0x21, 0x01, 0x21, 0xff, 0x20,
  0x00, 0x21, 0x01, 0x21, 0xfd, 0x1f, 0x04, 0x20, 0xfd, 0x1f, 0x02, 0x20,
  0xff, 0x1f, 0x00, 0x1f, 0x00, 0x1f, 0x00, 0x1f, 0x01, 0x1e, 0xff, 0x1d,
  0x01, 0x1e, 0xff, 0x1d, 0x00, 0x1d, 0x01, 0x1d, 0xff, 0x1c, 0x02, 0x1c,
  0xfd, 0x1b, 0x02, 0x1c, 0x00, 0x1b, 0xff, 0x1a, 0x01, 0x1a, 0xff, 0x19,
  0x01, 0x1a, 0x00, 0x19, 0x00, 0x19, 0xff, 0x17, 0x00, 0x18, 0x02, 0x17,
  0xfe, 0x15, 0x02, 0x16, 0xfe, 0x14, 0x00, 0x15, 0x01, 0x14, 0x00, 0x13,
  0x00, 0x12, 0x00, 0x11, 0xff, 0x10, 0x01, 0x10, 0xff, 0x0e, 0x02, 0x0e,
  0xfe, 0x0c, 0x01, 0x0c, 0xff, 0x0a, 0x01, 0x0a, 0x00, 0x09, 0xff, 0x07,
  0x02, 0x07, 0xfd, 0x05, 0x03, 0x05, 0xfe, 0x03, 0x01, 0x03, 0x00, 0x02,
  0x00, 0x00, 0xff, 0xfe, 0x01, 0xfe, 0x00, 0xfd, 0xff, 0xfa, 0x02, 0xfa,
  0xfd, 0xf8, 0x03, 0xf8, 0xfe, 0xf6, 0x01, 0xf5, 0x00, 0xf4, 0xff, 0xf2,
  0x01, 0xf2, 0x00, 0xf1, 0xff, 0xef, 0x01, 0xef, 0xff, 0xed, 0x01, 0xed,
  0xff, 0xeb, 0x01, 0xeb, 0xfe, 0xe9, 0x03, 0xe9, 0xfd, 0xe7, 0x03, 0xe7,
  0xfc, 0xe5, 0x04, 0xe6, 0xfe, 0xe4, 0x00, 0xe4, 0x01, 0xe3, 0xff, 0xe2,
  0x00, 0xe2, 0x01, 0xe2, 0xfe, 0xe0, 0x02, 0xe1, 0xff, 0xdf, 0x00, 0xe0,
  0x00, 0xdf, 0x00, 0xdf, 0x00, 0xdf, 0x00, 0xde, 0x01, 0xde, 0xfd, 0xdd,
  0x05, 0xde, 0xfa, 0xdd, 0x05, 0xde, 0xfd, 0xdc, 0x02, 0xdd, 0xff, 0xdc,
  0x00, 0xdd, 0x00, 0xdd, 0xff, 0xdc, 0x02, 0xdd, 0xff, 0xdc, 0x00, 0xdd,
  0x00, 0xde, 0x00, 0xde, 0x00, 0xde, 0x00, 0xde, 0x01, 0xde, 0xfd, 0xdd,
  0x04, 0xde, 0xfc, 0xdd, 0x04, 0xdf, 0xfd, 0xde, 0x01, 0xdf, 0x00, 0xdf,
  0xff, 0xdf, 0x02, 0xe0, 0xfd, 0xdf, 0x03, 0xe0, 0xfd, 0xdf, 0x03, 0xe1,
  0xfd, 0xe0, 0x02, 0xe1, 0xff, 0xe0, 0x01, 0xe2, 0xfe, 0xe1, 0x03, 0xe2,
  0xfc, 0xe1, 0x04, 0xe3, 0xfd, 0xe2, 0x02, 0xe3, 0xff, 0xe2, 0x01, 0xe4,
  0xfe, 0xe3, 0x02, 0xe4, 0xff, 0xe4, 0x00, 0xe5, 0x01, 0xe6, 0xfe, 0xe5,
  0x03, 0xe7, 0xfd, 0xe6, 0x02, 0xe7, 0xfe, 0xe7, 0x02, 0xe8, 0xff, 0xe8,
  0x01, 0xea, 0xfe, 0xe9, 0x02, 0xeb, 0xfe, 0xea, 0x02, 0xec, 0xfe, 0xec,
  0x02, 0xed, 0xff, 0xed, 0x00, 0xef, 0x00, 0xf0, 0x00, 0xf1, 0x00, 0xf1,
  0x00, 0xf2, 0x00, 0xf3, 0x00, 0xf4, 0x00, 0xf5, 0x00, 0xf6, 0xff, 0xf6,
  0x02, 0xf8, 0xfe, 0xf8, 0x01, 0xfa, 0xff, 0xfa, 0x01, 0xfc, 0xff, 0xfc,
  0x02, 0xfe, 0xfd, 0xff, 0x02, 0x01, 0xff, 0x01, 0x01, 0x03, 0xff, 0x04,
  0x01, 0x06, 0xff, 0x06, 0x01, 0x08, 0xff, 0x08, 0x01, 0x0a, 0x00, 0x0b,
  0xff, 0x0b, 0x02, 0x0e, 0xfd, 0x0e, 0x03, 0x10, 0xfe, 0x10, 0x02, 0x12,
  0xfe, 0x12, 0x01, 0x14, 0x00, 0x15, 0xff, 0x15, 0x02, 0x16, 0xfe, 0x16,
  0x01, 0x18, 0x00, 0x19, 0x00, 0x1a, 0xff, 0x19, 0x02, 0x1b, 0xfe, 0x1a,
  0x01, 0x1c, 0x01, 0x1d, 0xfd, 0x1c, 0x04, 0x1e, 0xfc, 0x1d, 0x03, 0x1e,
  0xff, 0x1e, 0xff, 0x1e, 0x02, 0x20, 0xfe, 0x1f, 0x01, 0x20, 0x00, 0x21,
  0xff, 0x20, 0x02, 0x21, 0xfe, 0x20, 0x02, 0x22, 0xfd, 0x21, 0x04, 0x22,
  0xfc, 0x21, 0x03, 0x22, 0xfe, 0x21, 0x01, 0x22, 0x00, 0x22, 0x00, 0x22,
  0xff, 0x21, 0x01, 0x22, 0x00, 0x22, 0xff, 0x21, 0x01, 0x22, 0xff, 0x21,
  0x01, 0x22, 0x00, 0x22, 0xff, 0x20, 0x01, 0x21, 0xfe, 0x20, 0x03, 0x21,
  0xfe, 0x20, 0x01, 0x20, 0xff, 0x1f, 0x00, 0x20, 0x01, 0x20, 0xff, 0x1e,
  0x01, 0x1f, 0x00, 0x1f, 0xfe, 0x1e, 0x02, 0x1f, 0x00, 0x1e, 0xfe, 0x1d,
  0x03, 0x1e, 0xfd, 0x1c, 0x01, 0x1d, 0x02, 0x1d, 0xfd, 0x1c, 0x02, 0x1d,
  0xff, 0x1b, 0x00, 0x1c, 0x00, 0x1c, 0x01, 0x1b, 0xfe, 0x1a, 0x02, 0x1b,
  0xff, 0x19, 0x00, 0x1a, 0x01, 0x1a, 0xfe, 0x18, 0x02, 0x19, 0xfe, 0x17,
  0x02, 0x18, 0xff, 0x16, 0x01, 0x17, 0xff, 0x15, 0x00, 0x16, 0x00, 0x15,
  0x00, 0x15, 0x01, 0x14, 0x00, 0x13, 0xff, 0x11, 0x01, 0x12, 0xff, 0x10,
  0x01, 0x10, 0x00, 0x0f, 0xff, 0x0d, 0x02, 0x0d, 0xfd, 0x0b, 0x03, 0x0c,
  0xfe, 0x0a, 0x00, 0x0a, 0x02, 0x09, 0xfd, 0x07, 0x03, 0x06, 0xfd, 0x04,
  0x03, 0x04, 0xfd, 0x02, 0x04, 0x02, 0xfb, 0x00, 0x05, 0x00, 0xfb, 0xfe,
  0x05, 0xfe, 0xfc, 0xfb, 0x03, 0xfb, 0xfe, 0xf9, 0x01, 0xf8, 0xff, 0xf6,
  0x01, 0xf6, 0x00, 0xf5, 0xff, 0xf3, 0x02, 0xf2, 0xfd, 0xf0, 0x03, 0xf1,
  0xfe, 0xef, 0x01, 0xef, 0x00, 0xed, 0x00, 0xec, 0xff, 0xea, 0x02, 0xea,
  0xfe, 0xe8, 0x01, 0xe8, 0x00, 0xe7, 0xff, 0xe6, 0x01, 0xe6, 0xff, 0xe4,
  0x01, 0xe4, 0xff, 0xe3, 0x01, 0xe3, 0xff, 0xe1, 0x00, 0xe2, 0x01, 0xe1,
  0x00, 0xe1, 0xff, 0xdf, 0x01, 0xe0, 0x00, 0xe0, 0xff, 0xde, 0x03, 0xdf,
  0xfc, 0xdd, 0x03, 0xde, 0xfe, 0xdd, 0x02, 0xde, 0xff, 0xdc, 0x00, 0xdd,
  0x00, 0xdd, 0x00, 0xdd, 0x00, 0xdd, 0x00, 0xdd, 0x00, 0xdd, 0xff, 0xdc,
  0x01, 0xdd, 0x00, 0xdd, 0x00, 0xdd, 0xff, 0xdc, 0x02, 0xdd, 0xfc, 0xdc,
  0x05, 0xdd, 0xfc, 0xdc, 0x03, 0xde, 0xfe, 0xdd, 0x00, 0xde, 0x01, 0xde,
  0xff, 0xdd, 0x02, 0xdf, 0xfd, 0xde, 0x02, 0xdf, 0xfe, 0xde, 0x03, 0xe0,
  0xfd, 0xdf, 0x02, 0xe0, 0xff, 0xdf, 0xff, 0xe0, 0x03, 0xe1, 0xfc, 0xe0,
  0x04, 0xe2, 0xfc, 0xe1, 0x03, 0xe2, 0xff, 0xe2, 0xff, 0xe2, 0x02, 0xe3,
  0xfe, 0xe2, 0x02, 0xe4, 0xfe, 0xe3, 0x01, 0xe5, 0x00, 0xe5, 0xff, 0xe4,
  0x02, 0xe6, 0xfe, 0xe5, 0x01, 0xe7, 0x00, 0xe7, 0x00, 0xe8, 0xff, 0xe7,
  0x01, 0xe8, 0xff, 0xe8, 0x02, 0xea, 0xfe, 0xe9, 0x02, 0xeb, 0xfe, 0xeb,
  0x01, 0xec, 0x00, 0xed, 0x00, 0xee, 0x00, 0xee, 0x00, 0xef, 0x00, 0xf0,
  0x00, 0xf1, 0x00, 0xf2, 0x00, 0xf2, 0x00, 0xf3, 0x00, 0xf4, 0xff, 0xf5,
  0x02, 0xf7, 0xfe, 0xf7, 0x01, 0xf9, 0x00, 0xfa, 0xff, 0xfa, 0x01, 0xfc,
  0xff, 0xfc, 0x01, 0xfe, 0x00, 0xff, 0x00, 0x00, 0xff, 0x01, 0x01, 0x03,
  0xff, 0x03, 0x01, 0x05, 0xff, 0x05, 0x01, 0x08, 0xff, 0x08, 0x02, 0x0a,
  0xfd, 0x0a, 0x02, 0x0c, 0xfe, 0x0c, 0x03, 0x0e, 0xfd, 0x0e, 0x03, 0x10,
  0xfe, 0x10, 0x00, 0x12, 0x02, 0x13, 0xfc, 0x13, 0x05, 0x15, 0xfc, 0x15,
  0x02, 0x17, 0x00, 0x17, 0xfe, 0x17, 0x03, 0x19, 0xfd, 0x19, 0x02, 0x1a,
  0x00, 0x1b, 0xfe, 0x1b, 0x02, 0x1c, 0xff, 0x1c, 0x00, 0x1d, 0x02, 0x1e,
  0xfd, 0x1d, 0x03, 0x1f, 0xfd, 0x1e, 0x02, 0x1f, 0x00, 0x20, 0xff, 0x1f,
  0x01, 0x20, 0x00, 0x20, 0xfe, 0x20, 0x03, 0x21, 0xfe, 0x20, 0x01, 0x21,
  0xff, 0x20, 0x01, 0x21, 0xfe, 0x20, 0x03, 0x21, 0xfd, 0x20, 0x02, 0x21,
  0xff, 0x20, 0x00, 0x21, 0x00, 0x21, 0x00, 0x21, 0x00, 0x21, 0x00, 0x21,
  0x00, 0x21, 0x00, 0x20, 0x00, 0x20, 0x00, 0x20, 0x00, 0x20, 0x01, 0x20,
  0xfe, 0x1f, 0x02, 0x1f, 0xff, 0x1e, 0x00, 0x1f, 0x01, 0x1f, 0xfe, 0x1e,
  0x02, 0x1e, 0xff, 0x1d, 0x00, 0x1e, 0x00, 0x1e, 0xff, 0x1c, 0x02, 0x1d,
  0xff, 0x1c, 0xff, 0x1b, 0x02, 0x1c, 0xfd, 0x1b, 0x03, 0x1b, 0xff, 0x1a,
  0x00, 0x1b, 0x00, 0x1a, 0x00, 0x1a, 0xff, 0x18, 0x02, 0x19, 0xfe, 0x17,
  0x02, 0x18, 0xfe, 0x16, 0x02, 0x17, 0xfe, 0x15, 0x02, 0x15, 0xfe, 0x14,
  0x02, 0x14, 0xfe, 0x12, 0x02, 0x12, 0xfe, 0x10, 0x01, 0x11, 0x00, 0x10,
  0x00, 0x0f, 0x00, 0x0e, 0x00, 0x0d, 0x00, 0x0c, 0xff, 0x0a, 0x01, 0x0a,
  0x00, 0x09, 0x00, 0x07, 0x01, 0x06, 0xfd, 0x04, 0x03, 0x04, 0xfe, 0x02,
  0x02, 0x01, 0xfe, 0xff, 0x02, 0xff, 0xfd, 0xfd, 0x04, 0xfd, 0xfd, 0xfa,
  0x01, 0xfa, 0x01, 0xf9, 0xfe, 0xf7, 0x01, 0xf6, 0x01, 0xf5, 0xfd, 0xf3,
  0x04, 0xf3, 0xfd, 0xf1, 0x02, 0xf1, 0xfe, 0xef, 0x02, 0xef, 0xfd, 0xed,
  0x04, 0xed, 0xfd, 0xeb, 0x02, 0xeb, 0xff, 0xe9, 0xff, 0xe8, 0x01, 0xe8,
  0x00, 0xe7, 0x00, 0xe6, 0x00, 0xe6, 0x00, 0xe5, 0xff, 0xe3, 0x02, 0xe3,
  0xfe, 0xe2, 0x01, 0xe2, 0x00, 0xe1, 0xff, 0xe0, 0x02, 0xe1, 0xfe, 0xdf,
  0x01, 0xe0, 0xff, 0xde, 0x01, 0xdf, 0x00, 0xdf, 0xff, 0xdd, 0x01, 0xde,
  0xff, 0xdd, 0x00, 0xdd, 0x01, 0xdd, 0xff, 0xdc, 0x01, 0xdd, 0xff, 0xdc,
  0x01, 0xdd, 0xff, 0xdc, 0x00, 0xdd, 0x01, 0xdd, 0xfe, 0xdc, 0x02, 0xdd,
  0x00, 0xdd, 0xfe, 0xdc, 0x03, 0xdd, 0xfc, 0xdc, 0x04, 0xdd, 0xfe, 0xdc,
  0x00, 0xdd, 0x01, 0xdd, 0xff, 0xdd, 0x00, 0xde, 0x01, 0xde, 0xff, 0xdd,
  0x00, 0xde, 0x02, 0xdf, 0xfd, 0xde, 0x01, 0xdf, 0x01, 0xdf, 0xfe, 0xde,
  0x03, 0xe0, 0xfd, 0xdf, 0x02, 0xe0, 0xfe, 0xdf, 0x02, 0xe1, 0xfe, 0xe0,
  0x02, 0xe1, 0xfe, 0xe0, 0x02, 0xe2, 0xfe, 0xe1, 0x01, 0xe2, 0xff, 0xe1,
  0x01, 0xe3, 0xff, 0xe2, 0x01, 0xe3, 0xff, 0xe2, 0x01, 0xe4, 0xfe, 0xe3,
  0x03, 0xe4, 0xfc, 0xe4, 0x05, 0xe5, 0xfc, 0xe4, 0x02, 0xe6, 0xff, 0xe5,
  0x01, 0xe7, 0xfe, 0xe6, 0x03, 0xe7, 0xfd, 0xe7, 0x02, 0xe8, 0x00, 0xe9,
  0xff, 0xe9, 0x00, 0xea, 0x01, 0xeb, 0xfe, 0xea, 0x03, 0xec, 0xfe, 0xec,
  0x01, 0xed, 0xff, 0xed, 0x01, 0xef, 0xff, 0xef, 0x01, 0xf1, 0x00, 0xf1,
  0xff, 0xf1, 0x02, 0xf3, 0xfd, 0xf3, 0x03, 0xf5, 0xfe, 0xf5, 0x01, 0xf7,
  0x00, 0xf8, 0xff, 0xf8, 0x01, 0xfa, 0xff, 0xfa, 0x02, 0xfc, 0xfe, 0xfd,
  0x01, 0xff, 0xff, 0xff, 0x01, 0x01, 0xff, 0x01, 0x02, 0x03, 0xfd, 0x03,
  0x03, 0x05, 0xfe, 0x06, 0x01, 0x08, 0xff, 0x08, 0x01, 0x0a, 0xff, 0x0a,
  0x01, 0x0c, 0x00, 0x0e, 0xff, 0x0d, 0x00, 0x0f, 0x01, 0x10, 0xff, 0x10,
  0x01, 0x12, 0xfe, 0x12, 0x02, 0x14, 0xff, 0x14, 0x01, 0x16, 0xff, 0x16,
  0x00, 0x18, 0x01, 0x19, 0xff, 0x18, 0x00, 0x1a, 0x01, 0x1b, 0x00, 0x1c,
  0x00, 0x1c, 0xff, 0x1c, 0x00, 0x1d, 0x01, 0x1e, 0x00, 0x1e, 0x00, 0x1f,
  0x00, 0x1f, 0xfe, 0x1e, 0x03, 0x20, 0xfd, 0x1f, 0x03, 0x20, 0xfe, 0x20,
  0x01, 0x21, 0xff, 0x20, 0x01, 0x21, 0xff, 0x21, 0x01, 0x22, 0xff, 0x21,
  0x02, 0x22, 0xfd, 0x21, 0x03, 0x22, 0xfd, 0x21, 0x03, 0x22, 0xfe, 0x21,
  0x01, 0x22, 0xff, 0x21, 0x02, 0x22, 0xfd, 0x21, 0x04, 0x22, 0xfc, 0x21,
  0x03, 0x22, 0xff, 0x21, 0x00, 0x22, 0x00, 0x21, 0x01, 0x21, 0xfe, 0x20,
  0x02, 0x21, 0xff, 0x1f, 0x00, 0x20, 0x01, 0x20, 0xfe, 0x1f, 0x03, 0x20,
  0xfc, 0x1e, 0x04, 0x1f, 0xfd, 0x1e, 0x02, 0x1f, 0x00, 0x1f, 0xfe, 0x1d,
  0x03, 0x1e, 0xfd, 0x1d, 0x02, 0x1d, 0x00, 0x1d, 0xff, 0x1c, 0x01, 0x1d,
  0xff, 0x1b, 0x00, 0x1c, 0x01, 0x1c, 0xff, 0x1b, 0x00, 0x1b, 0x01, 0x1b,
  0xff, 0x1a, 0x01, 0x1a, 0xff, 0x19, 0x01, 0x1a, 0xff, 0x18, 0x01, 0x19,
  0x00, 0x18, 0xff, 0x17, 0x02, 0x17, 0xfe, 0x16, 0x01, 0x17, 0x00, 0x16,
  0x00, 0x15, 0xff, 0x14, 0x02, 0x14, 0xfd, 0x13, 0x04, 0x13, 0xfc, 0x11,
  0x03, 0x11, 0xfe, 0x10, 0x00, 0x10, 0x01, 0x0f, 0x00, 0x0e, 0xff, 0x0c,
  0x01, 0x0c, 0xfe, 0x0a, 0x02, 0x0a, 0xff, 0x09, 0x01, 0x09, 0xff, 0x07,
  0x00, 0x06, 0x00, 0x05, 0x01, 0x04, 0xfe, 0x02, 0x02, 0x02, 0xff, 0x00,
  0x00, 0xff, 0x01, 0xfe, 0xff, 0xfc, 0x00, 0xfc, 0x00, 0xfb, 0x00, 0xfa,
  0x00, 0xf9, 0x01, 0xf7, 0xfe, 0xf5, 0x02, 0xf5, 0xfe, 0xf2, 0x01, 0xf2,
  0x00, 0xf1, 0xff, 0xef, 0x02, 0xef, 0xff, 0xed, 0xff, 0xec, 0x02, 0xec,
  0xfe, 0xea, 0x01, 0xea, 0x01, 0xe9, 0xfe, 0xe7, 0x02, 0xe7, 0xff, 0xe5,
  0x00, 0xe5, 0x00, 0xe5, 0x00, 0xe4, 0x01, 0xe3, 0xfe, 0xe2, 0x03, 0xe2,
  0xfc, 0xe1, 0x04, 0xe1, 0xfd, 0xe0, 0x02, 0xe0, 0xfe, 0xdf, 0x02, 0xdf,
  0xfe, 0xde, 0x02, 0xdf, 0xfe, 0xde, 0x02, 0xdf, 0xff, 0xdd, 0x00, 0xde,
  0x00, 0xde, 0x00, 0xde, 0x01, 0xde, 0xff, 0xdd, 0x00, 0xde, 0x00, 0xde,
  0x01, 0xde, 0xff, 0xdd, 0x01, 0xde, 0xff, 0xdd, 0x00, 0xde, 0x01, 0xde,
  0xff, 0xdd, 0x00, 0xde, 0x01, 0xdf, 0xff, 0xde, 0x01, 0xdf, 0xff, 0xde,
  0x01, 0xdf, 0xff, 0xde, 0x01, 0xdf, 0x00, 0xe0, 0xff, 0xdf, 0x02, 0xe0,
  0xfd, 0xdf, 0x03, 0xe1, 0xfe, 0xe0, 0x01, 0xe1, 0xff, 0xe1, 0x01, 0xe2,
  0xff, 0xe1, 0x01, 0xe2, 0xff, 0xe2, 0x00, 0xe3, 0x01, 0xe4, 0xfe, 0xe3,
  0x03, 0xe4, 0xfc, 0xe3, 0x05, 0xe5, 0xfb, 0xe4, 0x04, 0xe6, 0xfd, 0xe5,
  0x02, 0xe7, 0xff, 0xe6, 0x01, 0xe7, 0xff, 0xe7, 0x01, 0xe8, 0xff, 0xe8,
  0x01, 0xe9, 0xff, 0xe9, 0x01, 0xeb, 0xff, 0xea, 0x00, 0xec, 0x02, 0xec,
  0xfc, 0xec, 0x05, 0xee, 0xfb, 0xee, 0x04, 0xf0, 0xfd, 0xef, 0x02, 0xf1,
  0xff, 0xf1, 0x00, 0xf3, 0x01, 0xf4, 0xfe, 0xf4, 0x03, 0xf6, 0xfd, 0xf6,
  0x02, 0xf8, 0xff, 0xf8, 0x00, 0xfa, 0x02, 0xfb, 0xfe, 0xfb, 0x00, 0xfd,
  0x02, 0xff, 0xfd, 0xff, 0x03, 0x01, 0xff, 0x01, 0x00, 0x03, 0x00, 0x04,
  0x00, 0x05, 0xff, 0x06, 0x02, 0x08, 0xfe, 0x08, 0x02, 0x0a, 0xfe, 0x0a,
  0x01, 0x0d, 0x00, 0x0e, 0xff, 0x0e, 0x02, 0x10, 0xfd, 0x10, 0x03, 0x12,
  0xfe, 0x12, 0x00, 0x14, 0x02, 0x15, 0xfc, 0x14, 0x05, 0x16, 0xfb, 0x16,
  0x04, 0x18, 0xfd, 0x18, 0x02, 0x1a, 0xff, 0x19, 0x01, 0x1b, 0xfe, 0x1a,
  0x02, 0x1c, 0xff, 0x1b, 0x01, 0x1d, 0xff, 0x1c, 0x00, 0x1e, 0x00, 0x1f,
  0x01, 0x1f, 0xff, 0x1e, 0x01, 0x20, 0xff, 0x1f, 0x00, 0x20, 0x01, 0x20,
  0xfe, 0x20, 0x02, 0x21, 0x00, 0x21, 0xfe, 0x20, 0x03, 0x21, 0xfc, 0x20,
  0x04, 0x21, 0xfd, 0x20, 0x02, 0x21, 0x00, 0x21, 0xfe, 0x20, 0x03, 0x21,
  0xfc, 0x20, 0x03, 0x21, 0xff, 0x20, 0x00, 0x21, 0x01, 0x21, 0xfe, 0x20,
  0x01, 0x21, 0x00, 0x20, 0xff, 0x1f, 0x02, 0x20, 0xfe, 0x1f, 0x01, 0x1f,
  0x00, 0x1f, 0xff, 0x1e, 0x02, 0x1f, 0xfe, 0x1e, 0x02, 0x1e, 0xfe, 0x1d,
  0x01, 0x1e, 0x01, 0x1e, 0xfe, 0x1c, 0x02, 0x1d, 0xfe, 0x1c, 0x02, 0x1d,
  0xfe, 0x1b, 0x02, 0x1c, 0xfd, 0x1b, 0x03, 0x1b, 0xfe, 0x1a, 0x01, 0x1b,
  0x00, 0x1a, 0xff, 0x19, 0x01, 0x1a, 0xff, 0x18, 0x01, 0x19, 0x00, 0x18,
  0xff, 0x17, 0x01, 0x17, 0xff, 0x15, 0x01, 0x16, 0xff, 0x14, 0x01, 0x15,
  0xfe, 0x13, 0x03, 0x13, 0xfc, 0x12, 0x05, 0x12, 0xfb, 0x10, 0x03, 0x10,
  0xff, 0x0f, 0x00, 0x0f, 0x00, 0x0e, 0x01, 0x0d, 0xfe, 0x0b, 0x03, 0x0b,
  0xfd, 0x09, 0x02, 0x09, 0xff, 0x07, 0x01, 0x07, 0xff, 0x05, 0x01, 0x04,
  0xfe, 0x02, 0x03, 0x02, 0xfd, 0x00, 0x03, 0x00, 0xfd, 0xfe, 0x02, 0xfe,
  0xff, 0xfc, 0x00, 0xfc, 0x01, 0xfb, 0xff, 0xf8, 0x01, 0xf8, 0xff, 0xf6,
  0x01, 0xf5, 0xff, 0xf3, 0x02, 0xf3, 0xfd, 0xf1, 0x03, 0xf1, 0xfe, 0xef,
  0x01, 0xef, 0x00, 0xee, 0xff, 0xec, 0x02, 0xec, 0xfe, 0xea, 0x01, 0xea,
  0x00, 0xe9, 0xff, 0xe7, 0x01, 0xe7, 0x00, 0xe7, 0x00, 0xe6, 0x00, 0xe5,
  0xff, 0xe4, 0x02, 0xe4, 0xfe, 0xe2, 0x02, 0xe2, 0xfe, 0xe1, 0x02, 0xe2,
  0xfe, 0xe0, 0x02, 0xe1, 0xff, 0xdf, 0xff, 0xdf, 0x03, 0xdf, 0xfc, 0xde,
  0x04, 0xdf, 0xfd, 0xdd, 0x02, 0xde, 0xff, 0xdd, 0x00, 0xdd, 0x01, 0xdd,
  0xff, 0xdc, 0x01, 0xdd, 0xff, 0xdc, 0x00, 0xdd, 0x01, 0xdd, 0xff, 0xdc,
  0x01, 0xdd, 0xfe, 0xdc, 0x02, 0xdd, 0xff, 0xdc, 0x00, 0xdd, 0x01, 0xdd,
  0xfe, 0xdc, 0x02, 0xdd, 0xff, 0xdc, 0x01, 0xdd, 0xfe, 0xdd, 0x02, 0xde,
  0xfe, 0xdd, 0x03, 0xde, 0xfc, 0xdd, 0x04, 0xdf, 0xfc, 0xde, 0x04, 0xdf,
  0xfd, 0xde, 0x01, 0xe0, 0x00, 0xe0, 0x00, 0xe0, 0x00, 0xe0, 0xff, 0xe0,
  0x02, 0xe1, 0xfe, 0xe0, 0x01, 0xe1, 0x01, 0xe1, 0xfd, 0xe1, 0x04, 0xe2,
  0xfc, 0xe2, 0x03, 0xe3, 0xfe, 0xe2, 0x03, 0xe3, 0xfc, 0xe2, 0x04, 0xe4,
  0xfc, 0xe3, 0x04, 0xe4, 0xfd, 0xe4, 0x02, 0xe5, 0xff, 0xe4, 0x00, 0xe6,
  0x01, 0xe6, 0xfe, 0xe5, 0x02, 0xe7, 0xff, 0xe6, 0x00, 0xe8, 0x01, 0xe8,
  0xfd, 0xe8, 0x04, 0xe9, 0xfc, 0xe9, 0x03, 0xea, 0xff, 0xea, 0x00, 0xec,
  0xff, 0xeb, 0x01, 0xed, 0x00, 0xee, 0x00, 0xee, 0x01, 0xef, 0xfd, 0xef,
  0x03, 0xf1, 0xfe, 0xf1, 0x02, 0xf3, 0xfe, 0xf2, 0x02, 0xf4, 0xfd, 0xf4,
  0x04, 0xf6, 0xfb, 0xf6, 0x05, 0xf8, 0xfc, 0xf8, 0x03, 0xfa, 0xfe, 0xfb,
  0x01, 0xfd, 0x00, 0xfe, 0xfe, 0xfe, 0x04, 0x00, 0xfc, 0x00, 0x03, 0x02,
  0xff, 0x03, 0xff, 0x04, 0x01, 0x06, 0x01, 0x07, 0xfe, 0x07, 0x02, 0x09,
  0xfe, 0x0a, 0x02, 0x0c, 0xfe, 0x0c, 0x03, 0x0e, 0xfc, 0x0e, 0x04, 0x10,
  0xfc, 0x10, 0x03, 0x12, 0xff, 0x12, 0x00, 0x14, 0x01, 0x15, 0xfe, 0x15,
  0x01, 0x17, 0x00, 0x18, 0x01, 0x18, 0xff, 0x18, 0x00, 0x1a, 0x00, 0x1b,
  0xff, 0x1a, 0x02, 0x1c, 0xff, 0x1b, 0xff, 0x1c, 0x02, 0x1d, 0xfd, 0x1d,
  0x04, 0x1e, 0xfc, 0x1e, 0x04, 0x1f, 0xfd, 0x1e, 0x01, 0x20, 0x01, 0x20,
  0xfe, 0x1f, 0x03, 0x21, 0xfc, 0x20, 0x04, 0x21, 0xfc, 0x20, 0x03, 0x21,
  0xff, 0x20, 0x00, 0x22, 0x00, 0x22, 0xff, 0x21, 0x01, 0x22, 0x00, 0x22,
  0x00, 0x22, 0x00, 0x22, 0xff, 0x21, 0x02, 0x22, 0xfe, 0x21, 0x01, 0x21,
  0x00, 0x21, 0xff, 0x20, 0x02, 0x21, 0xfe, 0x20, 0x01, 0x21, 0x00, 0x21,
  0x00, 0x21, 0x00, 0x20, 0x00, 0x20, 0x00, 0x20, 0x00, 0x20, 0x00, 0x1f,
  0x01, 0x1f, 0xfe, 0x1e, 0x02, 0x1f, 0xfe, 0x1e, 0x02, 0x1e, 0xfe, 0x1d,
  0x03, 0x1e, 0xfc, 0x1d, 0x04, 0x1d, 0xfc, 0x1c, 0x04, 0x1d, 0xfd, 0x1b,
  0x02, 0x1c, 0xfe, 0x1b, 0x02, 0x1c, 0xfe, 0x1a, 0x02, 0x1b, 0xfe, 0x19,
  0x02, 0x1a, 0xfe, 0x19, 0x02, 0x19, 0xfe, 0x18, 0x02, 0x19, 0xfe, 0x17,
  0x02, 0x18, 0xfe, 0x16, 0x02, 0x17, 0xfe, 0x15, 0x02, 0x16, 0xfe, 0x14,
  0x02, 0x14, 0xff, 0x13, 0xff, 0x12, 0x03, 0x12, 0xfd, 0x11, 0x01, 0x11,
  0x02, 0x10, 0xfc, 0x0e, 0x05, 0x0e, 0xfb, 0x0c, 0x05, 0x0c, 0xfb, 0x0a,
  0x05, 0x0a, 0xfb, 0x08, 0x04, 0x08, 0xfe, 0x06, 0x01, 0x06, 0xff, 0x04,
  0x02, 0x03, 0xfd, 0x01, 0x04, 0x01, 0xfc, 0xff, 0x03, 0xff, 0xfe, 0xfc,
  0x02, 0xfc, 0xfe, 0xfa, 0x02, 0xf9, 0xff, 0xf7, 0xff, 0xf6, 0x02, 0xf6,
  0xfe, 0xf4, 0x01, 0xf4, 0x00, 0xf3, 0x00, 0xf2, 0xff, 0xef, 0x02, 0xef,
  0xfd, 0xed, 0x04, 0xed, 0xfc, 0xeb, 0x03, 0xeb, 0xff, 0xe9, 0xff, 0xe8,
  0x03, 0xe8, 0xfc, 0xe6, 0x03, 0xe7, 0xfe, 0xe5, 0x02, 0xe5, 0xfe, 0xe3,
  0x03, 0xe4, 0xfc, 0xe2, 0x03, 0xe2, 0xfe, 0xe1, 0x02, 0xe1, 0xff, 0xe0,
  0x01, 0xe1, 0xff, 0xdf, 0x00, 0xe0, 0x00, 0xdf, 0x02, 0xdf, 0xfd, 0xde,
  0x02, 0xdf, 0xff, 0xdd, 0x01, 0xde, 0xff, 0xdd, 0x01, 0xde, 0xff, 0xdd,
  0x00, 0xde, 0x01, 0xde, 0xfe, 0xdd, 0x02, 0xde, 0xff, 0xdd, 0x01, 0xde,
  0xfe, 0xdd, 0x02, 0xde, 0xfe, 0xdd, 0x02, 0xde, 0xff, 0xdd, 0x00, 0xde,
  0x00, 0xde, 0x00, 0xde, 0x00, 0xdf, 0x01, 0xdf, 0xfe, 0xde, 0x02, 0xdf,
  0xfe, 0xde, 0x02, 0xdf, 0xfe, 0xdf, 0x02, 0xe0, 0xfe, 0xdf, 0x02, 0xe1,
  0xfe, 0xe0, 0x01, 0xe1, 0xff, 0xe0, 0x02, 0xe1, 0xfe, 0xe1, 0x02, 0xe2,
  0xfe, 0xe1, 0x01, 0xe3, 0x00, 0xe3, 0x01, 0xe3, 0xfe, 0xe2, 0x02, 0xe4,
  0xfe, 0xe3, 0x02, 0xe4, 0xff, 0xe4, 0x00, 0xe5, 0x00, 0xe5, 0x00, 0xe6,
  0x01, 0xe6, 0xfe, 0xe6, 0x02, 0xe7, 0xfe, 0xe7, 0x02, 0xe8, 0x00, 0xe9,
  0xfe, 0xe8, 0x03, 0xea, 0xfc, 0xea, 0x05, 0xeb, 0xfc, 0xeb, 0x02, 0xec,
  0x00, 0xed, 0xff, 0xed, 0x01, 0xef, 0x00, 0xef, 0xff, 0xef, 0x01, 0xf1,
  0xff, 0xf1, 0x01, 0xf3, 0xff, 0xf3, 0x01, 0xf5, 0xfe, 0xf5, 0x03, 0xf7,
  0xfc, 0xf7, 0x05, 0xf9, 0xfb, 0xf9, 0x04, 0xfb, 0xfd, 0xfb, 0x02, 0xfd,
  0xff, 0xfd, 0x00, 0xff, 0x01, 0x01, 0xfe, 0x01, 0x02, 0x03, 0xff, 0x03,
  0x01, 0x05, 0xff, 0x06, 0x00, 0x08, 0x01, 0x09, 0xff, 0x09, 0x01, 0x0b,
  0x00, 0x0c, 0xfe, 0x0c, 0x04, 0x0e, 0xfc, 0x0e, 0x03, 0x11, 0xfd, 0x11,
  0x03, 0x12, 0xfe, 0x12, 0x01, 0x14, 0xff, 0x14, 0x00, 0x16, 0x02, 0x17,
  0xfd, 0x17, 0x03, 0x18, 0xfd, 0x18, 0x02, 0x1a, 0x00, 0x1b, 0xff, 0x1a,
  0x00, 0x1c, 0x02, 0x1c, 0xfd, 0x1c, 0x02, 0x1d, 0x00, 0x1e, 0xff, 0x1d,
  0x01, 0x1f, 0x00, 0x1f, 0xfe, 0x1e, 0x02, 0x20, 0xff, 0x1f, 0x00, 0x20,
  0x02, 0x21, 0xfd, 0x20, 0x02, 0x21, 0xfe, 0x20, 0x02, 0x21, 0x00, 0x21,
  0xff, 0x21, 0x00, 0x22, 0x01, 0x22, 0xfe, 0x21, 0x04, 0x22, 0xfb, 0x21,
  0x04, 0x22, 0xfd, 0x21, 0x03, 0x22, 0xfe, 0x21, 0x01, 0x21, 0xfe, 0x20,
  0x03, 0x21, 0xfe, 0x20, 0x01, 0x21, 0x00, 0x21, 0xfe, 0x20, 0x03, 0x21,
  0xfe, 0x1f, 0x01, 0x20, 0x00, 0x20, 0x00, 0x20, 0xff, 0x1f, 0x02, 0x1f,
  0xfe, 0x1e, 0x02, 0x1f, 0xfe, 0x1e, 0x02, 0x1f, 0xfe, 0x1d, 0x02, 0x1e,
  0xfe, 0x1d, 0x01, 0x1e, 0x00, 0x1d, 0xff, 0x1c, 0x01, 0x1d, 0x00, 0x1d,
  0xff, 0x1b, 0x02, 0x1c, 0xfd, 0x1b, 0x03, 0x1b, 0xfe, 0x1a, 0x01, 0x1b,
  0xff, 0x1a, 0x01, 0x1a, 0xff, 0x19, 0x01, 0x19, 0xff, 0x18, 0x00, 0x18,
  0x02, 0x18, 0xfc, 0x17, 0x05, 0x17, 0xfb, 0x16, 0x04, 0x16, 0xfe, 0x14,
  0x00, 0x15, 0x01, 0x14, 0xff, 0x12, 0x01, 0x13, 0x00, 0x12, 0xfe, 0x10,
  0x03, 0x11, 0xfd, 0x0f, 0x03, 0x0f, 0xfe, 0x0d, 0x01, 0x0d, 0xfe, 0x0b,
  0x03, 0x0b, 0xfd, 0x09, 0x03, 0x09, 0xfd, 0x07, 0x02, 0x06, 0xff, 0x04,
  0x01, 0x04, 0xff, 0x02, 0x00, 0x02, 0x01, 0x01, 0xff, 0xfe, 0x02, 0xfe,
  0xfc, 0xfc, 0x05, 0xfc, 0xfb, 0xfa, 0x04, 0xf9, 0xfe, 0xf7, 0x00, 0xf7,
  0x01, 0xf6, 0xff, 0xf4, 0x01, 0xf4, 0xff, 0xf1, 0x01, 0xf1, 0xff, 0xef,
  0x01, 0xef, 0x00, 0xee, 0x00, 0xed, 0xff, 0xeb, 0x02, 0xeb, 0xfe, 0xe9,
  0x02, 0xe9, 0xfe, 0xe7, 0x02, 0xe7, 0xff, 0xe5, 0x00, 0xe6, 0x00, 0xe5,
  0x01, 0xe4, 0xfe, 0xe3, 0x03, 0xe3, 0xfd, 0xe1, 0x02, 0xe2, 0xff, 0xe0,
  0x01, 0xe1, 0xfe, 0xdf, 0x03, 0xe0, 0xfd, 0xde, 0x02, 0xdf, 0x00, 0xdf,
  0xfe, 0xde, 0x02, 0xde, 0xff, 0xdd, 0x01, 0xde, 0xff, 0xdd, 0x00, 0xde,
  0x01, 0xde, 0xff, 0xdc, 0x01, 0xdd, 0xff, 0xdd, 0x00, 0xdd, 0x01, 0xdd,
  0xff, 0xdc, 0x01, 0xde, 0x00, 0xde, 0xff, 0xdd, 0x01, 0xde, 0xff, 0xdd,
  0x01, 0xde, 0x00, 0xde, 0x00, 0xde, 0x00, 0xdf, 0x00, 0xdf, 0x00, 0xdf,
  0x00, 0xdf, 0x00, 0xdf, 0x01, 0xe0, 0xfe, 0xdf, 0x02, 0xe0, 0xff, 0xdf,
  0x00, 0xe1, 0x01, 0xe1, 0xfe, 0xe0, 0x02, 0xe1, 0xff, 0xe1, 0x00, 0xe2,
  0x01, 0xe2, 0xfe, 0xe1, 0x03, 0xe3, 0xfd, 0xe2, 0x03, 0xe3, 0xfd, 0xe3,
  0x02, 0xe4, 0xff, 0xe3, 0x01, 0xe5, 0xff, 0xe4, 0x01, 0xe6, 0xfe, 0xe5,
  0x02, 0xe6, 0x00, 0xe7, 0xff, 0xe6, 0x00, 0xe8, 0x00, 0xe8, 0x00, 0xe9,
  0x02, 0xe9, 0xfd, 0xe9, 0x02, 0xeb, 0xff, 0xea, 0x01, 0xec, 0x00, 0xed,
  0xff, 0xec, 0x00, 0xee, 0x01, 0xef, 0xff, 0xef, 0x01, 0xf0, 0xff, 0xf0,
  0x01, 0xf2, 0xfe, 0xf2, 0x02, 0xf4, 0xff, 0xf4, 0x01, 0xf6, 0xff, 0xf6,
  0x00, 0xf8, 0x00, 0xf9, 0x00, 0xfa, 0x01, 0xfb, 0xff, 0xfc, 0x00, 0xfe,
  0x01, 0xff, 0xff, 0xff, 0x00, 0x01, 0x01, 0x02, 0xff, 0x03, 0x01, 0x05,
  0xff, 0x05, 0x01, 0x07, 0xff, 0x07, 0x01, 0x09, 0xff, 0x0a, 0x01, 0x0c,
  0xff, 0x0c, 0x00, 0x0e, 0x01, 0x0f, 0xff, 0x0f, 0x01, 0x11, 0xff, 0x11,
  0x00, 0x13, 0x01, 0x14, 0xff, 0x14, 0x01, 0x16, 0xfe, 0x16, 0x03, 0x18,
  0xfe, 0x17, 0x00, 0x19, 0x01, 0x1a, 0xfe, 0x1a, 0x03, 0x1b, 0xfe, 0x1b,
  0x01, 0x1c, 0xff, 0x1c, 0x00, 0x1e, 0x02, 0x1e, 0xfd, 0x1d, 0x03, 0x1f,
  0xfe, 0x1e, 0x01, 0x1f, 0xff, 0x1f, 0x02, 0x20, 0xfc, 0x1f, 0x05, 0x21,
  0xfb, 0x20, 0x04, 0x21, 0xfd, 0x20, 0x03, 0x21, 0xfd, 0x20, 0x03, 0x22,
  0xfc, 0x21, 0x05, 0x22, 0xfb, 0x21, 0x04, 0x22, 0xfe, 0x21, 0x01, 0x22,
  0xff, 0x20, 0x01, 0x21, 0xff, 0x20, 0x01, 0x21, 0x00, 0x21, 0x00, 0x21,
  0xff, 0x20, 0x02, 0x21, 0xfe, 0x1f, 0x02, 0x20, 0xfe, 0x1f, 0x02, 0x20,
  0xfe, 0x1f, 0x01, 0x20, 0x01, 0x1f, 0xfe, 0x1e, 0x01, 0x1f, 0x00, 0x1f,
  0x00, 0x1e, 0x00, 0x1e, 0x00, 0x1e, 0x00, 0x1e, 0xff, 0x1c, 0x03, 0x1d,
  0xfc, 0x1c, 0x04, 0x1d, 0xfd, 0x1c, 0x02, 0x1c, 0xff, 0x1b, 0x00, 0x1c,
  0x00, 0x1b, 0x01, 0x1b, 0xff, 0x1a, 0x01, 0x1a, 0xfe, 0x19, 0x03, 0x19,
  0xfd, 0x18, 0x03, 0x19, 0xfd, 0x17, 0x02, 0x17, 0xff, 0x16, 0x00, 0x16,
  0x01, 0x16, 0xff, 0x14, 0x00, 0x15, 0x00, 0x14, 0x00, 0x13, 0x00, 0x12,
  0x01, 0x12, 0xfe, 0x10, 0x02, 0x10, 0xff, 0x0e, 0x01, 0x0e, 0xfe, 0x0c,
  0x02, 0x0c, 0xff, 0x0a, 0x01, 0x0a, 0xff, 0x08, 0x01, 0x08, 0xfe, 0x06,
  0x03, 0x06, 0xfd, 0x04, 0x03, 0x04, 0xfd, 0x02, 0x03, 0x01, 0xfd, 0xff,
  0x03, 0xff, 0xfe, 0xfd, 0x01, 0xfd, 0xfe, 0xfb, 0x03, 0xfa, 0xfe, 0xf8,
  0x01, 0xf8, 0x00, 0xf7, 0xfe, 0xf5, 0x03, 0xf4, 0xfe, 0xf2, 0x01, 0xf2,
  0xff, 0xf0, 0x02, 0xf0, 0xfe, 0xee, 0x01, 0xee, 0xff, 0xec, 0x01, 0xec,
  0x00, 0xeb, 0x00, 0xea, 0x00, 0xe9, 0xff, 0xe7, 0x01, 0xe7, 0x00, 0xe6,
  0x00, 0xe5, 0x00, 0xe5, 0x00, 0xe4, 0xff, 0xe2, 0x02, 0xe3, 0xfe, 0xe1,
  0x02, 0xe2, 0xfe, 0xe0, 0x01, 0xe0, 0x00, 0xe0, 0x00, 0xe0, 0xff, 0xde,
  0x02, 0xdf, 0xfd, 0xde, 0x04, 0xde, 0xfb, 0xdd, 0x05, 0xde, 0xfb, 0xdd,
  0x05, 0xde, 0xfc, 0xdc, 0x02, 0xdd, 0xff, 0xdc, 0x00, 0xdd, 0x01, 0xdd,
  0xff, 0xdc, 0x01, 0xdd, 0xff, 0xdc, 0x00, 0xdd, 0x01, 0xdd, 0xff, 0xdc,
  0x01, 0xdd, 0x00, 0xdd, 0xfe, 0xdc, 0x04, 0xdd, 0xfb, 0xdc, 0x05, 0xde,
  0xfc, 0xdd, 0x02, 0xde, 0x00, 0xde, 0x00, 0xde, 0xff, 0xde, 0x02, 0xdf,
  0xfd, 0xde, 0x03, 0xdf, 0xfe, 0xde, 0x01, 0xe0, 0x00, 0xe0, 0xff, 0xdf,
  0x02, 0xe0, 0xfd, 0xe0, 0x03, 0xe1, 0xfd, 0xe0, 0x02, 0xe1, 0xff, 0xe1,
  0x01, 0xe2, 0xff, 0xe1, 0x01, 0xe2, 0xfe, 0xe2, 0x02, 0xe3, 0xff, 0xe2,
  0x00, 0xe3, 0x00, 0xe4, 0x00, 0xe4, 0x00, 0xe4, 0x00, 0xe5, 0x00, 0xe5,
  0x00, 0xe5, 0x00, 0xe5, 0x00, 0xe6, 0xff, 0xe5, 0x02, 0xe7, 0xfe, 0xe6,
  0x03, 0xe8, 0xfd, 0xe7, 0x01, 0xe8, 0x00, 0xe9, 0x00, 0xea, 0x01, 0xea,
  0xfe, 0xea, 0x02, 0xeb, 0xfe, 0xeb, 0x02, 0xed, 0xff, 0xec, 0x00, 0xee,
  0x00, 0xef, 0xff, 0xef, 0x02, 0xf1, 0xfe, 0xf0, 0x02, 0xf2, 0xff, 0xf2,
  0xff, 0xf3, 0x02, 0xf5, 0xfe, 0xf5, 0x02, 0xf7, 0xfe, 0xf7, 0x02, 0xf9,
  0xfe, 0xf9, 0x02, 0xfb, 0xff, 0xfb, 0xff, 0xfc, 0x02, 0xfe, 0xfe, 0xfe,
  0x02, 0x00, 0xfe, 0x01, 0x02, 0x03, 0xfd, 0x03, 0x04, 0x05, 0xfc, 0x05,
  0x03, 0x08, 0xfe, 0x08, 0x01, 0x0a, 0x00, 0x0b, 0x00, 0x0c, 0xff, 0x0c,
  0x01, 0x0e, 0xff, 0x0e, 0x01, 0x10, 0x00, 0x11, 0xff, 0x11, 0x01, 0x13,
  0x00, 0x14, 0xfe, 0x14, 0x04, 0x16, 0xfc, 0x16, 0x03, 0x17, 0xff, 0x17,
  0x00, 0x19, 0x00, 0x1a, 0x01, 0x1b, 0xff, 0x1b, 0xff, 0x1b, 0x02, 0x1c,
  0xfe, 0x1c, 0x02, 0x1d, 0xff, 0x1d, 0xff, 0x1d, 0x01, 0x1f, 0xff, 0x1e,
  0x02, 0x1f, 0xfe, 0x1f, 0x01, 0x20, 0x00, 0x20, 0xff, 0x20, 0x01, 0x21,
  0x00, 0x21, 0xff, 0x20, 0x02, 0x21, 0xfd, 0x20, 0x02, 0x22, 0x00, 0x22,
  0xff, 0x21, 0x02, 0x22, 0xfe, 0x21, 0x01, 0x22, 0xff, 0x21, 0x01, 0x22,
  0xff, 0x21, 0x02, 0x22, 0xfd, 0x21, 0x02, 0x21, 0xff, 0x20, 0x00, 0x21,
  0x01, 0x21, 0xff, 0x20, 0xff, 0x20, 0x03, 0x21, 0xfd, 0x1f, 0x02, 0x20,
  0x00, 0x20, 0xfd, 0x1f, 0x05, 0x1f, 0xfb, 0x1e, 0x04, 0x1f, 0xfd, 0x1e,
  0x02, 0x1f, 0xff, 0x1d, 0x01, 0x1e, 0xfe, 0x1d, 0x02, 0x1e, 0xff, 0x1c,
  0x00, 0x1d, 0x00, 0x1d, 0x01, 0x1c, 0xfe, 0x1b, 0x02, 0x1c, 0xfe, 0x1b,
  0x01, 0x1b, 0x01, 0x1b, 0xfe, 0x19, 0x02, 0x1a, 0xfe, 0x19, 0x01, 0x19,
  0x01, 0x19, 0xfd, 0x17, 0x04, 0x18, 0xfd, 0x16, 0x01, 0x17, 0x00, 0x16,
  0xff, 0x14, 0x02, 0x15, 0xfe, 0x13, 0x02, 0x14, 0xfd, 0x12, 0x03, 0x12,
  0xfe, 0x10, 0x01, 0x10, 0x00, 0x10, 0xff, 0x0e, 0x01, 0x0e, 0xff, 0x0c,
  0x01, 0x0c, 0x00, 0x0b, 0xff, 0x09, 0x01, 0x09, 0xfe, 0x07, 0x03, 0x07,
  0xfd, 0x04, 0x03, 0x04, 0xfd, 0x02, 0x02, 0x02, 0xff, 0x00, 0x01, 0xff,
  0x00, 0xfe, 0xfe, 0xfc, 0x03, 0xfc, 0xfd, 0xfa, 0x03, 0xf9, 0xfe, 0xf7,
  0x01, 0xf7, 0xff, 0xf5, 0x01, 0xf5, 0xff, 0xf2, 0x00, 0xf2, 0x02, 0xf1,
  0xfd, 0xef, 0x03, 0xef, 0xfe, 0xed, 0x00, 0xed, 0x02, 0xec, 0xfe, 0xea,
  0x02, 0xea, 0xff, 0xe8, 0x00, 0xe8, 0x00, 0xe7, 0x01, 0xe7, 0xff, 0xe5,
  0x01, 0xe5, 0xff, 0xe3, 0x00, 0xe4, 0x01, 0xe3, 0xfe, 0xe2, 0x02, 0xe2,
  0xff, 0xe1, 0x00, 0xe1, 0x00, 0xe0, 0x00, 0xe0, 0x00, 0xe0, 0x01, 0xe0,
  0xfe, 0xde, 0x02, 0xdf, 0xfe, 0xde, 0x03, 0xdf, 0xfc, 0xdd, 0x04, 0xde,
  0xfd, 0xdd, 0x02, 0xde, 0xff, 0xdd, 0x00, 0xde, 0x00, 0xde, 0x01, 0xde,
  0xff, 0xdd, 0x00, 0xde, 0x01, 0xde, 0xfe, 0xdd, 0x03, 0xde, 0xfd, 0xde,
  0x02, 0xdf, 0xff, 0xde, 0xff, 0xde, 0x03, 0xdf, 0xfd, 0xde, 0x03, 0xe0,
  0xfd, 0xdf, 0x01, 0xe0, 0x00, 0xe0, 0x01, 0xe0, 0xff, 0xdf, 0x01, 0xe1,
  0xfe, 0xe0, 0x03, 0xe1, 0xfc, 0xe0, 0x05, 0xe2, 0xfb, 0xe1, 0x04, 0xe2,
  0xfe, 0xe1, 0x00, 0xe3, 0x01, 0xe3, 0xff, 0xe2, 0x01, 0xe4, 0xff, 0xe3,
  0x01, 0xe4, 0xff, 0xe4, 0x01, 0xe5, 0x00, 0xe6, 0xff, 0xe5, 0x01, 0xe6,
  0x00, 0xe7, 0xff, 0xe6, 0x02, 0xe8, 0xfd, 0xe8, 0x03, 0xe9, 0xfe, 0xe9,
  0x00, 0xea, 0x02, 0xeb, 0xfd, 0xeb, 0x03, 0xec, 0xfe, 0xec, 0x01, 0xee,
  0xff, 0xee, 0x01, 0xef, 0x00, 0xf0, 0xff, 0xf0, 0x02, 0xf2, 0xfd, 0xf2,
  0x03, 0xf4, 0xfe, 0xf4, 0x00, 0xf6, 0x01, 0xf7, 0xff, 0xf7, 0x01, 0xf9,
  0xff, 0xf9, 0x00, 0xfb, 0x00, 0xfd, 0x01, 0xfe, 0xfe, 0xfe, 0x03, 0x00,
  0xfc, 0x00, 0x04, 0x03, 0xfd, 0x03, 0x02, 0x05, 0xff, 0x05, 0x00, 0x08,
  0x00, 0x09, 0x01, 0x0a, 0xff, 0x0a, 0x01, 0x0c, 0xfe, 0x0d, 0x02, 0x0f,
  0xff, 0x0f, 0x01, 0x11, 0x00, 0x12, 0xff, 0x12, 0x00, 0x14, 0x01, 0x15,
  0xff, 0x15, 0x02, 0x17, 0xfe, 0x17, 0x01, 0x19, 0xff, 0x19, 0x01, 0x1a,
  0x00, 0x1b, 0x00, 0x1c, 0x00, 0x1c, 0xff, 0x1b, 0x01, 0x1d, 0x00, 0x1e,
  0x00, 0x1e, 0x00, 0x1e, 0x00, 0x1f, 0x00, 0x1f, 0x00, 0x1f, 0x01, 0x20,
  0xfe, 0x1f, 0x02, 0x20, 0xff, 0x20, 0x00, 0x21, 0x01, 0x21, 0xff, 0x20,
  0x00, 0x21, 0x01, 0x21, 0xfe, 0x21, 0x03, 0x22, 0xfd, 0x21, 0x02, 0x22,
  0xfe, 0x21, 0x02, 0x22, 0x00, 0x22, 0xfe, 0x21, 0x02, 0x22, 0xfe, 0x21,
  0x02, 0x22, 0xff, 0x21, 0x01, 0x21, 0xfe, 0x20, 0x02, 0x21, 0xff, 0x20,
  0x00, 0x21, 0x01, 0x21, 0xff, 0x20, 0x00, 0x20, 0x01, 0x20, 0xfe, 0x1f,
  0x03, 0x20, 0xfd, 0x1f, 0x02, 0x20, 0xff, 0x1e, 0x00, 0x1f, 0x00, 0x1f,
  0x01, 0x1f, 0xff, 0x1e, 0x00, 0x1e, 0x01, 0x1e, 0xfe, 0x1d, 0x03, 0x1e,
  0xfd, 0x1c, 0x02, 0x1d, 0xfe, 0x1c, 0x03, 0x1d, 0xfe, 0x1b, 0x00, 0x1c,
  0x01, 0x1c, 0xfd, 0x1b, 0x05, 0x1b, 0xfc, 0x1a, 0x01, 0x1b, 0x01, 0x1a,
  0xfe, 0x19, 0x02, 0x19, 0xff, 0x18, 0xff, 0x17, 0x02, 0x18, 0xfe, 0x16,
  0x03, 0x17, 0xfc, 0x15, 0x04, 0x16, 0xfd, 0x14, 0x01, 0x14, 0x02, 0x14,
  0xfc, 0x12, 0x05, 0x12, 0xfb, 0x10, 0x04, 0x11, 0xfd, 0x0f, 0x02, 0x0f,
  0xff, 0x0d, 0x01, 0x0d, 0xff, 0x0b, 0x00, 0x0b, 0x01, 0x0a, 0xff, 0x08,
  0x01, 0x08, 0xff, 0x06, 0x00, 0x06, 0x00, 0x05, 0x02, 0x04, 0xfd, 0x01,
  0x03, 0x01, 0xfd, 0xff, 0x02, 0xff, 0xfe, 0xfd, 0x04, 0xfd, 0xfa, 0xfb,
  0x07, 0xfa, 0xf9, 0xf8, 0x05, 0xf8, 0xfe, 0xf5, 0x00, 0xf5, 0x01, 0xf4,
  0xfe, 0xf2, 0x02, 0xf2, 0xff, 0xf0, 0x01, 0xf0, 0xff, 0xee, 0x01, 0xee,
  0xfe, 0xec, 0x03, 0xec, 0xfd, 0xea, 0x02, 0xea, 0x00, 0xe9, 0xff, 0xe7,
  0x01, 0xe7, 0xff, 0xe5, 0x00, 0xe6, 0x01, 0xe5, 0x00, 0xe4, 0xff, 0xe2,
  0x01, 0xe3, 0xff, 0xe1, 0x01, 0xe1, 0x00, 0xe1, 0xff, 0xe0, 0x01, 0xe0,
  0x00, 0xe0, 0xff, 0xde, 0x02, 0xdf, 0xfd, 0xdd, 0x03, 0xde, 0xfe, 0xdd,
  0x01, 0xde, 0xff, 0xdc, 0x00, 0xdd, 0x01, 0xdd, 0xff, 0xdc, 0x01, 0xdd,
  0xff, 0xdc, 0x00, 0xdd, 0x01, 0xdd, 0xfe, 0xdc, 0x03, 0xdd, 0xfc, 0xdc,
  0x05, 0xdd, 0xfb, 0xdc, 0x04, 0xdd, 0xfc, 0xdc, 0x04, 0xdd, 0xfe, 0xdc,
  0x00, 0xdd, 0x01, 0xde, 0xfe, 0xdd, 0x03, 0xde, 0xfe, 0xdd, 0x01, 0xde,
  0xfe, 0xdd, 0x02, 0xdf, 0x00, 0xdf, 0xff, 0xde, 0x01, 0xe0, 0xfe, 0xdf,
  0x02, 0xe0, 0xff, 0xdf, 0x01, 0xe0, 0xfe, 0xe0, 0x02, 0xe1, 0xff, 0xe0,
  0x00, 0xe1, 0x01, 0xe2, 0xff, 0xe1, 0x01, 0xe2, 0xff, 0xe1, 0x01, 0xe3,
  0xff, 0xe2, 0x01, 0xe3, 0xff, 0xe3, 0x01, 0xe4, 0xff, 0xe3, 0x01, 0xe4,
  0xff, 0xe4, 0x01, 0xe5, 0xfe, 0xe4, 0x03, 0xe6, 0xfd, 0xe5, 0x03, 0xe6,
  0xfd, 0xe6, 0x03, 0xe7, 0xfd, 0xe7, 0x03, 0xe8, 0xfd, 0xe8, 0x02, 0xe9,
  0x00, 0xea, 0xff, 0xe9, 0x00, 0xeb, 0x01, 0xeb, 0xff, 0xeb, 0x01, 0xed,
  0x00, 0xed, 0xff, 0xed, 0x01, 0xef, 0x00, 0xf0, 0x00, 0xf1, 0xff, 0xf0,
  0x02, 0xf2, 0xfe, 0xf2, 0x02, 0xf4, 0xfe, 0xf4, 0x02, 0xf6, 0xfe, 0xf6,
  0x02, 0xf8, 0xff, 0xf8, 0xff, 0xf9, 0x02, 0xfb, 0xfe, 0xfb, 0x02, 0xfd,
  0xff, 0xfd, 0xff, 0xfe, 0x02, 0x00, 0xfe, 0x01, 0x02, 0x03, 0xfe, 0x03,
  0x01, 0x05, 0xff, 0x05, 0x01, 0x08, 0x00, 0x09, 0x00, 0x0a, 0xff, 0x0a,
  0x02, 0x0c, 0xfc, 0x0c, 0x05, 0x0e, 0xfc, 0x0e, 0x03, 0x10, 0xff, 0x10,
  0xff, 0x11, 0x02, 0x14, 0xfd, 0x13, 0x04, 0x15, 0xfc, 0x15, 0x04, 0x17,
  0xfc, 0x17, 0x03, 0x19, 0xfe, 0x18, 0x02, 0x1a, 0xfe, 0x19, 0x02, 0x1b,
  0xfe, 0x1b, 0x02, 0x1d, 0xff, 0x1c, 0x00, 0x1e, 0x00, 0x1e, 0x01, 0x1e,
  0xff, 0x1e, 0x00, 0x1f, 0x01, 0x1f, 0xfe, 0x1f, 0x03, 0x20, 0xfd, 0x1f,
  0x01, 0x20, 0x01, 0x21, 0xfe, 0x20, 0x03, 0x21, 0xfd, 0x20, 0x02, 0x21,
  0xff, 0x20, 0x00, 0x21, 0x01, 0x21, 0xfe, 0x20, 0x03, 0x21, 0xfd, 0x20,
  0x03, 0x21, 0xfd, 0x20, 0x02, 0x21, 0xff, 0x20, 0x01, 0x21, 0xff, 0x20,
  0x01, 0x21, 0xfe, 0x20, 0x03, 0x21, 0xfe, 0x1f, 0x00, 0x20, 0x01, 0x20,
  0xff, 0x1f, 0x01, 0x20, 0x00, 0x1f, 0x00, 0x1f, 0xff, 0x1e, 0x01, 0x1f,
  0x00, 0x1e, 0x00, 0x1e, 0x00, 0x1e, 0x00, 0x1e, 0x00, 0x1d, 0x00, 0x1d,
  0x01, 0x1c, 0xfd, 0x1b, 0x04, 0x1c, 0xfc, 0x1b, 0x04, 0x1b, 0xfd, 0x1a,
  0x01, 0x1a, 0x00, 0x1a, 0x00, 0x1a, 0x00, 0x19, 0x01, 0x19, 0xfe, 0x17,
  0x02, 0x18, 0xff, 0x16, 0x01, 0x17, 0xff, 0x15, 0x01, 0x16, 0xff, 0x14,
  0x01, 0x14, 0x00, 0x14, 0xfe, 0x12, 0x03, 0x12, 0xfe, 0x10, 0x01, 0x10,
  0xff, 0x0f, 0x00, 0x0f, 0x01, 0x0e, 0xfe, 0x0c, 0x03, 0x0c, 0xfd, 0x0a,
  0x02, 0x0a, 0xff, 0x08, 0xff, 0x07, 0x02, 0x07, 0xfe, 0x05, 0x02, 0x05,
  0xff, 0x02, 0x00, 0x02, 0xff, 0x00, 0x01, 0x00, 0xff, 0xfe, 0x01, 0xfe,
  0x01, 0xfd, 0xfd, 0xfa, 0x02, 0xfa, 0x00, 0xf9, 0xfe, 0xf7, 0x03, 0xf7,
  0xfe, 0xf4, 0x01, 0xf4, 0xff, 0xf2, 0x01, 0xf2, 0xff, 0xf0, 0x01, 0xf0,
  0xff, 0xee, 0x01, 0xee, 0xfe, 0xec, 0x02, 0xeb, 0xff, 0xe9, 0x00, 0xea,
  0x01, 0xe9, 0xfe, 0xe7, 0x02, 0xe7, 0xff, 0xe5, 0x00, 0xe6, 0x01, 0xe5,
  0xff, 0xe3, 0x01, 0xe4, 0x00, 0xe3, 0xff, 0xe2, 0x01, 0xe2, 0xff, 0xe0,
  0x02, 0xe1, 0xfd, 0xdf, 0x04, 0xe0, 0xfb, 0xdf, 0x04, 0xe0, 0xfe, 0xde,
  0x00, 0xdf, 0x01, 0xdf, 0xfe, 0xdd, 0x02, 0xde, 0xff, 0xdd, 0x01, 0xde,
  0xfe, 0xdd, 0x02, 0xde, 0xfe, 0xdd, 0x02, 0xde, 0xff, 0xdd, 0x00, 0xde,
  0x00, 0xde, 0x00, 0xde, 0x00, 0xde, 0x01, 0xde, 0xfe, 0xdd, 0x01, 0xdf,
  0x00, 0xdf, 0x00, 0xdf, 0x00, 0xdf, 0x00, 0xdf, 0x00, 0xdf, 0xff, 0xdf,
  0x02, 0xe0, 0xfd, 0xdf, 0x03, 0xe0, 0xfe, 0xdf, 0x01, 0xe1, 0xff, 0xe0,
  0x01, 0xe1, 0xff, 0xe0, 0x00, 0xe1, 0x01, 0xe2, 0xff, 0xe1, 0x00, 0xe2,
  0x01, 0xe2, 0xfe, 0xe2, 0x01, 0xe3, 0x01, 0xe3, 0xfe, 0xe3, 0x02, 0xe4,
  0xfe, 0xe3, 0x01, 0xe5, 0x01, 0xe5, 0xfd, 0xe4, 0x04, 0xe6, 0xfc, 0xe5,
  0x03, 0xe7, 0xff, 0xe6, 0x00, 0xe8, 0xff, 0xe7, 0x02, 0xe9, 0xfe, 0xe8,
  0x01, 0xea, 0x00, 0xeb, 0x00, 0xeb, 0xff, 0xeb, 0x02, 0xed, 0xfe, 0xed,
  0x02, 0xef, 0xff, 0xee, 0xff, 0xef, 0x02, 0xf1, 0xfe, 0xf1, 0x03, 0xf3,
  0xfd, 0xf3, 0x03, 0xf5, 0xfc, 0xf5, 0x05, 0xf7, 0xfb, 0xf7, 0x04, 0xf9,
  0xfe, 0xf9, 0x01, 0xfb, 0x00, 0xfc, 0xff, 0xfc, 0x00, 0xfe, 0x01, 0xff,
  0x00, 0x00, 0xff, 0x00, 0x02, 0x03, 0xfd, 0x03, 0x03, 0x05, 0xfe, 0x05,
  0x01, 0x07, 0x00, 0x09, 0x00, 0x0a, 0x00, 0x0b, 0xff, 0x0b, 0x01, 0x0d,
  0x00, 0x0e, 0x00, 0x0f, 0x00, 0x10, 0x00, 0x11, 0xff, 0x11, 0x02, 0x13,
  0xfe, 0x13, 0x02, 0x15, 0xfe, 0x15, 0x02, 0x17, 0xfe, 0x16, 0x01, 0x18,
  0x00, 0x19, 0x00, 0x19, 0x00, 0x1a, 0x00, 0x1b, 0xff, 0x1a, 0x02, 0x1c,
  0xfd, 0x1c, 0x04, 0x1d, 0xfc, 0x1c, 0x03, 0x1e, 0xfe, 0x1d, 0x01, 0x1f,
  0x00, 0x1f, 0x00, 0x1f, 0xff, 0x1f, 0x01, 0x20, 0xff, 0x1f, 0x01, 0x21,
  0x01, 0x21, 0xfd, 0x20, 0x03, 0x21, 0xfe, 0x20, 0x00, 0x22, 0x02, 0x22,
  0xfd, 0x21, 0x03, 0x22, 0xfe, 0x21, 0x01, 0x22, 0xff, 0x21, 0x01, 0x22,
  0xff, 0x21, 0x01, 0x22, 0x00, 0x22, 0xff, 0x21, 0x01, 0x22, 0xff, 0x21,
  0x01, 0x22, 0x00, 0x21, 0xff, 0x20, 0x02, 0x21, 0xfd, 0x20, 0x03, 0x21,
  0xfe, 0x20, 0x01, 0x20, 0x00, 0x20, 0xff, 0x1f, 0x01, 0x20, 0xff, 0x1f,
  0x02, 0x1f, 0xfd, 0x1e, 0x02, 0x1f, 0xff, 0x1e, 0x01, 0x1e, 0x00, 0x1e,
  0xff, 0x1d, 0x00, 0x1e, 0x01, 0x1e, 0xff, 0x1c, 0x01, 0x1d, 0xff, 0x1c,
  0x01, 0x1c, 0xff, 0x1b, 0x01, 0x1c, 0xff, 0x1a, 0x00, 0x1b, 0x01, 0x1b,
  0xff, 0x19, 0x01, 0x1a, 0xff, 0x18, 0x01, 0x19, 0xff, 0x18, 0x01, 0x18,
  0xff, 0x17, 0x00, 0x17, 0x01, 0x16, 0x00, 0x16, 0xfe, 0x15, 0x03, 0x15,
  0xfd, 0x13, 0x02, 0x13, 0x00, 0x13, 0xff, 0x11, 0x00, 0x11, 0x01, 0x10,
  0xff, 0x0f, 0x01, 0x0f, 0x00, 0x0e, 0xfe, 0x0c, 0x03, 0x0c, 0xfd, 0x0a,
  0x03, 0x0a, 0xfd, 0x08, 0x03, 0x08, 0xfd, 0x06, 0x03, 0x05, 0xfe, 0x03,
  0x01, 0x03, 0x00, 0x02, 0xff, 0x00, 0x01, 0x00, 0x00, 0xff, 0x00, 0xfe,
  0x00, 0xfc, 0xff, 0xfa, 0x02, 0xfa, 0xfe, 0xf8, 0x02, 0xf8, 0xfe, 0xf6,
  0x01, 0xf5, 0x00, 0xf4, 0x00, 0xf3, 0x00, 0xf2, 0x00, 0xf1, 0x00, 0xf0,
  0x00, 0xef, 0xff, 0xed, 0x02, 0xed, 0xfe, 0xeb, 0x01, 0xeb, 0x00, 0xea,
  0xff, 0xe8, 0x01, 0xe8, 0x00, 0xe7, 0xff, 0xe5, 0x01, 0xe5, 0x00, 0xe5,
  0xff, 0xe3, 0x02, 0xe3, 0xfe, 0xe2, 0x01, 0xe2, 0x00, 0xe1, 0x00, 0xe1,
  0x00, 0xe0, 0x00, 0xe0, 0x00, 0xe0, 0xff, 0xde, 0x02, 0xdf, 0xfe, 0xde,
  0x01, 0xde, 0x01, 0xde, 0xfd, 0xdd, 0x04, 0xde, 0xfb, 0xdd, 0x05, 0xdd,
  0xfd, 0xdc, 0x01, 0xdd, 0x00, 0xdd, 0xff, 0xdc, 0x01, 0xdd, 0x00, 0xdd,
  0x00, 0xdd, 0xff, 0xdc, 0x01, 0xdd, 0xff, 0xdc, 0x01, 0xdd, 0x00, 0xde,
  0xff, 0xdd, 0x01, 0xde, 0x00, 0xde, 0xff, 0xdd, 0x01, 0xde, 0x00, 0xde,
  0xff, 0xde, 0x01, 0xdf, 0x00, 0xdf, 0xfe, 0xde, 0x04, 0xe0, 0xfb, 0xdf,
  0x04, 0xe0, 0xfe, 0xdf, 0xff, 0xe0, 0x03, 0xe1, 0xfd, 0xe0, 0x03, 0xe1,
  0xfe, 0xe1, 0x00, 0xe2, 0x01, 0xe2, 0xff, 0xe1, 0x02, 0xe3, 0xfe, 0xe2,
  0x01, 0xe3, 0xff, 0xe3, 0x00, 0xe4, 0x01, 0xe4, 0xff, 0xe4, 0x01, 0xe5,
  0xff, 0xe4, 0x00, 0xe6, 0x00, 0xe6, 0x00, 0xe6, 0x00, 0xe7, 0x01, 0xe7,
  0xfe, 0xe7, 0x02, 0xe8, 0xff, 0xe8, 0x00, 0xe9, 0x01, 0xea, 0xff, 0xe9,
  0x00, 0xeb, 0x00, 0xec, 0x01, 0xec, 0xfe, 0xec, 0x04, 0xee, 0xfb, 0xed,
  0x04, 0xef, 0xfd, 0xef, 0x02, 0xf1, 0xff, 0xf1, 0x01, 0xf3, 0xff, 0xf3,
  0x01, 0xf4, 0xff, 0xf4, 0x01, 0xf7, 0xff, 0xf7, 0x01, 0xf9, 0xff, 0xf9,
  0x01, 0xfb, 0xff, 0xfb, 0x01, 0xfd, 0xff, 0xfd, 0x00, 0xff, 0x01, 0x00,
  0xfe, 0x00, 0x03, 0x03, 0xfc, 0x03, 0x04, 0x05, 0xfd, 0x05, 0x01, 0x07,
  0x01, 0x08, 0xfd, 0x08, 0x03, 0x0a, 0xff, 0x0b, 0x00, 0x0d, 0x01, 0x0e,
  0xfe, 0x0e, 0x01, 0x10, 0x00, 0x11, 0x01, 0x12, 0xfe, 0x12, 0x02, 0x14,
  0xff, 0x14, 0x00, 0x16, 0x01, 0x17, 0xfd, 0x16, 0x04, 0x18, 0xfd, 0x18,
  0x03, 0x1a, 0xfc, 0x1a, 0x04, 0x1b, 0xfc, 0x1b, 0x04, 0x1c, 0xfd, 0x1c,
  0x01, 0x1e, 0x01, 0x1e, 0xfe, 0x1d, 0x02, 0x1e, 0xfe, 0x1e, 0x01, 0x1f,
  0x00, 0x20, 0x00, 0x20, 0x01, 0x20, 0xfe, 0x1f, 0x02, 0x21, 0xfe, 0x20,
  0x01, 0x21, 0x01, 0x21, 0xfe, 0x20, 0x02, 0x21, 0xfe, 0x20, 0x01, 0x21,
  0x00, 0x21, 0x00, 0x21, 0x00, 0x22, 0x00, 0x21, 0xff, 0x20, 0x02, 0x21,
  0xfd, 0x20, 0x04, 0x21, 0xfd, 0x20, 0x00, 0x21, 0x02, 0x21, 0xfd, 0x20,
  0x03, 0x20, 0xfe, 0x1f, 0x01, 0x20, 0xfe, 0x1f, 0x04, 0x20, 0xfc, 0x1f,
  0x03, 0x1f, 0xfe, 0x1e, 0x00, 0x1f, 0x01, 0x1f, 0x00, 0x1e, 0x00, 0x1e,
  0x00, 0x1e, 0xff, 0x1d, 0x00, 0x1d, 0x02, 0x1d, 0xfd, 0x1c, 0x04, 0x1d,
  0xfb, 0x1b, 0x04, 0x1c, 0xff, 0x1b, 0xff, 0x1a, 0x01, 0x1b, 0x00, 0x1b,
  0xfe, 0x19, 0x04, 0x1a, 0xfb, 0x18, 0x04, 0x19, 0xfd, 0x18, 0x02, 0x18,
  0xfe, 0x16, 0x03, 0x17, 0xfc, 0x15, 0x04, 0x16, 0xfc, 0x14, 0x04, 0x15,
  0xfc, 0x13, 0x04, 0x13, 0xfc, 0x11, 0x04, 0x12, 0xfc, 0x10, 0x04, 0x10,
  0xfc, 0x0e, 0x04, 0x0e, 0xfd, 0x0c, 0x02, 0x0c, 0xff, 0x0a, 0xff, 0x09,
  0x03, 0x09, 0xfc, 0x07, 0x05, 0x07, 0xfa, 0x05, 0x05, 0x05, 0xfc, 0x03,
  0x04, 0x03, 0xfd, 0x01, 0x02, 0x01, 0xfd, 0xfe, 0x03, 0xfe, 0xff, 0xfc,
  0x00, 0xfc, 0x00, 0xfb, 0x00, 0xf9, 0x00, 0xf8, 0x01, 0xf7, 0xfe, 0xf5,
  0x01, 0xf5, 0x00, 0xf3, 0x01, 0xf2, 0xff, 0xf0, 0x00, 0xf0, 0xff, 0xee,
  0x02, 0xee, 0xfe, 0xec, 0x03, 0xec, 0xfb, 0xea, 0x05, 0xea, 0xfc, 0xe8,
  0x03, 0xe8, 0xfe, 0xe6, 0x01, 0xe6, 0xff, 0xe5, 0x02, 0xe5, 0xfd, 0xe3,
  0x03, 0xe4, 0xfe, 0xe2, 0x02, 0xe3, 0xfd, 0xe1, 0x03, 0xe1, 0xfe, 0xe0,
  0x01, 0xe0, 0x00, 0xe0, 0xff, 0xdf, 0x00, 0xdf, 0x02, 0xdf, 0xfd, 0xdd,
  0x03, 0xde, 0xfd, 0xdd, 0x02, 0xde, 0xff, 0xdd, 0x01, 0xde, 0xff, 0xdc,
  0x00, 0xdd, 0x01, 0xdd, 0xff, 0xdc, 0x01, 0xdd, 0xff, 0xdc, 0x00, 0xdd,
  0x01, 0xdd, 0xff, 0xdc, 0x01, 0xdd, 0xff, 0xdc, 0x01, 0xde, 0xff, 0xdd,
  0x00, 0xde, 0x01, 0xde, 0xff, 0xdd, 0x01, 0xde, 0xff, 0xdd, 0x00, 0xdf,
  0x01, 0xdf, 0xff, 0xde, 0x01, 0xdf, 0xff, 0xde, 0x01, 0xe0, 0x00, 0xe0,
  0xfe, 0xdf, 0x03, 0xe0, 0xfd, 0xe0, 0x03, 0xe1, 0xfe, 0xe0, 0x01, 0xe1,
  0xff, 0xe1, 0x00, 0xe2, 0x01, 0xe2, 0xff, 0xe1, 0x01, 0xe3, 0xff, 0xe2,
  0x01, 0xe3, 0xfe, 0xe2, 0x03, 0xe4, 0xfd, 0xe3, 0x02, 0xe4, 0xff, 0xe3,
  0x00, 0xe5, 0x00, 0xe5, 0x01, 0xe6, 0xff, 0xe5, 0x00, 0xe6, 0x01, 0xe7,
  0xfe, 0xe6, 0x02, 0xe8, 0xff, 0xe7, 0x00, 0xe9, 0x00, 0xe9, 0x00, 0xea,
  0x01, 0xea, 0xfd, 0xea, 0x04, 0xeb, 0xfb, 0xeb, 0x05, 0xed, 0xfc, 0xec,
  0x03, 0xee, 0xfe, 0xee, 0x01, 0xf0, 0x00, 0xf0, 0xff, 0xf0, 0x01, 0xf2,
  0xff, 0xf2, 0x01, 0xf4, 0x00, 0xf5, 0xff, 0xf5, 0x00, 0xf7, 0x01, 0xf8,
  0xfe, 0xf8, 0x03, 0xf9, 0xfc, 0xf9, 0x04, 0xfc, 0xfd, 0xfc, 0x01, 0xfe,
  0x01, 0xff, 0xfe, 0xff, 0x02, 0x01, 0xff, 0x01, 0x00, 0x03, 0x00, 0x04,
  0x00, 0x06, 0x00, 0x07, 0x01, 0x08, 0xff, 0x08, 0x00, 0x0a, 0x00, 0x0c,
  0x00, 0x0d, 0x00, 0x0e, 0x01, 0x0f, 0xff, 0x0f, 0x00, 0x11, 0x00, 0x12,
  0x00, 0x13, 0x01, 0x14, 0xff, 0x14, 0x01, 0x16, 0xfe, 0x16, 0x02, 0x17,
  0xff, 0x17, 0x01, 0x19, 0xff, 0x19, 0x01, 0x1b, 0xff, 0x1a, 0x01, 0x1c,
  0xff, 0x1b, 0x01, 0x1d, 0xff, 0x1c, 0x01, 0x1e, 0x00, 0x1e, 0xfe, 0x1e,
  0x03, 0x1f, 0xfd, 0x1f, 0x03, 0x20, 0xfe, 0x1f, 0x00, 0x20, 0x01, 0x21,
  0xfe, 0x20, 0x03, 0x21, 0xfd, 0x20, 0x02, 0x21, 0xff, 0x20, 0x00, 0x21,
  0x00, 0x21, 0x00, 0x22, 0x00, 0x22, 0x01, 0x22, 0xff, 0x21, 0x01, 0x21,
  0xfe, 0x20, 0x03, 0x21, 0xfd, 0x20, 0x03, 0x21, 0xfe, 0x20, 0x01, 0x21,
  0x00, 0x21, 0xfe, 0x20, 0x03, 0x20, 0xfd, 0x1f, 0x03, 0x20, 0xfd, 0x1f,
  0x02, 0x20, 0x00, 0x20, 0xff, 0x1e, 0x01, 0x1f, 0xfe, 0x1e, 0x02, 0x1f,
  0x00, 0x1e, 0xff, 0x1d, 0x01, 0x1e, 0xff, 0x1c, 0x00, 0x1d, 0x00, 0x1d,
  0x01, 0x1c, 0xfe, 0x1b, 0x02, 0x1c, 0xff, 0x1a, 0x00, 0x1b, 0x00, 0x1a,
  0x01, 0x1a, 0xfe, 0x19, 0x02, 0x19, 0xff, 0x18, 0x00, 0x18, 0x01, 0x18,
  0xff, 0x16, 0x00, 0x17, 0x01, 0x16, 0xfe, 0x15, 0x02, 0x15, 0xfe, 0x13,
  0x02, 0x14, 0xff, 0x12, 0x00, 0x12, 0x00, 0x11, 0x00, 0x11, 0x00, 0x10,
  0x00, 0x0f, 0x00, 0x0e, 0x00, 0x0d, 0x00, 0x0c, 0x00, 0x0b, 0xff, 0x09,
  0x02, 0x09, 0xfe, 0x07, 0x02, 0x07, 0xfe, 0x05, 0x01, 0x05, 0x00, 0x03,
  0x00, 0x02, 0x00, 0x01, 0x00, 0x00, 0x00, 0xff, 0xff, 0xfc, 0x01, 0xfc,
  0x00, 0xfb, 0xff, 0xf9, 0x01, 0xf9, 0xff, 0xf6, 0x01, 0xf6, 0xff, 0xf4,
  0x02, 0xf4, 0xfd, 0xf2, 0x03, 0xf2, 0xfd, 0xf0, 0x03, 0xef, 0xfd, 0xed,
  0x04, 0xed, 0xfc, 0xeb, 0x02, 0xeb, 0x00, 0xea, 0xfe, 0xe9, 0x03, 0xe9,
  0xfd, 0xe7, 0x03, 0xe7, 0xfd, 0xe5, 0x03, 0xe5, 0xfd, 0xe4, 0x02, 0xe4,
  0x00, 0xe3, 0xff, 0xe2, 0x01, 0xe2, 0xfe, 0xe1, 0x03, 0xe1, 0xfd, 0xe0,
  0x04, 0xe0, 0xfb, 0xdf, 0x05, 0xdf, 0xfb, 0xde, 0x05, 0xdf, 0xfc, 0xdd,
  0x03, 0xde, 0xfe, 0xdd, 0x02, 0xde, 0xfd, 0xdd, 0x03, 0xde, 0xfe, 0xdd,
  0x01, 0xde, 0x00, 0xde, 0xff, 0xdd, 0x01, 0xde, 0x00, 0xde, 0xff, 0xdd,
  0x01, 0xde, 0xfe, 0xdd, 0x04, 0xde, 0xfb, 0xdd, 0x05, 0xde, 0xfb, 0xdd,
  0x04, 0xde, 0xfd, 0xde, 0x03, 0xdf, 0xfd, 0xde, 0x02, 0xdf, 0xff, 0xdf,
  0x00, 0xe0, 0x01, 0xe0, 0xff, 0xdf, 0x00, 0xe1, 0x00, 0xe1, 0x00, 0xe1,
  0x01, 0xe1, 0xfe, 0xe0, 0x02, 0xe2, 0xff, 0xe1, 0x00, 0xe2, 0x01, 0xe2,
  0xff, 0xe2, 0x00, 0xe3, 0x01, 0xe3, 0xfe, 0xe2, 0x03, 0xe4, 0xfd, 0xe3,
  0x03, 0xe4, 0xfd, 0xe4, 0x02, 0xe5, 0xff, 0xe4, 0x01, 0xe6, 0xff, 0xe5,
  0x02, 0xe7, 0xfd, 0xe6, 0x03, 0xe8, 0xfd, 0xe7, 0x03, 0xe9, 0xfe, 0xe8,
  0x00, 0xea, 0x01, 0xea, 0xfe, 0xea, 0x03, 0xeb, 0xfd, 0xeb, 0x01, 0xed,
  0x00, 0xee, 0x00, 0xef, 0x01, 0xef, 0xff, 0xef, 0x00, 0xf1, 0xff, 0xf1,
  0x03, 0xf3, 0xfc, 0xf3, 0x05, 0xf5, 0xfb, 0xf5, 0x03, 0xf7, 0xff, 0xf7,
  0x00, 0xf9, 0x00, 0xfa, 0x00, 0xfb, 0x00, 0xfc, 0x01, 0xfd, 0xff, 0xfd,
  0x00, 0xff, 0x00, 0x00, 0x01, 0x01, 0x00, 0x03, 0x00, 0x04, 0xff, 0x04,
  0x01, 0x06, 0xff, 0x06, 0x01, 0x08, 0x00, 0x09, 0xff, 0x0a, 0x01, 0x0c,
  0xff, 0x0c, 0x00, 0x0e, 0x01, 0x0f, 0xfe, 0x0f, 0x03, 0x11, 0xfd, 0x11,
  0x03, 0x13, 0xfd, 0x13, 0x03, 0x15, 0xfd, 0x15, 0x03, 0x17, 0xfe, 0x17,
  0x00, 0x19, 0x02, 0x19, 0xfd, 0x19, 0x03, 0x1b, 0xfe, 0x1a, 0x01, 0x1b,
  0x00, 0x1c, 0xff, 0x1c, 0x01, 0x1d, 0xff, 0x1d, 0x02, 0x1e, 0xfe, 0x1d,
  0x02, 0x1f, 0xfd, 0x1e, 0x02, 0x20, 0x00, 0x20, 0xff, 0x1f, 0x01, 0x21,
  0x00, 0x21, 0xff, 0x20, 0x02, 0x21, 0xfe, 0x20, 0x00, 0x22, 0x01, 0x22,
  0x00, 0x22, 0x00, 0x22, 0x00, 0x22, 0xff, 0x21, 0x00, 0x22, 0x01, 0x22,
  0xff, 0x21, 0x01, 0x22, 0xff, 0x21, 0x00, 0x22, 0x00, 0x22, 0x01, 0x22,
  0xfe, 0x21, 0x02, 0x22, 0xfe, 0x21, 0x02, 0x21, 0xff, 0x20, 0x00, 0x21,
  0x00, 0x21, 0xff, 0x20, 0x02, 0x20, 0xfe, 0x1f, 0x02, 0x20, 0xfe, 0x1f,
  0x01, 0x1f, 0x00, 0x1f, 0xff, 0x1e, 0x02, 0x1f, 0xfe, 0x1e, 0x02, 0x1e,
  0xfe, 0x1d, 0x01, 0x1e, 0x00, 0x1d, 0x00, 0x1d, 0x01, 0x1d, 0xff, 0x1c,
  0xff, 0x1c, 0x02, 0x1c, 0xfe, 0x1b, 0x02, 0x1c, 0xff, 0x1a, 0x00, 0x1b,
  0x01, 0x1b, 0xfe, 0x19, 0x01, 0x1a, 0x00, 0x1a, 0x00, 0x19, 0x00, 0x19,
  0x01, 0x18, 0xfd, 0x17, 0x04, 0x18, 0xfc, 0x16, 0x04, 0x16, 0xfc, 0x15,
  0x03, 0x15, 0xff, 0x14, 0x00, 0x14, 0x01, 0x13, 0xfe, 0x12, 0x02, 0x12,
  0xff, 0x10, 0x01, 0x10, 0xfe, 0x0e, 0x03, 0x0f, 0xfc, 0x0d, 0x05, 0x0d,
  0xfb, 0x0b, 0x04, 0x0b, 0xfd, 0x09, 0x02, 0x09, 0xff, 0x07, 0x00, 0x06,
  0x00, 0x05, 0x00, 0x04, 0x01, 0x03, 0xfe, 0x01, 0x02, 0x01, 0xfe, 0xff,
  0x02, 0xff, 0xff, 0xfc, 0x01, 0xfc, 0xfe, 0xfa, 0x02, 0xfa, 0xfe, 0xf8,
  0x03, 0xf7, 0xfd, 0xf5, 0x02, 0xf5, 0xff, 0xf3, 0xff, 0xf2, 0x03, 0xf2,
  0xfd, 0xf0, 0x01, 0xef, 0x01, 0xee, 0xfe, 0xec, 0x02, 0xed, 0xff, 0xeb,
  0x00, 0xeb, 0x00, 0xea, 0x00, 0xe9, 0x00, 0xe8, 0x00, 0xe7, 0x01, 0xe6,
  0xff, 0xe4, 0x00, 0xe4, 0x00, 0xe4, 0x00, 0xe3, 0x01, 0xe3, 0xff, 0xe1,
  0x01, 0xe2, 0xfe, 0xe0, 0x02, 0xe0, 0xfe, 0xdf, 0x02, 0xdf, 0xff, 0xde,
  0x00, 0xdf, 0x00, 0xdf, 0xff, 0xdd, 0x01, 0xde, 0x01, 0xde, 0xfe, 0xdc,
  0x02, 0xdd, 0xfd, 0xdc, 0x03, 0xdd, 0xff, 0xdc, 0x00, 0xdd, 0x00, 0xdd,
  0xff, 0xdb, 0x02, 0xdc, 0xfe, 0xdc, 0x02, 0xdd, 0xfe, 0xdc, 0x02, 0xdd,
  0xff, 0xdc, 0xff, 0xdc, 0x02, 0xdd, 0xfd, 0xdc, 0x03, 0xde, 0xff, 0xdd,
  0x00, 0xde, 0x00, 0xde, 0xff, 0xdd, 0x01, 0xde, 0xff, 0xde, 0x02, 0xdf,
  0xff, 0xde, 0xff, 0xdf, 0x02, 0xe0, 0xfe, 0xdf, 0x01, 0xe0, 0x00, 0xe0,
  0xff, 0xe0, 0x01, 0xe1, 0x01, 0xe1, 0xfe, 0xe0, 0x01, 0xe1, 0xff, 0xe1,
  0x01, 0xe2, 0xff, 0xe2, 0x02, 0xe3, 0xfe, 0xe2, 0x00, 0xe3, 0x02, 0xe3,
  0xfd, 0xe3, 0x03, 0xe4, 0xfe, 0xe3, 0x01, 0xe5, 0xff, 0xe4, 0x02, 0xe5,
  0xfd, 0xe4, 0x04, 0xe6, 0xfb, 0xe5, 0x05, 0xe6, 0xfc, 0xe6, 0x03, 0xe8,
  0xfe, 0xe7, 0x01, 0xe9, 0xff, 0xe8, 0x01, 0xea, 0xff, 0xe9, 0x01, 0xeb,
  0xff, 0xeb, 0x01, 0xec, 0xff, 0xec, 0x01, 0xee, 0xff, 0xee, 0x01, 0xf0,
  0xff, 0xf0, 0x01, 0xf2, 0x00, 0xf3, 0x00, 0xf4, 0xff, 0xf3, 0x02, 0xf6,
  0xfd, 0xf6, 0x03, 0xf8, 0xfe, 0xf8, 0x02, 0xfa, 0xfe, 0xfa, 0x01, 0xfc,
  0xff, 0xfd, 0x01, 0xff, 0x00, 0x00, 0xff, 0x00, 0x01, 0x02, 0xff, 0x02,
  0x01, 0x04, 0x00, 0x06, 0xff, 0x06, 0x01, 0x08, 0x00, 0x09, 0xff, 0x0a,
  0x02, 0x0c, 0xfe, 0x0c, 0x01, 0x0e, 0x01, 0x0f, 0xfe, 0x0f, 0x01, 0x11,
  0x00, 0x12, 0x00, 0x13, 0x00, 0x14, 0x01, 0x15, 0xfd, 0x15, 0x04, 0x17,
  0xfc, 0x16, 0x03, 0x18, 0xfe, 0x18, 0x01, 0x1a, 0xff, 0x19, 0x01, 0x1b,
  0xff, 0x1b, 0x01, 0x1d, 0xff, 0x1c, 0x00, 0x1d, 0x00, 0x1e, 0x00, 0x1e,
  0x02, 0x1e, 0xfc, 0x1e, 0x05, 0x1f, 0xfb, 0x1f, 0x04, 0x20, 0xfe, 0x1f,
  0x01, 0x20, 0xff, 0x20, 0x01, 0x21, 0xff, 0x20, 0x01, 0x21, 0xff, 0x20,
  0x01, 0x21, 0xff, 0x20, 0x01, 0x21, 0xff, 0x20, 0x00, 0x21, 0x00, 0x21,
  0x01, 0x21, 0xff, 0x20, 0x01, 0x21, 0xff, 0x20, 0x00, 0x21, 0x01, 0x20,
  0xff, 0x1f, 0x01, 0x20, 0xff, 0x1f, 0x01, 0x20, 0x00, 0x20, 0xfe, 0x1f,
  0x04, 0x1f, 0xfb, 0x1e, 0x05, 0x1f, 0xfc, 0x1e, 0x03, 0x1f, 0xfd, 0x1d,
  0x02, 0x1e, 0x00, 0x1e, 0xff, 0x1c, 0x02, 0x1d, 0xfd, 0x1c, 0x02, 0x1d,
  0x00, 0x1c, 0xff, 0x1b, 0x02, 0x1b, 0xfe, 0x1a, 0x01, 0x1b, 0x00, 0x1a,
  0xff, 0x19, 0x02, 0x19, 0xff, 0x18, 0x00, 0x18, 0x01, 0x18, 0xfd, 0x16,
  0x05, 0x17, 0xfa, 0x15, 0x06, 0x15, 0xfc, 0x14, 0x02, 0x14, 0xff, 0x12,
  0x00, 0x13, 0x00, 0x12, 0x01, 0x11, 0xff, 0x0f, 0x01, 0x0f, 0xfe, 0x0d,
  0x03, 0x0e, 0xfd, 0x0b, 0x03, 0x0b, 0xfd, 0x09, 0x03, 0x09, 0xfd, 0x07,
  0x03, 0x07, 0xfe, 0x05, 0x00, 0x05, 0x02, 0x04, 0xfe, 0x02, 0x01, 0x02,
  0xff, 0xff, 0x01, 0xff, 0xff, 0xfd, 0x01, 0xfd, 0x00, 0xfb, 0xff, 0xf9,
  0x01, 0xf9, 0x00, 0xf8, 0xfe, 0xf6, 0x04, 0xf5, 0xfc, 0xf3, 0x03, 0xf3,
  0xfe, 0xf1, 0x00, 0xf1, 0x02, 0xf0, 0xfe, 0xed, 0x01, 0xed, 0x00, 0xec,
  0xff, 0xea, 0x01, 0xea, 0x00, 0xe9, 0x00, 0xe8, 0x00, 0xe7, 0x00, 0xe6,
  0x00, 0xe5, 0x00, 0xe5, 0x01, 0xe4, 0xff, 0xe3, 0x00, 0xe3, 0x01, 0xe2,
  0xff, 0xe0, 0x01, 0xe1, 0xff, 0xdf, 0x01, 0xe0, 0xfe, 0xdf, 0x02, 0xe0,
  0xff, 0xde, 0x01, 0xde, 0xff, 0xdd, 0x00, 0xde, 0xff, 0xdd, 0x02, 0xde,
  0xfe, 0xdc, 0x02, 0xdd, 0xfe, 0xdc, 0x01, 0xdd, 0x00, 0xdd, 0x00, 0xdd,
  0xff, 0xdc, 0x02, 0xdd, 0xfd, 0xdc, 0x04, 0xdd, 0xfd, 0xdc, 0x01, 0xdd,
  0x00, 0xdd, 0x00, 0xde, 0x00, 0xde, 0x01, 0xde, 0xff, 0xdd, 0x00, 0xde,
  0x01, 0xde, 0xfe, 0xde, 0x03, 0xdf, 0xfd, 0xde, 0x03, 0xdf, 0xfd, 0xde,
  0x02, 0xdf, 0xfe, 0xdf, 0x02, 0xe0, 0xfe, 0xdf, 0x02, 0xe1, 0xfe, 0xe0,
  0x02, 0xe1, 0xfe, 0xe0, 0x01, 0xe1, 0xff, 0xe1, 0x02, 0xe2, 0xfe, 0xe1,
  0x03, 0xe2, 0xfc, 0xe1, 0x03, 0xe3, 0xfe, 0xe2, 0x02, 0xe3, 0xff, 0xe3,
  0x01, 0xe4, 0xfe, 0xe3, 0x02, 0xe4, 0xff, 0xe4, 0x00, 0xe5, 0x01, 0xe5,
  0xff, 0xe5, 0x01, 0xe6, 0xff, 0xe6, 0x01, 0xe7, 0xfe, 0xe6, 0x03, 0xe8,
  0xfd, 0xe8, 0x02, 0xe9, 0x00, 0xea, 0xfe, 0xea, 0x03, 0xeb, 0xfd, 0xeb,
  0x03, 0xec, 0xfd, 0xec, 0x02, 0xee, 0xfe, 0xee, 0x03, 0xef, 0xfd, 0xef,
  0x02, 0xf1, 0xff, 0xf1, 0xff, 0xf2, 0x02, 0xf4, 0xfe, 0xf4, 0x01, 0xf6,
  0x01, 0xf7, 0xfd, 0xf7, 0x04, 0xf9, 0xfb, 0xf9, 0x05, 0xfb, 0xfd, 0xfb,
  0x02, 0xfd, 0xff, 0xfd, 0x00, 0xff, 0x00, 0x00, 0x01, 0x01, 0xff, 0x01,
  0x01, 0x04, 0xff, 0x04, 0x00, 0x06, 0x01, 0x07, 0xfe, 0x08, 0x02, 0x0a,
  0xff, 0x0a, 0x00, 0x0c, 0x00, 0x0d, 0xff, 0x0d, 0x02, 0x0f, 0xfe, 0x0f,
  0x02, 0x11, 0xfe, 0x11, 0x01, 0x13, 0x01, 0x14, 0xfe, 0x14, 0x01, 0x16,
  0x00, 0x17, 0xff, 0x17, 0x02, 0x18, 0xfe, 0x18, 0x01, 0x1a, 0x00, 0x1b,
  0x00, 0x1b, 0xff, 0x1b, 0x02, 0x1c, 0xfe, 0x1c, 0x02, 0x1d, 0xff, 0x1d,
  0xff, 0x1d, 0x03, 0x1f, 0xfd, 0x1e, 0x02, 0x20, 0xfe, 0x1f, 0x01, 0x20,
  0x01, 0x20, 0xff, 0x20, 0x00, 0x21, 0x01, 0x21, 0xfe, 0x21, 0x02, 0x22,
  0xff, 0x21, 0x01, 0x22, 0xff, 0x21, 0x01, 0x22, 0xfe, 0x21, 0x02, 0x22,
  0xff, 0x21, 0x01, 0x22, 0xfe, 0x21, 0x02, 0x22, 0xff, 0x21, 0x00, 0x22,
  0x01, 0x22, 0xfe, 0x21, 0x02, 0x22, 0xff, 0x21, 0x01, 0x21, 0xff, 0x20,
  0x00, 0x21, 0x00, 0x21, 0x00, 0x21, 0x00, 0x21, 0x00, 0x20, 0x00, 0x20,
  0x00, 0x20, 0x00, 0x20, 0xff, 0x1f, 0x01, 0x1f, 0x00, 0x1f, 0x00, 0x1f,
  0x00, 0x1e, 0xff, 0x1d, 0x01, 0x1e, 0x00, 0x1e, 0x00, 0x1d, 0x00, 0x1d,
  0xff, 0x1c, 0x01, 0x1d, 0x00, 0x1c, 0x00, 0x1c, 0x00, 0x1c, 0xff, 0x1b,
  0x02, 0x1b, 0xfe, 0x1a, 0x02, 0x1a, 0xfd, 0x19, 0x03, 0x1a, 0xfe, 0x19,
  0x02, 0x19, 0xfd, 0x18, 0x03, 0x18, 0xfd, 0x17, 0x03, 0x17, 0xfe, 0x16,
  0x01, 0x16, 0x00, 0x16, 0x00, 0x15, 0xff, 0x13, 0x01, 0x14, 0x00, 0x13,
  0x00, 0x12, 0x00, 0x11, 0x00, 0x11, 0xff, 0x0f, 0x01, 0x0f, 0x01, 0x0e,
  0xfd, 0x0c, 0x04, 0x0c, 0xfc, 0x0a, 0x03, 0x0a, 0xff, 0x08, 0xff, 0x07,
  0x02, 0x07, 0xfe, 0x05, 0x03, 0x05, 0xfc, 0x03, 0x04, 0x03, 0xfc, 0x01,
  0x03, 0x01, 0xff, 0xfe, 0xff, 0xfd, 0x02, 0xfd, 0xfe, 0xfb, 0x02, 0xfb,
  0xfe, 0xf9, 0x01, 0xf9, 0x00, 0xf7, 0xff, 0xf5, 0x03, 0xf5, 0xfc, 0xf2,
  0x04, 0xf3, 0xfc, 0xf1, 0x03, 0xf1, 0xff, 0xee, 0xff, 0xed, 0x03, 0xed,
  0xfb, 0xeb, 0x06, 0xeb, 0xfa, 0xe9, 0x05, 0xea, 0xfc, 0xe8, 0x03, 0xe8,
  0xfe, 0xe6, 0x01, 0xe6, 0x00, 0xe5, 0xff, 0xe4, 0x02, 0xe4, 0xfd, 0xe2,
  0x03, 0xe2, 0xfe, 0xe1, 0x01, 0xe1, 0x00, 0xe1, 0x00, 0xe1, 0xff, 0xdf,
  0x02, 0xe0, 0xfd, 0xde, 0x03, 0xdf, 0xfe, 0xde, 0x02, 0xde, 0xfe, 0xdd,
  0x02, 0xde, 0xfd, 0xdd, 0x03, 0xde, 0xfe, 0xdc, 0x02, 0xdd, 0xff, 0xdc,
  0xff, 0xdc, 0x01, 0xdd, 0xff, 0xdc, 0x02, 0xdd, 0xfe, 0xdc, 0x01, 0xdd,
  0xff, 0xdc, 0x00, 0xdd, 0x02, 0xdd, 0xfd, 0xdc, 0x02, 0xdd, 0xff, 0xdd,
  0x01, 0xde, 0xff, 0xdd, 0x02, 0xde, 0xfc, 0xdd, 0x04, 0xdf, 0xfd, 0xde,
  0x03, 0xdf, 0xfe, 0xde, 0x01, 0xe0, 0xfe, 0xdf, 0x02, 0xe0, 0xff, 0xdf,
  0x01, 0xe1, 0xff, 0xe0, 0x00, 0xe1, 0x00, 0xe1, 0x00, 0xe2, 0x01, 0xe2,
  0xff, 0xe1, 0x00, 0xe2, 0x00, 0xe3, 0x00, 0xe3, 0x00, 0xe4, 0x00, 0xe4,
  0x00, 0xe4, 0x00, 0xe4, 0x00, 0xe5, 0x00, 0xe5, 0x00, 0xe6, 0xff, 0xe5,
  0x02, 0xe6, 0xfe, 0xe6, 0x01, 0xe7, 0x00, 0xe8, 0x00, 0xe8, 0xff, 0xe8,
  0x01, 0xe9, 0xff, 0xe9, 0x01, 0xea, 0xff, 0xea, 0x01, 0xec, 0xfe, 0xec,
  0x03, 0xed, 0xfe, 0xed, 0x00, 0xef, 0x01, 0xef, 0xfe, 0xef, 0x02, 0xf1,
  0x00, 0xf2, 0xff, 0xf2, 0x01, 0xf4, 0xff, 0xf4, 0x01, 0xf6, 0xff, 0xf6,
  0x01, 0xf8, 0x00, 0xf9, 0xff, 0xf9, 0x02, 0xfc, 0xfd, 0xfc, 0x03, 0xfe,
  0xfe, 0xfe, 0x01, 0x00, 0xff, 0x00, 0x02, 0x03, 0xfd, 0x03, 0x03, 0x05,
  0xfd, 0x05, 0x03, 0x07, 0xfe, 0x07, 0x02, 0x09, 0xfc, 0x0a, 0x05, 0x0c,
  0xfb, 0x0c, 0x05, 0x0e, 0xfd, 0x0e, 0x01, 0x10, 0x00, 0x11, 0xff, 0x11,
  0x02, 0x13, 0xfe, 0x13, 0x01, 0x15, 0x00, 0x15, 0x00, 0x16, 0x00, 0x17,
  0x00, 0x18, 0xff, 0x18, 0x01, 0x19, 0x00, 0x1a, 0x00, 0x1b, 0x00, 0x1b,
  0x00, 0x1c, 0xff, 0x1c, 0x02, 0x1d, 0xfd, 0x1d, 0x04, 0x1e, 0xfc, 0x1d,
  0x03, 0x1f, 0xfe, 0x1e, 0x01, 0x1f, 0x00, 0x20, 0x00, 0x20, 0x00, 0x20,
  0xff, 0x1f, 0x02, 0x20, 0xfe, 0x20, 0x01, 0x21, 0x01, 0x21, 0xfe, 0x20,
  0x02, 0x21, 0xfe, 0x20, 0x01, 0x21, 0x00, 0x21, 0x00, 0x21, 0x01, 0x21,
  0xfe, 0x20, 0x01, 0x21, 0x00, 0x21, 0x00, 0x21, 0x00, 0x21, 0x01, 0x20,
  0xfd, 0x1f, 0x03, 0x20, 0xfe, 0x1f, 0x02, 0x20, 0xff, 0x1f, 0x00, 0x1f,
  0x00, 0x1f, 0x00, 0x1f, 0x01, 0x1f, 0xff, 0x1e, 0x01, 0x1e, 0xff, 0x1d,
  0x00, 0x1e, 0x01, 0x1e, 0xff, 0x1c, 0x00, 0x1d, 0x02, 0x1d, 0xfb, 0x1c,
  0x07, 0x1c, 0xf9, 0x1b, 0x06, 0x1c, 0xfc, 0x1a, 0x02, 0x1b, 0xff, 0x1a,
  0x01, 0x1a, 0x00, 0x1a, 0xfe, 0x18, 0x03, 0x19, 0xfd, 0x17, 0x02, 0x18,
  0x00, 0x17, 0xfe, 0x16, 0x02, 0x16, 0xff, 0x14, 0xff, 0x14, 0x03, 0x14,
  0xfd, 0x13, 0x02, 0x13, 0xfe, 0x11, 0x02, 0x11, 0xfe, 0x0f, 0x02, 0x0f,
  0xfe, 0x0d, 0x01, 0x0e, 0x01, 0x0d, 0xfe, 0x0a, 0x02, 0x0a, 0xfd, 0x08,
  0x03, 0x08, 0xfe, 0x06, 0x02, 0x06, 0xff, 0x04, 0xff, 0x03, 0x02, 0x03,
  0xfd, 0x00, 0x04, 0x00, 0xfc, 0xfe, 0x04, 0xfe, 0xfc, 0xfc, 0x04, 0xfc,
  0xfc, 0xf9, 0x03, 0xf9, 0xfe, 0xf7, 0x01, 0xf7, 0x01, 0xf6, 0xfd, 0xf4,
  0x04, 0xf3, 0xfb, 0xf1, 0x06, 0xf1, 0xfa, 0xef, 0x05, 0xef, 0xfd, 0xed,
  0x01, 0xed, 0x00, 0xec, 0x00, 0xeb, 0x00, 0xea, 0x00, 0xe9, 0x00, 0xe9,
  0x00, 0xe8, 0x00, 0xe7, 0x00, 0xe6, 0x00, 0xe6, 0xff, 0xe4, 0x01, 0xe4,
  0x00, 0xe4, 0xff, 0xe2, 0x02, 0xe3, 0xfd, 0xe1, 0x02, 0xe2, 0xff, 0xe0,
  0x01, 0xe1, 0x00, 0xe0, 0xfe, 0xdf, 0x03, 0xe0, 0xfc, 0xdf, 0x04, 0xdf,
  0xfd, 0xde, 0x02, 0xde, 0xff, 0xdd, 0x00, 0xde, 0x00, 0xde, 0x00, 0xde,
  0x00, 0xde, 0x01, 0xdd, 0xfe, 0xdc, 0x02, 0xdd, 0xfe, 0xdc, 0x02, 0xdd,
  0xff, 0xdc, 0x00, 0xdd, 0x00, 0xdd, 0xff, 0xdc, 0x02, 0xdd, 0xfe, 0xdd,
  0x02, 0xde, 0xfe, 0xdd, 0x01, 0xde, 0xff, 0xdd, 0x01, 0xde, 0xff, 0xdd,
  0x01, 0xde, 0xff, 0xde, 0x01, 0xdf, 0xff, 0xde, 0x01, 0xdf, 0xff, 0xde,
  0x00, 0xe0, 0x01, 0xe0, 0x00, 0xe0, 0xff, 0xdf, 0x02, 0xe0, 0xfd, 0xe0,
  0x02, 0xe1, 0x00, 0xe1, 0xfe, 0xe0, 0x03, 0xe2, 0xfd, 0xe1, 0x03, 0xe2,
  0xfd, 0xe1, 0x02, 0xe3, 0xfe, 0xe2, 0x03, 0xe3, 0xfe, 0xe3, 0x01, 0xe4,
  0x00, 0xe4, 0xff, 0xe3, 0x01, 0xe5, 0x00, 0xe5, 0xff, 0xe5, 0x03, 0xe6,
  0xfc, 0xe5, 0x03, 0xe7, 0xfe, 0xe6, 0x01, 0xe8, 0x00, 0xe8, 0xff, 0xe8,
  0x02, 0xe9, 0xfd, 0xe9, 0x04, 0xeb, 0xfc, 0xea, 0x03, 0xec, 0xfe, 0xec,
  0x01, 0xed, 0x00, 0xee, 0x00, 0xef, 0xff, 0xee, 0x01, 0xf0, 0x00, 0xf1,
  0xff, 0xf1, 0x02, 0xf3, 0xfd, 0xf3, 0x03, 0xf5, 0xfe, 0xf5, 0x02, 0xf7,
  0xfd, 0xf7, 0x04, 0xf9, 0xfc, 0xf9, 0x04, 0xfb, 0xfd, 0xfb, 0x02, 0xfd,
  0xfe, 0xfd, 0x02, 0xff, 0xff, 0xff, 0x01, 0x01, 0xff, 0x01, 0x00, 0x04,
  0x01, 0x05, 0xfe, 0x05, 0x02, 0x07, 0xff, 0x07, 0x01, 0x09, 0xff, 0x09,
  0x00, 0x0b, 0x00, 0x0c, 0x00, 0x0d, 0x01, 0x0e, 0xfe, 0x0e, 0x02, 0x11,
  0xfe, 0x11, 0x01, 0x12, 0x01, 0x13, 0xfd, 0x13, 0x04, 0x15, 0xfc, 0x15,
  0x04, 0x17, 0xfd, 0x17, 0x02, 0x18, 0xfe, 0x18, 0x02, 0x1a, 0xfe, 0x19,
  0x03, 0x1b, 0xfc, 0x1b, 0x04, 0x1c, 0xfc, 0x1b, 0x03, 0x1d, 0xfe, 0x1d,
  0x01, 0x1e, 0x00, 0x1f, 0x00, 0x1f, 0xff, 0x1e, 0x02, 0x20, 0xfd, 0x1f,
  0x04, 0x20, 0xfd, 0x20, 0x01, 0x21, 0x00, 0x21, 0x00, 0x21, 0x00, 0x21,
  0x00, 0x21, 0xff, 0x20, 0x02, 0x22, 0xfe, 0x21, 0x01, 0x22, 0x00, 0x22,
  0x00, 0x22, 0x00, 0x22, 0x00, 0x22, 0xff, 0x21, 0x01, 0x22, 0x01, 0x22,
  0xfe, 0x20, 0x02, 0x21, 0xfe, 0x20, 0x02, 0x21, 0xfe, 0x20, 0x02, 0x21,
  0xfd, 0x1f, 0x04, 0x20, 0xfc, 0x1f, 0x04, 0x20, 0xfc, 0x1e, 0x03, 0x1f,
  0xfe, 0x1e, 0x01, 0x1f, 0x00, 0x1f, 0xff, 0x1d, 0x02, 0x1e, 0xfe, 0x1d,
  0x01, 0x1e, 0x00, 0x1d, 0x00, 0x1d, 0xff, 0x1c, 0x02, 0x1d, 0xfe, 0x1b,
  0x01, 0x1c, 0x00, 0x1c, 0xff, 0x1a, 0x02, 0x1b, 0xfe, 0x1a, 0x01, 0x1a,
  0xff, 0x19, 0x01, 0x1a, 0x00, 0x19, 0x00, 0x19, 0xff, 0x18, 0x01, 0x18,
  0xff, 0x16, 0x01, 0x17, 0xff, 0x15, 0x01, 0x16, 0xff, 0x14, 0x01, 0x15,
  0xfe, 0x13, 0x02, 0x13, 0xff, 0x11, 0x00, 0x12, 0x01, 0x11, 0xfe, 0x0f,
  0x02, 0x0f, 0xff, 0x0d, 0x00, 0x0d, 0x01, 0x0c, 0xff, 0x0a, 0x00, 0x0a,
  0x00, 0x09, 0x01, 0x08, 0xff, 0x06, 0x01, 0x06, 0xff, 0x04, 0x00, 0x03,
  0x01, 0x02, 0xfe, 0x00, 0x03, 0x00, 0xfd, 0xfe, 0x02, 0xfd, 0xff, 0xfb,
  0x00, 0xfb, 0x01, 0xfa, 0xff, 0xf7, 0x01, 0xf7, 0xfe, 0xf5, 0x02, 0xf5,
  0xff, 0xf3, 0x00, 0xf2, 0x01, 0xf1, 0xfe, 0xef, 0x02, 0xef, 0xff, 0xed,
  0x01, 0xed, 0xfe, 0xeb, 0x02, 0xeb, 0xff, 0xe9, 0x00, 0xe9, 0x02, 0xe8,
  0xfd, 0xe6, 0x03, 0xe6, 0xfe, 0xe5, 0x00, 0xe5, 0x02, 0xe4, 0xfd, 0xe3,
  0x04, 0xe3, 0xfc, 0xe1, 0x03, 0xe2, 0xfe, 0xe0, 0x01, 0xe1, 0x00, 0xe0,
  0x00, 0xe0, 0x00, 0xe0, 0xff, 0xde, 0x01, 0xdf, 0x00, 0xdf, 0x00, 0xde,
  0x00, 0xde, 0xff, 0xdd, 0x01, 0xde, 0xff, 0xdc, 0x01, 0xdd, 0xff, 0xdc,
  0x01, 0xdd, 0xff, 0xdc, 0x01, 0xdd, 0xff, 0xdc, 0x00, 0xdd, 0x01, 0xdd,
  0xff, 0xdc, 0x00, 0xdd, 0x02, 0xdd, 0xfc, 0xdd, 0x05, 0xde, 0xfb, 0xdd,
  0x04, 0xde, 0xfd, 0xdd, 0x03, 0xde, 0xfd, 0xdd, 0x02, 0xdf, 0xff, 0xde,
  0xff, 0xde, 0x03, 0xdf, 0xfd, 0xde, 0x01, 0xe0, 0x01, 0xe0, 0xfd, 0xdf,
  0x04, 0xe0, 0xfd, 0xe0, 0x01, 0xe1, 0x00, 0xe1, 0x00, 0xe1, 0x00, 0xe2,
  0x01, 0xe2, 0xfe, 0xe1, 0x02, 0xe3, 0xfe, 0xe2, 0x01, 0xe3, 0x01, 0xe3,
  0xff, 0xe3, 0x00, 0xe4, 0x01, 0xe4, 0xfd, 0xe4, 0x05, 0xe5, 0xfb, 0xe4,
  0x04, 0xe6, 0xfd, 0xe5, 0x02, 0xe7, 0xff, 0xe6, 0x01, 0xe7, 0xff, 0xe7,
  0x01, 0xe8, 0xff, 0xe8, 0x01, 0xe9, 0xff, 0xe9, 0x02, 0xeb, 0xfd, 0xea,
  0x03, 0xec, 0xfe, 0xeb, 0x01, 0xed, 0x00, 0xee, 0xff, 0xed, 0x01, 0xef,
  0xff, 0xef, 0x01, 0xf1, 0x00, 0xf2, 0xff, 0xf2, 0x01, 0xf3, 0xff, 0xf3,
  0x01, 0xf5, 0xff, 0xf5, 0x02, 0xf7, 0xfc, 0xf7, 0x05, 0xf9, 0xfc, 0xfa,
  0x02, 0xfc, 0x01, 0xfd, 0xfc, 0xfd, 0x05, 0xff, 0xfc, 0xff, 0x03, 0x01,
  0xfe, 0x01, 0x01, 0x03, 0xff, 0x03, 0x01, 0x06, 0x00, 0x07, 0xff, 0x07,
  0x01, 0x09, 0xff, 0x09, 0x00, 0x0b, 0x01, 0x0c, 0xff, 0x0d, 0x00, 0x0f,
  0x01, 0x0f, 0xfe, 0x0f, 0x03, 0x11, 0xfc, 0x11, 0x04, 0x13, 0xfd, 0x13,
  0x03, 0x15, 0xfe, 0x15, 0x01, 0x17, 0xfe, 0x17, 0x03, 0x18, 0xfd, 0x18,
  0x04, 0x1a, 0xfb, 0x19, 0x04, 0x1b, 0xfd, 0x1b, 0x02, 0x1c, 0x00, 0x1d,
  0xfe, 0x1c, 0x03, 0x1e, 0xfc, 0x1d, 0x05, 0x1f, 0xfb, 0x1e, 0x05, 0x1f,
  0xfb, 0x1e, 0x05, 0x20, 0xfc, 0x1f, 0x03, 0x20, 0xfe, 0x20, 0x01, 0x21,
  0x00, 0x21, 0xff, 0x20, 0x02, 0x21, 0xfe, 0x20, 0x01, 0x22, 0xff, 0x21,
  0x01, 0x22, 0xff, 0x21, 0x02, 0x22, 0xfc, 0x21, 0x04, 0x22, 0xfe, 0x21,
  0x01, 0x21, 0x00, 0x21, 0xfe, 0x20, 0x03, 0x21, 0xfe, 0x20, 0x02, 0x21,
  0xfe, 0x20, 0x01, 0x21, 0x00, 0x21, 0x00, 0x20, 0x01, 0x20, 0xfd, 0x1f,
  0x04, 0x20, 0xfc, 0x1f, 0x04, 0x1f, 0xfe, 0x1e, 0xff, 0x1e, 0x03, 0x1f,
  0xfc, 0x1d, 0x04, 0x1e, 0xfd, 0x1d, 0x02, 0x1e, 0xfe, 0x1c, 0x02, 0x1d,
  0xfe, 0x1c, 0x02, 0x1c, 0xfd, 0x1b, 0x03, 0x1c, 0xfd, 0x1b, 0x03, 0x1b,
  0xfe, 0x1a, 0x01, 0x1b, 0x00, 0x1a, 0xff, 0x19, 0x01, 0x19, 0xff, 0x18,
  0x02, 0x19, 0xfe, 0x17, 0x02, 0x18, 0xfd, 0x16, 0x04, 0x17, 0xfc, 0x15,
  0x03, 0x16, 0xfd, 0x14, 0x03, 0x15, 0xfe, 0x13, 0x02, 0x13, 0xfd, 0x12,
  0x03, 0x12, 0xfd, 0x10, 0x03, 0x11, 0xfe, 0x0f, 0x00, 0x0f, 0x02, 0x0e,
  0xfd, 0x0c, 0x03, 0x0d, 0xfe, 0x0b, 0x01, 0x0b, 0x00, 0x0a, 0xff, 0x08,
  0x02, 0x08, 0xfe, 0x06, 0x01, 0x06, 0x00, 0x05, 0x00, 0x04, 0x00, 0x03,
  0x00, 0x02, 0x00, 0x00, 0xff, 0xfe, 0x02, 0xfe, 0xfe, 0xfc, 0x02, 0xfc,
  0xfe, 0xfa, 0x01, 0xfa, 0x01, 0xf9, 0xfe, 0xf7, 0x02, 0xf6, 0xfe, 0xf4,
  0x02, 0xf4, 0xff, 0xf2, 0x00, 0xf2, 0x01, 0xf1, 0xfe, 0xef, 0x03, 0xef,
  0xfd, 0xed, 0x02, 0xed, 0xff, 0xeb, 0x00, 0xeb, 0x01, 0xea, 0xff, 0xe8,
  0x01, 0xe9, 0xfe, 0xe7, 0x03, 0xe7, 0xfd, 0xe5, 0x03, 0xe5, 0xfe, 0xe4,
  0xff, 0xe3, 0x04, 0xe3, 0xfb, 0xe2, 0x05, 0xe2, 0xfb, 0xe0, 0x04, 0xe1,
  0xfe, 0xe0, 0x01, 0xe0, 0xff, 0xdf, 0x00, 0xdf, 0x01, 0xdf, 0xff, 0xde,
  0x01, 0xdf, 0xff, 0xdd, 0x00, 0xde, 0x01, 0xde, 0xfe, 0xdd, 0x02, 0xde,
  0xff, 0xdd, 0x00, 0xdd, 0x00, 0xdd, 0x01, 0xdd, 0xfe, 0xdc, 0x02, 0xdd,
  0xfe, 0xdc, 0x02, 0xdd, 0xff, 0xdd, 0x01, 0xde, 0xfe, 0xdd, 0x01, 0xde,
  0x00, 0xde, 0x01, 0xde, 0xfe, 0xdd, 0x03, 0xde, 0xfc, 0xde, 0x03, 0xdf,
  0xff, 0xde, 0x00, 0xdf, 0x01, 0xdf, 0xff, 0xdf, 0xff, 0xdf, 0x02, 0xe0,
  0xfe, 0xdf, 0x03, 0xe1, 0xfc, 0xe0, 0x04, 0xe1, 0xfc, 0xe1, 0x04, 0xe2,
  0xfd, 0xe1, 0x02, 0xe2, 0xfe, 0xe2, 0x02, 0xe3, 0xff, 0xe2, 0x00, 0xe4,
  0x02, 0xe4, 0xfc, 0xe3, 0x04, 0xe5, 0xfc, 0xe4, 0x04, 0xe6, 0xfd, 0xe5,
  0x02, 0xe6, 0xfe, 0xe6, 0x02, 0xe7, 0xfe, 0xe7, 0x02, 0xe8, 0xfe, 0xe8,
  0x02, 0xe9, 0xff, 0xe9, 0x00, 0xeb, 0x00, 0xeb, 0x00, 0xec, 0x00, 0xed,
  0x01, 0xed, 0xfe, 0xed, 0x02, 0xef, 0xfe, 0xef, 0x02, 0xf0, 0xfe, 0xf0,
  0x02, 0xf2, 0xff, 0xf2, 0xff, 0xf3, 0x02, 0xf5, 0xfd, 0xf5, 0x04, 0xf7,
  0xfc, 0xf7, 0x03, 0xf9, 0xfe, 0xf9, 0x01, 0xfb, 0x00, 0xfc, 0xff, 0xfc,
  0x01, 0xfe, 0xff, 0xff, 0x01, 0x01, 0xff, 0x01, 0x01, 0x03, 0xff, 0x03,
  0x01, 0x05, 0xff, 0x05, 0x01, 0x08, 0xff, 0x08, 0x01, 0x0a, 0xff, 0x0a,
  0x01, 0x0c, 0x00, 0x0d, 0xff, 0x0d, 0x01, 0x0f, 0xff, 0x10, 0x01, 0x12,
  0xff, 0x12, 0x01, 0x14, 0xfe, 0x13, 0x03, 0x15, 0xfd, 0x15, 0x03, 0x17,
  0xfd, 0x17, 0x02, 0x18, 0xff, 0x18, 0x00, 0x1a, 0x01, 0x1a, 0xff, 0x1a,
  0x00, 0x1c, 0x02, 0x1c, 0xfc, 0x1c, 0x05, 0x1d, 0xfc, 0x1d, 0x03, 0x1e,
  0xfd, 0x1e, 0x03, 0x1f, 0xfd, 0x1e, 0x03, 0x20, 0xfe, 0x1f, 0x00, 0x20,
  0x02, 0x20, 0xfc, 0x20, 0x05, 0x21, 0xfc, 0x20, 0x02, 0x21, 0x00, 0x21,
  0xff, 0x20, 0x01, 0x21, 0x00, 0x21, 0xff, 0x20, 0x01, 0x21, 0xff, 0x20,
  0x01, 0x21, 0xfe, 0x20, 0x03, 0x21, 0xfc, 0x20, 0x04, 0x21, 0xfd, 0x20,
  0x01, 0x21, 0x00, 0x20, 0x00, 0x20, 0x00, 0x20, 0x01, 0x20, 0xfd, 0x1f,
  0x04, 0x1f, 0xfc, 0x1e, 0x04, 0x1f, 0xfe, 0x1e, 0xff, 0x1e, 0x02, 0x1e,
  0xfe, 0x1d, 0x02, 0x1e, 0xff, 0x1d, 0x00, 0x1e, 0x00, 0x1d, 0x00, 0x1d,
  0x00, 0x1d, 0x00, 0x1c, 0x00, 0x1c, 0x00, 0x1c, 0x01, 0x1b, 0xfe, 0x1a,
  0x02, 0x1b, 0xff, 0x19, 0x01, 0x1a, 0xff, 0x18, 0x00, 0x19, 0x01, 0x18,
  0xff, 0x17, 0x02, 0x17, 0xfd, 0x16, 0x02, 0x16, 0xff, 0x15, 0x01, 0x15,
  0x00, 0x14, 0xff, 0x12, 0x01, 0x13, 0xff, 0x11, 0x01, 0x11, 0x00, 0x10,
  0xff, 0x0e, 0x02, 0x0e, 0xfe, 0x0d, 0x02, 0x0d, 0xfe, 0x0a, 0x02, 0x0a,
  0xfd, 0x08, 0x04, 0x08, 0xfc, 0x06, 0x03, 0x06, 0xff, 0x04, 0xff, 0x03,
  0x01, 0x03, 0x00, 0x02, 0xff, 0x00, 0x02, 0xff, 0xfe, 0xfd, 0x01, 0xfd,
  0x00, 0xfc, 0xff, 0xf9, 0x01, 0xf9, 0x00, 0xf8, 0xff, 0xf6, 0x01, 0xf6,
  0xfe, 0xf4, 0x02, 0xf3, 0xff, 0xf1, 0x00, 0xf1, 0x01, 0xf0, 0xfd, 0xee,
  0x03, 0xee, 0xff, 0xec, 0x00, 0xec, 0x00, 0xeb, 0x00, 0xea, 0x00, 0xe9,
  0x00, 0xe8, 0x00, 0xe7, 0x00, 0xe7, 0x00, 0xe6, 0x01, 0xe5, 0xfe, 0xe3,
  0x02, 0xe3, 0xfe, 0xe2, 0x02, 0xe2, 0xfe, 0xe1, 0x02, 0xe1, 0xfe, 0xe0,
  0x02, 0xe0, 0xfe, 0xdf, 0x02, 0xe0, 0xfe, 0xde, 0x02, 0xdf, 0xff, 0xde,
  0x00, 0xde, 0x00, 0xde, 0x00, 0xde, 0x01, 0xdd, 0xfe, 0xdc, 0x02, 0xdd,
  0xfe, 0xdc, 0x02, 0xdd, 0xff, 0xdc, 0x00, 0xdd, 0x00, 0xdd, 0xff, 0xdc,
  0x03, 0xdd, 0xfc, 0xdc, 0x05, 0xdd, 0xfb, 0xdc, 0x04, 0xdd, 0xfe, 0xdc,
  0x00, 0xdd, 0x02, 0xdd, 0xfd, 0xdc, 0x03, 0xde, 0xfe, 0xdd, 0x01, 0xde,
  0x00, 0xde, 0xff, 0xdd, 0x01, 0xde, 0xff, 0xde, 0x01, 0xdf, 0xff, 0xde,
  0x01, 0xdf, 0x00, 0xe0, 0xff, 0xdf, 0x01, 0xe0, 0xfe, 0xdf, 0x03, 0xe1,
  0xfe, 0xe0, 0x01, 0xe1, 0xff, 0xe0, 0x01, 0xe1, 0xff, 0xe1, 0x01, 0xe2,
  0xff, 0xe1, 0x00, 0xe3, 0x02, 0xe3, 0xfe, 0xe2, 0x01, 0xe3, 0x00, 0xe4,
  0xfe, 0xe3, 0x04, 0xe4, 0xfb, 0xe4, 0x05, 0xe5, 0xfc, 0xe4, 0x03, 0xe6,
  0xfe, 0xe5, 0x01, 0xe6, 0xff, 0xe6, 0x01, 0xe7, 0x00, 0xe8, 0x00, 0xe8,
  0xff, 0xe8, 0x01, 0xe9, 0xff, 0xe9, 0x02, 0xea, 0xfd, 0xea, 0x03, 0xec,
  0xfd, 0xeb, 0x03, 0xed, 0xfd, 0xed, 0x03, 0xee, 0xfc, 0xee, 0x05, 0xf0,
  0xfc, 0xf0, 0x02, 0xf2, 0xff, 0xf2, 0x01, 0xf3, 0xff, 0xf3, 0x02, 0xf5,
  0xfd, 0xf5, 0x03, 0xf7, 0xfe, 0xf7, 0x01, 0xfa, 0x00, 0xfb, 0xfe, 0xfb,
  0x04, 0xfd, 0xfb, 0xfd, 0x06, 0xff, 0xfa, 0xff, 0x04, 0x01, 0xfe, 0x01,
  0x00, 0x04, 0x02, 0x05, 0xfd, 0x05, 0x04, 0x07, 0xfc, 0x08, 0x03, 0x0a,
  0xfe, 0x0a, 0x01, 0x0c, 0x00, 0x0d, 0x01, 0x0e, 0xfe, 0x0e, 0x02, 0x10,
  0xfe, 0x10, 0x03, 0x12, 0xfc, 0x12, 0x04, 0x14, 0xfc, 0x14, 0x04, 0x16,
  0xfd, 0x16, 0x02, 0x18, 0xfe, 0x17, 0x02, 0x19, 0xfe, 0x19, 0x03, 0x1a,
  0xfd, 0x1a, 0x02, 0x1c, 0xff, 0x1b, 0x00, 0x1d, 0x00, 0x1d, 0x00, 0x1e,
  0x01, 0x1e, 0xff, 0x1e, 0x01, 0x1f, 0xfe, 0x1e, 0x02, 0x20, 0xfe, 0x1f,
  0x03, 0x20, 0xfd, 0x20, 0x02, 0x21, 0xff, 0x20, 0x00, 0x21, 0x01, 0x22,
  0xfe, 0x21, 0x02, 0x22, 0xff, 0x21, 0x00, 0x22, 0x01, 0x22, 0xfe, 0x21,
  0x02, 0x22, 0xfe, 0x21, 0x02, 0x22, 0xfe, 0x21, 0x02, 0x22, 0xfe, 0x21,
  0x01, 0x22, 0x00, 0x22, 0x00, 0x22, 0x00, 0x21, 0x00, 0x21, 0x00, 0x21,
  0x00, 0x21, 0x00, 0x21, 0x00, 0x21, 0x00, 0x21, 0x01, 0x20, 0xfe, 0x1f,
  0x02, 0x20, 0xfe, 0x1f, 0x01, 0x1f, 0x00, 0x1f, 0x00, 0x1f, 0x00, 0x1f,
  0x00, 0x1e, 0x00, 0x1e, 0xff, 0x1d, 0x01, 0x1e, 0x00, 0x1d, 0x00, 0x1d,
  0x00, 0x1d, 0x00, 0x1d, 0xff, 0x1b, 0x01, 0x1c, 0x00, 0x1c, 0x00, 0x1b,
  0x00, 0x1b, 0x00, 0x1b, 0x00, 0x1a, 0x00, 0x1a, 0x00, 0x1a, 0x01, 0x1a,
  0xfe, 0x18, 0x03, 0x19, 0xfd, 0x17, 0x02, 0x18, 0xff, 0x17, 0x00, 0x17,
  0x01, 0x16, 0xff, 0x15, 0x00, 0x15, 0x00, 0x15, 0x00, 0x14, 0x00, 0x13,
  0x01, 0x13, 0xfd, 0x11, 0x04, 0x11, 0xfc, 0x0f, 0x04, 0x10, 0xfc, 0x0e,
  0x04, 0x0e, 0xfc, 0x0c, 0x04, 0x0c, 0xfc, 0x0a, 0x03, 0x0a, 0xff, 0x08,
  0xff, 0x07, 0x03, 0x07, 0xfc, 0x04, 0x03, 0x04, 0xff, 0x01, 0xff, 0x00,
  0x02, 0x00, 0xfe, 0xfe, 0x02, 0xfe, 0xfe, 0xfb, 0x01, 0xfb, 0x00, 0xfa,
  0xff, 0xf8, 0x03, 0xf7, 0xfb, 0xf5, 0x05, 0xf5, 0xfc, 0xf3, 0x03, 0xf2,
  0xfe, 0xf0, 0x01, 0xf0, 0xff, 0xee, 0x02, 0xee, 0xfd, 0xec, 0x02, 0xec,
  0x00, 0xeb, 0xfe, 0xe9, 0x03, 0xe9, 0xfe, 0xe7, 0x00, 0xe7, 0x01, 0xe6,
  0xff, 0xe4, 0x01, 0xe5, 0xff, 0xe3, 0x02, 0xe3, 0xfd, 0xe2, 0x03, 0xe2,
  0xfe, 0xe1, 0x00, 0xe1, 0x02, 0xe1, 0xfd, 0xdf, 0x03, 0xe0, 0xfe, 0xde,
  0x00, 0xdf, 0x01, 0xdf, 0xff, 0xde, 0x01, 0xde, 0x00, 0xde, 0xff, 0xdd,
  0x00, 0xde, 0x01, 0xde, 0xff, 0xdd, 0x02, 0xdd, 0xfe, 0xdc, 0x01, 0xde,
  0x00, 0xde, 0xff, 0xdd, 0x02, 0xde, 0xfe, 0xdd, 0x02, 0xde, 0xfe, 0xdd,
  0x01, 0xde, 0x00, 0xde, 0x00, 0xde, 0x00, 0xdf, 0x00, 0xdf, 0xff, 0xde,
  0x02, 0xdf, 0xfe, 0xde, 0x01, 0xdf, 0x00, 0xe0, 0xff, 0xdf, 0x03, 0xe0,
  0xfc, 0xdf, 0x03, 0xe1, 0xfd, 0xe0, 0x03, 0xe1, 0xfe, 0xe0, 0x02, 0xe2,
  0xfe, 0xe1, 0x00, 0xe2, 0x01, 0xe3, 0xfe, 0xe2, 0x03, 0xe3, 0xfe, 0xe3,
  0x00, 0xe4, 0x01, 0xe4, 0xfe, 0xe4, 0x02, 0xe5, 0xff, 0xe5, 0x00, 0xe6,
  0x01, 0xe7, 0xff, 0xe6, 0x00, 0xe7, 0x01, 0xe8, 0xfe, 0xe7, 0x03, 0xe9,
  0xfd, 0xe9, 0x03, 0xea, 0xfd, 0xea, 0x02, 0xec, 0xff, 0xeb, 0x01, 0xed,
  0xff, 0xed, 0x01, 0xee, 0xff, 0xee, 0x01, 0xf0, 0xff, 0xf0, 0x01, 0xf2,
  0xff, 0xf2, 0x01, 0xf4, 0xff, 0xf4, 0x01, 0xf6, 0xff, 0xf6, 0x01, 0xf8,
  0xff, 0xf8, 0x00, 0xfa, 0x01, 0xfb, 0xff, 0xfb, 0x02, 0xfd, 0xfc, 0xfe,
  0x04, 0x00, 0xfc, 0x00, 0x05, 0x02, 0xfc, 0x02, 0x02, 0x04, 0xff, 0x05,
  0x00, 0x07, 0x00, 0x08, 0x01, 0x09, 0xff, 0x09, 0x01, 0x0b, 0x00, 0x0d,
  0xfe, 0x0d, 0x03, 0x0f, 0xfd, 0x0f, 0x03, 0x11, 0xfe, 0x11, 0x00, 0x13,
  0x02, 0x14, 0xfd, 0x14, 0x03, 0x16, 0xfe, 0x16, 0x00, 0x17, 0x02, 0x18,
  0xfe, 0x18, 0x00, 0x1a, 0x03, 0x1a, 0xfb, 0x1a, 0x06, 0x1b, 0xfb, 0x1b,
  0x02, 0x1d, 0x01, 0x1d, 0xfe, 0x1d, 0x02, 0x1e, 0xfe, 0x1e, 0x02, 0x1f,
  0xfe, 0x1e, 0x02, 0x20, 0xfe, 0x1f, 0x01, 0x20, 0x00, 0x21, 0xff, 0x20,
  0x02, 0x21, 0xfe, 0x20, 0x01, 0x21, 0x00, 0x21, 0xfe, 0x21, 0x04, 0x22,
  0xfc, 0x21, 0x03, 0x22, 0xfe, 0x21, 0x00, 0x22, 0x02, 0x22, 0xfe, 0x21,
  0x01, 0x21, 0x00, 0x21, 0xfe, 0x20, 0x03, 0x21, 0xfd, 0x20, 0x03, 0x21,
  0xfd, 0x20, 0x02, 0x21, 0xff, 0x1f, 0x00, 0x20, 0x01, 0x20, 0xfe, 0x1f,
  0x02, 0x20, 0xff, 0x1e, 0x01, 0x1f, 0xfe, 0x1e, 0x02, 0x1f, 0xfe, 0x1e,
  0x02, 0x1e, 0xff, 0x1d, 0x00, 0x1e, 0x00, 0x1e, 0x00, 0x1e, 0xff, 0x1c,
  0x02, 0x1d, 0xfe, 0x1c, 0x01, 0x1c, 0x01, 0x1c, 0xfe, 0x1b, 0x01, 0x1b,
  0x00, 0x1b, 0xff, 0x1a, 0x03, 0x1a, 0xfc, 0x19, 0x04, 0x19, 0xfc, 0x18,
  0x03, 0x19, 0xff, 0x17, 0x00, 0x18, 0x00, 0x17, 0x00, 0x16, 0x00, 0x16,
  0x00, 0x15, 0x00, 0x15, 0x00, 0x14, 0x00, 0x13, 0x01, 0x12, 0xfe, 0x11,
  0x02, 0x11, 0xfd, 0x0f, 0x03, 0x0f, 0xff, 0x0d, 0x00, 0x0d, 0x00, 0x0c,
  0x00, 0x0b, 0xff, 0x09, 0x02, 0x09, 0xfe, 0x07, 0x02, 0x07, 0xfe, 0x05,
  0x02, 0x05, 0xff, 0x03, 0x00, 0x03, 0x01, 0x02, 0xfe, 0xff, 0x01, 0xff,
  0x01, 0xfe, 0xff, 0xfc, 0x01, 0xfc, 0xfe, 0xf9, 0x02, 0xf9, 0xfd, 0xf7,
  0x05, 0xf7, 0xfb, 0xf5, 0x04, 0xf5, 0xfd, 0xf2, 0x01, 0xf2, 0x00, 0xf1,
  0x01, 0xf0, 0xfe, 0xee, 0x02, 0xee, 0xff, 0xec, 0x00, 0xec, 0x00, 0xeb,
  0x00, 0xea, 0x00, 0xe9, 0x01, 0xe8, 0xff, 0xe6, 0x01, 0xe6, 0xfe, 0xe5,
  0x03, 0xe5, 0xfd, 0xe3, 0x02, 0xe4, 0x01, 0xe3, 0xfd, 0xe1, 0x03, 0xe1,
  0xfd, 0xe0, 0x02, 0xe0, 0x00, 0xe0, 0xff, 0xdf, 0x01, 0xdf, 0xff, 0xde,
  0x00, 0xde, 0x01, 0xde, 0xfe, 0xdd, 0x03, 0xde, 0xfd, 0xdd, 0x02, 0xdd,
  0xff, 0xdc, 0xff, 0xdc, 0x04, 0xdd, 0xfa, 0xdc, 0x06, 0xdd, 0xfb, 0xdc,
  0x03, 0xdd, 0x00, 0xdc, 0xfe, 0xdb, 0x02, 0xdd, 0xff, 0xdc, 0x00, 0xdd,
  0x01, 0xdd, 0xff, 0xdc, 0x01, 0xdd, 0xfe, 0xdc, 0x03, 0xdd, 0xfd, 0xdc,
  0x03, 0xde, 0xfe, 0xdd, 0x00, 0xde, 0x01, 0xde, 0xff, 0xdd, 0x01, 0xdf,
  0xff, 0xde, 0x02, 0xdf, 0xfd, 0xde, 0x03, 0xdf, 0xfd, 0xdf, 0x03, 0xe0,
  0xfd, 0xdf, 0x03, 0xe1, 0xfd, 0xe0, 0x03, 0xe1, 0xfd, 0xe0, 0x03, 0xe2,
  0xfc, 0xe1, 0x04, 0xe2, 0xfd, 0xe1, 0x01, 0xe3, 0x00, 0xe3, 0x00, 0xe3,
  0x00, 0xe3, 0x00, 0xe4, 0x00, 0xe4, 0xff, 0xe3, 0x01, 0xe5, 0x01, 0xe5,
  0xfe, 0xe4, 0x02, 0xe6, 0xfe, 0xe5, 0x01, 0xe6, 0x00, 0xe7, 0x00, 0xe7,
  0x00, 0xe8, 0xff, 0xe7, 0x02, 0xe9, 0xfd, 0xe8, 0x03, 0xea, 0xfd, 0xea,
  0x03, 0xeb, 0xfd, 0xeb, 0x03, 0xec, 0xfc, 0xec, 0x05, 0xee, 0xfb, 0xee,
  0x04, 0xef, 0xfd, 0xef, 0x01, 0xf1, 0x01, 0xf2, 0xfe, 0xf2, 0x03, 0xf4,
  0xfc, 0xf4, 0x03, 0xf6, 0xfe, 0xf6, 0x02, 0xf8, 0xfe, 0xf8, 0x01, 0xfa,
  0xff, 0xfa, 0x01, 0xfc, 0x00, 0xfd, 0xff, 0xfd, 0x01, 0xff, 0xff, 0xff,
  0x00, 0x02, 0x01, 0x03, 0xff, 0x03, 0x01, 0x05, 0x00, 0x06, 0xff, 0x06,
  0x00, 0x09, 0x01, 0x0a, 0xff, 0x0a, 0x02, 0x0c, 0xfd, 0x0c, 0x04, 0x0e,
  0xfb, 0x0e, 0x05, 0x10, 0xfb, 0x10, 0x04, 0x12, 0xfe, 0x12, 0x01, 0x14,
  0xff, 0x14, 0x00, 0x16, 0x00, 0x17, 0x01, 0x18, 0xff, 0x18, 0x01, 0x1a,
  0xff, 0x19, 0x00, 0x1b, 0x01, 0x1b, 0x00, 0x1c, 0xff, 0x1b, 0x02, 0x1d,
  0xfd, 0x1d, 0x04, 0x1e, 0xfc, 0x1e, 0x03, 0x1f, 0xfe, 0x1e, 0x01, 0x20,
  0x00, 0x20, 0x00, 0x20, 0xff, 0x1f, 0x01, 0x21, 0xff, 0x20, 0x00, 0x21,
  0x01, 0x21, 0x00, 0x22, 0xff, 0x21, 0x01, 0x22, 0xfe, 0x21, 0x02, 0x22,
  0x00, 0x22, 0x00, 0x22, 0xff, 0x21, 0x01, 0x22, 0xff, 0x21, 0x01, 0x22,
  0xff, 0x21, 0x01, 0x22, 0xff, 0x21, 0x01, 0x22, 0xff, 0x21, 0x00, 0x21,
  0x00, 0x21, 0x00, 0x21, 0x01, 0x21, 0xfe, 0x20, 0x02, 0x21, 0xff, 0x1f,
  0x00, 0x20, 0x00, 0x20, 0x00, 0x20, 0x00, 0x1f, 0x01, 0x1f, 0xff, 0x1e,
  0x00, 0x1f, 0x01, 0x1f, 0xff, 0x1d, 0x00, 0x1e, 0x01, 0x1e, 0xff, 0x1c,
  0x01, 0x1d, 0x00, 0x1d, 0xff, 0x1c, 0x01, 0x1c, 0xff, 0x1b, 0x00, 0x1c,
  0x02, 0x1c, 0xfd, 0x1a, 0x04, 0x1b, 0xfc, 0x1a, 0x02, 0x1a, 0x00, 0x19,
  0xff, 0x18, 0x01, 0x19, 0x00, 0x18, 0xff, 0x17, 0x01, 0x17, 0xff, 0x16,
  0x01, 0x16, 0xff, 0x14, 0x01, 0x15, 0xfe, 0x13, 0x03, 0x13, 0xfd, 0x12,
  0x02, 0x12, 0xff, 0x10, 0x00, 0x10, 0x02, 0x0f, 0xfd, 0x0d, 0x02, 0x0d,
  0xff, 0x0b, 0x00, 0x0b, 0x01, 0x0a, 0xff, 0x08, 0x00, 0x08, 0x01, 0x07,
  0xfe, 0x05, 0x03, 0x05, 0xfd, 0x03, 0x02, 0x02, 0xff, 0x00, 0x00, 0x00,
  0x01, 0xff, 0xff, 0xfc, 0x00, 0xfc, 0x01, 0xfb, 0xff, 0xf9, 0x01, 0xf8,
  0xff, 0xf6, 0x00, 0xf6, 0x00, 0xf5, 0x01, 0xf4, 0xff, 0xf2, 0x00, 0xf1,
  0x00, 0xf0, 0x00, 0xef, 0x00, 0xee, 0x01, 0xed, 0xfe, 0xeb, 0x02, 0xeb,
  0xfe, 0xe9, 0x02, 0xe9, 0xfe, 0xe7, 0x02, 0xe8, 0xff, 0xe6, 0x00, 0xe6,
  0x01, 0xe5, 0xfd, 0xe4, 0x04, 0xe4, 0xfd, 0xe2, 0x01, 0xe2, 0x01, 0xe2,
  0xfe, 0xe0, 0x02, 0xe1, 0xfe, 0xe0, 0x02, 0xe0, 0xfe, 0xdf, 0x02, 0xdf,
  0xfe, 0xde, 0x02, 0xdf, 0xff, 0xde, 0x00, 0xdf, 0x00, 0xde, 0x00, 0xde,
  0x01, 0xde, 0xff, 0xdd, 0x01, 0xde, 0xfe, 0xdd, 0x02, 0xde, 0xff, 0xdd,
  0x00, 0xde, 0x02, 0xde, 0xfc, 0xdd, 0x05, 0xde, 0xfa, 0xdd, 0x07, 0xde,
  0xf9, 0xdd, 0x06, 0xde, 0xfb, 0xdd, 0x05, 0xdf, 0xfc, 0xde, 0x02, 0xdf,
  0xff, 0xde, 0x00, 0xdf, 0x01, 0xe0, 0x00, 0xe0, 0xff, 0xdf, 0x01, 0xe0,
  0xff, 0xdf, 0x01, 0xe1, 0x00, 0xe1, 0xff, 0xe0, 0x01, 0xe1, 0x00, 0xe2,
  0xff, 0xe1, 0x02, 0xe2, 0xfd, 0xe2, 0x03, 0xe3, 0xfe, 0xe2, 0x01, 0xe4,
  0x00, 0xe4, 0xff, 0xe3, 0x02, 0xe5, 0xfd, 0xe4, 0x03, 0xe5, 0xfe, 0xe5,
  0x01, 0xe6, 0x00, 0xe7, 0xff, 0xe6, 0x01, 0xe8, 0xff, 0xe7, 0x01, 0xe9,
  0xff, 0xe8, 0x00, 0xea, 0x01, 0xeb, 0xff, 0xea, 0x01, 0xec, 0xff, 0xec,
  0x00, 0xed, 0x01, 0xee, 0xff, 0xee, 0x01, 0xf0, 0xff, 0xf0, 0x01, 0xf1,
  0xff, 0xf1, 0x01, 0xf3, 0xff, 0xf3, 0x00, 0xf5, 0x01, 0xf6, 0xff, 0xf6,
  0x00, 0xf8, 0x01, 0xf9, 0xff, 0xf9, 0x00, 0xfb, 0x00, 0xfc, 0x01, 0xfd,
  0xfe, 0xfe, 0x03, 0x00, 0xfd, 0x00, 0x01, 0x02, 0x01, 0x03, 0xff, 0x03,
  0x01, 0x06, 0xff, 0x06, 0x00, 0x08, 0x01, 0x09, 0xff, 0x09, 0x01, 0x0b,
  0x00, 0x0c, 0xff, 0x0c, 0x01, 0x0e, 0x00, 0x0f, 0xff, 0x0f, 0x01, 0x12,
  0x00, 0x13, 0xff, 0x13, 0x02, 0x15, 0xfd, 0x15, 0x02, 0x16, 0xff, 0x16,
  0x01, 0x18, 0xff, 0x18, 0x00, 0x19, 0x01, 0x1a, 0xfd, 0x1a, 0x04, 0x1b,
  0xfc, 0x1b, 0x04, 0x1c, 0xfd, 0x1c, 0x02, 0x1d, 0xfd, 0x1d, 0x03, 0x1e,
  0xfe, 0x1e, 0x02, 0x1f, 0xfe, 0x1e, 0x02, 0x20, 0xfd, 0x1f, 0x04, 0x20,
  0xfc, 0x1f, 0x04, 0x21, 0xfc, 0x20, 0x03, 0x21, 0xff, 0x20, 0xff, 0x20,
  0x02, 0x21, 0xfd, 0x20, 0x03, 0x22, 0xff, 0x21, 0xff, 0x21, 0x02, 0x22,
  0xfd, 0x21, 0x03, 0x22, 0xff, 0x21, 0x00, 0x22, 0x00, 0x22, 0x00, 0x21,
  0x00, 0x21, 0x01, 0x21, 0xfe, 0x20, 0x02, 0x21, 0xfe, 0x20, 0x02, 0x21,
  0xfe, 0x1f, 0x01, 0x20, 0x00, 0x20, 0xff, 0x1f, 0x02, 0x20, 0xfe, 0x1f,
  0x00, 0x1f, 0x02, 0x1f, 0xfd, 0x1e, 0x04, 0x1f, 0xfd, 0x1e, 0x01, 0x1e,
  0x01, 0x1e, 0xfd, 0x1d, 0x04, 0x1e, 0xfd, 0x1c, 0x02, 0x1d, 0xff, 0x1c,
  0x00, 0x1d, 0x00, 0x1c, 0x01, 0x1c, 0xff, 0x1b, 0x01, 0x1b, 0xff, 0x1a,
  0x00, 0x1b, 0x01, 0x1a, 0xff, 0x19, 0x01, 0x19, 0x00, 0x19, 0xff, 0x17,
  0x00, 0x18, 0x01, 0x18, 0xff, 0x16, 0x00, 0x17, 0x01, 0x16, 0xfe, 0x14,
  0x03, 0x14, 0xfd, 0x13, 0x02, 0x13, 0xfe, 0x12, 0x02, 0x12, 0xff, 0x10,
  0x01, 0x10, 0xfe, 0x0e, 0x02, 0x0e, 0xfe, 0x0d, 0x03, 0x0d, 0xfd, 0x0b,
  0x02, 0x0b, 0xff, 0x09, 0x00, 0x09, 0x01, 0x08, 0xfe, 0x06, 0x03, 0x06,
  0xfd, 0x04, 0x03, 0x04, 0xfe, 0x02, 0x00, 0x02, 0x01, 0x01, 0x00, 0x00,
  0xff, 0xfd, 0x02, 0xfd, 0xfe, 0xfb, 0x01, 0xfb, 0x01, 0xfa, 0xfe, 0xf7,
  0x01, 0xf7, 0x00, 0xf6, 0x00, 0xf5, 0x01, 0xf4, 0xfe, 0xf2, 0x02, 0xf2,
  0xfe, 0xf0, 0x01, 0xf0, 0x01, 0xef, 0xfd, 0xed, 0x04, 0xed, 0xfd, 0xeb,
  0x02, 0xeb, 0xfe, 0xe9, 0x01, 0xe9, 0x00, 0xe8, 0x00, 0xe7, 0x00, 0xe7,
  0x00, 0xe6, 0x00, 0xe5, 0x00, 0xe4, 0x00, 0xe4, 0xff, 0xe2, 0x02, 0xe3,
  0xff, 0xe1, 0xff, 0xe0, 0x02, 0xe1, 0xfd, 0xdf, 0x04, 0xe0, 0xfd, 0xdf,
  0x01, 0xdf, 0x00, 0xdf, 0x00, 0xdf, 0xff, 0xdd, 0x02, 0xde, 0xfe, 0xdd,
  0x01, 0xde, 0x01, 0xde, 0xfd, 0xdc, 0x04, 0xdd, 0xfc, 0xdc, 0x03, 0xdd,
  0xfe, 0xdc, 0x01, 0xdd, 0x00, 0xdd, 0xff, 0xdc, 0x02, 0xdd, 0xfd, 0xdc,
  0x03, 0xdd, 0xfe, 0xdc, 0x00, 0xde, 0x02, 0xde, 0xfc, 0xdd, 0x05, 0xde,
  0xfc, 0xdd, 0x02, 0xde, 0x00, 0xdf, 0xfe, 0xde, 0x03, 0xdf, 0xfd, 0xde,
  0x02, 0xe0, 0x00, 0xe0, 0xff, 0xdf, 0x00, 0xe0, 0x01, 0xe0, 0xff, 0xe0,
  0x00, 0xe1, 0x01, 0xe1, 0xfe, 0xe0, 0x03, 0xe2, 0xfd, 0xe1, 0x02, 0xe2,
  0xff, 0xe1, 0x01, 0xe3, 0xff, 0xe2, 0x01, 0xe3, 0xfe, 0xe3, 0x02, 0xe4,
  0xff, 0xe3, 0x00, 0xe5, 0x01, 0xe5, 0xff, 0xe4, 0x00, 0xe6, 0x00, 0xe6,
  0x00, 0xe7, 0x01, 0xe7, 0xff, 0xe7, 0x01, 0xe8, 0xfe, 0xe8, 0x02, 0xe9,
  0xff, 0xe9, 0x00, 0xea, 0x00, 0xeb, 0x00, 0xeb, 0x00, 0xec, 0x01, 0xed,
  0xfe, 0xed, 0x01, 0xee, 0x01, 0xef, 0xfd, 0xef, 0x04, 0xf1, 0xfd, 0xf1,
  0x01, 0xf2, 0x01, 0xf3, 0xfe, 0xf3, 0x02, 0xf5, 0xfe, 0xf5, 0x02, 0xf7,
  0xfe, 0xf7, 0x02, 0xf9, 0xff, 0xfa, 0x00, 0xfc, 0x00, 0xfd, 0xff, 0xfd,
  0x02, 0xff, 0xfe, 0xff, 0x02, 0x01, 0xfe, 0x02, 0x01, 0x04, 0xff, 0x04,
  0x02, 0x06, 0xfd, 0x06, 0x03, 0x08, 0xfe, 0x09, 0x01, 0x0b, 0xff, 0x0b,
  0x01, 0x0d, 0xff, 0x0d, 0x01, 0x0f, 0xff, 0x0f, 0x01, 0x11, 0xff, 0x11,
  0x01, 0x13, 0xff, 0x13, 0x01, 0x15, 0xff, 0x15, 0x01, 0x17, 0xff, 0x17,
  0x01, 0x19, 0x00, 0x1a, 0xff, 0x19, 0x01, 0x1b, 0xff, 0x1b, 0x02, 0x1c,
  0xfe, 0x1c, 0x02, 0x1d, 0xfd, 0x1d, 0x03, 0x1e, 0xfd, 0x1e, 0x04, 0x1f,
  0xfc, 0x1e, 0x02, 0x20, 0x00, 0x20, 0xfe, 0x1f, 0x03, 0x21, 0xfd, 0x20,
  0x02, 0x21, 0xff, 0x20, 0x01, 0x21, 0xff, 0x21, 0x00, 0x22, 0x01, 0x22,
  0xfe, 0x21, 0x03, 0x22, 0xfd, 0x21, 0x02, 0x22, 0xff, 0x21, 0x00, 0x22,
  0x01, 0x22, 0xff, 0x21, 0x00, 0x22, 0x00, 0x22, 0x01, 0x21, 0xfe, 0x20,
  0x03, 0x21, 0xfc, 0x20, 0x03, 0x21, 0xff, 0x20, 0x00, 0x21, 0x01, 0x20,
  0xff, 0x1f, 0x00, 0x20, 0x00, 0x20, 0x01, 0x20, 0xfe, 0x1e, 0x03, 0x1f,
  0xfd, 0x1e, 0x02, 0x1f, 0xff, 0x1d, 0x00, 0x1e, 0x00, 0x1e, 0x00, 0x1e,
  0x00, 0x1d, 0x00, 0x1d, 0x00, 0x1d, 0x00, 0x1c, 0x00, 0x1c, 0x00, 0x1c,
  0x00, 0x1c, 0x00, 0x1b, 0x00, 0x1b, 0x01, 0x1a, 0xff, 0x19, 0x00, 0x1a,
  0x01, 0x19, 0xfe, 0x18, 0x03, 0x18, 0xfd, 0x17, 0x02, 0x17, 0xff, 0x16,
  0x00, 0x16, 0x01, 0x16, 0xfe, 0x14, 0x02, 0x15, 0xff, 0x13, 0x00, 0x13,
  0x01, 0x13, 0xff, 0x11, 0x00, 0x11, 0x01, 0x10, 0xfe, 0x0e, 0x02, 0x0e,
  0xff, 0x0d, 0x01, 0x0d, 0xff, 0x0b, 0x00, 0x0b, 0x01, 0x09, 0xfe, 0x07,
  0x03, 0x07, 0xfd, 0x05, 0x02, 0x05, 0xff, 0x03, 0x01, 0x03, 0xff, 0x01,
  0x00, 0x01, 0x00, 0x00, 0x00, 0xfe, 0x00, 0xfd, 0x00, 0xfc, 0x00, 0xfb,
  0xff, 0xf9, 0x02, 0xf9, 0xfd, 0xf6, 0x03, 0xf6, 0xfd, 0xf4, 0x03, 0xf4,
  0xfe, 0xf2, 0x01, 0xf2, 0x00, 0xf1, 0xff, 0xef, 0x01, 0xee, 0x00, 0xed,
  0xff, 0xeb, 0x02, 0xeb, 0xfe, 0xea, 0x01, 0xea, 0x00, 0xe9, 0xff, 0xe7,
  0x01, 0xe7, 0x00, 0xe6, 0xff, 0xe4, 0x01, 0xe5, 0xff, 0xe3, 0x01, 0xe3,
  0xff, 0xe2, 0x02, 0xe2, 0xfd, 0xe1, 0x03, 0xe1, 0xfd, 0xe0, 0x03, 0xe0,
  0xfe, 0xdf, 0x01, 0xdf, 0xff, 0xde, 0x01, 0xdf, 0xff, 0xdd, 0x01, 0xde,
  0x00, 0xde, 0xfe, 0xdd, 0x03, 0xde, 0xfd, 0xdd, 0x03, 0xdd, 0xfe, 0xdc,
  0x02, 0xdd, 0xfd, 0xdc, 0x03, 0xdd, 0xfe, 0xdc, 0x01, 0xdd, 0x01, 0xdd,
  0xfe, 0xdc, 0x02, 0xdd, 0xfe, 0xdc, 0x01, 0xdd, 0x00, 0xde, 0x00, 0xde,
  0x01, 0xde, 0xff, 0xdd, 0xff, 0xdd, 0x02, 0xde, 0xfd, 0xdd, 0x04, 0xdf,
  0xfd, 0xde, 0x01, 0xdf, 0x00, 0xdf, 0xff, 0xde, 0x02, 0xe0, 0xfe, 0xdf,
  0x01, 0xe0, 0x00, 0xe1, 0x00, 0xe1, 0x00, 0xe1, 0x00, 0xe1, 0xff, 0xe1,
  0x02, 0xe2, 0xfd, 0xe1, 0x04, 0xe2, 0xfc, 0xe2, 0x04, 0xe3, 0xfb, 0xe2,
  0x05, 0xe4, 0xfc, 0xe3, 0x03, 0xe4, 0xff, 0xe4, 0xff, 0xe4, 0x02, 0xe5,
  0xff, 0xe5, 0x00, 0xe6, 0x00, 0xe6, 0x01, 0xe7, 0xff, 0xe6, 0x02, 0xe8,
  0xfd, 0xe7, 0x02, 0xe9, 0xff, 0xe8, 0x01, 0xea, 0x00, 0xea, 0xff, 0xea,
  0x01, 0xeb, 0xff, 0xeb, 0x00, 0xed, 0x01, 0xed, 0xff, 0xed, 0x00, 0xef,
  0x01, 0xf0, 0xfe, 0xef, 0x02, 0xf1, 0xff, 0xf1, 0x00, 0xf3, 0x00, 0xf4,
  0xff, 0xf3, 0x02, 0xf5, 0xfe, 0xf5, 0x02, 0xf7, 0xfe, 0xf7, 0x01, 0xf9,
  0x00, 0xfa, 0x00, 0xfb, 0x00, 0xfc, 0x00, 0xfd, 0xff, 0xfd, 0x02, 0xff,
  0xfd, 0xff, 0x04, 0x01, 0xfd, 0x01, 0x01, 0x03, 0xff, 0x04, 0x01, 0x06,
  0xff, 0x06, 0x02, 0x08, 0xfd, 0x08, 0x04, 0x0a, 0xfb, 0x0a, 0x05, 0x0c,
  0xfb, 0x0c, 0x05, 0x0e, 0xfc, 0x0e, 0x04, 0x10, 0xfc, 0x10, 0x02, 0x12,
  0x00, 0x13, 0x00, 0x14, 0xff, 0x14, 0x02, 0x16, 0xfd, 0x15, 0x04, 0x17,
  0xfc, 0x17, 0x03, 0x19, 0xfd, 0x19, 0x04, 0x1a, 0xfc, 0x1a, 0x03, 0x1c,
  0xfe, 0x1b, 0x01, 0x1d, 0xff, 0x1c, 0x02, 0x1e, 0xfd, 0x1d, 0x04, 0x1f,
  0xfd, 0x1e, 0x01, 0x1f, 0x01, 0x1f, 0xfe, 0x1f, 0x02, 0x20, 0xfe, 0x1f,
  0x03, 0x21, 0xfd, 0x20, 0x03, 0x21, 0xfc, 0x20, 0x04, 0x21, 0xfd, 0x20,
  0x02, 0x22, 0xff, 0x21, 0x00, 0x22, 0x00, 0x22, 0x00, 0x22, 0x00, 0x22,
  0x01, 0x22, 0xfe, 0x21, 0x02, 0x22, 0xfe, 0x21, 0x02, 0x22, 0xfe, 0x20,
  0x02, 0x21, 0xfe, 0x20, 0x01, 0x21, 0x01, 0x21, 0xfd, 0x20, 0x04, 0x21,
  0xfc, 0x1f, 0x02, 0x20, 0x01, 0x20, 0xfd, 0x1f, 0x04, 0x20, 0xfc, 0x1e,
  0x03, 0x1f, 0xff, 0x1e, 0xff, 0x1d, 0x01, 0x1e, 0x00, 0x1e, 0x00, 0x1e,
  0x00, 0x1d, 0x00, 0x1d, 0xff, 0x1c, 0x01, 0x1c, 0x01, 0x1c, 0xfd, 0x1b,
  0x05, 0x1b, 0xfa, 0x1a, 0x05, 0x1b, 0xfd, 0x19, 0x01, 0x1a, 0x00, 0x19,
  0x00, 0x19, 0x00, 0x18, 0x00, 0x18, 0x00, 0x17, 0x00, 0x17, 0x00, 0x16,
  0xff, 0x15, 0x03, 0x15, 0xfc, 0x13, 0x04, 0x14, 0xfd, 0x12, 0x01, 0x12,
  0x00, 0x11, 0x00, 0x11, 0x00, 0x10, 0x00, 0x0f, 0x00, 0x0e, 0x00, 0x0d,
  0x00, 0x0c, 0x01, 0x0b, 0xfe, 0x09, 0x02, 0x09, 0xff, 0x07, 0x00, 0x07,
  0x01, 0x06, 0xff, 0x04, 0x00, 0x04, 0x01, 0x03, 0xfe, 0x00, 0x02, 0x00,
  0xff, 0xfe, 0x00, 0xfe, 0x00, 0xfd, 0x00, 0xfc, 0x01, 0xfa, 0xfd, 0xf8,
  0x04, 0xf8, 0xfc, 0xf6, 0x04, 0xf6, 0xfd, 0xf4, 0x01, 0xf3, 0xff, 0xf1,
  0x02, 0xf1, 0xff, 0xef, 0x00, 0xef, 0x01, 0xee, 0xfe, 0xec, 0x01, 0xec,
  0x01, 0xeb, 0xfe, 0xe9, 0x03, 0xe9, 0xfd, 0xe7, 0x01, 0xe8, 0x01, 0xe7,
  0xfe, 0xe5, 0x03, 0xe5, 0xfd, 0xe3, 0x02, 0xe4, 0xff, 0xe3, 0x01, 0xe3,
  0xff, 0xe1, 0x01, 0xe2, 0xff, 0xe0, 0x01, 0xe1, 0xff, 0xdf, 0x02, 0xe0,
  0xfd, 0xdf, 0x02, 0xdf, 0x00, 0xdf, 0xfe, 0xde, 0x04, 0xde, 0xfb, 0xdd,
  0x05, 0xde, 0xfb, 0xdd, 0x04, 0xde, 0xfd, 0xdd, 0x03, 0xde, 0xfd, 0xdd,
  0x03, 0xde, 0xfd, 0xdd, 0x02, 0xde, 0xff, 0xdd, 0x00, 0xde, 0x01, 0xde,
  0xff, 0xdd, 0x01, 0xde, 0xfe, 0xdd, 0x03, 0xdf, 0xfd, 0xde, 0x03, 0xdf,
  0xfd, 0xde, 0x03, 0xdf, 0xfe, 0xde, 0x01, 0xe0, 0x00, 0xe0, 0xff, 0xdf,
  0x01, 0xe0, 0x00, 0xe1, 0xff, 0xe0, 0x02, 0xe1, 0xfd, 0xe0, 0x02, 0xe2,
  0x00, 0xe2, 0xff, 0xe1, 0x01, 0xe2, 0xff, 0xe2, 0x00, 0xe3, 0x01, 0xe3,
  0xff, 0xe3, 0x01, 0xe4, 0xff, 0xe3, 0x00, 0xe5, 0x02, 0xe5, 0xfd, 0xe4,
  0x02, 0xe6, 0xff, 0xe6, 0x00, 0xe7, 0x01, 0xe7, 0xff, 0xe7, 0x01, 0xe8,
  0xfe, 0xe8, 0x02, 0xea, 0xfe, 0xe9, 0x02, 0xeb, 0xff, 0xeb, 0x00, 0xec,
  0x00, 0xed, 0x00, 0xee, 0x00, 0xef, 0x01, 0xef, 0xff, 0xef, 0x00, 0xf1,
  0x00, 0xf2, 0x00, 0xf3, 0x01, 0xf4, 0xff, 0xf4, 0x00, 0xf6, 0x00, 0xf7,
  0xff, 0xf7, 0x02, 0xf9, 0xfe, 0xfa, 0x02, 0xfc, 0xfe, 0xfc, 0x01, 0xfe,
  0x00, 0xff, 0xff, 0x00, 0x01, 0x02, 0x00, 0x03, 0xff, 0x03, 0x01, 0x05,
  0x00, 0x07, 0xff, 0x07, 0x01, 0x09, 0x00, 0x0a, 0xff, 0x0a, 0x01, 0x0d,
  0xff, 0x0d, 0x00, 0x0e, 0x02, 0x0f, 0xfd, 0x0f, 0x04, 0x12, 0xfa, 0x12,
  0x06, 0x13, 0xfc, 0x13, 0x02, 0x15, 0x00, 0x16, 0xfe, 0x16, 0x03, 0x18,
  0xfd, 0x18, 0x03, 0x19, 0xfd, 0x19, 0x02, 0x1b, 0xff, 0x1a, 0x00, 0x1c,
  0x00, 0x1c, 0x00, 0x1d, 0x01, 0x1d, 0xff, 0x1d, 0x00, 0x1e, 0x00, 0x1f,
  0x00, 0x1f, 0x01, 0x1f, 0xff, 0x1f, 0x00, 0x20, 0x01, 0x20, 0xfe, 0x20,
  0x03, 0x21, 0xfd, 0x20, 0x02, 0x21, 0x00, 0x21, 0xfe, 0x21, 0x03, 0x22,
  0xfd, 0x21, 0x03, 0x22, 0xfe, 0x21, 0x00, 0x22, 0x01, 0x22, 0xff, 0x21,
  0x01, 0x22, 0x00, 0x22, 0xfe, 0x21, 0x03, 0x22, 0xfd, 0x21, 0x02, 0x22,
  0xff, 0x21, 0x01, 0x22, 0xff, 0x21, 0x01, 0x21, 0xfe, 0x20, 0x02, 0x21,
  0x00, 0x21, 0xff, 0x20, 0x01, 0x21, 0xff, 0x1f, 0x01, 0x20, 0x00, 0x20,
  0x00, 0x20, 0xff, 0x1f, 0x01, 0x1f, 0x00, 0x1f, 0x00, 0x1f, 0x01, 0x1f,
  0xfd, 0x1d, 0x04, 0x1e, 0xfd, 0x1d, 0x02, 0x1e, 0xff, 0x1c, 0xff, 0x1c,
  0x03, 0x1d, 0xfc, 0x1b, 0x04, 0x1c, 0xfc, 0x1b, 0x04, 0x1c, 0xfc, 0x1a,
  0x04, 0x1b, 0xfb, 0x1a, 0x05, 0x1a, 0xfc, 0x19, 0x03, 0x19, 0xfd, 0x18,
  0x04, 0x19, 0xfc, 0x17, 0x03, 0x17, 0xfe, 0x16, 0x01, 0x16, 0xff, 0x15,
  0x02, 0x15, 0xfe, 0x13, 0x01, 0x14, 0x01, 0x13, 0xfd, 0x11, 0x04, 0x11,
  0xfc, 0x10, 0x02, 0x10, 0x00, 0x0f, 0xff, 0x0d, 0x01, 0x0d, 0xff, 0x0b,
  0x00, 0x0b, 0x00, 0x0a, 0x01, 0x09, 0xfe, 0x07, 0x02, 0x07, 0xfe, 0x05,
  0x01, 0x05, 0x00, 0x04, 0x00, 0x03, 0x00, 0x01, 0xff, 0xff, 0x02, 0xff,
  0xfd, 0xfd, 0x03, 0xfd, 0xfd, 0xfb, 0x03, 0xfa, 0xfd, 0xf8, 0x03, 0xf8,
  0xfd, 0xf6, 0x03, 0xf6, 0xfd, 0xf4, 0x03, 0xf3, 0xfd, 0xf1, 0x02, 0xf1,
  0x00, 0xf0, 0xfe, 0xee, 0x03, 0xee, 0xfe, 0xec, 0x01, 0xec, 0xff, 0xea,
  0x02, 0xea, 0xfc, 0xe8, 0x06, 0xe9, 0xfa, 0xe6, 0x05, 0xe6, 0xfd, 0xe4,
  0x01, 0xe5, 0x00, 0xe4, 0xff, 0xe3, 0x02, 0xe3, 0xff, 0xe1, 0xff, 0xe1,
  0x01, 0xe1, 0xff, 0xe0, 0x01, 0xe0, 0x01, 0xe0, 0xfd, 0xde, 0x02, 0xdf,
  0xff, 0xde, 0x00, 0xde, 0x02, 0xde, 0xfd, 0xdd, 0x03, 0xdd, 0xfd, 0xdc,
  0x02, 0xdd, 0xff, 0xdc, 0x01, 0xdd, 0xff, 0xdc, 0x01, 0xdd, 0xff, 0xdc,
  0x00, 0xdd, 0x01, 0xdd, 0xff, 0xdc, 0x01, 0xdd, 0xff, 0xdc, 0x01, 0xdd,
  0xfe, 0xdc, 0x02, 0xdd, 0x00, 0xdd, 0xff, 0xdc, 0x01, 0xdd, 0xff, 0xdc,
  0x00, 0xde, 0x01, 0xde, 0xff, 0xdd, 0x01, 0xde, 0xff, 0xde, 0x02, 0xdf,
  0xfc, 0xde, 0x05, 0xdf, 0xfb, 0xde, 0x05, 0xe0, 0xfc, 0xdf, 0x03, 0xe0,
  0xfd, 0xdf, 0x02, 0xe1, 0xff, 0xe0, 0x01, 0xe1, 0x00, 0xe2, 0xff, 0xe1,
  0x01, 0xe2, 0xff, 0xe1, 0x01, 0xe3, 0x00, 0xe3, 0xff, 0xe2, 0x01, 0xe3,
  0x00, 0xe4, 0x00, 0xe4, 0x00, 0xe4, 0xff, 0xe4, 0x02, 0xe5, 0xfe, 0xe4,
  0x02, 0xe5, 0xfe, 0xe5, 0x01, 0xe6, 0x01, 0xe7, 0xfe, 0xe6, 0x01, 0xe8,
  0x00, 0xe8, 0x00, 0xe8, 0x00, 0xe9, 0x00, 0xea, 0xff, 0xe9, 0x02, 0xeb,
  0xfe, 0xea, 0x02, 0xec, 0xfd, 0xec, 0x03, 0xed, 0xfe, 0xed, 0x01, 0xef,
  0x01, 0xf0, 0xfe, 0xef, 0x01, 0xf1, 0x00, 0xf2, 0x00, 0xf3, 0x00, 0xf4,
  0x01, 0xf5, 0xfe, 0xf5, 0x01, 0xf7, 0x01, 0xf8, 0xfd, 0xf8, 0x04, 0xfa,
  0xfc, 0xfa, 0x03, 0xfc, 0xfe, 0xfc, 0x01, 0xfe, 0x00, 0xff, 0xff, 0xff,
  0x02, 0x01, 0xfe, 0x01, 0x02, 0x04, 0xfe, 0x04, 0x01, 0x06, 0x00, 0x08,
  0xff, 0x08, 0x02, 0x0a, 0xfe, 0x0a, 0x01, 0x0c, 0x00, 0x0d, 0xff, 0x0d,
  0x01, 0x0f, 0xff, 0x0f, 0x01, 0x11, 0xff, 0x11, 0x01, 0x13, 0x00, 0x14,
  0xff, 0x14, 0x00, 0x16, 0x01, 0x17, 0xff, 0x17, 0x02, 0x18, 0xfe, 0x18,
  0x01, 0x1a, 0xff, 0x1a, 0x02, 0x1b, 0xfe, 0x1b, 0x02, 0x1d, 0xfe, 0x1c,
  0x02, 0x1e, 0xff, 0x1d, 0x00, 0x1e, 0x01, 0x1f, 0xfe, 0x1e, 0x02, 0x20,
  0xff, 0x1f, 0x00, 0x20, 0x01, 0x20, 0xff, 0x20, 0x00, 0x21, 0x01, 0x21,
  0xfe, 0x20, 0x02, 0x21, 0xff, 0x20, 0x00, 0x21, 0x00, 0x22, 0x00, 0x22,
  0x00, 0x22, 0x00, 0x22, 0x00, 0x21, 0x00, 0x21, 0x00, 0x21, 0x00, 0x21,
  0x00, 0x21, 0x00, 0x21, 0x01, 0x21, 0xfe, 0x20, 0x02, 0x21, 0xfe, 0x20,
  0x03, 0x20, 0xfc, 0x1f, 0x05, 0x20, 0xfa, 0x1f, 0x06, 0x20, 0xfc, 0x1e,
  0x02, 0x1f, 0xfe, 0x1e, 0x02, 0x1f, 0xfe, 0x1d, 0x03, 0x1e, 0xfc, 0x1d,
  0x04, 0x1d, 0xfb, 0x1c, 0x05, 0x1d, 0xfd, 0x1b, 0x01, 0x1c, 0x00, 0x1c,
  0x00, 0x1b, 0xfe, 0x1a, 0x04, 0x1a, 0xfc, 0x19, 0x03, 0x19, 0xfe, 0x18,
  0x01, 0x18, 0x00, 0x18, 0xff, 0x16, 0x02, 0x17, 0xfd, 0x15, 0x03, 0x16,
  0xff, 0x14, 0xff, 0x14, 0x02, 0x14, 0xfd, 0x12, 0x03, 0x12, 0xfe, 0x10,
  0x02, 0x10, 0xfd, 0x0f, 0x03, 0x0f, 0xfe, 0x0d, 0x02, 0x0d, 0xfe, 0x0b,
  0x01, 0x0b, 0x00, 0x0a, 0x00, 0x09, 0x01, 0x08, 0xff, 0x06, 0xff, 0x05,
  0x02, 0x05, 0xfe, 0x03, 0x03, 0x02, 0xfe, 0x00, 0xff, 0xff, 0x02, 0xff,
  0xfe, 0xfd, 0x02, 0xfd, 0xff, 0xfa, 0x00, 0xfa, 0x00, 0xf9, 0x00, 0xf8,
  0x00, 0xf7, 0x00, 0xf5, 0x00, 0xf4, 0x01, 0xf3, 0xff, 0xf1, 0x00, 0xf1,
  0x00, 0xf0, 0x00, 0xef, 0x01, 0xee, 0x00, 0xed, 0xff, 0xea, 0x00, 0xea,
  0x00, 0xea, 0x00, 0xe9, 0x01, 0xe8, 0xff, 0xe6, 0x01, 0xe6, 0xff, 0xe5,
  0x00, 0xe5, 0x00, 0xe4, 0x01, 0xe4, 0xff, 0xe2, 0x00, 0xe2, 0x01, 0xe2,
  0xff, 0xe0, 0x01, 0xe1, 0xff, 0xdf, 0x01, 0xe0, 0xfe, 0xdf, 0x04, 0xdf,
  0xfb, 0xde, 0x04, 0xdf, 0xfd, 0xdd, 0x03, 0xde, 0xfe, 0xdd, 0x00, 0xde,
  0x01, 0xde, 0xfe, 0xdd, 0x03, 0xde, 0xfd, 0xdd, 0x03, 0xde, 0xfd, 0xdd,
  0x03, 0xde, 0xfe, 0xdd, 0x01, 0xde, 0xff, 0xdd, 0x01, 0xde, 0xff, 0xdd,
  0x02, 0xde, 0xfe, 0xdd, 0x01, 0xde, 0xff, 0xde, 0x01, 0xdf, 0x00, 0xdf,
  0xff, 0xde, 0x02, 0xdf, 0xfe, 0xdf, 0x01, 0xe0, 0x00, 0xe0, 0xff, 0xdf,
  0x01, 0xe0, 0x00, 0xe1, 0x00, 0xe1, 0xff, 0xe0, 0x02, 0xe1, 0xfd, 0xe1,
  0x03, 0xe2, 0xfe, 0xe1, 0x01, 0xe2, 0x00, 0xe3, 0x00, 0xe3, 0xff, 0xe2,
  0x01, 0xe4, 0x00, 0xe4, 0x00, 0xe4, 0x00, 0xe4, 0x00, 0xe5, 0xff, 0xe4,
  0x02, 0xe6, 0xfe, 0xe5, 0x02, 0xe7, 0xfe, 0xe6, 0x01, 0xe8, 0xff, 0xe7,
  0x02, 0xe9, 0xfe, 0xe8, 0x01, 0xea, 0xff, 0xea, 0x01, 0xeb, 0xff, 0xeb,
  0x02, 0xed, 0xfe, 0xed, 0x01, 0xee, 0x00, 0xef, 0xff, 0xef, 0x01, 0xf1,
  0x00, 0xf2, 0x00, 0xf2, 0x00, 0xf3, 0x01, 0xf4, 0xfd, 0xf4, 0x04, 0xf6,
  0xfd, 0xf6, 0x02, 0xf8, 0xff, 0xf8, 0x00, 0xfa, 0x00, 0xfb, 0x01, 0xfd,
  0xff, 0xfd, 0x00, 0xff, 0x00, 0x00, 0x00, 0x01, 0x01, 0x02, 0xff, 0x02,
  0x00, 0x04, 0x00, 0x06, 0x00, 0x07, 0x01, 0x08, 0xff, 0x08, 0x01, 0x0a,
  0xfe, 0x0a, 0x02, 0x0c, 0xfe, 0x0c, 0x03, 0x0f, 0xfd, 0x0f, 0x02, 0x11,
  0xfe, 0x11, 0x02, 0x13, 0xfe, 0x13, 0x02, 0x15, 0xfe, 0x14, 0x01, 0x16,
  0x01, 0x17, 0xfe, 0x17, 0x02, 0x19, 0xfe, 0x19, 0x02, 0x1a, 0xff, 0x1a,
  0x00, 0x1b, 0x01, 0x1c, 0xfe, 0x1c, 0x02, 0x1d, 0xff, 0x1c, 0x00, 0x1e,
  0x00, 0x1e, 0x00, 0x1f, 0x00, 0x1f, 0xff, 0x1f, 0x02, 0x20, 0xfe, 0x1f,
  0x02, 0x21, 0xfe, 0x20, 0x02, 0x21, 0xfe, 0x20, 0x02, 0x22, 0xff, 0x21,
  0x00, 0x22, 0x01, 0x22, 0xff, 0x21, 0x00, 0x22, 0x00, 0x22, 0x00, 0x22,
  0x00, 0x22, 0x01, 0x22, 0xfe, 0x21, 0x01, 0x23, 0x00, 0x22, 0x00, 0x22,
  0xff, 0x21, 0x02, 0x22, 0xfd, 0x21, 0x03, 0x22, 0xff, 0x21, 0xff, 0x21,
  0x02, 0x21, 0xfd, 0x20, 0x04, 0x21, 0xfc, 0x20, 0x03, 0x21, 0xfe, 0x1f,
  0x01, 0x20, 0x00, 0x20, 0xff, 0x1f, 0x02, 0x20, 0xfd, 0x1e, 0x04, 0x1f,
  0xfb, 0x1e, 0x05, 0x1f, 0xfc, 0x1d, 0x03, 0x1e, 0xfe, 0x1d, 0x01, 0x1e,
  0xff, 0x1c, 0x01, 0x1d, 0xff, 0x1c, 0x00, 0x1c, 0x02, 0x1c, 0xfc, 0x1b,
  0x04, 0x1b, 0xfd, 0x1a, 0x02, 0x1b, 0x00, 0x1a, 0xfe, 0x19, 0x02, 0x1a,
  0xff, 0x18, 0x01, 0x19, 0xff, 0x17, 0x00, 0x17, 0x01, 0x17, 0xff, 0x16,
  0x02, 0x16, 0xfd, 0x15, 0x03, 0x15, 0xfe, 0x13, 0x01, 0x13, 0xff, 0x12,
  0x01, 0x12, 0xff, 0x10, 0x01, 0x10, 0xff, 0x0e, 0x01, 0x0f, 0xfe, 0x0d,
  0x02, 0x0d, 0xfe, 0x0b, 0x02, 0x0b, 0xff, 0x09, 0x01, 0x09, 0xfe, 0x07,
  0x01, 0x07, 0x00, 0x05, 0x00, 0x04, 0x01, 0x03, 0xff, 0x01, 0xff, 0x00,
  0x02, 0x00, 0xfd, 0xfe, 0x04, 0xfe, 0xfd, 0xfc, 0x02, 0xfc, 0xff, 0xf9,
  0xff, 0xf8, 0x02, 0xf8, 0xfe, 0xf5, 0x02, 0xf5, 0xff, 0xf3, 0x00, 0xf3,
  0x00, 0xf2, 0x00, 0xf1, 0x00, 0xf0, 0x00, 0xef, 0x00, 0xed, 0x00, 0xec,
  0x01, 0xec, 0xfe, 0xea, 0x02, 0xea, 0xfe, 0xe8, 0x02, 0xe8, 0xff, 0xe6,
  0x00, 0xe6, 0x00, 0xe6, 0x00, 0xe5, 0x01, 0xe4, 0xfe, 0xe2, 0x02, 0xe3,
  0xff, 0xe1, 0xff, 0xe1, 0x03, 0xe1, 0xfc, 0xe0, 0x04, 0xe0, 0xfd, 0xdf,
  0x01, 0xdf, 0x00, 0xdf, 0x01, 0xde, 0xfd, 0xdd, 0x05, 0xde, 0xfa, 0xdd,
  0x06, 0xdd, 0xfb, 0xdc, 0x03, 0xdd, 0xff, 0xdc, 0x00, 0xdd, 0x01, 0xdd,
  0xfe, 0xdc, 0x01, 0xdd, 0x01, 0xdd, 0xfe, 0xdb, 0x03, 0xdd, 0xfd, 0xdc,
  0x02, 0xdd, 0xff, 0xdc, 0x00, 0xdd, 0x01, 0xdd, 0xff, 0xdc, 0x01, 0xdd,
  0xfe, 0xdc, 0x03, 0xde, 0xfd, 0xdd, 0x03, 0xde, 0xfd, 0xdd, 0x01, 0xde,
  0x01, 0xdf, 0xff, 0xde, 0x02, 0xdf, 0xfd, 0xde, 0x02, 0xdf, 0xff, 0xdf,
  0x01, 0xe0, 0x00, 0xe0, 0xfe, 0xe0, 0x03, 0xe1, 0xfd, 0xe0, 0x03, 0xe1,
  0xfe, 0xe1, 0x01, 0xe2, 0xff, 0xe1, 0x01, 0xe2, 0xff, 0xe2, 0x02, 0xe3,
  0xfe, 0xe2, 0x01, 0xe3, 0xff, 0xe3, 0x02, 0xe4, 0xfe, 0xe3, 0x02, 0xe5,
  0xfe, 0xe4, 0x01, 0xe5, 0x00, 0xe5, 0x00, 0xe6, 0x01, 0xe6, 0xff, 0xe6,
  0xff, 0xe6, 0x03, 0xe8, 0xfd, 0xe7, 0x03, 0xe9, 0xfd, 0xe8, 0x02, 0xea,
  0xff, 0xe9, 0x01, 0xeb, 0xff, 0xea, 0x01, 0xec, 0xff, 0xec, 0x01, 0xee,
  0x00, 0xee, 0xff, 0xee, 0x01, 0xf0, 0x00, 0xf1, 0xff, 0xf1, 0x02, 0xf3,
  0xfe, 0xf3, 0x02, 0xf5, 0xfe, 0xf5, 0x02, 0xf7, 0xfe, 0xf7, 0x02, 0xf9,
  0xff, 0xf9, 0x00, 0xfc, 0x01, 0xfd, 0xff, 0xfd, 0x01, 0xff, 0xff, 0x00,
  0x00, 0x02, 0x01, 0x03, 0xff, 0x03, 0x00, 0x05, 0x00, 0x07, 0x01, 0x08,
  0xfe, 0x08, 0x02, 0x0a, 0xfe, 0x0a, 0x01, 0x0c, 0x01, 0x0e, 0xfe, 0x0e,
  0x02, 0x10, 0xff, 0x10, 0x00, 0x12, 0x01, 0x13, 0xfe, 0x13, 0x02, 0x15,
  0xff, 0x15, 0x01, 0x16, 0xff, 0x16, 0x01, 0x18, 0xfe, 0x18, 0x02, 0x1a,
  0x00, 0x1b, 0xff, 0x1a, 0x01, 0x1c, 0xff, 0x1b, 0x00, 0x1d, 0x01, 0x1d,
  0xff, 0x1d, 0x01, 0x1e, 0xfe, 0x1e, 0x02, 0x1f, 0xff, 0x1e, 0x00, 0x1f,
  0x01, 0x20, 0xff, 0x1f, 0x00, 0x20, 0x01, 0x21, 0xfe, 0x20, 0x02, 0x21,
  0xff, 0x20, 0x01, 0x21, 0xff, 0x20, 0x01, 0x21, 0xff, 0x20, 0x00, 0x21,
  0x01, 0x21, 0xff, 0x20, 0x02, 0x21, 0xfd, 0x20, 0x03, 0x21, 0xfc, 0x20,
  0x05, 0x21, 0xfc, 0x20, 0x03, 0x21, 0xfd, 0x20, 0x03, 0x21, 0xfc, 0x20,
  0x05, 0x20, 0xfc, 0x1f, 0x02, 0x20, 0x00, 0x20, 0xfe, 0x1e, 0x02, 0x1f,
  0xff, 0x1e, 0x01, 0x1f, 0xff, 0x1d, 0x01, 0x1e, 0xfe, 0x1d, 0x03, 0x1e,
  0xfe, 0x1c, 0x01, 0x1d, 0x00, 0x1d, 0xff, 0x1b, 0x01, 0x1c, 0x00, 0x1b,
  0x00, 0x1b, 0x00, 0x1b, 0x00, 0x1a, 0x00, 0x1a, 0xff, 0x19, 0x02, 0x19,
  0xfd, 0x18, 0x04, 0x18, 0xfc, 0x16, 0x03, 0x17, 0xff, 0x15, 0xff, 0x15,
  0x02, 0x15, 0xfe, 0x13, 0x01, 0x14, 0x01, 0x13, 0xfe, 0x11, 0x02, 0x12,
  0xfe, 0x10, 0x02, 0x10, 0xff, 0x0e, 0x00, 0x0e, 0x00, 0x0d, 0x00, 0x0c,
  0x00, 0x0b, 0x01, 0x0a, 0xff, 0x08, 0x00, 0x08, 0x00, 0x07, 0x00, 0x06,
  0x00, 0x05, 0x01, 0x04, 0xff, 0x02, 0xff, 0x01, 0x02, 0x00, 0xfe, 0xfe,
  0x02, 0xfe, 0xff, 0xfc, 0x00, 0xfc, 0x00, 0xfb, 0x00, 0xf9, 0xff, 0xf7,
  0x03, 0xf7, 0xfc, 0xf5, 0x05, 0xf5, 0xfa, 0xf3, 0x04, 0xf3, 0xff, 0xf1,
  0xff, 0xef, 0x02, 0xef, 0xfe, 0xed, 0x01, 0xed, 0x00, 0xec, 0xff, 0xea,
  0x02, 0xea, 0xfd, 0xe8, 0x04, 0xe8, 0xfc, 0xe7, 0x03, 0xe7, 0xfe, 0xe5,
  0x02, 0xe5, 0xfe, 0xe4, 0x01, 0xe4, 0x00, 0xe3, 0xff, 0xe2, 0x02, 0xe2,
  0xfe, 0xe1, 0x00, 0xe1, 0x02, 0xe1, 0xfd, 0xdf, 0x04, 0xe0, 0xfb, 0xde,
  0x04, 0xdf, 0xfd, 0xde, 0x03, 0xdf, 0xfe, 0xdd, 0x00, 0xde, 0x01, 0xde,
  0xff, 0xdd, 0x01, 0xde, 0xff, 0xdd, 0x00, 0xde, 0x01, 0xde, 0x00, 0xdd,
  0xff, 0xdc, 0x01, 0xdd, 0xff, 0xdc, 0x02, 0xdd, 0xfd, 0xdd, 0x03, 0xdd,
  0xfd, 0xdc, 0x03, 0xde, 0xfd, 0xdd, 0x03, 0xde, 0xfd, 0xdd, 0x03, 0xde,
  0xfd, 0xdd, 0x02, 0xdf, 0xfe, 0xde, 0x03, 0xdf, 0xfd, 0xde, 0x02, 0xdf,
  0xfe, 0xde, 0x01, 0xe0, 0x01, 0xe0, 0xfe, 0xdf, 0x02, 0xe0, 0xfe, 0xdf,
  0x02, 0xe1, 0xff, 0xe0, 0x00, 0xe1, 0x01, 0xe1, 0xfe, 0xe1, 0x03, 0xe2,
  0xfd, 0xe1, 0x03, 0xe3, 0xfd, 0xe2, 0x02, 0xe3, 0xfe, 0xe2, 0x02, 0xe4,
  0xff, 0xe3, 0x01, 0xe4, 0xfe, 0xe4, 0x01, 0xe5, 0x01, 0xe6, 0xfd, 0xe5,
  0x05, 0xe7, 0xfa, 0xe6, 0x05, 0xe8, 0xfd, 0xe7, 0x02, 0xe8, 0xff, 0xe8,
  0x00, 0xe9, 0x00, 0xea, 0x01, 0xeb, 0xff, 0xea, 0x01, 0xec, 0xff, 0xeb,
  0x00, 0xed, 0x00, 0xee, 0x00, 0xef, 0x01, 0xef, 0xff, 0xef, 0x00, 0xf1,
  0x01, 0xf2, 0xfd, 0xf1, 0x05, 0xf3, 0xfb, 0xf3, 0x04, 0xf5, 0xfd, 0xf5,
  0x02, 0xf7, 0x00, 0xf8, 0xff, 0xf8, 0x01, 0xfa, 0xff, 0xfa, 0x00, 0xfc,
  0x02, 0xfd, 0xfe, 0xfd, 0x01, 0xff, 0xff, 0xff, 0x00, 0x01, 0x02, 0x03,
  0xfd, 0x03, 0x03, 0x05, 0xfd, 0x05, 0x02, 0x07, 0x00, 0x08, 0xfe, 0x08,
  0x04, 0x0a, 0xfb, 0x0a, 0x05, 0x0c, 0xfb, 0x0d, 0x04, 0x0f, 0xfd, 0x0e,
  0x03, 0x11, 0xfe, 0x11, 0x00, 0x13, 0x01, 0x14, 0xff, 0x13, 0x01, 0x15,
  0xff, 0x15, 0x01, 0x17, 0xff, 0x16, 0x02, 0x18, 0xfd, 0x18, 0x03, 0x1a,
  0xfd, 0x1a, 0x02, 0x1b, 0x00, 0x1b, 0xfe, 0x1b, 0x03, 0x1d, 0xfd, 0x1c,
  0x03, 0x1e, 0xfd, 0x1d, 0x03, 0x1f, 0xfd, 0x1e, 0x03, 0x1f, 0xfd, 0x1f,
  0x04, 0x20, 0xfc, 0x1f, 0x03, 0x21, 0xfe, 0x20, 0x00, 0x21, 0x02, 0x21,
  0xfd, 0x20, 0x03, 0x21, 0xfe, 0x21, 0x00, 0x22, 0x02, 0x22, 0xfc, 0x21,
  0x05, 0x22, 0xfb, 0x21, 0x05, 0x22, 0xfb, 0x21, 0x05, 0x22, 0xfb, 0x21,
  0x04, 0x22, 0xfe, 0x20, 0x01, 0x21, 0x00, 0x21, 0xfe, 0x20, 0x03, 0x21,
  0xfd, 0x20, 0x03, 0x21, 0xfe, 0x1f, 0x00, 0x20, 0x01, 0x20, 0xfe, 0x1f,
  0x02, 0x20, 0xff, 0x1e, 0x00, 0x1f, 0x01, 0x1f, 0xfd, 0x1e, 0x03, 0x1e,
  0xff, 0x1d, 0x00, 0x1e, 0x01, 0x1e, 0xfd, 0x1c, 0x03, 0x1d, 0xff, 0x1c,
  0x00, 0x1d, 0x01, 0x1c, 0xfe, 0x1b, 0x01, 0x1c, 0x01, 0x1b, 0xfe, 0x1a,
  0x02, 0x1a, 0xfe, 0x19, 0x02, 0x1a, 0xfe, 0x18, 0x02, 0x19, 0xfe, 0x17,
  0x01, 0x17, 0x00, 0x17, 0xff, 0x15, 0x01, 0x16, 0x00, 0x15, 0xff, 0x14,
  0x01, 0x14, 0xff, 0x12, 0x01, 0x12, 0xff, 0x11, 0x01, 0x11, 0xff, 0x0f,
  0x01, 0x0f, 0x00, 0x0e, 0xfe, 0x0c, 0x02, 0x0c, 0xff, 0x0a, 0x00, 0x0a,
  0x02, 0x0a, 0xfd, 0x08, 0x02, 0x07, 0xfe, 0x05, 0x02, 0x05, 0xff, 0x03,
  0x01, 0x03, 0xff, 0x01, 0x00, 0x01, 0x00, 0xff, 0x00, 0xfe, 0x00, 0xfd,
  0x01, 0xfc, 0xfe, 0xfa, 0x01, 0xfa, 0x01, 0xf8, 0xfe, 0xf6, 0x03, 0xf6,
  0xfd, 0xf4, 0x01, 0xf3, 0x00, 0xf2, 0x00, 0xf1, 0x00, 0xf0, 0x00, 0xef,
  0x01, 0xee, 0xfd, 0xec, 0x04, 0xec, 0xfc, 0xea, 0x03, 0xea, 0xff, 0xe8,
  0x00, 0xe8, 0x01, 0xe7, 0xfe, 0xe5, 0x02, 0xe6, 0xff, 0xe4, 0x00, 0xe4,
  0x01, 0xe4, 0xfd, 0xe2, 0x04, 0xe2, 0xfc, 0xe1, 0x04, 0xe1, 0xfc, 0xe0,
  0x03, 0xe0, 0xfe, 0xdf, 0x01, 0xdf, 0x00, 0xdf, 0x00, 0xdf, 0x00, 0xde,
  0xff, 0xdd, 0x02, 0xde, 0xfd, 0xdd, 0x05, 0xdd, 0xfa, 0xdc, 0x06, 0xdd,
  0xfa, 0xdc, 0x06, 0xdd, 0xfa, 0xdc, 0x06, 0xdd, 0xfc, 0xdc, 0x01, 0xdd,
  0x01, 0xdd, 0xfe, 0xdc, 0x03, 0xdd, 0xfd, 0xdc, 0x02, 0xdd, 0xfe, 0xdd,
  0x03, 0xde, 0xfd, 0xdd, 0x03, 0xde, 0xfd, 0xdd, 0x02, 0xde, 0xff, 0xde,
  0x01, 0xdf, 0xff, 0xde, 0x01, 0xdf, 0xff, 0xde, 0x01, 0xe0, 0x00, 0xe0,
  0xfe, 0xdf, 0x03, 0xe0, 0xfd, 0xdf, 0x03, 0xe1, 0xfd, 0xe0, 0x02, 0xe1,
  0xfe, 0xe1, 0x02, 0xe2, 0xff, 0xe1, 0x00, 0xe2, 0x00, 0xe3, 0x00, 0xe3,
  0x00, 0xe3, 0x00, 0xe3, 0x01, 0xe4, 0xfe, 0xe3, 0x02, 0xe4, 0xff, 0xe4,
  0x00, 0xe5, 0x00, 0xe6, 0x00, 0xe6, 0x00, 0xe6, 0x01, 0xe7, 0xff, 0xe6,
  0x00, 0xe8, 0x00, 0xe8, 0x00, 0xe9, 0x00, 0xea, 0x01, 0xea, 0xff, 0xea,
  0x00, 0xeb, 0x00, 0xec, 0x01, 0xed, 0xff, 0xec, 0x01, 0xee, 0xff, 0xee,
  0x00, 0xf0, 0x00, 0xf1, 0x02, 0xf2, 0xfd, 0xf2, 0x02, 0xf3, 0x00, 0xf4,
  0xfe, 0xf4, 0x04, 0xf6, 0xfb, 0xf6, 0x04, 0xf8, 0xfd, 0xf8, 0x03, 0xfa,
  0xfe, 0xfb, 0x01, 0xfd, 0xff, 0xfd, 0x01, 0xff, 0xff, 0xff, 0x01, 0x01,
  0xff, 0x01, 0x02, 0x03, 0xfd, 0x04, 0x03, 0x06, 0xfd, 0x06, 0x03, 0x08,
  0xfe, 0x08, 0x00, 0x0a, 0x02, 0x0c, 0xfd, 0x0c, 0x03, 0x0e, 0xfe, 0x0e,
  0x01, 0x10, 0x00, 0x11, 0x00, 0x12, 0xff, 0x12, 0x02, 0x14, 0xfe, 0x14,
  0x02, 0x15, 0xfe, 0x15, 0x01, 0x17, 0x00, 0x18, 0xff, 0x18, 0x02, 0x19,
  0xfe, 0x19, 0x02, 0x1b, 0xfe, 0x1a, 0x02, 0x1c, 0xfd, 0x1c, 0x04, 0x1d,
  0xfd, 0x1d, 0x02, 0x1e, 0xff, 0x1d, 0x00, 0x1f, 0x00, 0x1f, 0x00, 0x20,
  0x00, 0x20, 0x01, 0x20, 0xff, 0x1f, 0x01, 0x21, 0xfe, 0x20, 0x02, 0x21,
  0xff, 0x20, 0x01, 0x22, 0xff, 0x21, 0x01, 0x22, 0xff, 0x21, 0x01, 0x22,
  0x00, 0x22, 0xfe, 0x21, 0x04, 0x22, 0xfb, 0x21, 0x05, 0x22, 0xfc, 0x21,
  0x02, 0x22, 0x00, 0x22, 0xff, 0x21, 0x01, 0x22, 0xff, 0x21, 0x01, 0x21,
  0xff, 0x20, 0x02, 0x21, 0xfd, 0x20, 0x04, 0x21, 0xfb, 0x20, 0x04, 0x20,
  0xfe, 0x1f, 0x01, 0x20, 0x00, 0x20, 0xff, 0x1e, 0x00, 0x1f, 0x01, 0x1f,
  0xff, 0x1e, 0x01, 0x1e, 0xff, 0x1d, 0x01, 0x1e, 0xff, 0x1d, 0x01, 0x1d,
  0xff, 0x1c, 0x00, 0x1d, 0x02, 0x1c, 0xfd, 0x1b, 0x03, 0x1c, 0xfd, 0x1a,
  0x02, 0x1b, 0xff, 0x1a, 0x01, 0x1a, 0xfe, 0x19, 0x03, 0x19, 0xfc, 0x18,
  0x04, 0x19, 0xfd, 0x17, 0x02, 0x18, 0xfe, 0x16, 0x02, 0x17, 0xfe, 0x15,
  0x02, 0x15, 0xfe, 0x14, 0x02, 0x14, 0xfd, 0x13, 0x03, 0x13, 0xff, 0x11,
  0x00, 0x12, 0xff, 0x0f, 0x02, 0x10, 0xfd, 0x0e, 0x04, 0x0e, 0xfd, 0x0d,
  0x00, 0x0d, 0x02, 0x0b, 0xff, 0x09, 0xff, 0x08, 0x02, 0x09, 0xfd, 0x07,
  0x03, 0x07, 0xfe, 0x05, 0x02, 0x04, 0xfd, 0x02, 0x03, 0x02, 0xfe, 0x00,
  0x01, 0x00, 0x00, 0xff, 0xff, 0xfd, 0x02, 0xfc, 0xfe, 0xfa, 0x01, 0xfa,
  0x00, 0xf9, 0xff, 0xf7, 0x02, 0xf7, 0xfe, 0xf5, 0x01, 0xf4, 0xff, 0xf2,
  0x01, 0xf2, 0xff, 0xf0, 0x01, 0xf0, 0x00, 0xef, 0xff, 0xed, 0x01, 0xed,
  0x00, 0xec, 0xfe, 0xea, 0x03, 0xea, 0xfe, 0xe8, 0x00, 0xe9, 0x02, 0xe8,
  0xfd, 0xe6, 0x02, 0xe6, 0xff, 0xe4, 0x00, 0xe5, 0x01, 0xe4, 0xff, 0xe3,
  0x01, 0xe3, 0xfe, 0xe1, 0x02, 0xe2, 0xff, 0xe0, 0x01, 0xe1, 0xff, 0xdf,
  0x01, 0xe0, 0xfe, 0xde, 0x03, 0xdf, 0xfd, 0xde, 0x03, 0xdf, 0xfe, 0xdd,
  0x01, 0xde, 0x00, 0xde, 0xff, 0xdd, 0x01, 0xdd, 0xff, 0xdc, 0x01, 0xdd,
  0x00, 0xdd, 0xff, 0xdc, 0x01, 0xdd, 0x00, 0xdd, 0xfe, 0xdc, 0x03, 0xdd,
  0xfd, 0xdc, 0x03, 0xdd, 0xfe, 0xdc, 0x01, 0xdd, 0xff, 0xdc, 0x02, 0xdd,
  0xfd, 0xdd, 0x03, 0xde, 0xfe, 0xdd, 0x02, 0xde, 0xfe, 0xdd, 0x01, 0xde,
  0xff, 0xdd, 0x01, 0xdf, 0x00, 0xdf, 0xff, 0xde, 0x01, 0xdf, 0xff, 0xdf,
  0x01, 0xe0, 0xff, 0xdf, 0x00, 0xe0, 0x01, 0xe0, 0xfe, 0xe0, 0x03, 0xe1,
  0xfe, 0xe0, 0x00, 0xe2, 0x01, 0xe2, 0xfe, 0xe1, 0x02, 0xe3, 0xff, 0xe2,
  0x01, 0xe3, 0xff, 0xe2, 0x00, 0xe4, 0x01, 0xe4, 0xff, 0xe3, 0x00, 0xe5,
  0x01, 0xe5, 0xfe, 0xe5, 0x03, 0xe6, 0xfe, 0xe5, 0x00, 0xe7, 0x01, 0xe7,
  0xff, 0xe7, 0x00, 0xe8, 0x01, 0xe9, 0xfe, 0xe9, 0x02, 0xea, 0xff, 0xea,
  0x01, 0xec, 0xff, 0xeb, 0x00, 0xed, 0x00, 0xee, 0x00, 0xee, 0x01, 0xef,
  0xff, 0xef, 0x01, 0xf1, 0xff, 0xf1, 0x00, 0xf3, 0x00, 0xf4, 0x00, 0xf5,
  0x00, 0xf5, 0x01, 0xf6, 0xfe, 0xf7, 0x02, 0xf9, 0xfe, 0xf9, 0x02, 0xfb,
  0xfe, 0xfb, 0x03, 0xfd, 0xfc, 0xfd, 0x04, 0xff, 0xfd, 0xff, 0x02, 0x02,
  0x00, 0x03, 0xff, 0x03, 0x01, 0x05, 0xfe, 0x05, 0x02, 0x07, 0x00, 0x09,
  0xff, 0x09, 0x01, 0x0b, 0xff, 0x0b, 0x00, 0x0d, 0x01, 0x0e, 0x00, 0x0f,
  0xfe, 0x0f, 0x03, 0x11, 0xfd, 0x11, 0x02, 0x13, 0x00, 0x14, 0xff, 0x14,
  0x01, 0x16, 0xff, 0x16, 0x01, 0x17, 0xff, 0x17, 0x01, 0x19, 0x00, 0x1a,
  0xff, 0x19, 0x01, 0x1b, 0x00, 0x1c, 0xff, 0x1b, 0x02, 0x1d, 0xfd, 0x1c,
  0x03, 0x1e, 0xfe, 0x1d, 0x02, 0x1e, 0xfd, 0x1e, 0x03, 0x1f, 0xfe, 0x1f,
  0x01, 0x20, 0x00, 0x20, 0xff, 0x1f, 0x01, 0x20, 0xff, 0x20, 0x01, 0x21,
  0x00, 0x21, 0x00, 0x21, 0xff, 0x20, 0x00, 0x21, 0x02, 0x21, 0xfd, 0x20,
  0x04, 0x21, 0xfc, 0x20, 0x02, 0x21, 0x00, 0x21, 0xff, 0x20, 0x02, 0x21,
  0xfd, 0x20, 0x03, 0x21, 0xfd, 0x20, 0x02, 0x21, 0x00, 0x20, 0xfe, 0x1f,
  0x03, 0x20, 0xfd, 0x1f, 0x01, 0x20, 0x01, 0x1f, 0xfe, 0x1e, 0x02, 0x1f,
  0xfe, 0x1e, 0x02, 0x1e, 0xfe, 0x1d, 0x03, 0x1e, 0xfc, 0x1d, 0x04, 0x1d,
  0xfd, 0x1c, 0x02, 0x1d, 0xff, 0x1b, 0x00, 0x1c, 0x01, 0x1c, 0xff, 0x1a,
  0x01, 0x1b, 0xfe, 0x19, 0x02, 0x1a, 0xff, 0x18, 0x00, 0x19, 0x01, 0x18,
  0xfe, 0x17, 0x02, 0x18, 0xfe, 0x16, 0x03, 0x16, 0xfd, 0x14, 0x02, 0x15,
  0xfe, 0x13, 0x02, 0x14, 0xff, 0x12, 0x01, 0x12, 0xfe, 0x10, 0x02, 0x10,
  0xfe, 0x0e, 0x03, 0x0e, 0xfc, 0x0c, 0x04, 0x0d, 0xfc, 0x0b, 0x04, 0x0a,
  0xfc, 0x08, 0x04, 0x08, 0xfc, 0x06, 0x03, 0x06, 0xff, 0x04, 0xff, 0x03,
  0x02, 0x02, 0xfe, 0x00, 0x01, 0x00, 0x00, 0xff, 0x00, 0xfe, 0xff, 0xfb,
  0x02, 0xfb, 0xfe, 0xf9, 0x02, 0xf8, 0xfe, 0xf6, 0x01, 0xf6, 0x00, 0xf5,
  0x00, 0xf3, 0x00, 0xf2, 0xff, 0xf0, 0x02, 0xf0, 0xfe, 0xee, 0x03, 0xee,
  0xfc, 0xec, 0x03, 0xec, 0xfe, 0xea, 0x02, 0xe9, 0xff, 0xe7, 0x00, 0xe7,
  0x01, 0xe6, 0xfd, 0xe5, 0x05, 0xe5, 0xfb, 0xe3, 0x03, 0xe4, 0x00, 0xe3,
  0xfe, 0xe1, 0x02, 0xe2, 0xfe, 0xe0, 0x02, 0xe1, 0xfe, 0xdf, 0x03, 0xe0,
  0xfc, 0xdf, 0x03, 0xdf, 0xfe, 0xde, 0x01, 0xdf, 0x00, 0xde, 0x00, 0xde,
  0xff, 0xdd, 0x01, 0xdd, 0x00, 0xdd, 0x00, 0xdd, 0x00, 0xdd, 0xff, 0xdc,
  0x01, 0xdd, 0xff, 0xdc, 0x02, 0xdd, 0xfe, 0xdc, 0x02, 0xdd, 0xfd, 0xdc,
  0x03, 0xdd, 0xfe, 0xdc, 0x01, 0xdd, 0x00, 0xdd, 0xff, 0xdc, 0x01, 0xdd,
  0xff, 0xdc, 0x02, 0xdd, 0xfd, 0xdd, 0x03, 0xde, 0xfc, 0xdd, 0x05, 0xde,
  0xfc, 0xdd, 0x02, 0xdf, 0x00, 0xdf, 0xfd, 0xde, 0x05, 0xdf, 0xfb, 0xde,
  0x04, 0xe0, 0xfd, 0xdf, 0x02, 0xe0, 0xfe, 0xdf, 0x02, 0xe1, 0xff, 0xe0,
  0x00, 0xe1, 0x01, 0xe1, 0xfe, 0xe1, 0x03, 0xe2, 0xfd, 0xe1, 0x03, 0xe2,
  0xfd, 0xe1, 0x03, 0xe3, 0xfe, 0xe2, 0x01, 0xe4, 0xff, 0xe3, 0x02, 0xe4,
  0xfd, 0xe3, 0x03, 0xe5, 0xfe, 0xe4, 0x01, 0xe5, 0x00, 0xe6, 0x00, 0xe6,
  0xfe, 0xe6, 0x04, 0xe7, 0xfc, 0xe7, 0x04, 0xe8, 0xfd, 0xe8, 0x01, 0xea,
  0x00, 0xea, 0x00, 0xeb, 0x00, 0xeb, 0x00, 0xec, 0x00, 0xed, 0x00, 0xee,
  0x00, 0xef, 0x00, 0xef, 0xff, 0xef, 0x01, 0xf0, 0xff, 0xf0, 0x01, 0xf2,
  0x00, 0xf3, 0xff, 0xf3, 0x01, 0xf5, 0xff, 0xf5, 0x00, 0xf7, 0x02, 0xf8,
  0xfd, 0xf8, 0x03, 0xfa, 0xfd, 0xfa, 0x02, 0xfc, 0x00, 0xfd, 0xff, 0xfd,
  0x00, 0xff, 0x00, 0x01, 0x00, 0x02, 0x01, 0x03, 0xff, 0x03, 0x00, 0x05,
  0x00, 0x06, 0x00, 0x07, 0x00, 0x09, 0x00, 0x0a, 0x00, 0x0b, 0x01, 0x0c,
  0xfd, 0x0c, 0x04, 0x0e, 0xfb, 0x0e, 0x06, 0x10, 0xfa, 0x10, 0x05, 0x12,
  0xfc, 0x12, 0x03, 0x14, 0xfe, 0x14, 0x01, 0x16, 0xff, 0x16, 0x01, 0x18,
  0xff, 0x18, 0x00, 0x19, 0x02, 0x1a, 0xfc, 0x1a, 0x04, 0x1b, 0xfd, 0x1a,
  0x01, 0x1c, 0x02, 0x1d, 0xfc, 0x1d, 0x03, 0x1e, 0xff, 0x1d, 0x00, 0x1f,
  0x01, 0x1f, 0xfe, 0x1f, 0x01, 0x20, 0x00, 0x20, 0x00, 0x20, 0x01, 0x21,
  0xfe, 0x20, 0x02, 0x21, 0xfe, 0x20, 0x02, 0x22, 0xff, 0x21, 0x00, 0x22,
  0x00, 0x22, 0x00, 0x22, 0x00, 0x22, 0x01, 0x22, 0xfd, 0x21, 0x04, 0x22,
  0xfc, 0x21, 0x04, 0x22, 0xfc, 0x21, 0x03, 0x22, 0xfe, 0x21, 0x03, 0x22,
  0xfc, 0x21, 0x03, 0x22, 0xfd, 0x21, 0x04, 0x22, 0xfd, 0x20, 0x02, 0x21,
  0xfd, 0x20, 0x03, 0x21, 0xfe, 0x20, 0x02, 0x20, 0xfe, 0x1f, 0x01, 0x20,
  0x00, 0x20, 0x00, 0x20, 0x00, 0x1f, 0x00, 0x1f, 0xff, 0x1e, 0x02, 0x1e,
  0xfe, 0x1d, 0x02, 0x1e, 0xfe, 0x1d, 0x01, 0x1e, 0x01, 0x1d, 0xfe, 0x1c,
  0x02, 0x1c, 0xfd, 0x1b, 0x03, 0x1c, 0xff, 0x1b, 0x01, 0x1b, 0xfe, 0x1a,
  0x01, 0x1a, 0xff, 0x19, 0x02, 0x1a, 0xff, 0x19, 0x00, 0x19, 0x00, 0x18,
  0xff, 0x17, 0x01, 0x18, 0x00, 0x17, 0x00, 0x17, 0x00, 0x16, 0x00, 0x15,
  0xff, 0x14, 0x01, 0x14, 0x00, 0x13, 0xff, 0x12, 0x02, 0x12, 0xfe, 0x10,
  0x01, 0x10, 0x00, 0x0f, 0xff, 0x0e, 0x01, 0x0e, 0x00, 0x0d, 0x00, 0x0c,
  0x00, 0x0b, 0x00, 0x0a, 0xff, 0x08, 0x01, 0x08, 0x00, 0x07, 0x00, 0x06,
  0x01, 0x05, 0xfe, 0x02, 0x01, 0x02, 0x00, 0x02, 0x00, 0x01, 0x00, 0xff,
  0x00, 0xfe, 0x00, 0xfc, 0x00, 0xfb, 0x01, 0xfa, 0xfd, 0xf8, 0x04, 0xf8,
  0xfc, 0xf6, 0x04, 0xf6, 0xfc, 0xf4, 0x04, 0xf3, 0xfd, 0xf1, 0x01, 0xf1,
  0x00, 0xf0, 0xff, 0xee, 0x02, 0xee, 0xfe, 0xeb, 0x02, 0xec, 0xfe, 0xea,
  0x01, 0xea, 0xff, 0xe8, 0x02, 0xe8, 0xfe, 0xe6, 0x02, 0xe6, 0xff, 0xe5,
  0xff, 0xe4, 0x02, 0xe4, 0xff, 0xe2, 0x00, 0xe3, 0x01, 0xe2, 0xfe, 0xe1,
  0x01, 0xe2, 0x01, 0xe1, 0xff, 0xe0, 0x01, 0xe0, 0xff, 0xde, 0xff, 0xde,
  0x03, 0xdf, 0xfc, 0xde, 0x04, 0xde, 0xfd, 0xdd, 0x01, 0xde, 0x01, 0xde,
  0xfd, 0xdd, 0x04, 0xdd, 0xfd, 0xdc, 0x00, 0xdd, 0x02, 0xdd, 0xfd, 0xdc,
  0x04, 0xdd, 0xfd, 0xdc, 0x01, 0xdd, 0x00, 0xdd, 0x00, 0xdd, 0x01, 0xde,
  0xfe, 0xdd, 0x02, 0xde, 0xfe, 0xdd, 0x03, 0xde, 0xfd, 0xdd, 0x02, 0xde,
  0xfe, 0xde, 0x02, 0xdf, 0xfe, 0xde, 0x02, 0xdf, 0xff, 0xde, 0xff, 0xdf,
  0x02, 0xe0, 0xfd, 0xdf, 0x03, 0xe0, 0xfe, 0xe0, 0x02, 0xe1, 0xfd, 0xe0,
  0x03, 0xe2, 0xfd, 0xe1, 0x03, 0xe2, 0xff, 0xe1, 0xff, 0xe2, 0x01, 0xe3,
  0xff, 0xe2, 0x02, 0xe4, 0xff, 0xe3, 0x00, 0xe5, 0x00, 0xe5, 0xff, 0xe4,
  0x03, 0xe6, 0xfd, 0xe5, 0x02, 0xe7, 0xff, 0xe6, 0x00, 0xe8, 0x00, 0xe8,
  0x00, 0xe9, 0x01, 0xe9, 0xff, 0xe9, 0x00, 0xea, 0x01, 0xeb, 0xfe, 0xeb,
  0x02, 0xec, 0x00, 0xed, 0xfe, 0xed, 0x02, 0xef, 0xff, 0xef, 0x00, 0xf1,
  0x01, 0xf1, 0xff, 0xf1, 0x00, 0xf3, 0x01, 0xf4, 0xff, 0xf4, 0x00, 0xf6,
  0x01, 0xf7, 0xfe, 0xf7, 0x03, 0xf9, 0xfd, 0xf9, 0x02, 0xfb, 0xff, 0xfb,
  0x00, 0xfd, 0x01, 0xff, 0xfe, 0xff, 0x02, 0x01, 0xff, 0x01, 0x00, 0x03,
  0x01, 0x04, 0xfe, 0x05, 0x02, 0x07, 0xfe, 0x07, 0x02, 0x09, 0xff, 0x09,
  0x01, 0x0b, 0xfe, 0x0b, 0x03, 0x0d, 0xfd, 0x0e, 0x02, 0x10, 0x00, 0x11,
  0xff, 0x10, 0x01, 0x12, 0x00, 0x13, 0xff, 0x13, 0x01, 0x15, 0x00, 0x16,
  0xff, 0x16, 0x01, 0x17, 0xff, 0x17, 0x01, 0x19, 0xff, 0x19, 0x01, 0x1b,
  0xff, 0x1a, 0x00, 0x1c, 0x01, 0x1c, 0xfe, 0x1c, 0x02, 0x1d, 0xff, 0x1d,
  0x00, 0x1e, 0x01, 0x1f, 0xfe, 0x1e, 0x02, 0x1f, 0xfe, 0x1f, 0x02, 0x20,
  0xfe, 0x1f, 0x02, 0x20, 0xff, 0x1f, 0xff, 0x20, 0x03, 0x21, 0xfc, 0x20,
  0x04, 0x21, 0xfd, 0x20, 0x01, 0x21, 0x01, 0x21, 0xfe, 0x20, 0x02, 0x21,
  0xfe, 0x20, 0x02, 0x21, 0xfe, 0x20, 0x01, 0x21, 0x00, 0x21, 0x00, 0x21,
  0xff, 0x20, 0x01, 0x21, 0xff, 0x1f, 0x02, 0x20, 0xff, 0x1f, 0xff, 0x1f,
  0x02, 0x20, 0xfd, 0x1f, 0x04, 0x1f, 0xfc, 0x1e, 0x04, 0x1f, 0xfd, 0x1e,
  0x02, 0x1f, 0xff, 0x1d, 0x00, 0x1e, 0x01, 0x1e, 0xfe, 0x1c, 0x03, 0x1d,
  0xfc, 0x1c, 0x05, 0x1d, 0xfb, 0x1b, 0x04, 0x1c, 0xfc, 0x1a, 0x04, 0x1b,
  0xfc, 0x1a, 0x04, 0x1b, 0xfd, 0x19, 0x02, 0x19, 0xff, 0x18, 0x00, 0x18,
  0x00, 0x18, 0x00, 0x17, 0x01, 0x17, 0xff, 0x15, 0x00, 0x15, 0x00, 0x14,
  0x00, 0x14, 0x01, 0x13, 0xfe, 0x11, 0x02, 0x11, 0xfe, 0x0f, 0x01, 0x0f,
  0x01, 0x0f, 0xfd, 0x0d, 0x04, 0x0d, 0xfd, 0x0b, 0x01, 0x0b, 0x01, 0x0a,
  0xfe, 0x08, 0x02, 0x08, 0xfe, 0x06, 0x03, 0x05, 0xfc, 0x03, 0x04, 0x03,
  0xfd, 0x01, 0x02, 0x01, 0xff, 0xff, 0xff, 0xfd, 0x01, 0xfd, 0x00, 0xfc,
  0x00, 0xfb, 0x01, 0xfa, 0xfe, 0xf7, 0x01, 0xf7, 0xff, 0xf5, 0x02, 0xf5,
  0xfe, 0xf3, 0x02, 0xf3, 0xff, 0xf1, 0xff, 0xf0, 0x02, 0xef, 0xfe, 0xed,
  0x02, 0xed, 0xff, 0xeb, 0x00, 0xeb, 0x00, 0xeb, 0xff, 0xe9, 0x02, 0xe8,
  0xff, 0xe7, 0x00, 0xe7, 0x01, 0xe6, 0xfd, 0xe4, 0x04, 0xe5, 0xfc, 0xe3,
  0x04, 0xe3, 0xfd, 0xe2, 0x01, 0xe2, 0x01, 0xe2, 0xfe, 0xe0, 0x02, 0xe1,
  0xfe, 0xdf, 0x01, 0xe0, 0x00, 0xdf, 0x01, 0xdf, 0xfe, 0xde, 0x02, 0xdf,
  0xff, 0xdd, 0x00, 0xde, 0x00, 0xde, 0x00, 0xdd, 0x00, 0xdd, 0x01, 0xdd,
  0x00, 0xdd, 0xfe, 0xdc, 0x03, 0xdd, 0xfd, 0xdc, 0x02, 0xdd, 0xff, 0xdc,
  0x02, 0xdd, 0xfd, 0xdc, 0x03, 0xdd, 0xfd, 0xdc, 0x02, 0xdd, 0x00, 0xdd,
  0xff, 0xdc, 0x02, 0xdd, 0xfd, 0xdc, 0x02, 0xde, 0xff, 0xdd, 0x01, 0xde,
  0xff, 0xdd, 0x01, 0xde, 0xff, 0xdd, 0x00, 0xdf, 0x02, 0xdf, 0xfc, 0xde,
  0x05, 0xdf, 0xfc, 0xde, 0x02, 0xe0, 0xff, 0xdf, 0x01, 0xe0, 0x00, 0xe0,
  0xff, 0xe0, 0x02, 0xe1, 0xfd, 0xe0, 0x04, 0xe1, 0xfd, 0xe1, 0x00, 0xe2,
  0x02, 0xe2, 0xfe, 0xe1, 0x02, 0xe3, 0xff, 0xe2, 0xff, 0xe2, 0x01, 0xe4,
  0x00, 0xe4, 0xff, 0xe3, 0x02, 0xe5, 0xfe, 0xe4, 0x01, 0xe5, 0x00, 0xe6,
  0xff, 0xe5, 0x02, 0xe7, 0xfd, 0xe6, 0x04, 0xe8, 0xfc, 0xe7, 0x04, 0xe9,
  0xfc, 0xe8, 0x03, 0xea, 0xfe, 0xea, 0x01, 0xeb, 0x00, 0xec, 0x00, 0xed,
  0xff, 0xec, 0x02, 0xee, 0xfd, 0xee, 0x03, 0xf0, 0xfe, 0xef, 0x01, 0xf1,
  0x00, 0xf2, 0xff, 0xf2, 0x01, 0xf4, 0xff, 0xf4, 0x01, 0xf6, 0xff, 0xf6,
  0x01, 0xf8, 0xff, 0xf8, 0x01, 0xfa, 0xfe, 0xfa, 0x03, 0xfc, 0xfc, 0xfc,
  0x05, 0xfe, 0xfb, 0xfe, 0x05, 0x00, 0xfc, 0x00, 0x02, 0x02, 0xff, 0x03,
  0x00, 0x05, 0x01, 0x06, 0xff, 0x06, 0x00, 0x08, 0x01, 0x09, 0xfe, 0x09,
  0x02, 0x0c, 0xfe, 0x0c, 0x01, 0x0e, 0x00, 0x0f, 0x00, 0x10, 0x00, 0x11,
  0x00, 0x12, 0xff, 0x12, 0x02, 0x14, 0xfd, 0x14, 0x03, 0x16, 0xff, 0x15,
  0xff, 0x16, 0x02, 0x18, 0xfe, 0x18, 0x01, 0x1a, 0x00, 0x1a, 0xff, 0x1a,
  0x01, 0x1b, 0x00, 0x1c, 0x00, 0x1d, 0x00, 0x1d, 0x00, 0x1e, 0xff, 0x1d,
  0x01, 0x1e, 0x00, 0x1f, 0x00, 0x1f, 0x00, 0x20, 0x00, 0x20, 0x00, 0x20,
  0x00, 0x20, 0x00, 0x21, 0x00, 0x21, 0x01, 0x21, 0xfe, 0x20, 0x02, 0x21,
  0xfe, 0x21, 0x02, 0x22, 0xff, 0x21, 0x00, 0x22, 0xff, 0x21, 0x03, 0x22,
  0xfc, 0x21, 0x04, 0x22, 0xfc, 0x21, 0x04, 0x22, 0xfd, 0x21, 0x02, 0x22,
  0xff, 0x21, 0x00, 0x22, 0x00, 0x22, 0x01, 0x21, 0xfe, 0x20, 0x03, 0x21,
  0xfd, 0x20, 0x02, 0x21, 0xff, 0x20, 0x00, 0x21, 0x01, 0x20, 0xfe, 0x1f,
  0x04, 0x20, 0xfb, 0x1e, 0x04, 0x1f, 0xfd, 0x1e, 0x02, 0x1f, 0xff, 0x1e,
  0x00, 0x1e, 0x01, 0x1e, 0xfe, 0x1d, 0x03, 0x1d, 0xfc, 0x1c, 0x04, 0x1d,
  0xfd, 0x1c, 0x02, 0x1c, 0xff, 0x1b, 0x01, 0x1c, 0xfe, 0x1b, 0x03, 0x1b,
  0xfd, 0x1a, 0x02, 0x1a, 0xff, 0x19, 0x00, 0x1a, 0x01, 0x19, 0xff, 0x18,
  0x00, 0x18, 0x00, 0x18, 0x01, 0x17, 0xff, 0x16, 0x01, 0x17, 0xfe, 0x15,
  0x02, 0x16, 0xff, 0x14, 0x01, 0x14, 0xff, 0x13, 0x01, 0x13, 0xff, 0x11,
  0x00, 0x11, 0x02, 0x10, 0xfd, 0x0f, 0x04, 0x0f, 0xfc, 0x0d, 0x02, 0x0d,
  0x00, 0x0c, 0x00, 0x0b, 0xff, 0x09, 0x01, 0x09, 0xff, 0x07, 0x01, 0x07,
  0x00, 0x06, 0xff, 0x04, 0x00, 0x03, 0x01, 0x03, 0xff, 0x00, 0x02, 0x00,
  0xfd, 0xfe, 0x02, 0xfe, 0x00, 0xfd, 0xfe, 0xfb, 0x03, 0xfb, 0xfd, 0xf8,
  0x02, 0xf8, 0x00, 0xf6, 0xff, 0xf4, 0x00, 0xf4, 0x01, 0xf3, 0xfe, 0xf1,
  0x03, 0xf1, 0xfd, 0xee, 0x02, 0xee, 0xfe, 0xec, 0x02, 0xec, 0xfe, 0xea,
  0x02, 0xea, 0xfe, 0xe8, 0x02, 0xe8, 0xff, 0xe7, 0x00, 0xe7, 0x01, 0xe6,
  0xff, 0xe4, 0x01, 0xe4, 0x00, 0xe4, 0xff, 0xe2, 0x01, 0xe2, 0x00, 0xe2,
  0xff, 0xe0, 0x02, 0xe1, 0xfe, 0xdf, 0x00, 0xe0, 0x02, 0xe0, 0xfd, 0xde,
  0x03, 0xdf, 0xff, 0xde, 0xff, 0xde, 0x02, 0xde, 0xfd, 0xdd, 0x03, 0xde,
  0xfe, 0xdd, 0x02, 0xde, 0xfe, 0xdd, 0x02, 0xde, 0xfe, 0xdd, 0x02, 0xde,
  0xfe, 0xdd, 0x02, 0xde, 0xff, 0xdd, 0x00, 0xde, 0x00, 0xde, 0x01, 0xde,
  0xfe, 0xdd, 0x03, 0xde, 0xfd, 0xdd, 0x01, 0xde, 0x01, 0xdf, 0xfe, 0xde,
  0x02, 0xdf, 0xff, 0xde, 0x00, 0xdf, 0x00, 0xdf, 0x00, 0xe0, 0xff, 0xdf,
  0x01, 0xe0, 0x00, 0xe0, 0x00, 0xe1, 0x00, 0xe1, 0xff, 0xe0, 0x02, 0xe2,
  0xfd, 0xe1, 0x03, 0xe2, 0xfe, 0xe1, 0x01, 0xe3, 0x00, 0xe3, 0x00, 0xe4,
  0xfe, 0xe3, 0x03, 0xe4, 0xfd, 0xe4, 0x03, 0xe5, 0xfe, 0xe4, 0x01, 0xe6,
  0xff, 0xe5, 0x01, 0xe7, 0xff, 0xe6, 0x02, 0xe8, 0xfe, 0xe7, 0x01, 0xe9,
  0x00, 0xe9, 0xff, 0xe9, 0x02, 0xeb, 0xfe, 0xea, 0x02, 0xec, 0xff, 0xec,
  0x00, 0xed, 0x00, 0xee, 0x00, 0xef, 0x00, 0xf0, 0x00, 0xf1, 0x01, 0xf1,
  0xfe, 0xf1, 0x02, 0xf3, 0xff, 0xf3, 0xff, 0xf4, 0x02, 0xf6, 0xff, 0xf6,
  0x00, 0xf8, 0x01, 0xf9, 0xff, 0xf9, 0x00, 0xfb, 0x01, 0xfc, 0xfe, 0xfd,
  0x03, 0xff, 0xfc, 0xff, 0x04, 0x01, 0xfd, 0x01, 0x02, 0x03, 0xff, 0x03,
  0xff, 0x05, 0x02, 0x07, 0xff, 0x07, 0x01, 0x09, 0xff, 0x09, 0x00, 0x0b,
  0x01, 0x0d, 0xfe, 0x0d, 0x03, 0x0e, 0xfd, 0x0e, 0x03, 0x10, 0xfd, 0x10,
  0x02, 0x12, 0xfe, 0x12, 0x03, 0x14, 0xfd, 0x14, 0x02, 0x16, 0xff, 0x16,
  0x00, 0x18, 0x01, 0x18, 0xff, 0x18, 0x00, 0x1a, 0x01, 0x1a, 0xff, 0x1a,
  0x00, 0x1c, 0x00, 0x1c, 0x01, 0x1d, 0xfe, 0x1c, 0x03, 0x1e, 0xfd, 0x1d,
  0x01, 0x1f, 0x01, 0x1f, 0xfe, 0x1e, 0x02, 0x20, 0xff, 0x1f, 0x00, 0x20,
  0x00, 0x20, 0x00, 0x21, 0x00, 0x21, 0x00, 0x21, 0x00, 0x21, 0x00, 0x21,
  0x01, 0x21, 0xfe, 0x20, 0x02, 0x22, 0xfe, 0x21, 0x02, 0x22, 0xff, 0x21,
  0x01, 0x22, 0xfe, 0x20, 0x03, 0x21, 0xfc, 0x20, 0x04, 0x21, 0xfd, 0x20,
  0x02, 0x21, 0x00, 0x21, 0xff, 0x20, 0x00, 0x21, 0x01, 0x20, 0xff, 0x1f,
  0x01, 0x20, 0x00, 0x20, 0xff, 0x1f, 0x01, 0x20, 0x00, 0x1f, 0xff, 0x1e,
  0x01, 0x1f, 0xff, 0x1e, 0x02, 0x1f, 0xfd, 0x1d, 0x03, 0x1e, 0xfd, 0x1d,
  0x03, 0x1e, 0xfe, 0x1c, 0x01, 0x1d, 0xff, 0x1c, 0x01, 0x1c, 0x00, 0x1c,
  0x00, 0x1c, 0xff, 0x1b, 0x02, 0x1b, 0xfd, 0x1a, 0x04, 0x1a, 0xfc, 0x19,
  0x03, 0x19, 0xff, 0x18, 0xff, 0x17, 0x03, 0x18, 0xfb, 0x16, 0x05, 0x17,
  0xfc, 0x15, 0x03, 0x16, 0xfe, 0x14, 0x02, 0x14, 0xfe, 0x12, 0x01, 0x13,
  0x00, 0x12, 0xff, 0x10, 0x02, 0x10, 0xff, 0x0f, 0xff, 0x0e, 0x02, 0x0e,
  0xfe, 0x0c, 0x01, 0x0c, 0x00, 0x0b, 0xff, 0x09, 0x01, 0x09, 0xff, 0x07,
  0x01, 0x07, 0xff, 0x05, 0x02, 0x05, 0xfd, 0x03, 0x03, 0x03, 0xfd, 0x01,
  0x03, 0x01, 0xff, 0xff, 0xff, 0xfe, 0x02, 0xfe, 0xfd, 0xfb, 0x04, 0xfb,
  0xfd, 0xf9, 0x01, 0xf9, 0x00, 0xf8, 0xff, 0xf6, 0x02, 0xf6, 0xfe, 0xf4,
  0x02, 0xf4, 0xfd, 0xf2, 0x04, 0xf1, 0xfc, 0xef, 0x03, 0xef, 0xff, 0xed,
  0xff, 0xec, 0x02, 0xec, 0xff, 0xea, 0x00, 0xea, 0x00, 0xe9, 0x00, 0xe9,
  0x00, 0xe8, 0x01, 0xe7, 0xfe, 0xe5, 0x02, 0xe5, 0xfe, 0xe4, 0x02, 0xe4,
  0xfe, 0xe2, 0x01, 0xe3, 0x00, 0xe2, 0x00, 0xe2, 0x01, 0xe1, 0xfe, 0xe0,
  0x01, 0xe0, 0x00, 0xe0, 0x00, 0xdf, 0x00, 0xdf, 0x00, 0xdf, 0x00, 0xde,
  0x00, 0xde, 0x01, 0xde, 0xfe, 0xdd, 0x01, 0xde, 0x00, 0xdd, 0x00, 0xdd,
  0x00, 0xdd, 0x01, 0xdd, 0xfe, 0xdc, 0x02, 0xdd, 0xfe, 0xdc, 0x02, 0xdd,
  0xfe, 0xdc, 0x02, 0xdd, 0xfe, 0xdc, 0x01, 0xdd, 0x00, 0xdd, 0x00, 0xdd,
  0xff, 0xdc, 0x02, 0xde, 0xfd, 0xdd, 0x03, 0xde, 0xfe, 0xdd, 0x01, 0xde,
  0x00, 0xdf, 0x00, 0xdf, 0xff, 0xde, 0x01, 0xdf, 0x01, 0xdf, 0xfd, 0xdf,
  0x04, 0xe0, 0xfc, 0xdf, 0x03, 0xe0, 0xff, 0xe0, 0x00, 0xe1, 0x00, 0xe1,
  0x01, 0xe2, 0xfe, 0xe1, 0x03, 0xe2, 0xfd, 0xe1, 0x02, 0xe3, 0xff, 0xe2,
  0x01, 0xe4, 0xff, 0xe3, 0x01, 0xe4, 0xfe, 0xe3, 0x03, 0xe5, 0xfd, 0xe4,
  0x02, 0xe6, 0xff, 0xe5, 0x00, 0xe7, 0x00, 0xe7, 0x01, 0xe8, 0xfe, 0xe7,
  0x02, 0xe9, 0xff, 0xe8, 0x00, 0xea, 0x01, 0xea, 0xff, 0xea, 0x00, 0xec,
  0x00, 0xec, 0x01, 0xed, 0xff, 0xed, 0x01, 0xef, 0xff, 0xef, 0x00, 0xf0,
  0x00, 0xf1, 0x00, 0xf2, 0x01, 0xf3, 0xff, 0xf3, 0x00, 0xf5, 0x00, 0xf6,
  0x00, 0xf7, 0x01, 0xf7, 0xff, 0xf8, 0x00, 0xfa, 0x00, 0xfb, 0x00, 0xfc,
  0x00, 0xfd, 0x01, 0xfe, 0xff, 0xfe, 0x00, 0x00, 0x00, 0x01, 0x00, 0x03,
  0x00, 0x04, 0x00, 0x05, 0x00, 0x06, 0x00, 0x07, 0x00, 0x08, 0x00, 0x09,
  0x00, 0x0b, 0xff, 0x0b, 0x01, 0x0d, 0xff, 0x0d, 0x01, 0x0f, 0x00, 0x10,
  0xff, 0x10, 0x01, 0x12, 0xff, 0x12, 0x01, 0x14, 0x00, 0x15, 0xff, 0x14,
  0x01, 0x16, 0x00, 0x17, 0xff, 0x17, 0x02, 0x19, 0xfe, 0x18, 0x02, 0x1a,
  0xfe, 0x1a, 0x01, 0x1b, 0x00, 0x1c, 0x00, 0x1c, 0x00, 0x1d, 0xff, 0x1d,
  0x02, 0x1e, 0xfd, 0x1d, 0x05, 0x1f, 0xfa, 0x1e, 0x04, 0x1f, 0xfe, 0x1f,
  0x02, 0x20, 0xfe, 0x1f, 0x02, 0x21, 0xfd, 0x20, 0x03, 0x21, 0xfe, 0x20,
  0x01, 0x21, 0x00, 0x21, 0xff, 0x21, 0x02, 0x22, 0xfe, 0x21, 0x01, 0x22,
  0x00, 0x22, 0x00, 0x22, 0x00, 0x22, 0x01, 0x22, 0xfe, 0x21, 0x02, 0x21,
  0xfe, 0x20, 0x03, 0x21, 0xfc, 0x20, 0x04, 0x21, 0xfd, 0x20, 0x02, 0x21,
  0xff, 0x1f, 0x00, 0x20, 0x00, 0x20, 0x00, 0x20, 0x00, 0x20, 0x01, 0x1f,
  0xfe, 0x1e, 0x02, 0x1f, 0xff, 0x1e, 0x00, 0x1e, 0x01, 0x1e, 0xff, 0x1d,
  0x00, 0x1e, 0x02, 0x1d, 0xfc, 0x1c, 0x05, 0x1d, 0xfc, 0x1b, 0x03, 0x1c,
  0xfe, 0x1b, 0x00, 0x1b, 0x01, 0x1b, 0x00, 0x1b, 0xff, 0x1a, 0x02, 0x1a,
  0xfd, 0x19, 0x03, 0x19, 0xfd, 0x18, 0x03, 0x18, 0xfe, 0x17, 0x02, 0x17,
  0xfd, 0x16, 0x03, 0x16, 0xfc, 0x15, 0x05, 0x15, 0xfc, 0x13, 0x02, 0x13,
  0xff, 0x12, 0xff, 0x11, 0x03, 0x11, 0xfc, 0x0f, 0x03, 0x0f, 0xff, 0x0e,
  0xff, 0x0d, 0x02, 0x0d, 0xfe, 0x0b, 0x02, 0x0b, 0xfe, 0x09, 0x02, 0x09,
  0xfd, 0x06, 0x04, 0x07, 0xfd, 0x05, 0x02, 0x05, 0xff, 0x02, 0xff, 0x01,
  0x02, 0x01, 0xfe, 0xff, 0x02, 0xff, 0xff, 0xfc, 0xff, 0xfb, 0x03, 0xfb,
  0xfc, 0xf9, 0x04, 0xf8, 0xfd, 0xf6, 0x02, 0xf6, 0xff, 0xf4, 0x01, 0xf4,
  0xff, 0xf2, 0x01, 0xf2, 0xff, 0xf0, 0x01, 0xf0, 0xff, 0xed, 0x02, 0xed,
  0xfd, 0xeb, 0x03, 0xeb, 0xfd, 0xe9, 0x02, 0xe9, 0x00, 0xe9, 0xff, 0xe7,
  0x01, 0xe7, 0xff, 0xe5, 0x00, 0xe5, 0x01, 0xe5, 0xff, 0xe3, 0x01, 0xe3,
  0xff, 0xe2, 0x01, 0xe2, 0xfe, 0xe1, 0x03, 0xe1, 0xfd, 0xe0, 0x03, 0xe0,
  0xfe, 0xdf, 0x00, 0xe0, 0x01, 0xdf, 0xff, 0xde, 0x01, 0xdf, 0xff, 0xdd,
  0x01, 0xde, 0xff, 0xdd, 0x01, 0xde, 0xff, 0xdd, 0x00, 0xdd, 0x01, 0xdd,
  0xff, 0xdc, 0x01, 0xdd, 0xfe, 0xdc, 0x02, 0xdd, 0xff, 0xdc, 0x01, 0xdd,
  0xff, 0xdc, 0x00, 0xdd, 0x01, 0xdd, 0xfe, 0xdc, 0x03, 0xdd, 0xfd, 0xdd,
  0x03, 0xde, 0xfd, 0xdd, 0x03, 0xde, 0xfd, 0xdd, 0x03, 0xde, 0xfd, 0xde,
  0x03, 0xdf, 0xfc, 0xde, 0x06, 0xdf, 0xfa, 0xde, 0x04, 0xe0, 0xfe, 0xdf,
  0x01, 0xe0, 0x00, 0xe0, 0x00, 0xe1, 0xff, 0xe0, 0x01, 0xe1, 0x00, 0xe1,
  0x00, 0xe2, 0x00, 0xe2, 0x00, 0xe2, 0x00, 0xe3, 0xff, 0xe2, 0x03, 0xe3,
  0xfb, 0xe2, 0x07, 0xe4, 0xf8, 0xe3, 0x07, 0xe4, 0xfb, 0xe4, 0x03, 0xe5,
  0xfe, 0xe4, 0x01, 0xe6, 0xff, 0xe5, 0x02, 0xe7, 0xfe, 0xe6, 0x00, 0xe8,
  0x01, 0xe8, 0xff, 0xe8, 0x01, 0xe9, 0xff, 0xe9, 0x00, 0xeb, 0x00, 0xeb,
  0x01, 0xec, 0xfe, 0xec, 0x02, 0xed, 0xff, 0xed, 0x00, 0xef, 0x00, 0xf0,
  0x00, 0xf0, 0x00, 0xf1, 0x01, 0xf2, 0xfe, 0xf2, 0x02, 0xf4, 0xfe, 0xf4,
  0x02, 0xf6, 0xff, 0xf5, 0x00, 0xf7, 0x01, 0xf8, 0xfe, 0xf8, 0x01, 0xfa,
  0x02, 0xfc, 0xfd, 0xfc, 0x03, 0xfe, 0xfd, 0xfe, 0x02, 0x00, 0x00, 0x01,
  0x00, 0x02, 0x00, 0x03, 0xff, 0x03, 0x01, 0x05, 0x01, 0x06, 0xfe, 0x07,
  0x02, 0x09, 0xfe, 0x09, 0x01, 0x0b, 0x01, 0x0c, 0xfe, 0x0c, 0x01, 0x0e,
  0x00, 0x0f, 0xff, 0x0f, 0x02, 0x11, 0xfe, 0x11, 0x01, 0x13, 0xff, 0x13,
  0x01, 0x15, 0x00, 0x16, 0x00, 0x17, 0x00, 0x18, 0xff, 0x17, 0x01, 0x19,
  0x00, 0x1a, 0x00, 0x1a, 0x01, 0x1b, 0xfd, 0x1b, 0x04, 0x1c, 0xfc, 0x1c,
  0x03, 0x1d, 0xff, 0x1d, 0xff, 0x1d, 0x02, 0x1f, 0xff, 0x1e, 0xff, 0x1e,
  0x01, 0x1f, 0x00, 0x20, 0xff, 0x1f, 0x02, 0x20, 0xfe, 0x20, 0x01, 0x21,
  0x00, 0x21, 0x00, 0x21, 0xff, 0x20, 0x01, 0x22, 0xff, 0x21, 0x01, 0x22,
  0x00, 0x22, 0x00, 0x22, 0xff, 0x21, 0x01, 0x22, 0xff, 0x21, 0x01, 0x22,
  0x00, 0x22, 0xfe, 0x21, 0x04, 0x22, 0xfc, 0x21, 0x03, 0x22, 0xfd, 0x21,
  0x03, 0x21, 0xfe, 0x20, 0x02, 0x21, 0xfe, 0x20, 0x01, 0x21, 0x00, 0x21,
  0x00, 0x20, 0x00, 0x20, 0x00, 0x20, 0x00, 0x20, 0x00, 0x20, 0x00, 0x1f,
  0x00, 0x1f, 0x00, 0x1f, 0x00, 0x1f, 0xff, 0x1d, 0x02, 0x1e, 0xfe, 0x1d,
  0x02, 0x1d, 0xfe, 0x1c, 0x01, 0x1d, 0x00, 0x1d, 0xff, 0x1c, 0x02, 0x1c,
  0xfe, 0x1b, 0x02, 0x1c, 0xfe, 0x1a, 0x01, 0x1b, 0x00, 0x1b, 0xff, 0x19,
  0x02, 0x1a, 0xfe, 0x19, 0x01, 0x19, 0x00, 0x19, 0x00, 0x18, 0xff, 0x17,
  0x01, 0x17, 0x00, 0x16, 0xff, 0x15, 0x02, 0x15, 0xfe, 0x14, 0x00, 0x14,
  0x02, 0x13, 0xfd, 0x11, 0x03, 0x12, 0xfe, 0x10, 0x01, 0x10, 0x00, 0x0f,
  0x00, 0x0e, 0xff, 0x0c, 0x02, 0x0c, 0xff, 0x0a, 0x00, 0x0a, 0x00, 0x09,
  0x01, 0x08, 0xfe, 0x06, 0x03, 0x05, 0xfc, 0x03, 0x04, 0x03, 0xfd, 0x01,
  0x02, 0x01, 0xff, 0xfe, 0xff, 0xfd, 0x02, 0xfd, 0xfe, 0xfb, 0x02, 0xfa,
  0xff, 0xf8, 0x00, 0xf8, 0xff, 0xf6, 0x02, 0xf6, 0xfd, 0xf4, 0x04, 0xf3,
  0xfd, 0xf1, 0x02, 0xf1, 0xfe, 0xef, 0x01, 0xef, 0x00, 0xee, 0x00, 0xed,
  0x00, 0xec, 0x00, 0xeb, 0xff, 0xe9, 0x02, 0xe9, 0xff, 0xe7, 0xff, 0xe6,
  0x02, 0xe6, 0xfd, 0xe5, 0x04, 0xe5, 0xfc, 0xe3, 0x04, 0xe4, 0xfc, 0xe2,
  0x04, 0xe2, 0xfd, 0xe1, 0x01, 0xe1, 0x00, 0xe1, 0xff, 0xe0, 0x02, 0xe0,
  0xfe, 0xdf, 0x02, 0xdf, 0xfd, 0xde, 0x03, 0xdf, 0xfe, 0xde, 0x01, 0xdf,
  0x00, 0xde, 0x00, 0xde, 0xff, 0xdd, 0x01, 0xde, 0x00, 0xde, 0xff, 0xdd,
  0x03, 0xde, 0xfb, 0xdd, 0x05, 0xde, 0xfc, 0xdd, 0x03, 0xde, 0xfe, 0xdd,
  0x01, 0xde, 0xff, 0xdd, 0x02, 0xde, 0xfe, 0xdd, 0x01, 0xdf, 0x00, 0xdf,
  0xfe, 0xde, 0x04, 0xdf, 0xfc, 0xde, 0x03, 0xe0, 0xff, 0xdf, 0xff, 0xdf,
  0x01, 0xe0, 0xff, 0xdf, 0x01, 0xe0, 0x00, 0xe1, 0x00, 0xe1, 0xff, 0xe0,
  0x01, 0xe2, 0x00, 0xe2, 0x00, 0xe2, 0x00, 0xe3, 0xff, 0xe2, 0x02, 0xe3,
  0xfe, 0xe3, 0x02, 0xe4, 0xfe, 0xe3, 0x01, 0xe5, 0x00, 0xe5, 0x00, 0xe6,
  0x00, 0xe6, 0x00, 0xe7, 0x00, 0xe7, 0x00, 0xe8, 0x00, 0xe8, 0x00, 0xe9,
  0x01, 0xe9, 0xfe, 0xe9, 0x02, 0xeb, 0xfe, 0xeb, 0x02, 0xec, 0xff, 0xec,
  0x01, 0xee, 0xfe, 0xed, 0x02, 0xef, 0xff, 0xef, 0x01, 0xf1, 0xff, 0xf1,
  0x00, 0xf2, 0x00, 0xf3, 0x01, 0xf4, 0xff, 0xf5, 0x01, 0xf7, 0xfe, 0xf7,
  0x02, 0xf9, 0xfe, 0xf9, 0x02, 0xfb, 0xff, 0xfb, 0x00, 0xfd, 0x01, 0xfe,
  0xfe, 0xfe, 0x02, 0x00, 0xff, 0x00, 0x00, 0x03, 0x00, 0x04, 0x01, 0x05,
  0xfe, 0x05, 0x03, 0x07, 0xfd, 0x08, 0x02, 0x0a, 0xff, 0x0a, 0x00, 0x0c,
  0x01, 0x0d, 0xff, 0x0d, 0x00, 0x0f, 0x01, 0x11, 0xff, 0x10, 0x00, 0x12,
  0x01, 0x13, 0xfe, 0x14, 0x02, 0x15, 0xff, 0x15, 0x00, 0x17, 0x00, 0x18,
  0x00, 0x19, 0x01, 0x19, 0xfe, 0x19, 0x02, 0x1b, 0xfe, 0x1a, 0x02, 0x1c,
  0xff, 0x1b, 0x00, 0x1d, 0x01, 0x1d, 0xfe, 0x1d, 0x03, 0x1e, 0xfe, 0x1e,
  0x00, 0x1f, 0x01, 0x20, 0xff, 0x1f, 0x01, 0x20, 0x01, 0x21, 0xfd, 0x20,
  0x03, 0x21, 0xfd, 0x20, 0x04, 0x21, 0xfc, 0x21, 0x03, 0x22, 0xfe, 0x21,
  0x02, 0x22, 0xfe, 0x21, 0x01, 0x22, 0x00, 0x22, 0x00, 0x22, 0x01, 0x22,
  0xfe, 0x21, 0x01, 0x22, 0x01, 0x22, 0xfe, 0x21, 0x02, 0x22, 0xff, 0x20,
  0x00, 0x21, 0x00, 0x21, 0x00, 0x21, 0x01, 0x21, 0xff, 0x20, 0x01, 0x21,
  0xff, 0x1f, 0x00, 0x20, 0x01, 0x20, 0xff, 0x1f, 0x01, 0x20, 0x00, 0x1f,
  0xff, 0x1e, 0x01, 0x1f, 0xff, 0x1d, 0x01, 0x1e, 0x00, 0x1e, 0x00, 0x1e,
  0xff, 0x1d, 0x02, 0x1d, 0xfe, 0x1c, 0x01, 0x1d, 0x00, 0x1d, 0x00, 0x1c,
  0x00, 0x1c, 0x01, 0x1c, 0xfd, 0x1a, 0x04, 0x1b, 0xfb, 0x19, 0x06, 0x1a,
  0xfb, 0x19, 0x03, 0x19, 0xfe, 0x18, 0x01, 0x18, 0xff, 0x17, 0x02, 0x17,
  0xfd, 0x15, 0x03, 0x16, 0xfd, 0x14, 0x03, 0x15, 0xfd, 0x13, 0x03, 0x13,
  0xfe, 0x11, 0x01, 0x11, 0x00, 0x11, 0xff, 0x0f, 0x01, 0x0f, 0x00, 0x0e,
  0x00, 0x0d, 0x00, 0x0c, 0xff, 0x0a, 0x01, 0x0a, 0x00, 0x09, 0x00, 0x08,
  0x00, 0x07, 0xff, 0x05, 0x02, 0x05, 0xfe, 0x03, 0x02, 0x03, 0xff, 0x01,
  0xff, 0x00, 0x03, 0xff, 0xfd, 0xfd, 0x02, 0xfd, 0xff, 0xfb, 0xff, 0xfa,
  0x03, 0xfa, 0xfd, 0xf8, 0x03, 0xf7, 0xfc, 0xf5, 0x04, 0xf5, 0xfd, 0xf3,
  0x03, 0xf3, 0xfe, 0xf1, 0x00, 0xf1, 0x01, 0xf0, 0xff, 0xee, 0x02, 0xee,
  0xfe, 0xeb, 0x01, 0xeb, 0x00, 0xea, 0xff, 0xe8, 0x02, 0xe9, 0xfd, 0xe7,
  0x03, 0xe7, 0xff, 0xe5, 0x00, 0xe5, 0xff, 0xe4, 0x01, 0xe4, 0xfe, 0xe2,
  0x04, 0xe3, 0xfd, 0xe1, 0x01, 0xe2, 0xff, 0xe0, 0x02, 0xe1, 0xfd, 0xdf,
  0x04, 0xe0, 0xfc, 0xde, 0x03, 0xdf, 0xff, 0xde, 0x00, 0xde, 0x00, 0xde,
  0x00, 0xde, 0x01, 0xdd, 0xfe, 0xdc, 0x02, 0xdd, 0xff, 0xdc, 0x01, 0xdd,
  0xff, 0xdc, 0x01, 0xdd, 0xfe, 0xdc, 0x02, 0xdd, 0xff, 0xdc, 0x01, 0xdd,
  0xff, 0xdc, 0x01, 0xdd, 0xff, 0xdc, 0xff, 0xdc, 0x03, 0xdd, 0xfc, 0xdc,
  0x04, 0xdd, 0xfe, 0xdc, 0xff, 0xdc, 0x02, 0xde, 0xfe, 0xdd, 0x01, 0xde,
  0x01, 0xde, 0xfe, 0xdd, 0x02, 0xdf, 0xfe, 0xde, 0x02, 0xdf, 0xff, 0xde,
  0x01, 0xe0, 0xfe, 0xdf, 0x02, 0xe0, 0xff, 0xdf, 0x00, 0xe1, 0x01, 0xe1,
  0xfe, 0xe0, 0x03, 0xe1, 0xfc, 0xe1, 0x03, 0xe2, 0xfe, 0xe1, 0x01, 0xe2,
  0x01, 0xe3, 0xfd, 0xe2, 0x03, 0xe3, 0xfe, 0xe2, 0x01, 0xe4, 0x00, 0xe4,
  0xfe, 0xe4, 0x03, 0xe5, 0xfd, 0xe4, 0x04, 0xe6, 0xfc, 0xe5, 0x02, 0xe7,
  0x00, 0xe7, 0xff, 0xe7, 0x02, 0xe8, 0xfe, 0xe7, 0x01, 0xe9, 0x00, 0xea,
  0x00, 0xea, 0x00, 0xeb, 0x00, 0xeb, 0x00, 0xec, 0x00, 0xed, 0xff, 0xec,
  0x02, 0xee, 0xfe, 0xee, 0x02, 0xf0, 0xfe, 0xf0, 0x01, 0xf1, 0x00, 0xf2,
  0x00, 0xf3, 0x00, 0xf4, 0xff, 0xf4, 0x02, 0xf6, 0xfe, 0xf6, 0x02, 0xf8,
  0xfe, 0xf8, 0x01, 0xfa, 0x00, 0xfb, 0x00, 0xfc, 0x00, 0xfd, 0x00, 0xfe,
  0x00, 0xff, 0xff, 0xff, 0x02, 0x01, 0xfe, 0x02, 0x01, 0x04, 0x00, 0x05,
  0xff, 0x05, 0x01, 0x07, 0x00, 0x08, 0xff, 0x08, 0x01, 0x0a, 0x00, 0x0b,
  0xff, 0x0b, 0x01, 0x0e, 0x00, 0x0f, 0xfe, 0x0f, 0x03, 0x11, 0xfd, 0x11,
  0x03, 0x12, 0xfe, 0x12, 0x00, 0x15, 0x01, 0x16, 0xfe, 0x15, 0x02, 0x17,
  0xff, 0x17, 0x01, 0x19, 0xfe, 0x18, 0x03, 0x1a, 0xfc, 0x1a, 0x04, 0x1b,
  0xfd, 0x1b, 0x02, 0x1c, 0xff, 0x1c, 0x00, 0x1d, 0x01, 0x1e, 0xfe, 0x1d,
  0x03, 0x1f, 0xfc, 0x1e, 0x04, 0x1f, 0xfd, 0x1f, 0x01, 0x20, 0x01, 0x20,
  0xfe, 0x1f, 0x02, 0x21, 0xfe, 0x20, 0x01, 0x21, 0x01, 0x21, 0xfd, 0x20,
  0x04, 0x21, 0xfb, 0x21, 0x06, 0x22, 0xfb, 0x21, 0x03, 0x22, 0xfd, 0x21,
  0x03, 0x22, 0xfd, 0x21, 0x04, 0x22, 0xfb, 0x21, 0x05, 0x22, 0xfc, 0x21,
  0x03, 0x22, 0xfe, 0x20, 0x01, 0x21, 0x00, 0x21, 0x00, 0x21, 0x00, 0x21,
  0x00, 0x21, 0x00, 0x20, 0x00, 0x20, 0x00, 0x20, 0x00, 0x20, 0x00, 0x20,
  0x00, 0x1f, 0x00, 0x1f, 0x00, 0x1f, 0x01, 0x1e, 0xfe, 0x1d, 0x02, 0x1e,
  0xfe, 0x1d, 0x03, 0x1d, 0xfc, 0x1c, 0x04, 0x1c, 0xfc, 0x1b, 0x04, 0x1c,
  0xfd, 0x1b, 0x01, 0x1b, 0x00, 0x1b, 0x00, 0x1a, 0x01, 0x1a, 0xfe, 0x19,
  0x02, 0x19, 0xfe, 0x18, 0x02, 0x18, 0xff, 0x16, 0x00, 0x17, 0x00, 0x16,
  0x00, 0x16, 0x00, 0x15, 0x00, 0x14, 0x00, 0x13, 0x00, 0x13, 0x00, 0x12,
  0x00, 0x11, 0x00, 0x10, 0xff, 0x0f, 0x02, 0x0f, 0xfe, 0x0d, 0x02, 0x0d,
  0xfe, 0x0b, 0x02, 0x0b, 0xfe, 0x09, 0x02, 0x09, 0xff, 0x07, 0xff, 0x06,
  0x03, 0x05, 0xfc, 0x03, 0x04, 0x03, 0xfd, 0x01, 0x01, 0x01, 0x01, 0xff,
  0xfe, 0xfd, 0x02, 0xfe, 0xff, 0xfb, 0x00, 0xfb, 0x00, 0xfa, 0x01, 0xf8,
  0xfe, 0xf6, 0x03, 0xf6, 0xfc, 0xf4, 0x04, 0xf4, 0xfd, 0xf2, 0x03, 0xf2,
  0xfc, 0xf0, 0x05, 0xf0, 0xfb, 0xee, 0x04, 0xee, 0xfe, 0xec, 0x00, 0xec,
  0x02, 0xeb, 0xfd, 0xe9, 0x02, 0xe9, 0xff, 0xe7, 0x01, 0xe7, 0x00, 0xe7,
  0xff, 0xe5, 0x01, 0xe5, 0xfe, 0xe3, 0x03, 0xe4, 0xfd, 0xe2, 0x03, 0xe2,
  0xfd, 0xe1, 0x03, 0xe2, 0xfe, 0xe0, 0x00, 0xe1, 0x02, 0xe0, 0xfd, 0xdf,
  0x03, 0xe0, 0xfe, 0xde, 0x01, 0xdf, 0x00, 0xdf, 0x00, 0xdf, 0xff, 0xdd,
  0x01, 0xde, 0xff, 0xdd, 0x02, 0xde, 0xfd, 0xdd, 0x04, 0xde, 0xfc, 0xdd,
  0x03, 0xde, 0xfe, 0xdd, 0x00, 0xde, 0x02, 0xde, 0xfe, 0xdd, 0x02, 0xde,
  0xfe, 0xdd, 0x01, 0xde, 0x00, 0xdf, 0x00, 0xdf, 0x00, 0xdf, 0x00, 0xdf,
  0x00, 0xdf, 0x00, 0xdf, 0x00, 0xe0, 0x00, 0xe0, 0x00, 0xe0, 0x00, 0xe0,
  0x00, 0xe1, 0x00, 0xe1, 0xff, 0xe0, 0x02, 0xe1, 0xfe, 0xe0, 0x02, 0xe2,
  0xff, 0xe1, 0x00, 0xe2, 0x01, 0xe3, 0xfe, 0xe2, 0x02, 0xe3, 0xff, 0xe2,
  0x01, 0xe4, 0xff, 0xe3, 0x01, 0xe5, 0xfe, 0xe4, 0x03, 0xe6, 0xfc, 0xe5,
  0x05, 0xe7, 0xfb, 0xe6, 0x04, 0xe8, 0xfd, 0xe7, 0x01, 0xe9, 0x02, 0xe9,
  0xfd, 0xe9, 0x03, 0xeb, 0xfd, 0xea, 0x02, 0xec, 0xff, 0xec, 0x01, 0xee,
  0xff, 0xed, 0x02, 0xef, 0xfd, 0xef, 0x03, 0xf1, 0xfd, 0xf1, 0x03, 0xf3,
  0xfe, 0xf3, 0x01, 0xf4, 0xff, 0xf4, 0x01, 0xf7, 0x00, 0xf8, 0xff, 0xf8,
  0x01, 0xfa, 0xff, 0xfa, 0x00, 0xfc, 0x02, 0xfd, 0xfd, 0xfd, 0x03, 0xff,
  0xfe, 0x00, 0x00, 0x02, 0x02, 0x03, 0xfe, 0x03, 0x01, 0x05, 0x00, 0x07,
  0x00, 0x08, 0x00, 0x09, 0x00, 0x0a, 0x00, 0x0c, 0x00, 0x0d, 0x00, 0x0e,
  0x00, 0x0f, 0x00, 0x10, 0x00, 0x11, 0x01, 0x12, 0xfe, 0x12, 0x01, 0x14,
  0x00, 0x15, 0x00, 0x16, 0x01, 0x17, 0xfe, 0x16, 0x01, 0x18, 0x00, 0x19,
  0x00, 0x1a, 0x00, 0x1a, 0x00, 0x1b, 0xff, 0x1a, 0x02, 0x1c, 0xfe, 0x1b,
  0x02, 0x1d, 0xfe, 0x1c, 0x02, 0x1e, 0xff, 0x1d, 0x00, 0x1f, 0x00, 0x1f,
  0x00, 0x1f, 0x00, 0x20, 0x01, 0x20, 0xff, 0x1f, 0xff, 0x20, 0x02, 0x21,
  0xfe, 0x20, 0x02, 0x21, 0xff, 0x20, 0xff, 0x21, 0x01, 0x22, 0x01, 0x22,
  0xfe, 0x21, 0x03, 0x22, 0xfc, 0x21, 0x03, 0x22, 0xfe, 0x21, 0x02, 0x22,
  0xfe, 0x21, 0x01, 0x22, 0x01, 0x22, 0xfd, 0x21, 0x04, 0x22, 0xfc, 0x21,
  0x03, 0x21, 0xff, 0x20, 0x00, 0x21, 0x00, 0x21, 0x01, 0x21, 0xfe, 0x20,
  0x02, 0x20, 0xff, 0x1f, 0xff, 0x1f, 0x03, 0x20, 0xfc, 0x1f, 0x04, 0x20,
  0xfc, 0x1e, 0x03, 0x1f, 0xfe, 0x1e, 0x01, 0x1f, 0x00, 0x1e, 0xff, 0x1d,
  0x02, 0x1e, 0xfd, 0x1d, 0x03, 0x1d, 0xfd, 0x1c, 0x03, 0x1d, 0xfe, 0x1c,
  0x01, 0x1c, 0x00, 0x1c, 0xff, 0x1b, 0x01, 0x1b, 0x00, 0x1b, 0xff, 0x1a,
  0x03, 0x1a, 0xfc, 0x19, 0x04, 0x19, 0xfc, 0x18, 0x04, 0x18, 0xfd, 0x16,
  0x02, 0x17, 0xff, 0x16, 0x00, 0x16, 0x01, 0x15, 0xfe, 0x14, 0x03, 0x14,
  0xfc, 0x12, 0x04, 0x12, 0xfd, 0x11, 0x01, 0x11, 0x01, 0x10, 0xfe, 0x0e,
  0x02, 0x0e, 0xff, 0x0c, 0xff, 0x0b, 0x02, 0x0c, 0xfe, 0x0a, 0x02, 0x0a,
  0xff, 0x08, 0xff, 0x06, 0x02, 0x06, 0xfe, 0x04, 0x02, 0x05, 0xfe, 0x03,
  0x02, 0x02, 0xfe, 0x00, 0x02, 0x00, 0xff, 0xfe, 0x00, 0xfe, 0x01, 0xfc,
  0xfe, 0xfa, 0x02, 0xfa, 0xfe, 0xf8, 0x02, 0xf8, 0xff, 0xf6, 0x00, 0xf6,
  0x01, 0xf5, 0xfe, 0xf3, 0x02, 0xf3, 0xfe, 0xf0, 0x02, 0xf0, 0xff, 0xee,
  0x01, 0xee, 0xfe, 0xec, 0x02, 0xec, 0xfe, 0xea, 0x03, 0xea, 0xfd, 0xe8,
  0x02, 0xe8, 0xfe, 0xe6, 0x02, 0xe7, 0xff, 0xe5, 0x00, 0xe5, 0x00, 0xe5,
  0x00, 0xe4, 0x00, 0xe3, 0x00, 0xe2, 0x00, 0xe2, 0x00, 0xe2, 0x00, 0xe1,
  0xff, 0xe0, 0x02, 0xe0, 0xfe, 0xde, 0x02, 0xdf, 0xfe, 0xde, 0x01, 0xdf,
  0x00, 0xdf, 0x00, 0xde, 0x00, 0xde, 0xff, 0xdc, 0x02, 0xdd, 0xfd, 0xdc,
  0x04, 0xdd, 0xfc, 0xdc, 0x03, 0xdd, 0xfe, 0xdc, 0x01, 0xdd, 0xff, 0xdc,
  0x01, 0xdd, 0x00, 0xdd, 0xff, 0xdc, 0x02, 0xdd, 0xfe, 0xdc, 0x01, 0xdd,
  0x00, 0xdd, 0x00, 0xdd, 0xff, 0xdc, 0x02, 0xde, 0xfe, 0xdd, 0x01, 0xde,
  0x00, 0xde, 0x00, 0xde, 0xff, 0xdd, 0x02, 0xdf, 0xfe, 0xde, 0x00, 0xdf,
  0x01, 0xdf, 0xff, 0xdf, 0x00, 0xe0, 0x02, 0xe0, 0xfd, 0xe0, 0x01, 0xe1,
  0x01, 0xe1, 0xfe, 0xe0, 0x02, 0xe1, 0xfe, 0xe1, 0x02, 0xe2, 0xff, 0xe2,
  0x01, 0xe3, 0xfe, 0xe2, 0x02, 0xe3, 0xff, 0xe3, 0x00, 0xe4, 0x01, 0xe4,
  0xfe, 0xe4, 0x02, 0xe5, 0xff, 0xe4, 0x00, 0xe6, 0x00, 0xe6, 0x00, 0xe7,
  0xff, 0xe6, 0x02, 0xe8, 0xfd, 0xe7, 0x04, 0xe8, 0xfb, 0xe8, 0x05, 0xea,
  0xfc, 0xe9, 0x02, 0xeb, 0xff, 0xea, 0x00, 0xec, 0x01, 0xed, 0xff, 0xed,
  0x01, 0xee, 0xff, 0xee, 0x00, 0xf0, 0x00, 0xf1, 0x01, 0xf1, 0xff, 0xf1,
  0x02, 0xf3, 0xfd, 0xf3, 0x03, 0xf5, 0xfd, 0xf5, 0x03, 0xf7, 0xfd, 0xf7,
  0x02, 0xf9, 0x00, 0xfa, 0xff, 0xfa, 0x01, 0xfc, 0xff, 0xfc, 0x00, 0xfe,
  0x01, 0xff, 0xff, 0xff, 0x01, 0x02, 0xff, 0x02, 0x00, 0x04, 0x01, 0x05,
  0xff, 0x05, 0x00, 0x07, 0x01, 0x08, 0xfe, 0x08, 0x02, 0x0a, 0x00, 0x0b,
  0xfd, 0x0c, 0x04, 0x0e, 0xfc, 0x0e, 0x03, 0x10, 0xfe, 0x0f, 0x02, 0x11,
  0xfe, 0x11, 0x01, 0x13, 0xff, 0x13, 0x00, 0x15, 0x02, 0x16, 0xfe, 0x16,
  0x01, 0x18, 0xff, 0x17, 0x00, 0x19, 0x01, 0x1a, 0x00, 0x1b, 0xff, 0x1a,
  0x02, 0x1c, 0xfe, 0x1b, 0x01, 0x1d, 0x00, 0x1d, 0x00, 0x1e, 0x01, 0x1e,
  0xfe, 0x1d, 0x03, 0x1f, 0xfc, 0x1e, 0x04, 0x20, 0xfd, 0x1f, 0x02, 0x20,
  0xff, 0x1f, 0x00, 0x20, 0x00, 0x20, 0x00, 0x21, 0x00, 0x21, 0x00, 0x21,
  0x01, 0x21, 0xfe, 0x20, 0x02, 0x21, 0xfe, 0x20, 0x01, 0x21, 0x01, 0x21,
  0xfe, 0x20, 0x01, 0x21, 0x00, 0x21, 0x00, 0x21, 0xff, 0x20, 0x02, 0x21,
  0xfd, 0x20, 0x04, 0x21, 0xfc, 0x20, 0x03, 0x20, 0xfe, 0x1f, 0x01, 0x20,
  0x00, 0x20, 0xff, 0x1f, 0x02, 0x1f, 0xfe, 0x1e, 0x01, 0x1f, 0x00, 0x1f,
  0xff, 0x1d, 0x01, 0x1e, 0x00, 0x1e, 0x00, 0x1e, 0x00, 0x1d, 0x00, 0x1d,
  0xff, 0x1c, 0x01, 0x1c, 0x00, 0x1c, 0xff, 0x1a, 0x03, 0x1b, 0xfb, 0x1a,
  0x06, 0x1a, 0xfa, 0x19, 0x04, 0x19, 0xfe, 0x18, 0x01, 0x18, 0x00, 0x18,
  0x00, 0x17, 0xff, 0x16, 0x01, 0x16, 0xff, 0x14, 0x01, 0x15, 0xff, 0x13,
  0x01, 0x13, 0xff, 0x12, 0x01, 0x12, 0xfe, 0x10, 0x02, 0x10, 0xff, 0x0e,
  0x01, 0x0e, 0xff, 0x0d, 0x00, 0x0d, 0x00, 0x0c, 0x01, 0x0b, 0xff, 0x09,
  0x01, 0x09, 0xff, 0x07, 0x00, 0x07, 0x01, 0x06, 0xff, 0x04, 0x00, 0x03,
  0x01, 0x02, 0xfe, 0x00, 0x02, 0x00, 0x00, 0xff, 0xfe, 0xfd, 0x02, 0xfd,
  0xfe, 0xfa, 0x01, 0xfa, 0x01, 0xf9, 0xff, 0xf6, 0x00, 0xf6, 0x00, 0xf6,
  0x00, 0xf4, 0xff, 0xf2, 0x02, 0xf2, 0xfe, 0xf0, 0x02, 0xf0, 0xfe, 0xee,
  0x01, 0xee, 0x00, 0xed, 0xff, 0xeb, 0x01, 0xeb, 0xff, 0xe9, 0x01, 0xe9,
  0xff, 0xe7, 0x01, 0xe8, 0xff, 0xe6, 0x00, 0xe6, 0x01, 0xe5, 0xfe, 0xe3,
  0x02, 0xe4, 0xff, 0xe2, 0x00, 0xe3, 0x00, 0xe2, 0x01, 0xe2, 0xfd, 0xe0,
  0x04, 0xe1, 0xfc, 0xdf, 0x03, 0xe0, 0xff, 0xdf, 0x00, 0xdf, 0x00, 0xdf,
  0x00, 0xdf, 0x00, 0xde, 0x00, 0xde, 0x00, 0xde, 0x01, 0xde, 0xfe, 0xdd,
  0x02, 0xde, 0xfe, 0xdc, 0x01, 0xdd, 0x00, 0xdd, 0x00, 0xde, 0x00, 0xde,
  0xff, 0xdd, 0x02, 0xde, 0xfd, 0xdd, 0x03, 0xde, 0xfe, 0xdd, 0x01, 0xde,
  0x00, 0xde, 0x00, 0xde, 0xff, 0xdd, 0x01, 0xdf, 0x00, 0xdf, 0xff, 0xde,
  0x02, 0xdf, 0xfe, 0xdf, 0x01, 0xe0, 0x00, 0xe0, 0x00, 0xe0, 0xff, 0xdf,
  0x02, 0xe0, 0xfe, 0xe0, 0x01, 0xe1, 0x01, 0xe1, 0xfe, 0xe0, 0x01, 0xe2,
  0x01, 0xe2, 0xfd, 0xe1, 0x05, 0xe3, 0xfb, 0xe2, 0x03, 0xe3, 0xff, 0xe2,
  0x00, 0xe4, 0x01, 0xe4, 0xff, 0xe4, 0xff, 0xe4, 0x03, 0xe5, 0xfc, 0xe5,
  0x05, 0xe6, 0xfb, 0xe6, 0x03, 0xe7, 0xff, 0xe7, 0x00, 0xe8, 0x01, 0xe9,
  0xff, 0xe8, 0x00, 0xea, 0x01, 0xeb, 0xfe, 0xea, 0x02, 0xec, 0xff, 0xec,
  0x00, 0xee, 0x01, 0xee, 0xfe, 0xee, 0x03, 0xf0, 0xfd, 0xf0, 0x03, 0xf1,
  0xfd, 0xf1, 0x03, 0xf3, 0xfe, 0xf3, 0x02, 0xf5, 0xfe, 0xf5, 0x01, 0xf7,
  0x00, 0xf8, 0x00, 0xf9, 0x00, 0xfa, 0xff, 0xfa, 0x02, 0xfc, 0xfe, 0xfc,
  0x02, 0xfe, 0xfe, 0xfe, 0x01, 0x00, 0x00, 0x01, 0x00, 0x02, 0x00, 0x03,
  0x00, 0x04, 0x00, 0x06, 0x00, 0x07, 0x00, 0x08, 0x00, 0x09, 0x01, 0x0a,
  0xfd, 0x0a, 0x05, 0x0c, 0xfa, 0x0c, 0x06, 0x0e, 0xfc, 0x0e, 0x01, 0x10,
  0x02, 0x11, 0xfd, 0x11, 0x03, 0x13, 0xfe, 0x13, 0x01, 0x15, 0x00, 0x16,
  0xff, 0x16, 0x02, 0x17, 0xfe, 0x17, 0x01, 0x19, 0x00, 0x19, 0xff, 0x19,
  0x02, 0x1b, 0xfd, 0x1a, 0x03, 0x1c, 0xfd, 0x1b, 0x03, 0x1d, 0xff, 0x1c,
  0xff, 0x1d, 0x01, 0x1e, 0xff, 0x1e, 0x01, 0x1f, 0x00, 0x1f, 0xff, 0x1f,
  0x00, 0x20, 0x01, 0x20, 0xff, 0x20, 0x01, 0x21, 0xfe, 0x20, 0x02, 0x21,
  0xff, 0x20, 0x00, 0x21, 0x01, 0x22, 0xfe, 0x21, 0x03, 0x22, 0xfd, 0x21,
  0x02, 0x22, 0xff, 0x21, 0x01, 0x22, 0xff, 0x21, 0x01, 0x22, 0xff, 0x21,
  0x01, 0x22, 0xff, 0x21, 0x01, 0x21, 0xff, 0x20, 0x01, 0x21, 0xff, 0x20,
  0x00, 0x21, 0x02, 0x21, 0xfd, 0x1f, 0x03, 0x20, 0xfd, 0x1f, 0x02, 0x20,
  0xff, 0x1f, 0x02, 0x20, 0xfd, 0x1e, 0x03, 0x1f, 0xfe, 0x1d, 0x01, 0x1e,
  0x00, 0x1e, 0x00, 0x1e, 0xff, 0x1d, 0x02, 0x1d, 0xfe, 0x1c, 0x02, 0x1c,
  0xff, 0x1b, 0xff, 0x1b, 0x02, 0x1c, 0xfe, 0x1a, 0x02, 0x1b, 0xfe, 0x19,
  0x02, 0x1a, 0xfd, 0x18, 0x04, 0x19, 0xfc, 0x18, 0x02, 0x18, 0x00, 0x17,
  0x00, 0x17, 0x00, 0x16, 0xff, 0x15, 0x01, 0x15, 0xff, 0x13, 0x02, 0x14,
  0xfe, 0x12, 0x01, 0x12, 0xff, 0x10, 0x01, 0x10, 0x00, 0x10, 0x00, 0x0f,
  0xff, 0x0d, 0x01, 0x0d, 0x00, 0x0c, 0xff, 0x0a, 0x02, 0x0a, 0xfd, 0x08,
  0x04, 0x08, 0xfc, 0x06, 0x03, 0x06, 0xfd, 0x04, 0x02, 0x04, 0x00, 0x02,
  0xff, 0x00, 0x01, 0x00, 0xff, 0xfe, 0x01, 0xfe, 0xfe, 0xfc, 0x03, 0xfb,
  0xfd, 0xf9, 0x03, 0xf9, 0xfd, 0xf7, 0x03, 0xf7, 0xfe, 0xf5, 0x00, 0xf5,
  0x02, 0xf3, 0xfc, 0xf1, 0x06, 0xf1, 0xfb, 0xf0, 0x03, 0xf0, 0xff, 0xed,
  0x00, 0xed, 0xff, 0xeb, 0x02, 0xeb, 0xfd, 0xea, 0x05, 0xea, 0xfa, 0xe8,
  0x06, 0xe8, 0xfa, 0xe6, 0x05, 0xe6, 0xfd, 0xe4, 0x00, 0xe5, 0x03, 0xe4,
  0xfb, 0xe3, 0x06, 0xe3, 0xfb, 0xe1, 0x02, 0xe2, 0x01, 0xe1, 0xfd, 0xe0,
  0x03, 0xe1, 0xfe, 0xdf, 0x01, 0xe0, 0x00, 0xdf, 0x00, 0xdf, 0xff, 0xde,
  0x02, 0xdf, 0xfd, 0xdd, 0x04, 0xde, 0xfc, 0xdd, 0x03, 0xde, 0xfe, 0xdd,
  0x01, 0xde, 0xff, 0xdd, 0x02, 0xde, 0xfe, 0xdd, 0x01, 0xde, 0x00, 0xde,
  0xff, 0xdd, 0x02, 0xde, 0xfe, 0xdd, 0x02, 0xde, 0xfe, 0xdd, 0x02, 0xde,
  0xff, 0xdd, 0x00, 0xde, 0x01, 0xde, 0xff, 0xde, 0x01, 0xdf, 0xff, 0xde,
  0x01, 0xdf, 0x00, 0xe0, 0xff, 0xdf, 0x02, 0xe0, 0xfe, 0xdf, 0x00, 0xe1,
  0x03, 0xe1, 0xfc, 0xe0, 0x03, 0xe1, 0xfe, 0xe0, 0x01, 0xe2, 0x00, 0xe2,
  0x00, 0xe2, 0xff, 0xe2, 0x01, 0xe3, 0x00, 0xe3, 0xff, 0xe3, 0x02, 0xe4,
  0xfd, 0xe4, 0x03, 0xe5, 0xfe, 0xe4, 0x01, 0xe6, 0xff, 0xe5, 0x01, 0xe7,
  0xff, 0xe6, 0x01, 0xe8, 0x00, 0xe8, 0xff, 0xe8, 0x00, 0xea, 0x02, 0xea,
  0xfd, 0xea, 0x03, 0xeb, 0xfe, 0xeb, 0x01, 0xed, 0xff, 0xed, 0x02, 0xee,
  0xfd, 0xee, 0x03, 0xf0, 0xfe, 0xf0, 0x01, 0xf2, 0x00, 0xf2, 0x00, 0xf3,
  0xff, 0xf3, 0x02, 0xf5, 0xfd, 0xf5, 0x03, 0xf7, 0xfe, 0xf7, 0x01, 0xf9,
  0xff, 0xf9, 0x01, 0xfb, 0xfe, 0xfb, 0x03, 0xfd, 0xfd, 0xfd, 0x03, 0xff,
  0xfd, 0xff, 0x02, 0x01, 0xff, 0x01, 0x01, 0x03, 0x00, 0x05, 0xff, 0x05,
  0x02, 0x07, 0xfd, 0x07, 0x04, 0x09, 0xfc, 0x09, 0x04, 0x0b, 0xfc, 0x0b,
  0x04, 0x0d, 0xfc, 0x0e, 0x04, 0x10, 0xfd, 0x10, 0x02, 0x11, 0xfe, 0x11,
  0x02, 0x13, 0xff, 0x13, 0x00, 0x15, 0x01, 0x16, 0xfe, 0x16, 0x02, 0x17,
  0xff, 0x17, 0x00, 0x19, 0x01, 0x1a, 0xfe, 0x19, 0x02, 0x1b, 0xfe, 0x1a,
  0x02, 0x1c, 0xff, 0x1b, 0x00, 0x1d, 0x01, 0x1e, 0xfd, 0x1d, 0x04, 0x1e,
  0xfc, 0x1e, 0x04, 0x1f, 0xfd, 0x1e, 0x02, 0x20, 0xfe, 0x1f, 0x02, 0x20,
  0xff, 0x20, 0x00, 0x21, 0x01, 0x21, 0xfe, 0x20, 0x03, 0x21, 0xfd, 0x20,
  0x03, 0x21, 0xfe, 0x21, 0x00, 0x22, 0x01, 0x22, 0xfe, 0x21, 0x02, 0x22,
  0x00, 0x22, 0xfe, 0x21, 0x03, 0x22, 0xfc, 0x21, 0x04, 0x21, 0xfd, 0x20,
  0x02, 0x21, 0xfe, 0x20, 0x03, 0x21, 0xfc, 0x20, 0x05, 0x21, 0xfb, 0x1f,
  0x04, 0x20, 0xfe, 0x1f, 0xff, 0x1f, 0x03, 0x20, 0xfd, 0x1f, 0x02, 0x1f,
  0x00, 0x1f, 0xfe, 0x1e, 0x02, 0x1e, 0xfe, 0x1d, 0x02, 0x1e, 0xff, 0x1d,
  0x00, 0x1e, 0x00, 0x1d, 0xff, 0x1c, 0x02, 0x1d, 0xfe, 0x1c, 0x01, 0x1c,
  0x00, 0x1c, 0xff, 0x1a, 0x02, 0x1b, 0xfe, 0x1a, 0x00, 0x1a, 0x02, 0x1a,
  0xfe, 0x18, 0x02, 0x19, 0xfe, 0x17, 0x01, 0x18, 0x00, 0x17, 0xff, 0x16,
  0x03, 0x16, 0xfc, 0x14, 0x03, 0x15, 0xfe, 0x13, 0x01, 0x14, 0x00, 0x13,
  0x00, 0x12, 0xff, 0x10, 0x01, 0x10, 0xff, 0x0f, 0x01, 0x0f, 0x00, 0x0e,
  0xff, 0x0c, 0x00, 0x0c, 0x01, 0x0b, 0xff, 0x09, 0x02, 0x09, 0xfd, 0x07,
  0x02, 0x07, 0xff, 0x05, 0x01, 0x05, 0x00, 0x03, 0xff, 0x01, 0x01, 0x02,
  0x00, 0x00, 0xff, 0xfe, 0x02, 0xfe, 0xfd, 0xfb, 0x03, 0xfc, 0xfe, 0xfa,
  0x01, 0xfa, 0x00, 0xf9, 0xff, 0xf6, 0x02, 0xf6, 0xfd, 0xf4, 0x03, 0xf4,
  0xfe, 0xf2, 0x01, 0xf2, 0x00, 0xf1, 0xff, 0xef, 0x01, 0xef, 0x00, 0xed,
  0x00, 0xec, 0xff, 0xea, 0x02, 0xeb, 0xfd, 0xe9, 0x03, 0xe9, 0xfe, 0xe7,
  0x02, 0xe7, 0xfe, 0xe5, 0x01, 0xe5, 0x00, 0xe5, 0xff, 0xe3, 0x02, 0xe4,
  0xfe, 0xe2, 0x00, 0xe2, 0x02, 0xe2, 0xfd, 0xe1, 0x03, 0xe1, 0xfd, 0xe0,
  0x02, 0xe0, 0xff, 0xde, 0x01, 0xdf, 0xff, 0xde, 0x00, 0xdf, 0x00, 0xdf,
  0x02, 0xde, 0xfd, 0xdd, 0x03, 0xde, 0xfd, 0xdc, 0x02, 0xdd, 0x00, 0xdd,
  0x00, 0xdd, 0x00, 0xdd, 0xff, 0xdc, 0x01, 0xdd, 0xff, 0xdc, 0x02, 0xdd,
  0xfe, 0xdc, 0x01, 0xdd, 0xff, 0xdc, 0x00, 0xdd, 0x01, 0xdd, 0x00, 0xdd,
  0xfe, 0xdc, 0x02, 0xde, 0xff, 0xdd, 0x00, 0xde, 0x01, 0xde, 0xfe, 0xdd,
  0x02, 0xdf, 0x00, 0xdf, 0xff, 0xde, 0x00, 0xe0, 0x00, 0xe0, 0x01, 0xe0,
  0xff, 0xdf, 0x01, 0xe0, 0xfe, 0xdf, 0x02, 0xe1, 0xff, 0xe0, 0x00, 0xe1,
  0x01, 0xe1, 0xfe, 0xe1, 0x03, 0xe2, 0xfd, 0xe1, 0x02, 0xe3, 0xff, 0xe2,
  0x00, 0xe3, 0x02, 0xe3, 0xfd, 0xe2, 0x02, 0xe4, 0xff, 0xe3, 0x00, 0xe4,
  0x01, 0xe5, 0xff, 0xe4, 0x01, 0xe5, 0xff, 0xe5, 0x00, 0xe6, 0x00, 0xe7,
  0x00, 0xe7, 0x01, 0xe8, 0xff, 0xe7, 0x01, 0xe9, 0xfe, 0xe8, 0x02, 0xea,
  0xff, 0xe9, 0x01, 0xeb, 0xff, 0xeb, 0x01, 0xec, 0xfe, 0xec, 0x03, 0xee,
  0xfd, 0xed, 0x03, 0xef, 0xfd, 0xef, 0x02, 0xf1, 0xff, 0xf1, 0x01, 0xf2,
  0xfe, 0xf2, 0x02, 0xf4, 0xff, 0xf4, 0x00, 0xf6, 0x01, 0xf7, 0xfe, 0xf7,
  0x02, 0xf9, 0xff, 0xf9, 0xff, 0xfa, 0x02, 0xfd, 0xfe, 0xfd, 0x03, 0xff,
  0xfc, 0xff, 0x04, 0x01, 0xfc, 0x01, 0x04, 0x04, 0xfd, 0x04, 0x01, 0x06,
  0x01, 0x07, 0xfe, 0x07, 0x02, 0x09, 0xff, 0x0a, 0xff, 0x0b, 0x02, 0x0d,
  0xfe, 0x0d, 0x02, 0x0f, 0xfe, 0x0f, 0x02, 0x11, 0xff, 0x11, 0x00, 0x13,
  0x01, 0x14, 0xfe, 0x14, 0x02, 0x16, 0x00, 0x17, 0xff, 0x17, 0x01, 0x18,
  0xff, 0x18, 0x01, 0x1a, 0xff, 0x1a, 0x01, 0x1b, 0xff, 0x1b, 0x01, 0x1c,
  0x00, 0x1d, 0xff, 0x1c, 0x01, 0x1e, 0xfe, 0x1d, 0x03, 0x1e, 0xfe, 0x1e,
  0x01, 0x1f, 0xff, 0x1e, 0x01, 0x1f, 0xff, 0x1f, 0x02, 0x20, 0xfd, 0x1f,
  0x03, 0x20, 0xfe, 0x1f, 0x01, 0x21, 0x01, 0x21, 0xfd, 0x20, 0x03, 0x21,
  0xfe, 0x20, 0x01, 0x21, 0x00, 0x21, 0x00, 0x21, 0x00, 0x21, 0xff, 0x20,
  0x02, 0x21, 0xfd, 0x20, 0x04, 0x21, 0xfc, 0x1f, 0x03, 0x20, 0xff, 0x1f,
  0xff, 0x1f, 0x02, 0x20, 0xfe, 0x1f, 0x02, 0x20, 0xfe, 0x1e, 0x02, 0x1f,
  0xfe, 0x1e, 0x02, 0x1f, 0xfe, 0x1e, 0x02, 0x1e, 0xfd, 0x1d, 0x04, 0x1e,
  0xfc, 0x1c, 0x03, 0x1d, 0xfe, 0x1c, 0x02, 0x1d, 0xfd, 0x1b, 0x04, 0x1c,
  0xfc, 0x1a, 0x04, 0x1b, 0xfc, 0x19, 0x04, 0x1a, 0xfc, 0x18, 0x04, 0x19,
  0xfd, 0x17, 0x02, 0x18, 0xff, 0x16, 0x00, 0x17, 0x01, 0x16, 0xfe, 0x15,
  0x02, 0x15, 0xff, 0x13, 0x00, 0x14, 0x00, 0x13, 0x00, 0x12, 0x00, 0x11,
  0x00, 0x11, 0x00, 0x10, 0x00, 0x0f, 0x00, 0x0e, 0x00, 0x0d, 0x00, 0x0c,
  0x00, 0x0b, 0x00, 0x0a, 0x00, 0x09, 0x00, 0x08, 0x00, 0x07, 0x00, 0x05,
  0x00, 0x04, 0x00, 0x03, 0x00, 0x03, 0x00, 0x01, 0x00, 0x00, 0x00, 0xff,
  0x00, 0xfe, 0x00, 0xfc, 0x00, 0xfb, 0xff, 0xf9, 0x01, 0xf9, 0xff, 0xf7,
  0x02, 0xf7, 0xfd, 0xf4, 0x02, 0xf4, 0x00, 0xf3, 0xfe, 0xf1, 0x04, 0xf1,
  0xfb, 0xef, 0x05, 0xef, 0xfc, 0xed, 0x03, 0xed, 0xfe, 0xeb, 0x01, 0xeb,
  0x00, 0xea, 0xff, 0xe8, 0x02, 0xe8, 0xfd, 0xe6, 0x03, 0xe7, 0xfd, 0xe5,
  0x02, 0xe6, 0x00, 0xe5, 0xfe, 0xe3, 0x02, 0xe3, 0xfe, 0xe2, 0x02, 0xe2,
  0xff, 0xe1, 0x00, 0xe1, 0x00, 0xe1, 0x00, 0xe1, 0x00, 0xe0, 0x00, 0xdf,
  0x00, 0xdf, 0x00, 0xdf, 0x00, 0xdf, 0x00, 0xdf, 0x00, 0xde, 0x00, 0xde,
  0x00, 0xde, 0x00, 0xde, 0x01, 0xde, 0xfe, 0xdd, 0x02, 0xde, 0xfe, 0xdd,
  0x02, 0xde, 0xff, 0xdd, 0x00, 0xde, 0x00, 0xde, 0x00, 0xde, 0x00, 0xde,
  0x01, 0xde, 0xfe, 0xdd, 0x01, 0xde, 0x01, 0xde, 0xfe, 0xde, 0x03, 0xdf,
  0xfc, 0xde, 0x03, 0xdf, 0xff, 0xde, 0x00, 0xdf, 0x01, 0xe0, 0xfe, 0xdf,
  0x02, 0xe0, 0xff, 0xdf, 0x00, 0xe1, 0x01, 0xe1, 0xfe, 0xe0, 0x02, 0xe1,
  0xff, 0xe1, 0x01, 0xe2, 0xfe, 0xe1, 0x02, 0xe2, 0xff, 0xe2, 0x00, 0xe3,
  0x01, 0xe3, 0xfe, 0xe2, 0x01, 0xe4, 0x02, 0xe4, 0xfd, 0xe4, 0x02, 0xe5,
  0xff, 0xe4, 0x00, 0xe6, 0x01, 0xe6, 0x00, 0xe7, 0xfe, 0xe6, 0x03, 0xe8,
  0xfd, 0xe7, 0x03, 0xe9, 0xfd, 0xe8, 0x02, 0xea, 0xff, 0xea, 0x00, 0xeb,
  0x01, 0xec, 0xff, 0xec, 0x00, 0xed, 0x01, 0xee, 0xfe, 0xee, 0x02, 0xf0,
  0xfe, 0xf0, 0x02, 0xf1, 0xfe, 0xf1, 0x03, 0xf3, 0xfc, 0xf3, 0x04, 0xf5,
  0xfc, 0xf5, 0x04, 0xf7, 0xfd, 0xf7, 0x01, 0xf9, 0x01, 0xfa, 0xff, 0xfa,
  0x00, 0xfc, 0x01, 0xfd, 0xfd, 0xfd, 0x04, 0xff, 0xfd, 0xff, 0x01, 0x01,
  0x01, 0x03, 0xfd, 0x03, 0x04, 0x05, 0xfc, 0x05, 0x03, 0x07, 0xfe, 0x07,
  0x01, 0x09, 0x00, 0x0a, 0x00, 0x0b, 0xff, 0x0b, 0x02, 0x0d, 0xfe, 0x0d,
  0x01, 0x0f, 0x00, 0x10, 0xff, 0x10, 0x02, 0x12, 0xfe, 0x12, 0x02, 0x14,
  0xfd, 0x14, 0x03, 0x16, 0xfe, 0x16, 0x01, 0x18, 0x00, 0x18, 0xff, 0x18,
  0x01, 0x1a, 0x00, 0x1a, 0xff, 0x1a, 0x01, 0x1b, 0x00, 0x1c, 0xff, 0x1c,
  0x02, 0x1d, 0xfd, 0x1d, 0x03, 0x1e, 0xfd, 0x1d, 0x03, 0x1e, 0xfe, 0x1e,
  0x01, 0x20, 0xff, 0x1f, 0x00, 0x20, 0x00, 0x20, 0x02, 0x20, 0xfd, 0x20,
  0x02, 0x21, 0x00, 0x21, 0xff, 0x21, 0x01, 0x22, 0x00, 0x22, 0xff, 0x21,
  0x02, 0x22, 0xfe, 0x21, 0x01, 0x22, 0x00, 0x22, 0xff, 0x21, 0x02, 0x22,
  0xfd, 0x21, 0x03, 0x22, 0xfd, 0x21, 0x03, 0x22, 0xfd, 0x21, 0x03, 0x22,
  0xfd, 0x20, 0x03, 0x21, 0xfd, 0x20, 0x02, 0x21, 0x00, 0x21, 0xfe, 0x20,
  0x03, 0x20, 0xfc, 0x1f, 0x04, 0x20, 0xfd, 0x1f, 0x02, 0x20, 0xff, 0x1e,
  0x00, 0x1f, 0x00, 0x1f, 0x00, 0x1f, 0x00, 0x1e, 0x00, 0x1e, 0x01, 0x1e,
  0xff, 0x1d, 0x00, 0x1d, 0x01, 0x1d, 0xfe, 0x1c, 0x03, 0x1c, 0xfe, 0x1b,
  0x00, 0x1c, 0x02, 0x1c, 0xfc, 0x1a, 0x05, 0x1b, 0xfc, 0x1a, 0x02, 0x1a,
  0x00, 0x1a, 0xfe, 0x18, 0x02, 0x19, 0x00, 0x18, 0xfe, 0x17, 0x03, 0x17,
  0xfc, 0x16, 0x04, 0x16, 0xfc, 0x14, 0x04, 0x15, 0xfc, 0x14, 0x03, 0x14,
  0xff, 0x12, 0xfe, 0x11, 0x04, 0x11, 0xfc, 0x10, 0x02, 0x10, 0x00, 0x0f,
  0xff, 0x0d, 0x01, 0x0d, 0x00, 0x0c, 0xfe, 0x0a, 0x03, 0x0a, 0xfe, 0x08,
  0x01, 0x09, 0x00, 0x08, 0xfe, 0x05, 0x03, 0x05, 0xfe, 0x03, 0x01, 0x03,
  0x00, 0x02, 0xff, 0x00, 0x01, 0x00, 0xff, 0xfd, 0x01, 0xfd, 0x00, 0xfc,
  0xff, 0xfa, 0x02, 0xfa, 0xfd, 0xf8, 0x03, 0xf8, 0xfd, 0xf5, 0x03, 0xf5,
  0xfd, 0xf3, 0x03, 0xf3, 0xfd, 0xf1, 0x03, 0xf1, 0xfd, 0xef, 0x02, 0xef,
  0xfe, 0xed, 0x02, 0xed, 0xff, 0xeb, 0x01, 0xeb, 0xff, 0xe9, 0x00, 0xe9,
  0x00, 0xe8, 0x00, 0xe7, 0x01, 0xe6, 0xff, 0xe5, 0x01, 0xe5, 0xff, 0xe4,
  0x01, 0xe4, 0xff, 0xe2, 0x01, 0xe3, 0xff, 0xe1, 0x00, 0xe1, 0x02, 0xe1,
  0xfd, 0xe0, 0x02, 0xe0, 0x00, 0xe0, 0xfe, 0xde, 0x03, 0xdf, 0xfd, 0xde,
  0x02, 0xdf, 0x00, 0xde, 0xff, 0xdd, 0x01, 0xde, 0xff, 0xdd, 0x01, 0xde,
  0xff, 0xdd, 0x01, 0xde, 0x00, 0xdd, 0xff, 0xdc, 0x02, 0xdd, 0xfd, 0xdc,
  0x02, 0xdd, 0x00, 0xdd, 0xff, 0xdc, 0x02, 0xdd, 0xfe, 0xdc, 0x00, 0xdd,
  0x02, 0xde, 0xfe, 0xdd, 0x01, 0xde, 0x00, 0xde, 0xff, 0xdd, 0x01, 0xde,
  0x00, 0xdf, 0xff, 0xde, 0x01, 0xdf, 0x00, 0xdf, 0xff, 0xde, 0x01, 0xe0,
  0xff, 0xdf, 0x01, 0xe0, 0x00, 0xe0, 0x00, 0xe1, 0xff, 0xe0, 0x02, 0xe1,
  0xfd, 0xe0, 0x03, 0xe1, 0xff, 0xe1, 0xff, 0xe1, 0x02, 0xe2, 0xfe, 0xe2,
  0x01, 0xe3, 0x00, 0xe3, 0x00, 0xe4, 0xff, 0xe3, 0x02, 0xe4, 0xfe, 0xe3,
  0x01, 0xe5, 0x00, 0xe5, 0xff, 0xe4, 0x01, 0xe6, 0x00, 0xe6, 0xff, 0xe6,
  0x01, 0xe7, 0x00, 0xe8, 0xfe, 0xe7, 0x04, 0xe9, 0xfc, 0xe8, 0x03, 0xea,
  0xfe, 0xea, 0x01, 0xeb, 0xff, 0xeb, 0x02, 0xed, 0xfe, 0xec, 0x01, 0xee,
  0xff, 0xee, 0x02, 0xf0, 0xfd, 0xf0, 0x04, 0xf2, 0xfc, 0xf2, 0x02, 0xf4,
  0x01, 0xf5, 0xfd, 0xf5, 0x04, 0xf7, 0xfc, 0xf7, 0x03, 0xf9, 0xfe, 0xf9,
  0x02, 0xfb, 0xff, 0xfb, 0x00, 0xfd, 0x00, 0xfe, 0xff, 0xff, 0x02, 0x01,
  0xff, 0x01, 0x00, 0x03, 0x00, 0x04, 0x00, 0x05, 0x00, 0x07, 0x00, 0x08,
  0x01, 0x09, 0xfe, 0x09, 0x03, 0x0b, 0xfd, 0x0b, 0x02, 0x0d, 0xff, 0x0d,
  0x01, 0x0f, 0x00, 0x10, 0xff, 0x10, 0x01, 0x12, 0xff, 0x12, 0x02, 0x14,
  0xfe, 0x14, 0x01, 0x16, 0xff, 0x16, 0x02, 0x18, 0xff, 0x17, 0x00, 0x19,
  0x00, 0x19, 0xff, 0x19, 0x02, 0x1b, 0xff, 0x1b, 0x00, 0x1c, 0x00, 0x1d,
  0xff, 0x1c, 0x02, 0x1d, 0xfe, 0x1d, 0x01, 0x1e, 0x01, 0x1f, 0xfd, 0x1e,
  0x04, 0x1f, 0xfc, 0x1e, 0x03, 0x20, 0xff, 0x1f, 0x01, 0x20, 0xff, 0x1f,
  0x00, 0x20, 0x00, 0x21, 0x01, 0x21, 0xff, 0x20, 0x02, 0x21, 0xfd, 0x20,
  0x02, 0x21, 0xff, 0x20, 0x00, 0x21, 0x01, 0x21, 0xff, 0x1f, 0x01, 0x20,
  0xfe, 0x20, 0x02, 0x21, 0xfe, 0x1f, 0x03, 0x20, 0xfd, 0x1f, 0x02, 0x20,
  0xfe, 0x1f, 0x02, 0x20, 0xff, 0x1e, 0x00, 0x1f, 0x01, 0x1f, 0xff, 0x1e,
  0x00, 0x1f, 0x01, 0x1e, 0xfe, 0x1d, 0x02, 0x1e, 0x00, 0x1e, 0xfe, 0x1c,
  0x02, 0x1d, 0xfe, 0x1c, 0x03, 0x1c, 0xfc, 0x1b, 0x05, 0x1c, 0xfa, 0x1a,
  0x06, 0x1b, 0xfc, 0x19, 0x02, 0x1a, 0x00, 0x19, 0xfe, 0x18, 0x03, 0x18,
  0xfe, 0x17, 0x00, 0x18, 0x02, 0x17, 0xfd, 0x15, 0x03, 0x15, 0xfe, 0x14,
  0x01, 0x14, 0xff, 0x13, 0x01, 0x13, 0xff, 0x11, 0x01, 0x11, 0xff, 0x0f,
  0x01, 0x0f, 0xfe, 0x0d, 0x03, 0x0e, 0xfd, 0x0c, 0x03, 0x0c, 0xfd, 0x0a,
  0x02, 0x09, 0xff, 0x07, 0x01, 0x08, 0xff, 0x06, 0x01, 0x05, 0x00, 0x04,
  0xff, 0x02, 0x01, 0x01, 0xff, 0x00, 0x00, 0xff, 0x02, 0xfe, 0xfd, 0xfc,
  0x02, 0xfc, 0xff, 0xfa, 0x00, 0xf9, 0x01, 0xf8, 0xfe, 0xf6, 0x02, 0xf6,
  0xff, 0xf4, 0x00, 0xf4, 0x02, 0xf2, 0xfc, 0xf0, 0x04, 0xf0, 0xfd, 0xee,
  0x03, 0xee, 0xfe, 0xec, 0x01, 0xec, 0xff, 0xe9, 0x01, 0xe9, 0xff, 0xe8,
  0x02, 0xe8, 0xfd, 0xe6, 0x03, 0xe6, 0xfd, 0xe5, 0x03, 0xe5, 0xfe, 0xe3,
  0x01, 0xe3, 0x00, 0xe3, 0xff, 0xe1, 0x01, 0xe2, 0xff, 0xe0, 0x01, 0xe1,
  0x00, 0xe0, 0xff, 0xdf, 0x01, 0xdf, 0xfe, 0xde, 0x03, 0xdf, 0xfd, 0xdd,
  0x03, 0xde, 0xfd, 0xdd, 0x02, 0xde, 0xff, 0xdd, 0x01, 0xde, 0xff, 0xdc,
  0x01, 0xdd, 0x00, 0xdd, 0xfe, 0xdc, 0x03, 0xdd, 0xfd, 0xdc, 0x03, 0xdd,
  0xfe, 0xdc, 0x00, 0xdd, 0x01, 0xdd, 0xff, 0xdc, 0x01, 0xdd, 0x00, 0xde,
  0xff, 0xdd, 0x01, 0xde, 0xff, 0xdd, 0x01, 0xde, 0xff, 0xdd, 0x01, 0xde,
  0xff, 0xde, 0x01, 0xdf, 0xff, 0xde, 0x01, 0xdf, 0xfe, 0xde, 0x03, 0xe0,
  0xfe, 0xdf, 0x01, 0xe0, 0x00, 0xe0, 0xff, 0xdf, 0x01, 0xe1, 0x00, 0xe1,
  0x00, 0xe1, 0x00, 0xe1, 0x00, 0xe2, 0x00, 0xe2, 0xff, 0xe1, 0x02, 0xe3,
  0xfe, 0xe2, 0x02, 0xe3, 0xfe, 0xe2, 0x01, 0xe4, 0xff, 0xe3, 0x02, 0xe4,
  0xfe, 0xe4, 0x02, 0xe5, 0xfe, 0xe4, 0x01, 0xe6, 0x00, 0xe6, 0x00, 0xe7,
  0xff, 0xe6, 0x03, 0xe8, 0xfb, 0xe7, 0x06, 0xe9, 0xfb, 0xe9, 0x03, 0xea,
  0xfe, 0xea, 0x02, 0xeb, 0xfd, 0xeb, 0x04, 0xed, 0xfc, 0xed, 0x04, 0xee,
  0xfc, 0xee, 0x03, 0xf0, 0xfe, 0xf0, 0x02, 0xf2, 0xff, 0xf2, 0x00, 0xf4,
  0x00, 0xf4, 0x00, 0xf5, 0x00, 0xf6, 0x01, 0xf7, 0xfe, 0xf7, 0x01, 0xf9,
  0x01, 0xfa, 0xfd, 0xfa, 0x03, 0xfc, 0xfe, 0xfc, 0x00, 0xfe, 0x03, 0xff,
  0xfc, 0x00, 0x03, 0x02, 0xfd, 0x02, 0x03, 0x04, 0xff, 0x04, 0x00, 0x06,
  0x00, 0x07, 0xff, 0x07, 0x01, 0x0a, 0x01, 0x0b, 0xfe, 0x0b, 0x02, 0x0d,
  0xfe, 0x0d, 0x01, 0x0f, 0x01, 0x10, 0xfe, 0x10, 0x01, 0x12, 0x00, 0x13,
  0x00, 0x14, 0x00, 0x15, 0x01, 0x15, 0xfd, 0x15, 0x03, 0x17, 0xfe, 0x17,
  0x01, 0x19, 0x00, 0x1a, 0xff, 0x19, 0x02, 0x1b, 0xfd, 0x1a, 0x03, 0x1c,
  0xfe, 0x1b, 0x01, 0x1d, 0x00, 0x1d, 0x00, 0x1e, 0xff, 0x1d, 0x02, 0x1e,
  0xfe, 0x1e, 0x01, 0x1f, 0x00, 0x20, 0xff, 0x1f, 0x02, 0x20, 0xfe, 0x1f,
  0x01, 0x21, 0xff, 0x20, 0x01, 0x21, 0x00, 0x21, 0x00, 0x21, 0x00, 0x21,
  0x00, 0x21, 0xff, 0x21, 0x02, 0x22, 0xfe, 0x21, 0x03, 0x22, 0xfd, 0x21,
  0x01, 0x22, 0x01, 0x22, 0xff, 0x21, 0x00, 0x22, 0x02, 0x22, 0xfc, 0x20,
  0x04, 0x21, 0xfe, 0x20, 0x00, 0x21, 0x01, 0x21, 0xfe, 0x20, 0x02, 0x21,
  0xff, 0x1f, 0x01, 0x20, 0xff, 0x1f, 0xff, 0x1f, 0x03, 0x1f, 0xfd, 0x1e,
  0x03, 0x1f, 0xfd, 0x1e, 0x03, 0x1f, 0xfd, 0x1d, 0x04, 0x1e, 0xfc, 0x1d,
  0x02, 0x1d, 0x00, 0x1d, 0xff, 0x1c, 0x01, 0x1d, 0x00, 0x1c, 0xfe, 0x1b,
  0x04, 0x1c, 0xfb, 0x1a, 0x04, 0x1b, 0xfd, 0x1a, 0x02, 0x1a, 0xff, 0x19,
  0x02, 0x19, 0xfd, 0x18, 0x02, 0x18, 0x00, 0x18, 0xff, 0x16, 0x01, 0x17,
  0x00, 0x16, 0xff, 0x14, 0x02, 0x15, 0xfe, 0x13, 0x00, 0x14, 0x02, 0x13,
  0xfd, 0x11, 0x04, 0x11, 0xfc, 0x0f, 0x03, 0x10, 0xfd, 0x0e, 0x03, 0x0e,
  0xfe, 0x0c, 0x02, 0x0c, 0xfd, 0x0a, 0x04, 0x0a, 0xfb, 0x08, 0x05, 0x08,
  0xfd, 0x06, 0x00, 0x06, 0x02, 0x05, 0xfe, 0x03, 0x01, 0x03, 0x00, 0x02,
  0xff, 0xff, 0x01, 0xff, 0x00, 0xfe, 0x00, 0xfd, 0x00, 0xfc, 0x00, 0xfb,
  0xff, 0xf9, 0x01, 0xf8, 0x00, 0xf7, 0x00, 0xf6, 0x00, 0xf5, 0x00, 0xf4,
  0xff, 0xf2, 0x02, 0xf2, 0xfd, 0xef, 0x04, 0xef, 0xfc, 0xee, 0x03, 0xee,
  0xfe, 0xec, 0x01, 0xec, 0x00, 0xeb, 0xff, 0xe9, 0x02, 0xe9, 0xfe, 0xe7,
  0x00, 0xe8, 0x02, 0xe7, 0xfd, 0xe5, 0x03, 0xe5, 0xfe, 0xe3, 0x01, 0xe4,
  0xff, 0xe2, 0x01, 0xe3, 0xff, 0xe1, 0x01, 0xe2, 0xff, 0xe0, 0x01, 0xe1,
  0xff, 0xdf, 0x01, 0xe0, 0xff, 0xdf, 0x01, 0xe0, 0xfe, 0xde, 0x03, 0xdf,
  0xfd, 0xdd, 0x02, 0xde, 0xff, 0xdd, 0x01, 0xde, 0xfe, 0xdd, 0x02, 0xde,
  0xff, 0xdd, 0x00, 0xde, 0x02, 0xde, 0xfc, 0xdd, 0x05, 0xde, 0xfb, 0xdd,
  0x05, 0xde, 0xfb, 0xdd, 0x05, 0xde, 0xfc, 0xdd, 0x03, 0xde, 0xfe, 0xdd,
  0x00, 0xde, 0x02, 0xdf, 0xfd, 0xde, 0x03, 0xdf, 0xfe, 0xde, 0x01, 0xdf,
  0xff, 0xdf, 0x01, 0xe0, 0xff, 0xdf, 0x02, 0xe0, 0xfd, 0xdf, 0x03, 0xe1,
  0xfd, 0xe0, 0x03, 0xe1, 0xfe, 0xe0, 0x02, 0xe2, 0xfe, 0xe1, 0x01, 0xe2,
  0x00, 0xe3, 0x00, 0xe3, 0x00, 0xe3, 0x01, 0xe3, 0xfe, 0xe3, 0x02, 0xe4,
  0xff, 0xe4, 0x00, 0xe5, 0x01, 0xe6, 0xff, 0xe5, 0x00, 0xe6, 0x01, 0xe7,
  0xff, 0xe6, 0x01, 0xe8, 0xff, 0xe7, 0x00, 0xe9, 0x00, 0xea, 0x00, 0xea,
  0x01, 0xeb, 0xfe, 0xea, 0x01, 0xec, 0xff, 0xec, 0x01, 0xee, 0x00, 0xee,
  0x00, 0xef, 0xff, 0xef, 0x01, 0xf1, 0xff, 0xf1, 0x01, 0xf2, 0x00, 0xf3,
  0xff, 0xf3, 0x02, 0xf5, 0xfd, 0xf5, 0x02, 0xf7, 0xff, 0xf7, 0x01, 0xf9,
  0x00, 0xfa, 0xff, 0xfb, 0x01, 0xfd, 0xfe, 0xfd, 0x03, 0xff, 0xfe, 0xff,
  0x01, 0x01, 0x00, 0x02, 0xfe, 0x02, 0x03, 0x04, 0xfe, 0x04, 0x00, 0x06,
  0x01, 0x07, 0xff, 0x08, 0x01, 0x0a, 0x00, 0x0b, 0xfe, 0x0b, 0x03, 0x0d,
  0xfc, 0x0d, 0x05, 0x0f, 0xfc, 0x0f, 0x02, 0x11, 0xff, 0x11, 0x01, 0x13,
  0xfe, 0x13, 0x03, 0x15, 0xfd, 0x14, 0x02, 0x16, 0x00, 0x17, 0xfe, 0x17,
  0x03, 0x18, 0xfd, 0x18, 0x03, 0x1a, 0xfd, 0x19, 0x03, 0x1b, 0xfd, 0x1b,
  0x03, 0x1c, 0xfd, 0x1b, 0x02, 0x1d, 0xff, 0x1c, 0x00, 0x1e, 0x01, 0x1e,
  0xff, 0x1e, 0xff, 0x1e, 0x03, 0x1f, 0xfc, 0x1e, 0x03, 0x20, 0x00, 0x20,
  0xfe, 0x1f, 0x03, 0x21, 0xfc, 0x20, 0x04, 0x21, 0xfd, 0x20, 0x02, 0x21,
  0xff, 0x20, 0x00, 0x21, 0x01, 0x21, 0x00, 0x21, 0xfe, 0x20, 0x03, 0x21,
  0xfc, 0x20, 0x05, 0x21, 0xfb, 0x20, 0x04, 0x21, 0xfe, 0x20, 0x00, 0x21,
  0x02, 0x20, 0xfc, 0x1f, 0x04, 0x20, 0xfe, 0x1f, 0x01, 0x20, 0x00, 0x20,
  0x00, 0x20, 0xff, 0x1e, 0x02, 0x1f, 0xfe, 0x1e, 0x02, 0x1f, 0xfe, 0x1e,
  0x02, 0x1e, 0xfe, 0x1d, 0x01, 0x1e, 0x00, 0x1d, 0xff, 0x1c, 0x02, 0x1d,
  0xfe, 0x1c, 0x01, 0x1c, 0x00, 0x1c, 0xff, 0x1b, 0x01, 0x1b, 0x00, 0x1b,
  0x00, 0x1b, 0x00, 0x1a, 0xff, 0x19, 0x01, 0x19, 0xff, 0x18, 0x02, 0x18,
  0xfe, 0x17, 0x01, 0x17, 0xff, 0x16, 0x01, 0x16, 0x00, 0x15, 0xff, 0x14,
  0x01, 0x14, 0xff, 0x12, 0x01, 0x12, 0xff, 0x10, 0x01, 0x11, 0xff, 0x0f,
  0x01, 0x0f, 0x00, 0x0e, 0xff, 0x0c, 0x01, 0x0c, 0x00, 0x0b, 0x00, 0x0a,
  0x00, 0x09, 0x00, 0x08, 0x00, 0x07, 0x00, 0x06, 0x00, 0x05, 0x00, 0x04,
  0x01, 0x03, 0xfe, 0x00, 0x01, 0x00, 0x00, 0xff, 0x00, 0xfe, 0x01, 0xfc,
  0xfe, 0xfa, 0x02, 0xfa, 0xfe, 0xf8, 0x03, 0xf8, 0xfc, 0xf6, 0x03, 0xf5,
  0xff, 0xf3, 0x00, 0xf3, 0x01, 0xf2, 0xfe, 0xf0, 0x02, 0xf0, 0xff, 0xee,
  0xff, 0xed, 0x03, 0xed, 0xfc, 0xeb, 0x04, 0xeb, 0xfd, 0xe9, 0x01, 0xe9,
  0x01, 0xe9, 0xfe, 0xe7, 0x02, 0xe7, 0xfe, 0xe5, 0x01, 0xe5, 0x01, 0xe5,
  0xff, 0xe3, 0x00, 0xe3, 0x00, 0xe3, 0x00, 0xe2, 0x01, 0xe2, 0xff, 0xe0,
  0x01, 0xe1, 0xfe, 0xdf, 0x02, 0xe0, 0xff, 0xdf, 0x00, 0xdf, 0x00, 0xdf,
  0x01, 0xdf, 0xfd, 0xdd, 0x05, 0xde, 0xfa, 0xdd, 0x05, 0xde, 0xfd, 0xdd,
  0x01, 0xde, 0x01, 0xde, 0xfe, 0xdc, 0x02, 0xdd, 0xfe, 0xdc, 0x02, 0xdd,
  0xff, 0xdc, 0xff, 0xdc, 0x03, 0xdd, 0xfc, 0xdc, 0x04, 0xdd, 0xfd, 0xdc,
  0x02, 0xdd, 0xff, 0xdd, 0x00, 0xde, 0x00, 0xde, 0x01, 0xde, 0xff, 0xdd,
  0x00, 0xde, 0x01, 0xdf, 0xfe, 0xde, 0x03, 0xdf, 0xfd, 0xde, 0x01, 0xe0,
  0x01, 0xe0, 0xff, 0xdf, 0x00, 0xe0, 0x01, 0xe0, 0xfe, 0xe0, 0x03, 0xe1,
  0xfe, 0xe0, 0x00, 0xe2, 0x02, 0xe2, 0xfd, 0xe1, 0x03, 0xe2, 0xfe, 0xe2,
  0x01, 0xe3, 0x01, 0xe3, 0xfd, 0xe3, 0x03, 0xe4, 0xfd, 0xe3, 0x04, 0xe5,
  0xfc, 0xe4, 0x03, 0xe6, 0xfd, 0xe5, 0x02, 0xe6, 0x00, 0xe7, 0xff, 0xe6,
  0x01, 0xe8, 0xff, 0xe7, 0x01, 0xe9, 0x00, 0xea, 0xff, 0xe9, 0x01, 0xeb,
  0x00, 0xec, 0x00, 0xec, 0x01, 0xed, 0xfe, 0xed, 0x02, 0xef, 0xfe, 0xee,
  0x02, 0xf0, 0xff, 0xf0, 0x00, 0xf2, 0x00, 0xf3, 0x00, 0xf4, 0x00, 0xf5,
  0x00, 0xf6, 0x00, 0xf7, 0xff, 0xf7, 0x02, 0xf9, 0xff, 0xf9, 0x00, 0xfb,
  0x00, 0xfc, 0xff, 0xfc, 0x02, 0xfe, 0xfe, 0xfe, 0x02, 0x00, 0xfe, 0x00,
  0x01, 0x02, 0x00, 0x04, 0xff, 0x04, 0x01, 0x06, 0x00, 0x07, 0xff, 0x07,
  0x01, 0x09, 0xff, 0x09, 0x01, 0x0b, 0xff, 0x0c, 0x01, 0x0d, 0xff, 0x0d,
  0x01, 0x0f, 0x00, 0x10, 0xff, 0x10, 0x01, 0x12, 0xff, 0x12, 0x01, 0x14,
  0xff, 0x14, 0x01, 0x16, 0xff, 0x15, 0x01, 0x17, 0xff, 0x17, 0x00, 0x19,
  0x01, 0x1a, 0xfe, 0x19, 0x03, 0x1b, 0xfd, 0x1b, 0x02, 0x1c, 0x00, 0x1d,
  0xfe, 0x1c, 0x03, 0x1d, 0xfd, 0x1d, 0x02, 0x1e, 0x00, 0x1f, 0xff, 0x1e,
  0x01, 0x1f, 0xff, 0x1f, 0x01, 0x20, 0xff, 0x1f, 0x02, 0x20, 0xfd, 0x1f,
  0x02, 0x21, 0xff, 0x20, 0x01, 0x21, 0xff, 0x20, 0x01, 0x21, 0xfe, 0x20,
  0x02, 0x21, 0xff, 0x20, 0x00, 0x21, 0x00, 0x21, 0x00, 0x21, 0x00, 0x21,
  0x01, 0x21, 0xfe, 0x20, 0x02, 0x21, 0xff, 0x20, 0x00, 0x20, 0x00, 0x20,
  0x00, 0x20, 0x00, 0x20, 0x01, 0x20, 0xfe, 0x1f, 0x01, 0x1f, 0x01, 0x1f,
  0xfe, 0x1e, 0x03, 0x1f, 0xfc, 0x1d, 0x03, 0x1e, 0xff, 0x1d, 0x01, 0x1e,
  0xff, 0x1c, 0x01, 0x1d, 0xfe, 0x1c, 0x03, 0x1d, 0xfd, 0x1b, 0x03, 0x1c,
  0xfd, 0x1a, 0x03, 0x1b, 0xfd, 0x19, 0x02, 0x1a, 0x00, 0x1a, 0xff, 0x18,
  0x01, 0x18, 0xff, 0x17, 0x00, 0x17, 0x01, 0x17, 0xff, 0x15, 0x01, 0x15,
  0xff, 0x14, 0x00, 0x14, 0x00, 0x13, 0x01, 0x13, 0xff, 0x11, 0x01, 0x11,
  0xff, 0x0f, 0x00, 0x0f, 0x01, 0x0e, 0x00, 0x0d, 0xfe, 0x0c, 0x03, 0x0c,
  0xfd, 0x0a, 0x02, 0x09, 0xff, 0x07, 0x00, 0x07, 0x00, 0x06, 0x01, 0x05,
  0xfe, 0x03, 0x02, 0x03, 0xfe, 0x00, 0x03, 0x00, 0xfd, 0xfe, 0x02, 0xfe,
  0xfe, 0xfc, 0x02, 0xfc, 0xff, 0xf9, 0x02, 0xf9, 0xfc, 0xf7, 0x04, 0xf7,
  0xfd, 0xf5, 0x02, 0xf5, 0x00, 0xf4, 0xff, 0xf2, 0x00, 0xf2, 0x02, 0xf0,
  0xfd, 0xee, 0x03, 0xef, 0xfd, 0xed, 0x03, 0xed, 0xfe, 0xeb, 0x02, 0xeb,
  0xfe, 0xe9, 0x01, 0xe9, 0x00, 0xe8, 0xff, 0xe6, 0x02, 0xe7, 0xfe, 0xe5,
  0x01, 0xe5, 0x00, 0xe5, 0xff, 0xe3, 0x01, 0xe3, 0xff, 0xe2, 0x01, 0xe2,
  0xff, 0xe1, 0x01, 0xe1, 0xff, 0xe0, 0x01, 0xe0, 0xff, 0xdf, 0x01, 0xe0,
  0xff, 0xdf, 0x01, 0xdf, 0x00, 0xdf, 0xfe, 0xdd, 0x03, 0xde, 0xfd, 0xdd,
  0x03, 0xde, 0xfd, 0xdd, 0x03, 0xde, 0xfd, 0xdd, 0x02, 0xde, 0xff, 0xdd,
  0x00, 0xde, 0x01, 0xde, 0xff, 0xdd, 0xff, 0xdd, 0x02, 0xde, 0xfe, 0xdd,
  0x02, 0xde, 0xfe, 0xdd, 0x01, 0xde, 0x00, 0xde, 0x00, 0xde, 0x01, 0xde,
  0xfe, 0xde, 0x02, 0xdf, 0xfe, 0xde, 0x02, 0xdf, 0xff, 0xde, 0x01, 0xe0,
  0xfe, 0xdf, 0x02, 0xe0, 0xff, 0xdf, 0x00, 0xe0, 0x00, 0xe1, 0x00, 0xe1,
  0x00, 0xe1, 0x00, 0xe1, 0x00, 0xe2, 0x00, 0xe2, 0x00, 0xe2, 0x00, 0xe2,
  0x00, 0xe3, 0x00, 0xe3, 0x00, 0xe3, 0x01, 0xe3, 0xfe, 0xe3, 0x02, 0xe4,
  0xff, 0xe3, 0x00, 0xe5, 0x01, 0xe5, 0xff, 0xe4, 0x00, 0xe6, 0x01, 0xe6,
  0xff, 0xe6, 0x00, 0xe7, 0x02, 0xe8, 0xfc, 0xe7, 0x05, 0xe9, 0xfb, 0xe8,
  0x04, 0xea, 0xfe, 0xea, 0x00, 0xeb, 0x01, 0xec, 0xff, 0xec, 0x01, 0xed,
  0xff, 0xed, 0x01, 0xef, 0xff, 0xef, 0x01, 0xf1, 0x00, 0xf1, 0xff, 0xf1,
  0x00, 0xf3, 0x01, 0xf4, 0xff, 0xf4, 0x01, 0xf6, 0x00, 0xf7, 0xfe, 0xf7,
  0x02, 0xf9, 0x00, 0xfa, 0xff, 0xfa, 0x02, 0xfc, 0xfd, 0xfc, 0x03, 0xfe,
  0xfe, 0xfe, 0x02, 0x00, 0xfd, 0x00, 0x03, 0x03, 0xfe, 0x03, 0x01, 0x05,
  0x00, 0x06, 0xff, 0x06, 0x01, 0x08, 0x00, 0x09, 0x00, 0x0a, 0xff, 0x0b,
  0x02, 0x0d, 0xfe, 0x0d, 0x01, 0x0e, 0x00, 0x0f, 0xff, 0x0f, 0x02, 0x11,
  0xfe, 0x11, 0x01, 0x14, 0x00, 0x14, 0xff, 0x14, 0x02, 0x16, 0xfd, 0x16,
  0x03, 0x18, 0xfe, 0x18, 0x01, 0x19, 0xff, 0x19, 0x01, 0x1a, 0xff, 0x1a,
  0x01, 0x1c, 0xff, 0x1b, 0x01, 0x1d, 0xff, 0x1c, 0x01, 0x1e, 0xff, 0x1d,
  0x01, 0x1e, 0xff, 0x1e, 0x01, 0x1f, 0xff, 0x1e, 0x01, 0x20, 0xff, 0x1f,
  0x01, 0x20, 0xfe, 0x1f, 0x03, 0x21, 0xfd, 0x20, 0x02, 0x21, 0xff, 0x20,
  0x00, 0x21, 0x01, 0x21, 0xff, 0x20, 0x00, 0x21, 0x00, 0x22, 0x00, 0x22,
  0x01, 0x22, 0xff, 0x21, 0x01, 0x22, 0xfe, 0x21, 0x02, 0x22, 0xff, 0x20,
  0x00, 0x21, 0x01, 0x21, 0xfe, 0x20, 0x02, 0x21, 0xff, 0x20, 0x00, 0x21,
  0x00, 0x20, 0x01, 0x20, 0xff, 0x1f, 0x01, 0x20, 0xff, 0x1f, 0x00, 0x20,
  0x01, 0x1f, 0xff, 0x1e, 0x01, 0x1f, 0xff, 0x1e, 0x00, 0x1e, 0x02, 0x1e,
  0xfd, 0x1d, 0x03, 0x1e, 0xfe, 0x1d, 0x00, 0x1d, 0x02, 0x1d, 0xfe, 0x1c,
  0x02, 0x1c, 0xfe, 0x1b, 0x01, 0x1c, 0x00, 0x1b, 0xff, 0x1a, 0x02, 0x1b,
  0xfe, 0x1a, 0x01, 0x1a, 0x00, 0x1a, 0x00, 0x1a, 0xff, 0x18, 0x02, 0x18,
  0xfe, 0x17, 0x02, 0x18, 0xfe, 0x16, 0x01, 0x16, 0xff, 0x15, 0x02, 0x15,
  0xfe, 0x14, 0x01, 0x14, 0x00, 0x13, 0xfe, 0x12, 0x04, 0x12, 0xfb, 0x10,
  0x05, 0x10, 0xfc, 0x0f, 0x02, 0x0f, 0x00, 0x0e, 0xff, 0x0c, 0x01, 0x0c,
  0xff, 0x0a, 0x01, 0x0a, 0xff, 0x08, 0x01, 0x08, 0xff, 0x06, 0x01, 0x06,
  0xfe, 0x04, 0x03, 0x04, 0xfd, 0x02, 0x02, 0x02, 0xff, 0x00, 0x00, 0xff,
  0x00, 0xfe, 0x01, 0xfd, 0xfd, 0xfb, 0x05, 0xfb, 0xfa, 0xf8, 0x06, 0xf8,
  0xfb, 0xf6, 0x03, 0xf6, 0xff, 0xf4, 0x01, 0xf4, 0xff, 0xf2, 0x00, 0xf2,
  0x01, 0xf1, 0xfe, 0xef, 0x03, 0xef, 0xfe, 0xed, 0x00, 0xed, 0x00, 0xec,
  0x01, 0xeb, 0xfe, 0xe9, 0x04, 0xe9, 0xfa, 0xe7, 0x06, 0xe7, 0xfb, 0xe5,
  0x04, 0xe6, 0xfe, 0xe4, 0x00, 0xe4, 0x00, 0xe3, 0x01, 0xe3, 0xff, 0xe1,
  0x01, 0xe2, 0xff, 0xe0, 0x00, 0xe1, 0x01, 0xe1, 0xff, 0xdf, 0x01, 0xe0,
  0xff, 0xde, 0x01, 0xdf, 0xff, 0xde, 0x01, 0xdf, 0xff, 0xdd, 0x01, 0xde,
  0xff, 0xdd, 0x01, 0xde, 0xff, 0xdd, 0x01, 0xde, 0xff, 0xdd, 0x01, 0xde,
  0xff, 0xdd, 0x01, 0xde, 0xff, 0xdd, 0x01, 0xde, 0xff, 0xdd, 0x01, 0xde,
  0xff, 0xdd, 0x01, 0xde, 0xff, 0xdd, 0x00, 0xde, 0x01, 0xdf, 0xfe, 0xde,
  0x03, 0xdf, 0xfd, 0xde, 0x01, 0xe0, 0x00, 0xe0, 0x00, 0xe0, 0xff, 0xdf,
  0x02, 0xe0, 0xfe, 0xe0, 0x01, 0xe1, 0x00, 0xe1, 0xff, 0xe0, 0x01, 0xe2,
  0x00, 0xe2, 0x00, 0xe3, 0x00, 0xe3, 0xff, 0xe2, 0x01, 0xe4, 0x00, 0xe4,
  0xff, 0xe3, 0x03, 0xe5, 0xfc, 0xe4, 0x03, 0xe6, 0xfe, 0xe5, 0x01, 0xe6,
  0x00, 0xe7, 0x01, 0xe7, 0xfe, 0xe7, 0x01, 0xe8, 0x00, 0xe9, 0x00, 0xea,
  0x00, 0xea, 0x01, 0xeb, 0xfe, 0xea, 0x01, 0xec, 0x01, 0xed, 0xfd, 0xed,
  0x04, 0xee, 0xfd, 0xee, 0x02, 0xf0, 0xff, 0xef, 0x00, 0xf1, 0xff, 0xf1,
  0x02, 0xf3, 0xfe, 0xf3, 0x02, 0xf5, 0xfe, 0xf5, 0x01, 0xf7, 0x00, 0xf8,
  0xff, 0xf8, 0x01, 0xfa, 0xff, 0xfa, 0x02, 0xfd, 0xfd, 0xfd, 0x03, 0xff,
  0xfd, 0xff, 0x03, 0x01, 0xfe, 0x01, 0x01, 0x03, 0xff, 0x03, 0x02, 0x05,
  0xfe, 0x05, 0x01, 0x07, 0xff, 0x07, 0x01, 0x0a, 0x00, 0x0b, 0x00, 0x0c,
  0x00, 0x0d, 0xff, 0x0d, 0x00, 0x0f, 0x01, 0x10, 0xff, 0x10, 0x01, 0x12,
  0xff, 0x12, 0x00, 0x14, 0x00, 0x15, 0x01, 0x15, 0xfe, 0x15, 0x02, 0x17,
  0xfe, 0x17, 0x02, 0x19, 0xff, 0x18, 0x00, 0x1a, 0x00, 0x1a, 0x00, 0x1b,
  0x00, 0x1b, 0x01, 0x1c, 0xfe, 0x1c, 0x02, 0x1d, 0xfe, 0x1d, 0x02, 0x1e,
  0xff, 0x1d, 0x00, 0x1f, 0x00, 0x1f, 0x00, 0x1f, 0x00, 0x1f, 0x01, 0x20,
  0xfe, 0x1f, 0x03, 0x20, 0xfc, 0x1f, 0x04, 0x21, 0xfc, 0x20, 0x04, 0x21,
  0xfd, 0x20, 0x02, 0x21, 0xfe, 0x20, 0x01, 0x21, 0x00, 0x21, 0x00, 0x21,
  0xff, 0x20, 0x02, 0x21, 0xfe, 0x20, 0x01, 0x21, 0x00, 0x20, 0xff, 0x1f,
  0x02, 0x20, 0xfe, 0x1f, 0x02, 0x20, 0xfe, 0x1f, 0x02, 0x20, 0xff, 0x1e,
  0xff, 0x1e, 0x02, 0x1f, 0xfe, 0x1e, 0x02, 0x1f, 0xff, 0x1e, 0x00, 0x1e,
  0x00, 0x1e, 0x00, 0x1e, 0x01, 0x1d, 0xfe, 0x1c, 0x02, 0x1d, 0xfe, 0x1c,
  0x02, 0x1c, 0xff, 0x1b, 0x00, 0x1b, 0xff, 0x1a, 0x02, 0x1b, 0xfe, 0x1a,
  0x02, 0x1a, 0xfe, 0x19, 0x01, 0x19, 0x00, 0x19, 0x00, 0x18, 0x00, 0x18,
  0x00, 0x17, 0xff, 0x16, 0x02, 0x16, 0xfe, 0x14, 0x01, 0x15, 0x00, 0x14,
  0xff, 0x12, 0x02, 0x12, 0xfd, 0x10, 0x04, 0x11, 0xfb, 0x0f, 0x05, 0x0f,
  0xfc, 0x0d, 0x03, 0x0d, 0xff, 0x0b, 0x00, 0x0b, 0x00, 0x0a, 0xff, 0x08,
  0x01, 0x08, 0x00, 0x07, 0x00, 0x06, 0x00, 0x05, 0xff, 0x03, 0x02, 0x03,
  0xfe, 0x01, 0x01, 0x01, 0x00, 0xff, 0x00, 0xfe, 0x00, 0xfd, 0x00, 0xfc,
  0x00, 0xfb, 0x00, 0xfa, 0x01, 0xf8, 0xff, 0xf6, 0xff, 0xf5, 0x03, 0xf5,
  0xfd, 0xf3, 0x03, 0xf3, 0xfe, 0xf1, 0x00, 0xf1, 0x01, 0xf0, 0x00, 0xef,
  0xff, 0xed, 0x02, 0xed, 0xfd, 0xeb, 0x03, 0xeb, 0xfe, 0xe9, 0x01, 0xe9,
  0xff, 0xe7, 0x01, 0xe8, 0xff, 0xe6, 0x01, 0xe6, 0x00, 0xe5, 0xff, 0xe4,
  0x01, 0xe4, 0xff, 0xe2, 0x01, 0xe3, 0xff, 0xe1, 0x01, 0xe2, 0x00, 0xe1,
  0xff, 0xe0, 0x01, 0xe0, 0xff, 0xdf, 0x01, 0xe0, 0x00, 0xdf, 0x00, 0xdf,
  0xff, 0xde, 0x02, 0xde, 0xfe, 0xdd, 0x01, 0xde, 0x00, 0xde, 0x00, 0xde,
  0x00, 0xde, 0x01, 0xde, 0xfd, 0xdc, 0x04, 0xdd, 0xfc, 0xdc, 0x03, 0xdd,
  0xff, 0xdc, 0xff, 0xdc, 0x02, 0xdd, 0xfe, 0xdc, 0x01, 0xdd, 0x01, 0xdd,
  0xfd, 0xdc, 0x04, 0xdd, 0xfd, 0xdd, 0x02, 0xde, 0xff, 0xdd, 0x00, 0xde,
  0x00, 0xde, 0x01, 0xde, 0xff, 0xde, 0x00, 0xdf, 0x01, 0xdf, 0xfe, 0xde,
  0x02, 0xdf, 0xff, 0xdf, 0x00, 0xe0, 0x01, 0xe0, 0xfe, 0xdf, 0x03, 0xe1,
  0xfd, 0xe0, 0x03, 0xe1, 0xfd, 0xe0, 0x02, 0xe2, 0xff, 0xe1, 0x01, 0xe2,
  0xff, 0xe1, 0x00, 0xe3, 0x01, 0xe3, 0xfe, 0xe2, 0x02, 0xe4, 0xff, 0xe3,
  0x00, 0xe4, 0x01, 0xe5, 0xfe, 0xe4, 0x02, 0xe5, 0xff, 0xe5, 0x00, 0xe6,
  0x01, 0xe7, 0xff, 0xe6, 0x01, 0xe8, 0x00, 0xe8, 0xff, 0xe8, 0x01, 0xe9,
  0x00, 0xea, 0xff, 0xe9, 0x02, 0xeb, 0xfd, 0xeb, 0x04, 0xec, 0xfc, 0xec,
  0x03, 0xee, 0xfe, 0xed, 0x01, 0xef, 0x00, 0xf0, 0xff, 0xf0, 0x02, 0xf1,
  0xfd, 0xf1, 0x04, 0xf3, 0xfc, 0xf3, 0x03, 0xf5, 0xfe, 0xf5, 0x01, 0xf7,
  0x00, 0xf8, 0xff, 0xf8, 0x03, 0xfa, 0xfc, 0xfa, 0x03, 0xfc, 0xfe, 0xfc,
  0x01, 0xfe, 0x00, 0xff, 0x01, 0x00, 0xfe, 0x00, 0x01, 0x03, 0x00, 0x04,
  0xff, 0x04, 0x02, 0x06, 0xff, 0x06, 0xff, 0x07, 0x02, 0x09, 0xfe, 0x09,
  0x02, 0x0b, 0xff, 0x0b, 0x01, 0x0d, 0xfe, 0x0d, 0x03, 0x0f, 0xfc, 0x0f,
  0x05, 0x11, 0xfc, 0x11, 0x02, 0x13, 0xff, 0x13, 0x00, 0x15, 0x01, 0x16,
  0xff, 0x16, 0x01, 0x18, 0xfe, 0x17, 0x03, 0x19, 0xfd, 0x18, 0x03, 0x1a,
  0xfd, 0x1a, 0x03, 0x1b, 0xfd, 0x1b, 0x03, 0x1d, 0xfd, 0x1c, 0x03, 0x1e,
  0xfd, 0x1d, 0x02, 0x1e, 0xff, 0x1e, 0x00, 0x1f, 0x01, 0x1f, 0xff, 0x1f,
  0x00, 0x20, 0x01, 0x20, 0xfe, 0x1f, 0x02, 0x21, 0xff, 0x20, 0x00, 0x21,
  0x01, 0x21, 0xfe, 0x20, 0x02, 0x21, 0xfe, 0x20, 0x02, 0x22, 0xfe, 0x21,
  0x02, 0x22, 0xfe, 0x21, 0x02, 0x22, 0xfe, 0x21, 0x02, 0x22, 0xff, 0x21,
  0x00, 0x22, 0x00, 0x21, 0x01, 0x21, 0xfe, 0x20, 0x02, 0x21, 0xff, 0x20,
  0x00, 0x21, 0x01, 0x21, 0xfe, 0x1f, 0x02, 0x20, 0xfe, 0x1f, 0x03, 0x20,
  0xfd, 0x1e, 0x02, 0x1f, 0xfe, 0x1e, 0x02, 0x1f, 0xfe, 0x1e, 0x03, 0x1e,
  0xfd, 0x1d, 0x02, 0x1e, 0xff, 0x1d, 0x00, 0x1d, 0x00, 0x1d, 0x01, 0x1d,
  0xfe, 0x1c, 0x03, 0x1d, 0xfd, 0x1b, 0x03, 0x1c, 0xfd, 0x1a, 0x02, 0x1b,
  0xff, 0x1a, 0x00, 0x1b, 0x01, 0x1a, 0xff, 0x19, 0x00, 0x19, 0x01, 0x19,
  0xfe, 0x18, 0x02, 0x18, 0xfe, 0x16, 0x02, 0x17, 0xfe, 0x15, 0x02, 0x16,
  0xfe, 0x14, 0x02, 0x15, 0xfd, 0x13, 0x04, 0x14, 0xfc, 0x12, 0x03, 0x12,
  0xff, 0x10, 0xff, 0x10, 0x02, 0x10, 0xfe, 0x0e, 0x02, 0x0e, 0xfd, 0x0c,
  0x05, 0x0c, 0xfa, 0x0a, 0x06, 0x0a, 0xfb, 0x08, 0x03, 0x07, 0xff, 0x05,
  0xff, 0x04, 0x03, 0x04, 0xfc, 0x02, 0x03, 0x02, 0xfe, 0xff, 0x01, 0xff,
  0x00, 0xfe, 0x00, 0xfd, 0xff, 0xfb, 0x00, 0xfb, 0x02, 0xf9, 0xfd, 0xf7,
  0x04, 0xf7, 0xfc, 0xf5, 0x03, 0xf4, 0xfe, 0xf2, 0x02, 0xf2, 0xfe, 0xf0,
  0x02, 0xf0, 0xfe, 0xee, 0x02, 0xee, 0xff, 0xec, 0x00, 0xec, 0x01, 0xeb,
  0xfe, 0xe9, 0x02, 0xe9, 0xff, 0xe7, 0x01, 0xe8, 0xff, 0xe6, 0x01, 0xe6,
  0xfe, 0xe4, 0x03, 0xe4, 0xfd, 0xe3, 0x03, 0xe3, 0xfd, 0xe2, 0x02, 0xe2,
  0xff, 0xe1, 0x00, 0xe1, 0x01, 0xe1, 0xfe, 0xe0, 0x03, 0xe0, 0xfd, 0xdf,
  0x01, 0xe0, 0x01, 0xdf, 0xfe, 0xde, 0x02, 0xdf, 0xff, 0xde, 0xff, 0xdd,
  0x02, 0xde, 0xff, 0xdd, 0xff, 0xdd, 0x02, 0xde, 0xfd, 0xdd, 0x04, 0xde,
  0xfc, 0xdd, 0x04, 0xde, 0xfc, 0xdd, 0x04, 0xdf, 0xfc, 0xdd, 0x04, 0xde,
  0xfc, 0xde, 0x04, 0xdf, 0xfc, 0xde, 0x03, 0xdf, 0xfe, 0xde, 0x01, 0xdf,
  0x00, 0xe0, 0xff, 0xdf, 0x01, 0xe0, 0x00, 0xe0, 0xff, 0xdf, 0x01, 0xe1,
  0x00, 0xe1, 0xff, 0xe0, 0x03, 0xe1, 0xfc, 0xe1, 0x03, 0xe2, 0xfe, 0xe1,
  0x02, 0xe3, 0xff, 0xe2, 0x00, 0xe3, 0x01, 0xe4, 0xfd, 0xe3, 0x04, 0xe4,
  0xfd, 0xe4, 0x02, 0xe5, 0xff, 0xe5, 0xff, 0xe5, 0x02, 0xe7, 0xff, 0xe6,
  0x00, 0xe8, 0x00, 0xe8, 0x00, 0xe9, 0x00, 0xe9, 0x01, 0xea, 0xff, 0xe9,
  0xff, 0xea, 0x02, 0xec, 0xff, 0xeb, 0x00, 0xed, 0x01, 0xee, 0xfe, 0xee,
  0x01, 0xf0, 0x00, 0xf0, 0x01, 0xf1, 0xfd, 0xf1, 0x04, 0xf3, 0xfc, 0xf3,
  0x03, 0xf5, 0xff, 0xf5, 0xff, 0xf6, 0x01, 0xf7, 0x00, 0xf9, 0xff, 0xf9,
  0x02, 0xfb, 0xfd, 0xfb, 0x03, 0xfd, 0xfe, 0xfd, 0x01, 0xff, 0x00, 0x00,
  0xff, 0x01, 0x01, 0x03, 0x00, 0x04, 0xff, 0x04, 0x01, 0x06, 0x00, 0x07,
  0xff, 0x07, 0x02, 0x09, 0xfd, 0x0a, 0x03, 0x0c, 0xfd, 0x0c, 0x03, 0x0d,
  0xfd, 0x0d, 0x03, 0x0f, 0xfe, 0x10, 0x01, 0x12, 0xff, 0x12, 0x01, 0x14,
  0xff, 0x13, 0x00, 0x15, 0x02, 0x16, 0xfd, 0x16, 0x03, 0x18, 0xfe, 0x17,
  0x00, 0x19, 0x01, 0x1a, 0xff, 0x19, 0x01, 0x1b, 0x00, 0x1b, 0xff, 0x1b,
  0x01, 0x1d, 0xff, 0x1c, 0x01, 0x1e, 0x00, 0x1e, 0x00, 0x1e, 0xff, 0x1e,
  0x01, 0x1f, 0xff, 0x1e, 0x02, 0x20, 0xfd, 0x1f, 0x03, 0x20, 0xfd, 0x1f,
  0x02, 0x20, 0x00, 0x21, 0xff, 0x20, 0x01, 0x21, 0xff, 0x20, 0x00, 0x21,
  0x02, 0x21, 0xfe, 0x20, 0x01, 0x21, 0xff, 0x20, 0x01, 0x21, 0x00, 0x21,
  0x00, 0x21, 0x00, 0x21, 0xff, 0x20, 0x01, 0x21, 0xff, 0x20, 0x01, 0x21,
  0x00, 0x21, 0xff, 0x20, 0x01, 0x20, 0xff, 0x1f, 0x00, 0x20, 0x01, 0x20,
  0xff, 0x1f, 0x01, 0x1f, 0x00, 0x1f, 0xff, 0x1e, 0x01, 0x1f, 0xff, 0x1e,
  0x01, 0x1e, 0x00, 0x1e, 0x00, 0x1e, 0xff, 0x1d, 0x01, 0x1e, 0x00, 0x1d,
  0xff, 0x1c, 0x02, 0x1d, 0xfd, 0x1b, 0x03, 0x1c, 0xfe, 0x1b, 0x01, 0x1b,
  0xff, 0x1a, 0x02, 0x1a, 0xfd, 0x19, 0x03, 0x1a, 0xfe, 0x18, 0x01, 0x19,
  0xff, 0x17, 0x02, 0x18, 0xfd, 0x16, 0x03, 0x17, 0xfe, 0x15, 0x00, 0x16,
  0x02, 0x15, 0xfd, 0x13, 0x02, 0x13, 0xff, 0x12, 0x01, 0x12, 0xff, 0x10,
  0x01, 0x11, 0xff, 0x0f, 0x00, 0x0f, 0x01, 0x0e, 0xff, 0x0c, 0x00, 0x0c,
  0x01, 0x0b, 0xff, 0x09, 0x01, 0x09, 0xff, 0x07, 0x00, 0x07, 0x01, 0x06,
  0xff, 0x04, 0x01, 0x04, 0xff, 0x02, 0x01, 0x02, 0xfe, 0x00, 0x03, 0x00,
  0xfd, 0xfe, 0x03, 0xfe, 0xfe, 0xfb, 0x01, 0xfb, 0xff, 0xf9, 0x01, 0xf9,
  0xff, 0xf7, 0x02, 0xf7, 0xfe, 0xf5, 0x01, 0xf5, 0xff, 0xf3, 0x02, 0xf3,
  0xfe, 0xf1, 0x01, 0xf1, 0x00, 0xf0, 0xfe, 0xed, 0x05, 0xed, 0xfa, 0xec,
  0x06, 0xec, 0xf9, 0xea, 0x07, 0xea, 0xfb, 0xe8, 0x03, 0xe8, 0xff, 0xe6,
  0xfe, 0xe6, 0x04, 0xe6, 0xfc, 0xe4, 0x04, 0xe5, 0xfd, 0xe3, 0x01, 0xe3,
  0x00, 0xe3, 0x00, 0xe2, 0x00, 0xe2, 0x01, 0xe1, 0xff, 0xe0, 0xff, 0xe0,
  0x02, 0xe0, 0xff, 0xde, 0x01, 0xdf, 0x00, 0xdf, 0xfe, 0xde, 0x02, 0xdf,
  0xff, 0xdd, 0x02, 0xde, 0xfd, 0xdd, 0x02, 0xde, 0xff, 0xdd, 0x01, 0xde,
  0xff, 0xdd, 0x01, 0xdd, 0xff, 0xdc, 0x00, 0xdd, 0x01, 0xdd, 0xfe, 0xdd,
  0x02, 0xde, 0x00, 0xde, 0xff, 0xdd, 0x00, 0xde, 0x01, 0xde, 0xff, 0xdd,
  0x01, 0xde, 0x00, 0xde, 0xff, 0xdd, 0x01, 0xde, 0x00, 0xdf, 0xff, 0xde,
  0x02, 0xdf, 0xfe, 0xde, 0x01, 0xe0, 0x00, 0xe0, 0xff, 0xdf, 0x02, 0xe0,
  0xfe, 0xdf, 0x02, 0xe1, 0xfe, 0xe0, 0x02, 0xe1, 0xfe, 0xe1, 0x01, 0xe2,
  0x01, 0xe2, 0xfe, 0xe1, 0x02, 0xe3, 0xfe, 0xe2, 0x02, 0xe3, 0xfe, 0xe2,
  0x02, 0xe4, 0xfe, 0xe3, 0x01, 0xe4, 0x01, 0xe5, 0xfe, 0xe4, 0x01, 0xe6,
  0x01, 0xe6, 0xfd, 0xe6, 0x04, 0xe7, 0xfc, 0xe7, 0x03, 0xe8, 0xff, 0xe8,
  0xff, 0xe8, 0x02, 0xea, 0xfd, 0xe9, 0x04, 0xeb, 0xfc, 0xea, 0x03, 0xec,
  0xfe, 0xec, 0x01, 0xed, 0x00, 0xee, 0x00, 0xef, 0xff, 0xef, 0x01, 0xf1,
  0xff, 0xf0, 0x01, 0xf2, 0xff, 0xf2, 0x02, 0xf4, 0xfd, 0xf4, 0x03, 0xf6,
  0xfc, 0xf6, 0x04, 0xf8, 0xfe, 0xf8, 0x01, 0xfa, 0x00, 0xfb, 0xfe, 0xfb,
  0x03, 0xfd, 0xfd, 0xfd, 0x03, 0xff, 0xfd, 0xff, 0x03, 0x01, 0xfe, 0x01,
  0x01, 0x04, 0xff, 0x04, 0x01, 0x06, 0xff, 0x06, 0x02, 0x08, 0xfd, 0x08,
  0x03, 0x0a, 0xfd, 0x0a, 0x03, 0x0c, 0xfe, 0x0c, 0x01, 0x0e, 0x00, 0x0f,
  0xff, 0x0f, 0x01, 0x11, 0x00, 0x12, 0x00, 0x13, 0xff, 0x13, 0x02, 0x15,
  0xfe, 0x15, 0x01, 0x17, 0x01, 0x17, 0xfd, 0x17, 0x03, 0x19, 0xfe, 0x19,
  0x01, 0x1a, 0x00, 0x1b, 0x00, 0x1b, 0x00, 0x1c, 0xff, 0x1b, 0x01, 0x1d,
  0xff, 0x1d, 0x01, 0x1e, 0x00, 0x1e, 0x00, 0x1f, 0x00, 0x1f, 0xff, 0x1e,
  0x02, 0x20, 0xfe, 0x1f, 0x02, 0x20, 0xfe, 0x1f, 0x02, 0x21, 0xfe, 0x20,
  0x02, 0x21, 0xff, 0x20, 0x00, 0x21, 0x00, 0x21, 0xff, 0x20, 0x02, 0x21,
  0xff, 0x20, 0x00, 0x21, 0x01, 0x21, 0xfd, 0x20, 0x05, 0x21, 0xfa, 0x20,
  0x05, 0x21, 0xfd, 0x20, 0x01, 0x21, 0x01, 0x21, 0xfe, 0x20, 0x02, 0x21,
  0xfe, 0x1f, 0x01, 0x20, 0x01, 0x20, 0xfe, 0x1f, 0x02, 0x20, 0xfe, 0x1f,
  0x01, 0x1f, 0x01, 0x1f, 0xfe, 0x1e, 0x02, 0x1f, 0xfe, 0x1d, 0x01, 0x1e,
  0x00, 0x1e, 0x00, 0x1e, 0x00, 0x1e, 0x00, 0x1d, 0xff, 0x1c, 0x02, 0x1c,
  0xff, 0x1b, 0xff, 0x1b, 0x02, 0x1c, 0xfd, 0x1a, 0x04, 0x1b, 0xfc, 0x19,
  0x04, 0x1a, 0xfc, 0x18, 0x03, 0x19, 0xfe, 0x17, 0x01, 0x18, 0x01, 0x18,
  0xff, 0x16, 0x00, 0x16, 0x01, 0x16, 0xfe, 0x14, 0x03, 0x15, 0xfc, 0x13,
  0x04, 0x13, 0xfe, 0x11, 0x00, 0x12, 0x01, 0x11, 0xfd, 0x0f, 0x04, 0x0f,
  0xfc, 0x0d, 0x04, 0x0d, 0xfc, 0x0b, 0x03, 0x0b, 0xfe, 0x09, 0x02, 0x09,
  0xfe, 0x07, 0x02, 0x07, 0xfe, 0x05, 0x02, 0x05, 0xfe, 0x03, 0x02, 0x03,
  0xff, 0x01, 0x00, 0x01, 0x00, 0x00, 0x00, 0xfe, 0x00, 0xfd, 0x00, 0xfc,
  0x00, 0xfb, 0x00, 0xfa, 0xff, 0xf7, 0x03, 0xf7, 0xfc, 0xf5, 0x03, 0xf5,
  0xfe, 0xf3, 0x01, 0xf3, 0x00, 0xf2, 0x00, 0xf1, 0x00, 0xf0, 0x00, 0xef,
  0x00, 0xee, 0xff, 0xec, 0x01, 0xec, 0x00, 0xeb, 0x00, 0xea, 0x01, 0xe9,
  0xfe, 0xe8, 0x01, 0xe8, 0xff, 0xe6, 0x02, 0xe6, 0xfe, 0xe4, 0x02, 0xe5,
  0xfe, 0xe3, 0x02, 0xe3, 0xfe, 0xe2, 0x02, 0xe2, 0xfe, 0xe1, 0x02, 0xe1,
  0xff, 0xe0, 0x00, 0xe1, 0x00, 0xe0, 0x00, 0xe0, 0x00, 0xdf, 0x00, 0xdf,
  0x00, 0xdf, 0xff, 0xde, 0x01, 0xdf, 0x00, 0xdf, 0xff, 0xdd, 0x02, 0xde,
  0xfd, 0xdd, 0x02, 0xde, 0x00, 0xde, 0xfe, 0xdd, 0x03, 0xde, 0xfe, 0xdd,
  0x00, 0xde, 0x02, 0xde, 0xfd, 0xdd, 0x01, 0xde, 0x01, 0xde, 0xfe, 0xdd,
  0x03, 0xde, 0xfe, 0xdd, 0x00, 0xdf, 0x00, 0xdf, 0x00, 0xdf, 0x01, 0xdf,
  0x00, 0xdf, 0xff, 0xde, 0x01, 0xe0, 0xff, 0xdf, 0x02, 0xe0, 0xfe, 0xdf,
  0x02, 0xe1, 0xfd, 0xe0, 0x04, 0xe1, 0xfc, 0xe0, 0x04, 0xe1, 0xfc, 0xe1,
  0x04, 0xe2, 0xfc, 0xe1, 0x04, 0xe3, 0xfd, 0xe2, 0x01, 0xe3, 0x00, 0xe4,
  0xff, 0xe3, 0x03, 0xe4, 0xfc, 0xe4, 0x04, 0xe5, 0xfc, 0xe4, 0x02, 0xe6,
  0x01, 0xe6, 0xfd, 0xe6, 0x04, 0xe7, 0xfc, 0xe7, 0x03, 0xe8, 0xff, 0xe8,
  0xff, 0xe8, 0x02, 0xea, 0xfe, 0xe9, 0x02, 0xeb, 0xff, 0xeb, 0xff, 0xeb,
  0x02, 0xed, 0xfe, 0xed, 0x01, 0xee, 0x01, 0xef, 0xfe, 0xef, 0x02, 0xf1,
  0xff, 0xf1, 0xff, 0xf1, 0x02, 0xf3, 0xff, 0xf3, 0x00, 0xf5, 0x00, 0xf6,
  0x01, 0xf7, 0xfe, 0xf7, 0x03, 0xf9, 0xfc, 0xf9, 0x04, 0xfb, 0xfd, 0xfb,
  0x02, 0xfd, 0xff, 0xfd, 0x01, 0xff, 0xfe, 0xff, 0x03, 0x01, 0xfd, 0x01,
  0x03, 0x03, 0xfe, 0x03, 0x00, 0x05, 0x01, 0x06, 0xff, 0x07, 0x02, 0x09,
  0xfd, 0x09, 0x03, 0x0b, 0xfd, 0x0b, 0x03, 0x0d, 0xfe, 0x0d, 0x01, 0x0f,
  0xff, 0x0f, 0x01, 0x11, 0xff, 0x11, 0x01, 0x13, 0x00, 0x14, 0xff, 0x13,
  0x01, 0x15, 0xff, 0x15, 0x01, 0x17, 0xff, 0x17, 0x01, 0x18, 0xff, 0x18,
  0x01, 0x19, 0xff, 0x19, 0x01, 0x1b, 0xff, 0x1a, 0x01, 0x1c, 0xff, 0x1b,
  0x01, 0x1d, 0xff, 0x1c, 0x01, 0x1e, 0xff, 0x1d, 0x00, 0x1e, 0x02, 0x1f,
  0xfc, 0x1e, 0x04, 0x1f, 0xfd, 0x1f, 0x02, 0x20, 0xff, 0x1f, 0x01, 0x20,
  0xfe, 0x20, 0x02, 0x21, 0xff, 0x20, 0x00, 0x21, 0x01, 0x21, 0xff, 0x20,
  0x00, 0x21, 0x01, 0x21, 0xfe, 0x20, 0x03, 0x21, 0xfd, 0x20, 0x03, 0x21,
  0xfe, 0x20, 0x00, 0x21, 0x01, 0x21, 0xff, 0x20, 0x01, 0x21, 0x00, 0x21,
  0xff, 0x20, 0x00, 0x21, 0x02, 0x21, 0xfd, 0x1f, 0x02, 0x20, 0xff, 0x1f,
  0x00, 0x20, 0x01, 0x20, 0xff, 0x1e, 0x00, 0x1f, 0x00, 0x1f, 0x00, 0x1f,
  0x01, 0x1f, 0xfd, 0x1d, 0x05, 0x1e, 0xfb, 0x1d, 0x03, 0x1e, 0xfe, 0x1c,
  0x02, 0x1d, 0xfe, 0x1c, 0x02, 0x1c, 0xfe, 0x1b, 0x02, 0x1c, 0xfe, 0x1a,
  0x03, 0x1b, 0xfc, 0x1a, 0x04, 0x1a, 0xfe, 0x19, 0xff, 0x18, 0x03, 0x19,
  0xfd, 0x17, 0x02, 0x18, 0x00, 0x17, 0xff, 0x16, 0x00, 0x16, 0x02, 0x15,
  0xfc, 0x14, 0x05, 0x14, 0xfd, 0x12, 0x01, 0x13, 0x00, 0x12, 0xff, 0x10,
  0x01, 0x11, 0x00, 0x10, 0x00, 0x0f, 0x00, 0x0e, 0xff, 0x0c, 0x01, 0x0c,
  0x00, 0x0b, 0xff, 0x09, 0x02, 0x09, 0xfe, 0x07, 0x01, 0x07, 0x00, 0x06,
  0xff, 0x04, 0x02, 0x04, 0xfe, 0x02, 0x02, 0x02, 0xfe, 0xff, 0x02, 0xff,
  0xfe, 0xfd, 0x02, 0xfd, 0xfe, 0xfb, 0x01, 0xfb, 0x01, 0xfa, 0xfd, 0xf7,
  0x04, 0xf7, 0xfc, 0xf5, 0x03, 0xf5, 0xff, 0xf3, 0xff, 0xf2, 0x02, 0xf2,
  0xfe, 0xf0, 0x01, 0xf0, 0x01, 0xef, 0xfe, 0xed, 0x02, 0xed, 0xfe, 0xeb,
  0x01, 0xeb, 0x00, 0xea, 0x01, 0xe9, 0xfe, 0xe8, 0x02, 0xe8, 0xfe, 0xe6,
  0x02, 0xe6, 0xff, 0xe4, 0x00, 0xe5, 0x01, 0xe4, 0xfe, 0xe3, 0x03, 0xe3,
  0xfd, 0xe2, 0x01, 0xe2, 0x02, 0xe1, 0xfc, 0xe0, 0x05, 0xe1, 0xfb, 0xdf,
  0x04, 0xe0, 0xfd, 0xdf, 0x02, 0xdf, 0xff, 0xde, 0x00, 0xdf, 0x00, 0xdf,
  0x01, 0xdf, 0xfe, 0xde, 0x02, 0xde, 0xff, 0xdd, 0x00, 0xde, 0x01, 0xde,
  0xff, 0xdd, 0xff, 0xdd, 0x03, 0xde, 0xfd, 0xdd, 0x03, 0xde, 0xfd, 0xdd,
  0x02, 0xde, 0xff, 0xdd, 0x01, 0xdf, 0xff, 0xde, 0x00, 0xdf, 0x01, 0xdf,
  0xff, 0xde, 0x01, 0xdf, 0xfe, 0xdf, 0x03, 0xe0, 0xfc, 0xdf, 0x05, 0xe0,
  0xfc, 0xdf, 0x02, 0xe1, 0x00, 0xe1, 0xfe, 0xe0, 0x03, 0xe2, 0xfd, 0xe1,
  0x03, 0xe2, 0xfe, 0xe1, 0x01, 0xe2, 0xff, 0xe2, 0x00, 0xe3, 0x01, 0xe4,
  0x00, 0xe4, 0x00, 0xe4, 0xff, 0xe4, 0x01, 0xe5, 0xff, 0xe5, 0x02, 0xe6,
  0xff, 0xe6, 0xff, 0xe6, 0x01, 0xe8, 0xff, 0xe7, 0x01, 0xe9, 0x00, 0xe9,
  0x00, 0xea, 0xff, 0xe9, 0x01, 0xeb, 0xff, 0xeb, 0x01, 0xec, 0x00, 0xed,
  0xff, 0xed, 0x02, 0xee, 0xfd, 0xee, 0x03, 0xf0, 0xfe, 0xf0, 0x01, 0xf2,
  0x00, 0xf3, 0xff, 0xf3, 0x01, 0xf5, 0xff, 0xf5, 0x01, 0xf7, 0x00, 0xf8,
  0x00, 0xf9, 0xff, 0xf9, 0x02, 0xfb, 0xfd, 0xfb, 0x03, 0xfd, 0xfe, 0xfd,
  0x01, 0xff, 0x00, 0x00, 0x00, 0x02, 0xff, 0x02, 0x01, 0x04, 0xff, 0x04,
  0x02, 0x06, 0xfe, 0x06, 0x01, 0x09, 0xff, 0x09, 0x01, 0x0b, 0x00, 0x0c,
  0x00, 0x0d, 0xff, 0x0d, 0x01, 0x0f, 0x00, 0x10, 0x00, 0x11, 0x00, 0x12,
  0xff, 0x12, 0x01, 0x14, 0x01, 0x15, 0xfe, 0x15, 0x02, 0x17, 0xfd, 0x17,
  0x03, 0x19, 0xfe, 0x18, 0x02, 0x1a, 0xfd, 0x19, 0x04, 0x1b, 0xfc, 0x1b,
  0x03, 0x1c, 0xff, 0x1c, 0xfe, 0x1c, 0x04, 0x1e, 0xfc, 0x1d, 0x04, 0x1e,
  0xfd, 0x1e, 0x01, 0x1f, 0x00, 0x20, 0x00, 0x20, 0x00, 0x20, 0x00, 0x20,
  0x00, 0x20, 0x00, 0x21, 0x00, 0x21, 0x00, 0x21, 0x00, 0x21, 0x00, 0x21,
  0x00, 0x21, 0x01, 0x21, 0xfe, 0x20, 0x03, 0x22, 0xfc, 0x21, 0x05, 0x22,
  0xfb, 0x21, 0x05, 0x21, 0xfb, 0x20, 0x04, 0x21, 0xfd, 0x20, 0x02, 0x21,
  0x00, 0x21, 0xfe, 0x20, 0x03, 0x21, 0xfc, 0x20, 0x03, 0x21, 0x00, 0x20,
  0xfe, 0x1f, 0x03, 0x20, 0xfd, 0x1f, 0x01, 0x20, 0x01, 0x1f, 0xff, 0x1e,
  0x00, 0x1f, 0x00, 0x1f, 0xff, 0x1e, 0x02, 0x1e, 0xff, 0x1d, 0x00, 0x1e,
  0x00, 0x1e, 0x00, 0x1d, 0x00, 0x1d, 0x01, 0x1d, 0xfe, 0x1c, 0x02, 0x1c,
  0xff, 0x1b, 0x01, 0x1c, 0xff, 0x1a, 0x01, 0x1b, 0xfe, 0x1a, 0x02, 0x1a,
  0xff, 0x19, 0x01, 0x19, 0xff, 0x18, 0x01, 0x18, 0xfe, 0x17, 0x02, 0x17,
  0xff, 0x16, 0x01, 0x16, 0xff, 0x15, 0x00, 0x15, 0x00, 0x14, 0x01, 0x14,
  0xfe, 0x12, 0x03, 0x12, 0xfc, 0x10, 0x04, 0x11, 0xfe, 0x0f, 0xff, 0x0e,
  0x03, 0x0e, 0xfd, 0x0c, 0x03, 0x0d, 0xfe, 0x0b, 0x00, 0x0a, 0x01, 0x09,
  0xff, 0x07, 0x01, 0x07, 0x00, 0x06, 0x00, 0x05, 0xff, 0x03, 0x01, 0x03,
  0xff, 0x01, 0x01, 0x01, 0x00, 0x00, 0x00, 0xff, 0xff, 0xfd, 0x01, 0xfd,
  0xff, 0xfa, 0x01, 0xfa, 0x00, 0xf9, 0x00, 0xf8, 0x00, 0xf7, 0x00, 0xf6,
  0x00, 0xf5, 0x00, 0xf4, 0x00, 0xf2, 0x00, 0xf1, 0x00, 0xf1, 0x00, 0xef,
  0x00, 0xee, 0x00, 0xee, 0x00, 0xed, 0xff, 0xeb, 0x01, 0xeb, 0xff, 0xe8,
  0x02, 0xe9, 0xfe, 0xe7, 0x01, 0xe7, 0xff, 0xe6, 0x00, 0xe6, 0x01, 0xe5,
  0xff, 0xe3, 0x01, 0xe4, 0xff, 0xe2, 0x01, 0xe3, 0xff, 0xe1, 0x00, 0xe2,
  0x01, 0xe1, 0xff, 0xdf, 0x01, 0xe0, 0xff, 0xdf, 0x00, 0xe0, 0x01, 0xdf,
  0xff, 0xde, 0x01, 0xdf, 0xfe, 0xdd, 0x03, 0xde, 0xfd, 0xdd, 0x02, 0xde,
  0xff, 0xdd, 0x01, 0xdd, 0xff, 0xdc, 0x01, 0xdd, 0xff, 0xdc, 0x00, 0xdd,
  0x01, 0xdd, 0xfe, 0xdc, 0x02, 0xdd, 0xff, 0xdc, 0x00, 0xdd, 0x00, 0xde,
  0x00, 0xde, 0x00, 0xde, 0x00, 0xde, 0x00, 0xde, 0xff, 0xdd, 0x01, 0xde,
  0x00, 0xde, 0x00, 0xdf, 0x00, 0xdf, 0x00, 0xdf, 0x00, 0xdf, 0xff, 0xde,
  0x02, 0xe0, 0xfe, 0xdf, 0x02, 0xe0, 0xff, 0xdf, 0x00, 0xe0, 0x00, 0xe1,
  0x00, 0xe1, 0x00, 0xe1, 0x00, 0xe2, 0x01, 0xe2, 0xfe, 0xe1, 0x02, 0xe2,
  0xfd, 0xe2, 0x05, 0xe3, 0xfa, 0xe2, 0x06, 0xe3, 0xfa, 0xe3, 0x05, 0xe4,
  0xfd, 0xe3, 0x01, 0xe5, 0x01, 0xe5, 0xfe, 0xe4, 0x02, 0xe6, 0xff, 0xe5,
  0xff, 0xe6, 0x02, 0xe7, 0xff, 0xe7, 0x00, 0xe8, 0x01, 0xe9, 0xfd, 0xe8,
  0x03, 0xea, 0xff, 0xe9, 0x00, 0xeb, 0x01, 0xec, 0xfe, 0xeb, 0x02, 0xed,
  0xff, 0xed, 0x00, 0xee, 0x01, 0xef, 0xff, 0xef, 0x00, 0xf1, 0x01, 0xf2,
  0xfe, 0xf1, 0x03, 0xf3, 0xfd, 0xf3, 0x02, 0xf5, 0xff, 0xf5, 0x00, 0xf7,
  0x00, 0xf8, 0x00, 0xf9, 0x01, 0xfa, 0xfe, 0xfa, 0x02, 0xfc, 0xfe, 0xfc,
  0x01, 0xfe, 0x00, 0xff, 0x00, 0x00, 0x00, 0x01, 0x00, 0x02, 0x00, 0x03,
  0xff, 0x03, 0x02, 0x05, 0xfe, 0x05, 0x02, 0x07, 0xfe, 0x08, 0x02, 0x0a,
  0xff, 0x0a, 0x00, 0x0c, 0xff, 0x0c, 0x02, 0x0e, 0xfe, 0x0e, 0x03, 0x10,
  0xfd, 0x10, 0x01, 0x12, 0x00, 0x12, 0x00, 0x13, 0x00, 0x14, 0x00, 0x15,
  0x00, 0x16, 0x00, 0x17, 0x00, 0x18, 0xff, 0x17, 0x02, 0x19, 0xfe, 0x18,
  0x02, 0x1a, 0xfe, 0x1a, 0x02, 0x1b, 0xfe, 0x1b, 0x02, 0x1c, 0xff, 0x1c,
  0x00, 0x1d, 0x01, 0x1e, 0xfe, 0x1d, 0x02, 0x1f, 0xff, 0x1e, 0x01, 0x1f,
  0xff, 0x1e, 0x00, 0x20, 0x01, 0x20, 0xfe, 0x1f, 0x03, 0x21, 0xfd, 0x20,
  0x02, 0x21, 0xff, 0x20, 0x00, 0x21, 0x01, 0x21, 0xff, 0x20, 0x00, 0x21,
  0x01, 0x21, 0xfe, 0x20, 0x03, 0x21, 0xfd, 0x20, 0x02, 0x21, 0xfe, 0x20,
  0x02, 0x21, 0xfe, 0x20, 0x02, 0x21, 0xfe, 0x20, 0x01, 0x21, 0x01, 0x20,
  0xfd, 0x1f, 0x04, 0x20, 0xfb, 0x1f, 0x06, 0x1f, 0xfb, 0x1e, 0x04, 0x1f,
  0xfd, 0x1e, 0x01, 0x1f, 0x00, 0x1f, 0x00, 0x1e, 0x00, 0x1e, 0x00, 0x1e,
  0x00, 0x1d, 0x00, 0x1d, 0xff, 0x1c, 0x02, 0x1c, 0xfe, 0x1b, 0x02, 0x1c,
  0xff, 0x1a, 0xff, 0x1a, 0x02, 0x1a, 0xfe, 0x19, 0x02, 0x1a, 0xff, 0x18,
  0x00, 0x19, 0x00, 0x18, 0x00, 0x17, 0x00, 0x17, 0xff, 0x15, 0x02, 0x16,
  0xfe, 0x14, 0x02, 0x14, 0xfe, 0x12, 0x02, 0x13, 0xfe, 0x11, 0x02, 0x11,
  0xfe, 0x10, 0x02, 0x10, 0xff, 0x0e, 0x00, 0x0e, 0x00, 0x0d, 0x00, 0x0c,
  0x00, 0x0b, 0x01, 0x0a, 0xfe, 0x08, 0x02, 0x08, 0xfe, 0x06, 0x01, 0x06,
  0x00, 0x05, 0x01, 0x04, 0xfe, 0x02, 0x02, 0x02, 0xfe, 0xff, 0x01, 0xff,
  0x01, 0xfe, 0xfe, 0xfc, 0x01, 0xfc, 0x01, 0xfa, 0xfd, 0xf8, 0x04, 0xf8,
  0xfc, 0xf6, 0x03, 0xf6, 0xff, 0xf4, 0xff, 0xf3, 0x02, 0xf3, 0xfe, 0xf1,
  0x02, 0xf1, 0xff, 0xef, 0xff, 0xed, 0x03, 0xed, 0xfc, 0xec, 0x04, 0xec,
  0xfc, 0xea, 0x03, 0xea, 0xff, 0xe8, 0x00, 0xe8, 0x00, 0xe7, 0x00, 0xe7,
  0x00, 0xe6, 0x00, 0xe5, 0x01, 0xe5, 0xfe, 0xe3, 0x02, 0xe4, 0xff, 0xe2,
  0x01, 0xe2, 0xff, 0xe1, 0x01, 0xe2, 0xff, 0xe0, 0x01, 0xe1, 0xff, 0xdf,
  0x01, 0xe0, 0x00, 0xe0, 0xff, 0xdf, 0x01, 0xdf, 0xff, 0xde, 0x01, 0xdf,
  0xff, 0xde, 0x01, 0xdf, 0xff, 0xde, 0x01, 0xde, 0xff, 0xdd, 0x00, 0xdf,
  0x01, 0xde, 0xff, 0xdd, 0x02, 0xde, 0xfd, 0xde, 0x02, 0xdf, 0xff, 0xde,
  0x00, 0xdf, 0x02, 0xdf, 0xfe, 0xde, 0x01, 0xdf, 0xff, 0xde, 0x01, 0xdf,
  0x00, 0xdf, 0xff, 0xdf, 0x01, 0xe0, 0x00, 0xe0, 0xff, 0xdf, 0x02, 0xe0,
  0xfd, 0xe0, 0x03, 0xe1, 0xfe, 0xe0, 0x01, 0xe1, 0x00, 0xe2, 0x00, 0xe2,
  0x00, 0xe2, 0xff, 0xe1, 0x02, 0xe3, 0xfe, 0xe2, 0x03, 0xe3, 0xfd, 0xe3,
  0x02, 0xe4, 0xfe, 0xe3, 0x02, 0xe5, 0xff, 0xe4, 0x01, 0xe6, 0xff, 0xe5,
  0x01, 0xe7, 0xff, 0xe6, 0x00, 0xe8, 0x01, 0xe9, 0xff, 0xe8, 0x01, 0xea,
  0xff, 0xe9, 0x00, 0xeb, 0x01, 0xec, 0xff, 0xec, 0x00, 0xed, 0x01, 0xee,
  0xfe, 0xee, 0x02, 0xf0, 0xff, 0xef, 0x00, 0xf1, 0x00, 0xf2, 0x01, 0xf3,
  0xfe, 0xf3, 0x02, 0xf5, 0xff, 0xf5, 0x00, 0xf7, 0x01, 0xf8, 0xff, 0xf8,
  0x00, 0xfa, 0x01, 0xfb, 0xfe, 0xfc, 0x02, 0xfe, 0xff, 0xfe, 0x00, 0x00,
  0x01, 0x01, 0xfe, 0x01, 0x02, 0x03, 0xfe, 0x03, 0x02, 0x05, 0xfe, 0x05,
  0x02, 0x07, 0xff, 0x07, 0x00, 0x09, 0x00, 0x0b, 0x00, 0x0c, 0x00, 0x0d,
  0x01, 0x0e, 0xff, 0x0e, 0x01, 0x0f, 0xfe, 0x0f, 0x03, 0x11, 0xfd, 0x11,
  0x03, 0x13, 0xfe, 0x13, 0x01, 0x15, 0x00, 0x16, 0xff, 0x16, 0x02, 0x17,
  0xfe, 0x17, 0x01, 0x18, 0x01, 0x19, 0xfd, 0x19, 0x05, 0x1b, 0xfa, 0x1a,
  0x05, 0x1c, 0xfd, 0x1b, 0x01, 0x1c, 0x00, 0x1d, 0x00, 0x1e, 0xff, 0x1d,
  0x01, 0x1f, 0x00, 0x1f, 0xff, 0x1e, 0x01, 0x1f, 0xff, 0x1f, 0x01, 0x20,
  0xff, 0x1f, 0x01, 0x21, 0xff, 0x20, 0x00, 0x21, 0x02, 0x21, 0xfd, 0x20,
  0x03, 0x21, 0xfe, 0x20, 0x00, 0x22, 0x02, 0x22, 0xfd, 0x21, 0x03, 0x22,
  0xfd, 0x21, 0x03, 0x22, 0xfe, 0x21, 0x00, 0x22, 0x01, 0x22, 0xff, 0x20,
  0x00, 0x21, 0x02, 0x21, 0xfd, 0x20, 0x02, 0x21, 0x00, 0x21, 0xfe, 0x20,
  0x03, 0x21, 0xfd, 0x1f, 0x02, 0x20, 0x00, 0x20, 0xfe, 0x1f, 0x03, 0x20,
  0xfd, 0x1f, 0x02, 0x1f, 0xff, 0x1e, 0x00, 0x1f, 0x01, 0x1f, 0xfe, 0x1d,
  0x03, 0x1e, 0xfd, 0x1d, 0x01, 0x1e, 0x01, 0x1d, 0xfe, 0x1c, 0x03, 0x1d,
  0xfd, 0x1c, 0x02, 0x1c, 0xff, 0x1b, 0x01, 0x1c, 0xfe, 0x1a, 0x03, 0x1b,
  0xfd, 0x19, 0x03, 0x1a, 0xfd, 0x19, 0x02, 0x19, 0xfe, 0x17, 0x03, 0x18,
  0xfd, 0x16, 0x03, 0x17, 0xfd, 0x15, 0x02, 0x16, 0xfe, 0x14, 0x03, 0x14,
  0xfd, 0x13, 0x02, 0x13, 0xff, 0x11, 0xff, 0x11, 0x03, 0x11, 0xfd, 0x0f,
  0x02, 0x0f, 0xff, 0x0d, 0x00, 0x0d, 0x01, 0x0d, 0x00, 0x0c, 0xff, 0x0a,
  0x01, 0x0a, 0xff, 0x08, 0x01, 0x08, 0x00, 0x07, 0xff, 0x05, 0x01, 0x04,
  0xff, 0x02, 0x01, 0x02, 0xff, 0x00, 0x01, 0x00, 0xff, 0xfe, 0x00, 0xfe,
  0x01, 0xfd, 0xfe, 0xfb, 0x03, 0xfb, 0xfd, 0xf9, 0x02, 0xf8, 0xff, 0xf6,
  0x00, 0xf6, 0x01, 0xf5, 0xff, 0xf3, 0x01, 0xf3, 0xff, 0xf1, 0x01, 0xf1,
  0xff, 0xef, 0x01, 0xef, 0xff, 0xed, 0x01, 0xed, 0xff, 0xeb, 0x01, 0xeb,
  0xfe, 0xe9, 0x03, 0xe9, 0xfe, 0xe7, 0x00, 0xe7, 0x01, 0xe7, 0xfe, 0xe5,
  0x03, 0xe6, 0xfd, 0xe4, 0x03, 0xe4, 0xfc, 0xe3, 0x05, 0xe3, 0xfb, 0xe1,
  0x03, 0xe2, 0xff, 0xe0, 0x00, 0xe1, 0x00, 0xe1, 0x00, 0xe0, 0xff, 0xdf,
  0x01, 0xdf, 0x00, 0xdf, 0xff, 0xde, 0x02, 0xdf, 0xfe, 0xdd, 0x00, 0xde,
  0x02, 0xde, 0xfd, 0xdd, 0x04, 0xde, 0xfc, 0xdd, 0x02, 0xdd, 0x00, 0xdd,
  0xff, 0xdc, 0x01, 0xdd, 0x00, 0xdd, 0xfe, 0xdc, 0x03, 0xdd, 0xfd, 0xdd,
  0x02, 0xde, 0xff, 0xdd, 0x00, 0xde, 0x01, 0xde, 0xff, 0xdd, 0x00, 0xde,
  0x01, 0xde, 0xfe, 0xdd, 0x03, 0xdf, 0xfd, 0xde, 0x02, 0xdf, 0xff, 0xde,
  0x01, 0xe0, 0x00, 0xe0, 0xff, 0xdf, 0x01, 0xe0, 0xfe, 0xdf, 0x04, 0xe1,
  0xfb, 0xe0, 0x05, 0xe1, 0xfc, 0xe0, 0x03, 0xe1, 0xfe, 0xe1, 0x01, 0xe2,
  0xff, 0xe1, 0x01, 0xe3, 0x00, 0xe3, 0xff, 0xe2, 0x01, 0xe3, 0xff, 0xe3,
  0x00, 0xe4, 0x01, 0xe4, 0xfe, 0xe4, 0x03, 0xe5, 0xfc, 0xe4, 0x04, 0xe6,
  0xfc, 0xe5, 0x04, 0xe7, 0xfc, 0xe6, 0x04, 0xe8, 0xfd, 0xe7, 0x01, 0xe9,
  0x00, 0xe9, 0x00, 0xea, 0x01, 0xea, 0xff, 0xea, 0x01, 0xeb, 0xfd, 0xeb,
  0x04, 0xed, 0xfe, 0xec, 0x01, 0xee, 0xff, 0xee, 0x00, 0xf0, 0x00, 0xf0,
  0x02, 0xf1, 0xfd, 0xf1, 0x02, 0xf3, 0xfe, 0xf3, 0x02, 0xf5, 0x00, 0xf5,
  0xff, 0xf5, 0x01, 0xf7, 0xff, 0xf7, 0x01, 0xf9, 0xfe, 0xf9, 0x03, 0xfb,
  0xfd, 0xfb, 0x03, 0xfe, 0xfe, 0xfe, 0x00, 0x00, 0x01, 0x01, 0xfe, 0x01,
  0x03, 0x03, 0xfd, 0x03, 0x02, 0x05, 0xff, 0x05, 0x00, 0x07, 0x00, 0x08,
  0x01, 0x09, 0xfe, 0x0a, 0x02, 0x0c, 0xff, 0x0c, 0xff, 0x0d, 0x03, 0x0f,
  0xfc, 0x0f, 0x04, 0x11, 0xfd, 0x11, 0x02, 0x13, 0xfe, 0x13, 0x03, 0x15,
  0xfc, 0x14, 0x04, 0x16, 0xfd, 0x16, 0x02, 0x18, 0xff, 0x18, 0x00, 0x19,
  0x00, 0x1a, 0x00, 0x1a, 0x00, 0x1b, 0x01, 0x1c, 0xfe, 0x1b, 0x02, 0x1d,
  0xfe, 0x1c, 0x02, 0x1d, 0xff, 0x1d, 0x00, 0x1e, 0x01, 0x1f, 0xfe, 0x1e,
  0x03, 0x1f, 0xfd, 0x1e, 0x02, 0x20, 0x00, 0x20, 0xff, 0x1f, 0x01, 0x20,
  0xfe, 0x1f, 0x02, 0x21, 0x00, 0x21, 0xff, 0x20, 0x01, 0x21, 0xfe, 0x20,
  0x02, 0x21, 0xff, 0x20, 0x01, 0x21, 0xff, 0x20, 0x01, 0x21, 0xff, 0x20,
  0x01, 0x21, 0x00, 0x20, 0xfe, 0x1f, 0x03, 0x20, 0xfd, 0x1f, 0x03, 0x20,
  0xfe, 0x1f, 0x01, 0x20, 0xff, 0x1e, 0x01, 0x1f, 0xff, 0x1e, 0x01, 0x1f,
  0xff, 0x1d, 0x01, 0x1e, 0x00, 0x1e, 0xff, 0x1c, 0x01, 0x1d, 0xff, 0x1c,
  0x01, 0x1d, 0x00, 0x1c, 0xff, 0x1b, 0x02, 0x1b, 0xfd, 0x1a, 0x04, 0x1b,
  0xfc, 0x19, 0x03, 0x1a, 0xff, 0x19, 0xff, 0x18, 0x02, 0x18, 0xfe, 0x17,
  0x01, 0x18, 0x01, 0x17, 0xfe, 0x15, 0x01, 0x16, 0x00, 0x15, 0xff, 0x13,
  0x02, 0x14, 0xff, 0x12, 0xff, 0x11, 0x02, 0x12, 0xfd, 0x10, 0x03, 0x10,
  0xff, 0x0e, 0xff, 0x0d, 0x02, 0x0d, 0xfe, 0x0b, 0x01, 0x0c, 0x00, 0x0b,
  0x00, 0x09, 0xff, 0x07, 0x03, 0x07, 0xfb, 0x05, 0x05, 0x06, 0xfc, 0x03,
  0x03, 0x03, 0xfe, 0x01, 0x01, 0x01, 0x00, 0x00, 0xff, 0xfe, 0x01, 0xfd,
  0xff, 0xfb, 0x00, 0xfb, 0x01, 0xfa, 0xff, 0xf8, 0x01, 0xf8, 0xff, 0xf6,
  0x00, 0xf6, 0x00, 0xf5, 0x01, 0xf3, 0xff, 0xf1, 0x01, 0xf1, 0xfe, 0xef,
  0x03, 0xef, 0xfd, 0xed, 0x03, 0xed, 0xfe, 0xeb, 0x01, 0xeb, 0xff, 0xea,
  0x01, 0xea, 0xff, 0xe8, 0x02, 0xe8, 0xfd, 0xe6, 0x03, 0xe7, 0xfd, 0xe5,
  0x03, 0xe5, 0xfe, 0xe4, 0x00, 0xe4, 0x02, 0xe3, 0xfd, 0xe2, 0x03, 0xe2,
  0xfd, 0xe1, 0x02, 0xe1, 0xff, 0xe0, 0x01, 0xe1, 0x00, 0xe0, 0xfe, 0xdf,
  0x03, 0xe0, 0xfd, 0xde, 0x02, 0xdf, 0xff, 0xde, 0x00, 0xdf, 0x01, 0xdf,
  0xff, 0xdd, 0x00, 0xde, 0x01, 0xde, 0xfe, 0xdd, 0x02, 0xde, 0xff, 0xdd,
  0xff, 0xdd, 0x03, 0xde, 0xfc, 0xdd, 0x04, 0xde, 0xfc, 0xdd, 0x04, 0xde,
  0xfc, 0xde, 0x04, 0xdf, 0xfd, 0xde, 0x02, 0xdf, 0xff, 0xde, 0x01, 0xdf,
  0xff, 0xde, 0x01, 0xe0, 0x00, 0xe0, 0xfe, 0xdf, 0x04, 0xe0, 0xfc, 0xdf,
  0x03, 0xe1, 0xfe, 0xe0, 0x01, 0xe1, 0xff, 0xe0, 0x01, 0xe1, 0x00, 0xe2,
  0xff, 0xe1, 0x01, 0xe2, 0xff, 0xe1, 0x01, 0xe3, 0x00, 0xe3, 0xff, 0xe2,
  0x02, 0xe4, 0xfd, 0xe3, 0x03, 0xe4, 0xfe, 0xe4, 0x01, 0xe5, 0x00, 0xe6,
  0xff, 0xe5, 0x02, 0xe7, 0xfd, 0xe6, 0x03, 0xe8, 0xfd, 0xe7, 0x03, 0xe9,
  0xfe, 0xe8, 0x01, 0xea, 0xff, 0xe9, 0x00, 0xeb, 0x02, 0xec, 0xfe, 0xeb,
  0x01, 0xed, 0xff, 0xed, 0x01, 0xee, 0x00, 0xef, 0x00, 0xf0, 0x00, 0xf1,
  0x00, 0xf1, 0xff, 0xf1, 0x03, 0xf3, 0xfc, 0xf3, 0x04, 0xf5, 0xfd, 0xf5,
  0x01, 0xf6, 0x01, 0xf7, 0xff, 0xf7, 0x00, 0xf9, 0x00, 0xfb, 0x00, 0xfb,
  0x00, 0xfc, 0x01, 0xfd, 0xff, 0xfd, 0x00, 0xff, 0x00, 0x00, 0x00, 0x01,
  0x00, 0x02, 0x01, 0x03, 0xfe, 0x03, 0x02, 0x06, 0xfe, 0x06, 0x02, 0x08,
  0xff, 0x08, 0x00, 0x0a, 0x00, 0x0b, 0x00, 0x0c, 0x00, 0x0d, 0x01, 0x0e,
  0xfe, 0x0e, 0x02, 0x10, 0xfe, 0x0f, 0x01, 0x11, 0x01, 0x12, 0xfd, 0x12,
  0x04, 0x14, 0xfc, 0x14, 0x04, 0x15, 0xfd, 0x15, 0x01, 0x17, 0x01, 0x17,
  0xfe, 0x17, 0x03, 0x19, 0xfe, 0x19, 0x01, 0x1a, 0xfe, 0x1a, 0x03, 0x1b,
  0xfd, 0x1b, 0x03, 0x1c, 0xfe, 0x1c, 0x01, 0x1d, 0xfe, 0x1d, 0x03, 0x1e,
  0xfc, 0x1d, 0x05, 0x1f, 0xfc, 0x1e, 0x02, 0x20, 0xff, 0x1f, 0xff, 0x1f,
  0x03, 0x20, 0xfc, 0x1f, 0x05, 0x21, 0xfa, 0x20, 0x06, 0x21, 0xfb, 0x20,
  0x04, 0x21, 0xfd, 0x20, 0x02, 0x21, 0xff, 0x20, 0x00, 0x21, 0x01, 0x21,
  0xff, 0x20, 0x00, 0x21, 0x01, 0x21, 0xfe, 0x20, 0x02, 0x21, 0xff, 0x20,
  0x00, 0x21, 0x00, 0x21, 0x01, 0x21, 0xfe, 0x20, 0x03, 0x20, 0xfc, 0x1f,
  0x03, 0x20, 0xff, 0x1f, 0xff, 0x1f, 0x02, 0x20, 0xff, 0x1e, 0xff, 0x1e,
  0x03, 0x1f, 0xfb, 0x1d, 0x05, 0x1e, 0xfd, 0x1d, 0x01, 0x1e, 0x00, 0x1e,
  0x00, 0x1d, 0x00, 0x1d, 0x00, 0x1d, 0x00, 0x1c, 0x00, 0x1c, 0x00, 0x1c,
  0x01, 0x1b, 0xfe, 0x1a, 0x03, 0x1a, 0xfd, 0x19, 0x02, 0x19, 0xff, 0x18,
  0x01, 0x19, 0xff, 0x17, 0x00, 0x18, 0x00, 0x17, 0x00, 0x16, 0x01, 0x16,
  0xff, 0x15, 0xff, 0x14, 0x02, 0x14, 0xfe, 0x12, 0x03, 0x12, 0xfc, 0x11,
  0x04, 0x11, 0xfc, 0x0f, 0x04, 0x10, 0xfe, 0x0e, 0xff, 0x0d, 0x03, 0x0d,
  0xfc, 0x0b, 0x04, 0x0b, 0xfd, 0x09, 0x02, 0x0a, 0xff, 0x08, 0x00, 0x07,
  0x01, 0x06, 0xfe, 0x04, 0x02, 0x04, 0xff, 0x02, 0x00, 0x02, 0x00, 0x01,
  0x01, 0xff, 0xfe, 0xfd, 0x03, 0xfd, 0xfd, 0xfb, 0x02, 0xfb, 0xff, 0xf9,
  0x01, 0xf9, 0xff, 0xf7, 0x02, 0xf7, 0xfd, 0xf4, 0x02, 0xf4, 0xff, 0xf2,
  0x01, 0xf2, 0x00, 0xf1, 0xff, 0xef, 0x00, 0xef, 0x01, 0xee, 0xff, 0xec,
  0x01, 0xec, 0xfe, 0xeb, 0x03, 0xeb, 0xfe, 0xe8, 0x01, 0xe8, 0xff, 0xe7,
  0x00, 0xe7, 0x01, 0xe6, 0x00, 0xe6, 0xff, 0xe4, 0x01, 0xe5, 0xff, 0xe3,
  0x01, 0xe3, 0x00, 0xe3, 0xff, 0xe1, 0x00, 0xe2, 0x01, 0xe1, 0xff, 0xe0,
  0x01, 0xe0, 0xff, 0xdf, 0x01, 0xe0, 0xfe, 0xde, 0x04, 0xdf, 0xfb, 0xde,
  0x05, 0xdf, 0xfc, 0xdd, 0x03, 0xde, 0xfe, 0xdd, 0x02, 0xde, 0xfe, 0xdd,
  0x01, 0xde, 0x00, 0xde, 0x00, 0xde, 0xff, 0xdd, 0x02, 0xde, 0xfd, 0xdd,
  0x04, 0xde, 0xfc, 0xdd, 0x04, 0xde, 0xfc, 0xdd, 0x03, 0xde, 0xfe, 0xdd,
  0x01, 0xdf, 0x01, 0xdf, 0xfe, 0xde, 0x02, 0xdf, 0xfe, 0xde, 0x02, 0xdf,
  0xfe, 0xdf, 0x02, 0xe0, 0xfe, 0xdf, 0x02, 0xe0, 0xfe, 0xdf, 0x02, 0xe1,
  0xfe, 0xe0, 0x01, 0xe1, 0x00, 0xe2, 0x00, 0xe2, 0x00, 0xe2, 0x00, 0xe2,
  0x00, 0xe2, 0xff, 0xe2, 0x03, 0xe3, 0xfd, 0xe2, 0x03, 0xe4, 0xfd, 0xe3,
  0x02, 0xe4, 0xff, 0xe4, 0x01, 0xe5, 0xff, 0xe4, 0x01, 0xe6, 0xfe, 0xe5,
  0x02, 0xe6, 0xff, 0xe6, 0x00, 0xe7, 0x00, 0xe8, 0x00, 0xe9, 0x00, 0xe9,
  0x00, 0xea, 0x01, 0xea, 0xfe, 0xea, 0x02, 0xeb, 0xff, 0xeb, 0x00, 0xed,
  0x01, 0xee, 0xff, 0xed, 0x00, 0xef, 0x01, 0xf0, 0xfe, 0xf0, 0x03, 0xf2,
  0xfd, 0xf2, 0x03, 0xf3, 0xfd, 0xf3, 0x02, 0xf5, 0xff, 0xf5, 0x00, 0xf7,
  0x02, 0xf8, 0xfd, 0xf8, 0x03, 0xfa, 0xfd, 0xfa, 0x01, 0xfc, 0x02, 0xfd,
  0xfd, 0xfe, 0x03, 0x00, 0xfd, 0x00, 0x02, 0x02, 0xff, 0x02, 0x01, 0x04,
  0x00, 0x05, 0xff, 0x05, 0x01, 0x08, 0xff, 0x08, 0x01, 0x0a, 0xff, 0x0a,
  0x02, 0x0c, 0xfd, 0x0c, 0x03, 0x0e, 0xfe, 0x0e, 0x00, 0x10, 0x01, 0x11,
  0xfe, 0x11, 0x02, 0x13, 0xff, 0x12, 0x01, 0x14, 0xfe, 0x14, 0x02, 0x16,
  0xfd, 0x16, 0x04, 0x18, 0xfd, 0x17, 0x03, 0x19, 0xfc, 0x18, 0x03, 0x1a,
  0xff, 0x1a, 0x00, 0x1b, 0x01, 0x1c, 0xfe, 0x1b, 0x02, 0x1d, 0xff, 0x1c,
  0x00, 0x1d, 0x01, 0x1e, 0xfe, 0x1d, 0x02, 0x1f, 0xff, 0x1e, 0x01, 0x1f,
  0xff, 0x1f, 0x01, 0x20, 0xfe, 0x1f, 0x03, 0x20, 0xfc, 0x20, 0x05, 0x21,
  0xfb, 0x20, 0x04, 0x21, 0xfe, 0x20, 0xff, 0x20, 0x02, 0x21, 0xff, 0x20,
  0x00, 0x21, 0x00, 0x21, 0x00, 0x21, 0x00, 0x21, 0x00, 0x21, 0x01, 0x21,
  0xfd, 0x20, 0x04, 0x21, 0xfd, 0x20, 0x02, 0x20, 0xff, 0x1f, 0x01, 0x20,
  0xfe, 0x1f, 0x03, 0x20, 0xfd, 0x1f, 0x03, 0x20, 0xfe, 0x1e, 0x01, 0x1f,
  0xff, 0x1e, 0x01, 0x1f, 0xff, 0x1d, 0x02, 0x1e, 0xfd, 0x1d, 0x04, 0x1d,
  0xfc, 0x1c, 0x03, 0x1d, 0xfe, 0x1c, 0x02, 0x1d, 0xfe, 0x1b, 0x02, 0x1c,
  0xfd, 0x1a, 0x04, 0x1b, 0xfd, 0x1a, 0x01, 0x1a, 0x00, 0x1a, 0xfe, 0x19,
  0x04, 0x19, 0xfd, 0x17, 0x01, 0x18, 0x00, 0x17, 0xfe, 0x16, 0x03, 0x16,
  0xff, 0x15, 0xff, 0x14, 0x01, 0x14, 0xff, 0x13, 0x01, 0x13, 0x00, 0x13,
  0xff, 0x11, 0x01, 0x11, 0xfe, 0x0f, 0x04, 0x0f, 0xfb, 0x0d, 0x05, 0x0e,
  0xfc, 0x0c, 0x02, 0x0c, 0x00, 0x0b, 0xff, 0x09, 0x01, 0x09, 0xff, 0x07,
  0x01, 0x07, 0xff, 0x05, 0x01, 0x05, 0xff, 0x03, 0x00, 0x03, 0x01, 0x02,
  0xfe, 0x00, 0x03, 0x00, 0xfc, 0xfe, 0x03, 0xfe, 0xff, 0xfb, 0x00, 0xfb,
  0x01, 0xfa, 0xfe, 0xf8, 0x02, 0xf8, 0xff, 0xf6, 0x00, 0xf6, 0x00, 0xf5,
  0x00, 0xf4, 0x01, 0xf3, 0xff, 0xf0, 0x00, 0xf0, 0x00, 0xef, 0x00, 0xef,
  0x00, 0xee, 0x00, 0xed, 0x00, 0xec, 0x00, 0xeb, 0x00, 0xea, 0x00, 0xe9,
  0xff, 0xe8, 0x02, 0xe8, 0xfd, 0xe6, 0x04, 0xe6, 0xfc, 0xe4, 0x03, 0xe5,
  0xfe, 0xe3, 0x01, 0xe4, 0x00, 0xe3, 0xff, 0xe2, 0x02, 0xe2, 0xfd, 0xe0,
  0x04, 0xe1, 0xfc, 0xe0, 0x02, 0xe1, 0x00, 0xe0, 0xff, 0xdf, 0x01, 0xdf,
  0x00, 0xdf, 0xff, 0xde, 0x01, 0xdf, 0xff, 0xde, 0x00, 0xdf, 0x01, 0xde,
  0x00, 0xde, 0xff, 0xdd, 0x00, 0xde, 0x01, 0xde, 0xff, 0xdd, 0x02, 0xde,
  0xfd, 0xdd, 0x02, 0xde, 0xff, 0xdd, 0x01, 0xde, 0x00, 0xde, 0xff, 0xdd,
  0x01, 0xde, 0xfe, 0xdd, 0x03, 0xde, 0xfd, 0xdd, 0x03, 0xdf, 0xfd, 0xde,
  0x02, 0xdf, 0xff, 0xde, 0x00, 0xdf, 0x02, 0xdf, 0xfd, 0xde, 0x03, 0xe0,
  0xfd, 0xdf, 0x02, 0xe0, 0x00, 0xe1, 0xff, 0xe0, 0x01, 0xe1, 0xff, 0xe0,
  0x01, 0xe1, 0x00, 0xe2, 0x00, 0xe2, 0xff, 0xe1, 0x00, 0xe2, 0x01, 0xe3,
  0xff, 0xe2, 0x02, 0xe3, 0xfd, 0xe3, 0x02, 0xe4, 0xff, 0xe3, 0x00, 0xe5,
  0x00, 0xe5, 0x00, 0xe5, 0x00, 0xe6, 0x00, 0xe6, 0x00, 0xe6, 0x00, 0xe7,
  0xff, 0xe6, 0x02, 0xe8, 0xfe, 0xe7, 0x02, 0xe9, 0xff, 0xe8, 0x00, 0xea,
  0x00, 0xea, 0x01, 0xeb, 0xfe, 0xeb, 0x02, 0xec, 0xfe, 0xec, 0x02, 0xee,
  0xfe, 0xed, 0x03, 0xef, 0xfc, 0xef, 0x03, 0xf1, 0xfd, 0xf1, 0x04, 0xf3,
  0xfc, 0xf3, 0x04, 0xf5, 0xfc, 0xf4, 0x03, 0xf6, 0xfe, 0xf7, 0x02, 0xf9,
  0xfd, 0xf9, 0x04, 0xfb, 0xfc, 0xfb, 0x03, 0xfd, 0xff, 0xfd, 0xff, 0xfe,
  0x02, 0x00, 0xfe, 0x00, 0x01, 0x02, 0x00, 0x03, 0x00, 0x04, 0x00, 0x06,
  0x00, 0x07, 0xff, 0x07, 0x01, 0x09, 0x00, 0x0a, 0x00, 0x0b, 0x00, 0x0c,
  0xff, 0x0c, 0x02, 0x0e, 0xfd, 0x0e, 0x04, 0x10, 0xfc, 0x10, 0x02, 0x12,
  0x00, 0x13, 0x00, 0x14, 0x00, 0x14, 0x00, 0x15, 0xff, 0x15, 0x01, 0x17,
  0x00, 0x18, 0x00, 0x19, 0xff, 0x18, 0x02, 0x1a, 0xfd, 0x19, 0x03, 0x1b,
  0xfe, 0x1b, 0x01, 0x1c, 0x00, 0x1c, 0xff, 0x1c, 0x01, 0x1d, 0xff, 0x1d,
  0x02, 0x1e, 0xfe, 0x1e, 0x01, 0x1f, 0xff, 0x1e, 0x01, 0x1f, 0x00, 0x1f,
  0xff, 0x1f, 0x02, 0x20, 0xfd, 0x1f, 0x03, 0x20, 0xfe, 0x1f, 0x01, 0x20,
  0x00, 0x21, 0xff, 0x20, 0x01, 0x21, 0xff, 0x20, 0x01, 0x21, 0xff, 0x20,
  0x01, 0x21, 0x00, 0x21, 0xff, 0x20, 0x00, 0x21, 0x01, 0x21, 0xfe, 0x1f,
  0x04, 0x20, 0xfb, 0x1f, 0x04, 0x20, 0xfd, 0x1f, 0x02, 0x20, 0x00, 0x1f,
  0xff, 0x1e, 0x02, 0x1f, 0xfd, 0x1e, 0x03, 0x1e, 0xfe, 0x1d, 0x01, 0x1e,
  0x00, 0x1e, 0x01, 0x1e, 0xfe, 0x1c, 0x02, 0x1d, 0xfe, 0x1b, 0x01, 0x1c,
  0x01, 0x1c, 0xff, 0x1a, 0x00, 0x1b, 0x01, 0x1b, 0xfe, 0x19, 0x03, 0x19,
  0xfd, 0x18, 0x02, 0x19, 0xff, 0x17, 0x01, 0x18, 0xff, 0x16, 0x01, 0x16,
  0xff, 0x15, 0x00, 0x15, 0x02, 0x15, 0xfd, 0x13, 0x03, 0x13, 0xfe, 0x11,
  0x00, 0x12, 0x02, 0x11, 0xfd, 0x0f, 0x03, 0x0f, 0xfe, 0x0d, 0x00, 0x0e,
  0x02, 0x0d, 0xfd, 0x0b, 0x02, 0x0a, 0xff, 0x08, 0x00, 0x08, 0x01, 0x08,
  0xff, 0x06, 0x01, 0x05, 0xfe, 0x03, 0x02, 0x03, 0xff, 0x01, 0x00, 0x01,
  0x01, 0x00, 0xff, 0xfe, 0xff, 0xfc, 0x03, 0xfc, 0xfc, 0xfa, 0x04, 0xfa,
  0xfc, 0xf7, 0x03, 0xf7, 0xff, 0xf6, 0x00, 0xf6, 0x00, 0xf4, 0x00, 0xf3,
  0x00, 0xf2, 0x01, 0xf1, 0xff, 0xef, 0x00, 0xef, 0x01, 0xee, 0x00, 0xec,
  0xff, 0xea, 0x01, 0xeb, 0xfe, 0xe9, 0x03, 0xe9, 0xfe, 0xe7, 0x00, 0xe8,
  0x01, 0xe7, 0xfd, 0xe5, 0x05, 0xe5, 0xfb, 0xe3, 0x03, 0xe4, 0xff, 0xe2,
  0x00, 0xe3, 0x01, 0xe2, 0xfe, 0xe1, 0x02, 0xe1, 0xff, 0xe0, 0x00, 0xe1,
  0x01, 0xe0, 0xfe, 0xdf, 0x01, 0xdf, 0x01, 0xdf, 0xfe, 0xdd, 0x02, 0xde,
  0xfe, 0xdd, 0x01, 0xde, 0x00, 0xde, 0x00, 0xde, 0x00, 0xde, 0x00, 0xde,
  0xff, 0xdd, 0x02, 0xde, 0xff, 0xdd, 0x00, 0xde, 0x00, 0xde, 0x00, 0xde,
  0x00, 0xde, 0x01, 0xde, 0xff, 0xdd, 0x01, 0xde, 0xfe, 0xdd, 0x03, 0xde,
  0xfd, 0xdd, 0x02, 0xdf, 0xff, 0xde, 0x00, 0xdf, 0x01, 0xe0, 0xfe, 0xdf,
  0x03, 0xe0, 0xfb, 0xdf, 0x06, 0xe0, 0xfb, 0xdf, 0x04, 0xe1, 0xfd, 0xe0,
  0x02, 0xe1, 0xfe, 0xe0, 0x03, 0xe1, 0xfd, 0xe1, 0x03, 0xe2, 0xfe, 0xe1,
  0x01, 0xe2, 0xff, 0xe2, 0x01, 0xe3, 0x00, 0xe3, 0x00, 0xe3, 0x00, 0xe4,
  0xff, 0xe3, 0x02, 0xe5, 0xfd, 0xe4, 0x03, 0xe5, 0xfe, 0xe5, 0x01, 0xe6,
  0x00, 0xe7, 0xff, 0xe6, 0x00, 0xe8, 0x01, 0xe8, 0xff, 0xe8, 0x02, 0xe9,
  0xfc, 0xe9, 0x04, 0xeb, 0xfc, 0xea, 0x05, 0xec, 0xfb, 0xeb, 0x05, 0xed,
  0xfb, 0xed, 0x04, 0xef, 0xfd, 0xef, 0x03, 0xf1, 0xfe, 0xf0, 0x01, 0xf2,
  0x00, 0xf3, 0xff, 0xf3, 0x01, 0xf5, 0x00, 0xf6, 0xff, 0xf5, 0x02, 0xf7,
  0xfe, 0xf7, 0x01, 0xf9, 0x00, 0xfa, 0xff, 0xfa, 0x01, 0xfc, 0x00, 0xfe,
  0x00, 0xfe, 0x00, 0xff, 0x00, 0x01, 0xff, 0x01, 0x02, 0x03, 0xfe, 0x03,
  0x02, 0x05, 0xfe, 0x05, 0x01, 0x07, 0x00, 0x08, 0x00, 0x09, 0x00, 0x0a,
  0xff, 0x0a, 0x01, 0x0d, 0xff, 0x0d, 0x02, 0x0e, 0xfd, 0x0e, 0x03, 0x10,
  0xfd, 0x10, 0x03, 0x12, 0xfe, 0x13, 0x00, 0x14, 0x02, 0x15, 0xfd, 0x15,
  0x04, 0x16, 0xfc, 0x16, 0x03, 0x18, 0xfe, 0x18, 0x01, 0x19, 0x00, 0x1a,
  0x00, 0x1a, 0xff, 0x1a, 0x02, 0x1c, 0xfd, 0x1b, 0x04, 0x1d, 0xfc, 0x1c,
  0x03, 0x1d, 0xfe, 0x1d, 0x02, 0x1e, 0xfe, 0x1e, 0x02, 0x1f, 0xfe, 0x1f,
  0x01, 0x20, 0x01, 0x20, 0xfe, 0x1f, 0x02, 0x20, 0xfe, 0x20, 0x02, 0x21,
  0xfd, 0x20, 0x04, 0x21, 0xfb, 0x20, 0x06, 0x21, 0xfa, 0x20, 0x05, 0x22,
  0xfc, 0x21, 0x02, 0x22, 0x00, 0x22, 0xff, 0x21, 0x02, 0x22, 0xfe, 0x21,
  0x01, 0x22, 0xff, 0x21, 0x02, 0x21, 0xfd, 0x20, 0x03, 0x21, 0xfe, 0x20,
  0x01, 0x21, 0x00, 0x21, 0x00, 0x21, 0xff, 0x1f, 0x01, 0x20, 0xff, 0x1f,
  0x01, 0x20, 0x00, 0x1f, 0xff, 0x1e, 0x02, 0x1f, 0xfc, 0x1e, 0x04, 0x1f,
  0xfd, 0x1d, 0x02, 0x1e, 0x00, 0x1e, 0xfe, 0x1d, 0x02, 0x1d, 0xff, 0x1c,
  0x00, 0x1d, 0x01, 0x1c, 0xfe, 0x1b, 0x03, 0x1c, 0xfd, 0x1b, 0x02, 0x1b,
  0xfe, 0x1a, 0x02, 0x1b, 0xff, 0x19, 0x01, 0x1a, 0xfe, 0x18, 0x02, 0x19,
  0xfe, 0x17, 0x02, 0x18, 0xfe, 0x16, 0x03, 0x17, 0xfc, 0x15, 0x04, 0x15,
  0xfc, 0x14, 0x03, 0x14, 0xff, 0x13, 0xff, 0x12, 0x03, 0x12, 0xfc, 0x11,
  0x03, 0x11, 0xff, 0x0f, 0x00, 0x0f, 0x01, 0x0e, 0xfe, 0x0c, 0x02, 0x0c,
  0xfe, 0x0a, 0x03, 0x0b, 0xfd, 0x09, 0x02, 0x09, 0xfe, 0x07, 0x02, 0x07,
  0xfe, 0x05, 0x02, 0x05, 0xff, 0x02, 0x00, 0x02, 0x00, 0x01, 0x00, 0x00,
  0xff, 0xfe, 0x02, 0xfe, 0xfe, 0xfb, 0x02, 0xfc, 0xfe, 0xfa, 0x01, 0xfa,
  0x00, 0xf8, 0x00, 0xf7, 0x00, 0xf6, 0x00, 0xf5, 0xff, 0xf3, 0x02, 0xf3,
  0xfe, 0xf1, 0x02, 0xf1, 0xfe, 0xef, 0x02, 0xee, 0xfe, 0xed, 0x01, 0xed,
  0x01, 0xec, 0xfe, 0xea, 0x02, 0xea, 0xfe, 0xe8, 0x02, 0xe8, 0xfe, 0xe6,
  0x03, 0xe7, 0xfb, 0xe5, 0x06, 0xe6, 0xfb, 0xe4, 0x04, 0xe4, 0xfd, 0xe2,
  0x01, 0xe3, 0x00, 0xe3, 0x01, 0xe2, 0xfe, 0xe1, 0x02, 0xe1, 0xfe, 0xe0,
  0x01, 0xe0, 0x01, 0xe0, 0xfd, 0xdf, 0x04, 0xdf, 0xfc, 0xde, 0x03, 0xdf,
  0xff, 0xdd, 0x00, 0xde, 0xff, 0xdd, 0x02, 0xde, 0xfe, 0xdd, 0x01, 0xde,
  0x01, 0xde, 0xfd, 0xdc, 0x04, 0xdd, 0xfc, 0xdd, 0x03, 0xde, 0xfe, 0xdd,
  0x01, 0xde, 0x00, 0xde, 0x00, 0xde, 0x00, 0xde, 0x00, 0xde, 0x00, 0xde,
  0x00, 0xde, 0x00, 0xde, 0x00, 0xdf, 0x00, 0xdf, 0x01, 0xdf, 0xff, 0xde,
  0x01, 0xdf, 0xff, 0xde, 0x00, 0xe0, 0x01, 0xe0, 0xff, 0xdf, 0x01, 0xe0,
  0xff, 0xe0, 0x02, 0xe1, 0xfc, 0xe0, 0x05, 0xe1, 0xfb, 0xe1, 0x04, 0xe2,
  0xfe, 0xe1, 0x00, 0xe3, 0x01, 0xe3, 0xff, 0xe2, 0x00, 0xe4, 0x01, 0xe4,
  0xfe, 0xe3, 0x03, 0xe5, 0xfd, 0xe4, 0x02, 0xe5, 0xfe, 0xe5, 0x02, 0xe6,
  0xfe, 0xe6, 0x02, 0xe7, 0xff, 0xe7, 0x00, 0xe8, 0x01, 0xe9, 0xfe, 0xe9,
  0x01, 0xea, 0x01, 0xeb, 0xff, 0xea, 0x01, 0xec, 0xff, 0xec, 0x00, 0xed,
  0x01, 0xee, 0xfe, 0xee, 0x03, 0xf0, 0xfd, 0xf0, 0x02, 0xf2, 0xff, 0xf1,
  0x00, 0xf3, 0x01, 0xf5, 0xfe, 0xf5, 0x03, 0xf7, 0xfd, 0xf7, 0x03, 0xf9,
  0xfd, 0xf9, 0x02, 0xfb, 0xff, 0xfb, 0x02, 0xfd, 0xfe, 0xfd, 0x00, 0xff,
  0x02, 0x00, 0xfd, 0x00, 0x03, 0x02, 0xfe, 0x02, 0x01, 0x05, 0x00, 0x06,
  0xff, 0x06, 0x00, 0x08, 0x02, 0x09, 0xfd, 0x09, 0x04, 0x0b, 0xfc, 0x0b,
  0x02, 0x0d, 0x00, 0x0e, 0xff, 0x0e, 0x01, 0x10, 0x00, 0x11, 0xff, 0x11,
  0x01, 0x13, 0xff, 0x13, 0x01, 0x14, 0x00, 0x15, 0xff, 0x15, 0x01, 0x17,
  0xff, 0x17, 0x01, 0x18, 0x00, 0x19, 0x00, 0x1a, 0xff, 0x19, 0x01, 0x1b,
  0xff, 0x1b, 0x02, 0x1c, 0xfd, 0x1c, 0x03, 0x1d, 0xfd, 0x1c, 0x03, 0x1e,
  0xfe, 0x1d, 0x01, 0x1e, 0xff, 0x1e, 0x01, 0x1f, 0x00, 0x1f, 0xff, 0x1f,
  0x02, 0x20, 0xfd, 0x1f, 0x03, 0x20, 0xfe, 0x1f, 0x01, 0x20, 0xff, 0x1f,
  0x01, 0x20, 0xff, 0x1f, 0x02, 0x20, 0xfd, 0x1f, 0x03, 0x20, 0xfd, 0x20,
  0x02, 0x20, 0x00, 0x20, 0xfe, 0x1f, 0x03, 0x20, 0xfd, 0x1f, 0x02, 0x20,
  0xff, 0x1f, 0xff, 0x1f, 0x03, 0x20, 0xfc, 0x1e, 0x03, 0x1f, 0xff, 0x1e,
  0xff, 0x1e, 0x02, 0x1f, 0xfe, 0x1e, 0x00, 0x1e, 0x02, 0x1e, 0xfe, 0x1d,
  0x01, 0x1d, 0xff, 0x1c, 0x01, 0x1d, 0xff, 0x1c, 0x01, 0x1c, 0xfe, 0x1b,
  0x02, 0x1c, 0xff, 0x1a, 0x00, 0x1b, 0x00, 0x1a, 0x00, 0x1a, 0x00, 0x19,
  0x01, 0x19, 0xfe, 0x17, 0x01, 0x18, 0x00, 0x17, 0x01, 0x17, 0xfe, 0x15,
  0x03, 0x15, 0xfc, 0x14, 0x03, 0x14, 0xff, 0x12, 0x00, 0x13, 0x00, 0x12,
  0x00, 0x11, 0x00, 0x10, 0x01, 0x0f, 0xfe, 0x0d, 0x02, 0x0d, 0xfe, 0x0c,
  0x01, 0x0b, 0x00, 0x0a, 0x00, 0x09, 0x00, 0x08, 0x00, 0x07, 0xff, 0x05,
  0x01, 0x05, 0x00, 0x04, 0xff, 0x02, 0x02, 0x01, 0xfe, 0xff, 0x01, 0xff,
  0x01, 0xfe, 0xfd, 0xfc, 0x04, 0xfc, 0xfc, 0xf9, 0x03, 0xf9, 0xff, 0xf7,
  0x00, 0xf7, 0x00, 0xf6, 0x00, 0xf5, 0x00, 0xf3, 0x00, 0xf2, 0x01, 0xf1,
  0xfe, 0xef, 0x02, 0xef, 0xff, 0xed, 0x01, 0xed, 0xff, 0xeb, 0x00, 0xeb,
  0x00, 0xe9, 0x01, 0xe8, 0xff, 0xe7, 0x00, 0xe7, 0x00, 0xe7, 0xff, 0xe5,
  0x03, 0xe5, 0xfc, 0xe3, 0x04, 0xe4, 0xfb, 0xe2, 0x06, 0xe3, 0xfb, 0xe2,
  0x03, 0xe2, 0xff, 0xe0, 0xff, 0xe0, 0x02, 0xe0, 0xff, 0xdf, 0xff, 0xdf,
  0x02, 0xe0, 0xfe, 0xdf, 0x01, 0xdf, 0x00, 0xde, 0xff, 0xdd, 0x01, 0xde,
  0x00, 0xde, 0xff, 0xdd, 0x01, 0xde, 0xff, 0xdd, 0x00, 0xdd, 0x01, 0xdd,
  0xff, 0xdc, 0x00, 0xde, 0x01, 0xde, 0xff, 0xdd, 0x00, 0xdd, 0x01, 0xdd,
  0xff, 0xdc, 0x01, 0xdd, 0xff, 0xdd, 0x01, 0xde, 0xff, 0xdd, 0x02, 0xde,
  0xfd, 0xdd, 0x03, 0xde, 0xfd, 0xdd, 0x03, 0xdf, 0xfd, 0xde, 0x03, 0xdf,
  0xfd, 0xde, 0x02, 0xdf, 0xff, 0xdf, 0x00, 0xe0, 0x01, 0xe0, 0xff, 0xdf,
  0x01, 0xe1, 0xff, 0xe0, 0x01, 0xe1, 0xff, 0xe0, 0x01, 0xe2, 0xff, 0xe1,
  0x01, 0xe2, 0xff, 0xe1, 0x00, 0xe2, 0x01, 0xe3, 0xff, 0xe2, 0x00, 0xe3,
  0x01, 0xe4, 0xfe, 0xe3, 0x02, 0xe4, 0xff, 0xe4, 0x01, 0xe5, 0xff, 0xe4,
  0x00, 0xe6, 0x01, 0xe6, 0xfe, 0xe6, 0x03, 0xe7, 0xfe, 0xe7, 0x00, 0xe8,
  0x02, 0xe9, 0xfc, 0xe9, 0x05, 0xea, 0xfb, 0xea, 0x05, 0xeb, 0xfc, 0xeb,
  0x02, 0xed, 0xff, 0xec, 0x01, 0xee, 0xff, 0xee, 0x01, 0xf0, 0xff, 0xf0,
  0x01, 0xf2, 0x00, 0xf2, 0xff, 0xf2, 0x01, 0xf4, 0xff, 0xf4, 0x01, 0xf6,
  0x00, 0xf7, 0xff, 0xf7, 0x01, 0xf9, 0xff, 0xf9, 0x01, 0xfb, 0x00, 0xfc,
  0xff, 0xfc, 0x01, 0xfe, 0xfe, 0xfe, 0x03, 0x00, 0xfe, 0x00, 0x01, 0x02,
  0xff, 0x03, 0x01, 0x05, 0xff, 0x04, 0x01, 0x06, 0x00, 0x08, 0xff, 0x08,
  0x01, 0x0a, 0x00, 0x0b, 0xff, 0x0b, 0x02, 0x0d, 0xfe, 0x0d, 0x01, 0x0f,
  0x00, 0x10, 0x00, 0x11, 0x00, 0x12, 0x00, 0x13, 0x01, 0x14, 0xfe, 0x13,
  0x03, 0x15, 0xfc, 0x15, 0x04, 0x17, 0xfd, 0x17, 0x01, 0x18, 0x01, 0x19,
  0xfe, 0x19, 0x02, 0x1a, 0xff, 0x1a, 0xff, 0x1b, 0x02, 0x1c, 0xfe, 0x1b,
  0x02, 0x1d, 0xfe, 0x1c, 0x02, 0x1e, 0xff, 0x1d, 0x00, 0x1f, 0x00, 0x1f,
  0x00, 0x1f, 0xff, 0x1e, 0x02, 0x20, 0xfe, 0x1f, 0x02, 0x20, 0xfe, 0x20,
  0x01, 0x21, 0x00, 0x21, 0xff, 0x20, 0x02, 0x21, 0xfe, 0x20, 0x01, 0x21,
  0x00, 0x22, 0xff, 0x21, 0x01, 0x22, 0x00, 0x22, 0xff, 0x21, 0x01, 0x22,
  0xff, 0x21, 0x01, 0x22, 0xff, 0x21, 0x01, 0x22, 0xff, 0x20, 0x01, 0x21,
  0xff, 0x20, 0x00, 0x21, 0x02, 0x21, 0xfc, 0x20, 0x05, 0x21, 0xfb, 0x1f,
  0x04, 0x20, 0xfe, 0x1f, 0x00, 0x20, 0x00, 0x1f, 0x01, 0x1f, 0xfe, 0x1e,
  0x03, 0x1f, 0xfc, 0x1d, 0x04, 0x1e, 0xfd, 0x1d, 0x01, 0x1e, 0x00, 0x1e,
  0x00, 0x1d, 0x00, 0x1d, 0x01, 0x1c, 0xff, 0x1b, 0x00, 0x1c, 0x00, 0x1c,
  0x00, 0x1b, 0x01, 0x1b, 0x00, 0x1b, 0xff, 0x19, 0x00, 0x1a, 0x00, 0x1a,
  0x01, 0x19, 0xff, 0x18, 0x01, 0x18, 0xfe, 0x17, 0x03, 0x17, 0xfc, 0x15,
  0x04, 0x16, 0xfc, 0x14, 0x04, 0x15, 0xfd, 0x13, 0x02, 0x14, 0xfe, 0x12,
  0x02, 0x12, 0xfe, 0x10, 0x02, 0x11, 0xfe, 0x0f, 0x02, 0x0f, 0xff, 0x0d,
  0x00, 0x0d, 0x01, 0x0c, 0xfe, 0x0a, 0x02, 0x0a, 0xff, 0x08, 0x00, 0x08,
  0x02, 0x07, 0xfc, 0x05, 0x05, 0x05, 0xfb, 0x03, 0x04, 0x03, 0xfe, 0x01,
  0x00, 0x01, 0x01, 0x00, 0xff, 0xfe, 0x01, 0xfe, 0xff, 0xfb, 0x01, 0xfb,
  0xff, 0xf9, 0x01, 0xf9, 0xff, 0xf7, 0x01, 0xf7, 0x00, 0xf6, 0xff, 0xf4,
  0x02, 0xf3, 0xfd, 0xf1, 0x03, 0xf1, 0xfe, 0xf0, 0x02, 0xf0, 0xfe, 0xee,
  0x01, 0xed, 0x00, 0xec, 0x00, 0xeb, 0xff, 0xea, 0x02, 0xea, 0xfe, 0xe8,
  0x02, 0xe8, 0xfe, 0xe6, 0x01, 0xe6, 0x00, 0xe6, 0x00, 0xe5, 0x01, 0xe4,
  0xfd, 0xe3, 0x04, 0xe3, 0xfd, 0xe2, 0x02, 0xe2, 0x00, 0xe2, 0xfe, 0xe0,
  0x02, 0xe1, 0xff, 0xe0, 0x01, 0xe0, 0xff, 0xdf, 0x01, 0xdf, 0xff, 0xde,
  0x01, 0xdf, 0xff, 0xde, 0x01, 0xdf, 0xff, 0xdd, 0x01, 0xde, 0x00, 0xde,
  0xfe, 0xdd, 0x03, 0xde, 0xfd, 0xdd, 0x03, 0xde, 0xfe, 0xdd, 0x00, 0xde,
  0x01, 0xde, 0xfe, 0xdd, 0x02, 0xde, 0x00, 0xde, 0xff, 0xdd, 0x01, 0xde,
  0xfe, 0xdd, 0x02, 0xdf, 0x00, 0xdf, 0x00, 0xdf, 0xff, 0xde, 0x01, 0xdf,
  0xff, 0xdf, 0x02, 0xe0, 0xfe, 0xdf, 0x01, 0xe0, 0x00, 0xe0, 0x00, 0xe1,
  0xff, 0xe0, 0x01, 0xe1, 0xff, 0xe1, 0x01, 0xe2, 0x00, 0xe2, 0xff, 0xe1,
  0x01, 0xe3, 0xff, 0xe2, 0x01, 0xe3, 0xff, 0xe3, 0x01, 0xe4, 0x00, 0xe5,
  0xff, 0xe4, 0x02, 0xe5, 0xfd, 0xe5, 0x04, 0xe6, 0xfc, 0xe6, 0x03, 0xe7,
  0xfe, 0xe7, 0x02, 0xe8, 0xff, 0xe8, 0xff, 0xe8, 0x01, 0xea, 0x00, 0xeb,
  0x01, 0xeb, 0xfe, 0xeb, 0x01, 0xed, 0xff, 0xec, 0x01, 0xee, 0x00, 0xef,
  0xff, 0xef, 0x02, 0xf1, 0xfd, 0xf0, 0x02, 0xf2, 0x00, 0xf3, 0xfe, 0xf3,
  0x04, 0xf5, 0xfb, 0xf5, 0x05, 0xf7, 0xfc, 0xf7, 0x03, 0xf9, 0xfe, 0xf9,
  0x01, 0xfb, 0x00, 0xfc, 0xff, 0xfc, 0x01, 0xfe, 0x00, 0xff, 0x00, 0x00,
  0xff, 0x00, 0x01, 0x03, 0xff, 0x03, 0x01, 0x05, 0x00, 0x06, 0xff, 0x06,
  0x00, 0x08, 0x02, 0x09, 0xfd, 0x09, 0x04, 0x0b, 0xfb, 0x0b, 0x04, 0x0d,
  0xfe, 0x0d, 0x02, 0x0f, 0xff, 0x0f, 0xff, 0x10, 0x01, 0x12, 0x00, 0x13,
  0x01, 0x14, 0xff, 0x14, 0x01, 0x16, 0xfd, 0x15, 0x05, 0x17, 0xfb, 0x17,
  0x04, 0x18, 0xfe, 0x18, 0x00, 0x1a, 0x01, 0x1a, 0xff, 0x1a, 0x01, 0x1b,
  0xfe, 0x1b, 0x02, 0x1d, 0xff, 0x1c, 0x00, 0x1e, 0x01, 0x1e, 0xff, 0x1d,
  0x01, 0x1e, 0xff, 0x1e, 0x00, 0x1f, 0x00, 0x20, 0x01, 0x20, 0x00, 0x20,
  0x00, 0x20, 0xff, 0x1f, 0x00, 0x20, 0x01, 0x21, 0xff, 0x20, 0x02, 0x21,
  0xfe, 0x20, 0x00, 0x21, 0x00, 0x21, 0x01, 0x21, 0xff, 0x20, 0x02, 0x21,
  0xfd, 0x20, 0x02, 0x21, 0xff, 0x20, 0x01, 0x21, 0xff, 0x1f, 0x02, 0x20,
  0xfd, 0x1f, 0x03, 0x20, 0xfd, 0x1f, 0x03, 0x20, 0xff, 0x1f, 0xff, 0x1e,
  0x01, 0x1f, 0xff, 0x1e, 0x01, 0x1f, 0x00, 0x1f, 0x00, 0x1e, 0xff, 0x1d,
  0x01, 0x1e, 0x00, 0x1e, 0xff, 0x1c, 0x02, 0x1d, 0xfe, 0x1c, 0x01, 0x1d,
  0x00, 0x1c, 0x00, 0x1c, 0xff, 0x1a, 0x02, 0x1b, 0xfd, 0x1a, 0x03, 0x1a,
  0xfe, 0x19, 0x00, 0x19, 0x01, 0x18, 0xff, 0x17, 0x01, 0x17, 0xff, 0x16,
  0x01, 0x16, 0xff, 0x15, 0x01, 0x15, 0xff, 0x13, 0x01, 0x14, 0xff, 0x12,
  0x02, 0x12, 0xfd, 0x10, 0x03, 0x11, 0xfd, 0x0f, 0x03, 0x0f, 0xfe, 0x0d,
  0x00, 0x0d, 0x02, 0x0c, 0xfd, 0x0a, 0x03, 0x0a, 0xfd, 0x09, 0x03, 0x09,
  0xfd, 0x07, 0x03, 0x07, 0xfe, 0x05, 0x01, 0x05, 0x00, 0x04, 0xff, 0x02,
  0x01, 0x02, 0x00, 0x00, 0x00, 0xff, 0x00, 0xfe, 0x00, 0xfd, 0xff, 0xfb,
  0x02, 0xfb, 0xff, 0xf9, 0xff, 0xf8, 0x03, 0xf8, 0xfb, 0xf5, 0x06, 0xf6,
  0xfc, 0xf4, 0x02, 0xf4, 0xfe, 0xf2, 0x03, 0xf2, 0xfc, 0xef, 0x05, 0xef,
  0xfb, 0xee, 0x04, 0xee, 0xfc, 0xec, 0x05, 0xec, 0xfb, 0xea, 0x04, 0xea,
  0xfd, 0xe8, 0x02, 0xe9, 0xfe, 0xe7, 0x03, 0xe7, 0xfd, 0xe6, 0x02, 0xe6,
  0xff, 0xe4, 0xff, 0xe3, 0x02, 0xe4, 0xff, 0xe3, 0x00, 0xe3, 0x00, 0xe3,
  0xff, 0xe1, 0x01, 0xe2, 0x00, 0xe1, 0x00, 0xe1, 0x00, 0xe0, 0x00, 0xe0,
  0x00, 0xe0, 0xff, 0xde, 0x02, 0xdf, 0xfe, 0xde, 0x02, 0xde, 0xfe, 0xdd,
  0x02, 0xde, 0xfe, 0xdd, 0x02, 0xde, 0xfd, 0xdd, 0x03, 0xde, 0xfd, 0xdd,
  0x03, 0xde, 0xfe, 0xdd, 0x01, 0xde, 0x00, 0xde, 0xfe, 0xdd, 0x03, 0xde,
  0xfe, 0xdd, 0x01, 0xde, 0x00, 0xde, 0x00, 0xde, 0x00, 0xde, 0x00, 0xde,
  0xff, 0xdd, 0x01, 0xdf, 0x01, 0xdf, 0xfe, 0xde, 0x02, 0xdf, 0xfd, 0xde,
  0x04, 0xe0, 0xfc, 0xdf, 0x04, 0xe0, 0xfb, 0xdf, 0x05, 0xe0, 0xfc, 0xe0,
  0x03, 0xe1, 0xfd, 0xe0, 0x02, 0xe1, 0xff, 0xe1, 0x01, 0xe2, 0xff, 0xe1,
  0x01, 0xe3, 0xff, 0xe2, 0x01, 0xe3, 0xfe, 0xe2, 0x03, 0xe4, 0xfe, 0xe3,
  0x02, 0xe4, 0xfe, 0xe4, 0x00, 0xe5, 0x01, 0xe6, 0x00, 0xe6, 0x00, 0xe7,
  0x00, 0xe7, 0xff, 0xe7, 0x01, 0xe8, 0x00, 0xe9, 0x00, 0xe9, 0xff, 0xe9,
  0x02, 0xea, 0xfd, 0xea, 0x04, 0xec, 0xfc, 0xeb, 0x03, 0xed, 0xfe, 0xed,
  0x02, 0xef, 0xfe, 0xee, 0x02, 0xf0, 0xfe, 0xf0, 0x02, 0xf2, 0xff, 0xf2,
  0x00, 0xf4, 0x00, 0xf5, 0x01, 0xf5, 0xff, 0xf5, 0x01, 0xf7, 0xfe, 0xf7,
  0x02, 0xf9, 0xfe, 0xf9, 0x03, 0xfb, 0xfd, 0xfb, 0x01, 0xfd, 0x00, 0xfe,
  0xff, 0xfe, 0x03, 0x01, 0xfd, 0x01, 0x01, 0x03, 0x00, 0x04, 0xff, 0x04,
  0x03, 0x06, 0xfd, 0x06, 0x02, 0x08, 0xfe, 0x08, 0x01, 0x0a, 0x00, 0x0b,
  0x01, 0x0c, 0xfe, 0x0c, 0x03, 0x0e, 0xfc, 0x0e, 0x03, 0x10, 0xff, 0x10,
  0x00, 0x12, 0x01, 0x13, 0xfe, 0x13, 0x03, 0x15, 0xfc, 0x15, 0x04, 0x17,
  0xfd, 0x16, 0x02, 0x18, 0xff, 0x18, 0xff, 0x18, 0x02, 0x1a, 0xfe, 0x19,
  0x02, 0x1b, 0xfe, 0x1b, 0x01, 0x1c, 0x00, 0x1d, 0x00, 0x1d, 0xff, 0x1c,
  0x01, 0x1e, 0xff, 0x1d, 0x02, 0x1f, 0xfe, 0x1e, 0x02, 0x1f, 0xfe, 0x1f,
  0x01, 0x20, 0x01, 0x20, 0xfe, 0x1f, 0x02, 0x21, 0xfe, 0x20, 0x02, 0x21,
  0xff, 0x20, 0x00, 0x21, 0xff, 0x20, 0x02, 0x21, 0xfe, 0x20, 0x02, 0x21,
  0xff, 0x20, 0xff, 0x20, 0x02, 0x21, 0xff, 0x20, 0x00, 0x21, 0x00, 0x21,
  0x01, 0x21, 0xfe, 0x20, 0x02, 0x21, 0xff, 0x1f, 0x00, 0x20, 0x00, 0x20,
  0x00, 0x20, 0x00, 0x20, 0xff, 0x1f, 0x03, 0x1f, 0xfb, 0x1e, 0x05, 0x1f,
  0xfc, 0x1e, 0x03, 0x1e, 0xff, 0x1d, 0xff, 0x1d, 0x01, 0x1e, 0x00, 0x1d,
  0xff, 0x1c, 0x02, 0x1d, 0xfe, 0x1c, 0x01, 0x1c, 0x00, 0x1c, 0xff, 0x1b,
  0x01, 0x1b, 0xff, 0x1a, 0x01, 0x1a, 0x00, 0x1a, 0xff, 0x19, 0x01, 0x19,
  0xff, 0x18, 0x01, 0x18, 0xff, 0x17, 0x02, 0x17, 0xfd, 0x16, 0x03, 0x16,
  0xfe, 0x15, 0x01, 0x15, 0x00, 0x14, 0xff, 0x13, 0x01, 0x13, 0xff, 0x11,
  0x01, 0x11, 0xff, 0x10, 0x01, 0x10, 0xfe, 0x0e, 0x03, 0x0e, 0xfd, 0x0c,
  0x02, 0x0c, 0xff, 0x0a, 0x00, 0x0a, 0x01, 0x09, 0xff, 0x07, 0x00, 0x07,
  0x01, 0x06, 0xff, 0x04, 0x01, 0x04, 0xfe, 0x02, 0x02, 0x02, 0xff, 0x00,
  0x00, 0xff, 0x02, 0xfe, 0xfc, 0xfc, 0x04, 0xfc, 0xfd, 0xfa, 0x02, 0xfa,
  0xff, 0xf7, 0x00, 0xf7, 0x00, 0xf6, 0x00, 0xf5, 0x00, 0xf4, 0x00, 0xf3,
  0x00, 0xf2, 0x00, 0xf1, 0x00, 0xf0, 0xff, 0xed, 0x01, 0xee, 0x00, 0xed,
  0x00, 0xec, 0x00, 0xeb, 0x00, 0xea, 0xff, 0xe8, 0x02, 0xe8, 0xfd, 0xe6,
  0x03, 0xe7, 0xfe, 0xe5, 0x01, 0xe5, 0x00, 0xe5, 0xfe, 0xe3, 0x03, 0xe3,
  0xfd, 0xe2, 0x03, 0xe2, 0xfe, 0xe1, 0x00, 0xe2, 0x01, 0xe1, 0xff, 0xe0,
  0x01, 0xe0, 0xff, 0xdf, 0x01, 0xe0, 0xfe, 0xde, 0x04, 0xdf, 0xfc, 0xde,
  0x03, 0xdf, 0xfd, 0xdd, 0x03, 0xde, 0xfe, 0xdd, 0x01, 0xde, 0x00, 0xde,
  0xff, 0xdd, 0x01, 0xde, 0x00, 0xde, 0xff, 0xdd, 0x01, 0xde, 0xff, 0xdd,
  0x00, 0xde, 0x01, 0xde, 0xfe, 0xdd, 0x03, 0xde, 0xfd, 0xdd, 0x02, 0xde,
  0xff, 0xdd, 0x00, 0xdf, 0x00, 0xdf, 0x01, 0xdf, 0xff, 0xde, 0x01, 0xdf,
  0x00, 0xdf, 0xff, 0xdf, 0x01, 0xe0, 0xff, 0xdf, 0x02, 0xe0, 0xff, 0xe0,
  0x00, 0xe1, 0x00, 0xe1, 0xff, 0xe0, 0x03, 0xe2, 0xfc, 0xe1, 0x04, 0xe2,
  0xfc, 0xe1, 0x03, 0xe3, 0xff, 0xe2, 0xff, 0xe2, 0x02, 0xe4, 0xfe, 0xe3,
  0x01, 0xe4, 0x00, 0xe5, 0x00, 0xe5, 0x00, 0xe5, 0x01, 0xe6, 0xfd, 0xe5,
  0x04, 0xe7, 0xfc, 0xe6, 0x04, 0xe8, 0xfd, 0xe7, 0x02, 0xe9, 0xff, 0xe8,
  0x00, 0xea, 0x01, 0xea, 0xfe, 0xea, 0x03, 0xec, 0xfd, 0xeb, 0x02, 0xed,
  0xff, 0xed, 0x01, 0xef, 0xfe, 0xee, 0x02, 0xf0, 0xff, 0xf0, 0xff, 0xf1,
  0x03, 0xf3, 0xfc, 0xf2, 0x04, 0xf4, 0xfc, 0xf4, 0x04, 0xf6, 0xfd, 0xf6,
  0x02, 0xf8, 0xff, 0xf8, 0xff, 0xf9, 0x02, 0xfb, 0xff, 0xfb, 0x00, 0xfd,
  0x00, 0xfe, 0x00, 0x00, 0xff, 0x00, 0x03, 0x02, 0xfc, 0x02, 0x04, 0x04,
  0xfd, 0x04, 0x01, 0x06, 0x01, 0x07, 0xfe, 0x07, 0x02, 0x09, 0xff, 0x09,
  0x01, 0x0b, 0xfe, 0x0b, 0x01, 0x0d, 0x00, 0x0e, 0x00, 0x0f, 0x01, 0x10,
  0xff, 0x10, 0xff, 0x11, 0x02, 0x13, 0xfd, 0x13, 0x04, 0x15, 0xfd, 0x15,
  0x02, 0x16, 0xff, 0x16, 0xff, 0x16, 0x03, 0x18, 0xfc, 0x18, 0x04, 0x1a,
  0xfd, 0x19, 0x01, 0x1b, 0x01, 0x1b, 0xfe, 0x1b, 0x01, 0x1c, 0x00, 0x1d,
  0xff, 0x1c, 0x02, 0x1e, 0xfe, 0x1d, 0x01, 0x1e, 0xff, 0x1e, 0x01, 0x1f,
  0x00, 0x1f, 0xff, 0x1f, 0x01, 0x20, 0xff, 0x1f, 0x01, 0x20, 0xff, 0x1f,
  0x01, 0x21, 0xff, 0x20, 0x01, 0x21, 0xff, 0x20, 0x01, 0x21, 0xff, 0x20,
  0x00, 0x21, 0x01, 0x21, 0xff, 0x20, 0x01, 0x21, 0xff, 0x20, 0x00, 0x21,
  0x00, 0x21, 0x01, 0x21, 0xff, 0x20, 0x01, 0x21, 0xff, 0x20, 0x00, 0x21,
  0x01, 0x21, 0xff, 0x1f, 0x01, 0x20, 0xff, 0x1f, 0x01, 0x20, 0xfe, 0x1f,
  0x03, 0x20, 0xfd, 0x1e, 0x03, 0x1f, 0xfd, 0x1e, 0x03, 0x1f, 0xfd, 0x1d,
  0x03, 0x1e, 0xfd, 0x1d, 0x03, 0x1e, 0xfe, 0x1c, 0x01, 0x1d, 0x00, 0x1d,
  0xff, 0x1b, 0x01, 0x1c, 0x00, 0x1c, 0xfe, 0x1b, 0x03, 0x1b, 0xfe, 0x1a,
  0x01, 0x1a, 0x00, 0x1a, 0xfe, 0x19, 0x02, 0x19, 0xff, 0x18, 0x02, 0x19,
  0xfe, 0x17, 0x01, 0x18, 0xfe, 0x16, 0x03, 0x16, 0xfd, 0x15, 0x03, 0x16,
  0xfd, 0x14, 0x02, 0x14, 0xff, 0x13, 0x01, 0x13, 0xff, 0x11, 0x00, 0x12,
  0x01, 0x11, 0xff, 0x0f, 0x02, 0x0f, 0xfe, 0x0d, 0x00, 0x0e, 0x01, 0x0d,
  0xff, 0x0b, 0x02, 0x0b, 0xfd, 0x09, 0x03, 0x09, 0xfc, 0x07, 0x05, 0x07,
  0xfb, 0x05, 0x03, 0x05, 0xff, 0x03, 0x00, 0x03, 0x00, 0x02, 0x00, 0x01,
  0xff, 0xff, 0x02, 0xff, 0xfe, 0xfd, 0x02, 0xfc, 0xfe, 0xfa, 0x02, 0xfa,
  0xfe, 0xf8, 0x01, 0xf8, 0x00, 0xf7, 0x00, 0xf5, 0x01, 0xf4, 0xfe, 0xf2,
  0x02, 0xf2, 0xfd, 0xf0, 0x03, 0xf0, 0xfe, 0xee, 0x01, 0xee, 0x00, 0xed,
  0xff, 0xeb, 0x01, 0xeb, 0xff, 0xe9, 0x01, 0xe9, 0xff, 0xe8, 0x02, 0xe8,
  0xfd, 0xe6, 0x02, 0xe6, 0xff, 0xe4, 0x01, 0xe5, 0x00, 0xe4, 0xfe, 0xe2,
  0x02, 0xe3, 0xff, 0xe1, 0x01, 0xe2, 0x00, 0xe1, 0xfe, 0xe0, 0x02, 0xe1,
  0xff, 0xdf, 0x01, 0xe0, 0x00, 0xe0, 0xff, 0xdf, 0x00, 0xdf, 0x01, 0xdf,
  0xff, 0xde, 0x01, 0xdf, 0xff, 0xde, 0x01, 0xde, 0xff, 0xdd, 0x01, 0xde,
  0xff, 0xdd, 0x00, 0xde, 0x02, 0xde, 0xfe, 0xdd, 0x01, 0xde, 0xff, 0xdd,
  0x01, 0xde, 0xff, 0xde, 0x01, 0xdf, 0x00, 0xdf, 0xff, 0xde, 0x01, 0xdf,
  0xff, 0xde, 0x00, 0xdf, 0x01, 0xdf, 0x00, 0xe0, 0xff, 0xdf, 0x01, 0xe0,
  0xff, 0xdf, 0x01, 0xe0, 0xff, 0xe0, 0x01, 0xe1, 0x00, 0xe1, 0x00, 0xe1,
  0xff, 0xe1, 0x02, 0xe2, 0xfd, 0xe1, 0x03, 0xe3, 0xff, 0xe2, 0xff, 0xe2,
  0x02, 0xe4, 0xfd, 0xe3, 0x03, 0xe4, 0xfd, 0xe4, 0x04, 0xe5, 0xfb, 0xe5,
  0x04, 0xe6, 0xfe, 0xe6, 0x00, 0xe7, 0x02, 0xe8, 0xfd, 0xe7, 0x02, 0xe9,
  0xff, 0xe8, 0x01, 0xea, 0x00, 0xea, 0xff, 0xea, 0x01, 0xec, 0xff, 0xeb,
  0x01, 0xed, 0x00, 0xee, 0xff, 0xee, 0x01, 0xef, 0xff, 0xef, 0x01, 0xf1,
  0xff, 0xf1, 0x01, 0xf3, 0xff, 0xf3, 0x00, 0xf5, 0x00, 0xf6, 0x01, 0xf7,
  0xff, 0xf7, 0x00, 0xf9, 0x01, 0xfa, 0xfe, 0xfa, 0x02, 0xfc, 0xff, 0xfc,
  0x00, 0xfe, 0x01, 0xff, 0xfe, 0xff, 0x02, 0x02, 0xfe, 0x02, 0x02, 0x04,
  0xff, 0x04, 0x00, 0x06, 0x00, 0x07, 0x00, 0x08, 0x00, 0x09, 0x00, 0x0a,
  0x01, 0x0c, 0xfe, 0x0c, 0x02, 0x0e, 0xfe, 0x0d, 0x02, 0x0f, 0xfe, 0x0f,
  0x01, 0x12, 0x00, 0x12, 0x00, 0x13, 0x00, 0x14, 0x00, 0x15, 0xff, 0x15,
  0x02, 0x17, 0xfe, 0x16, 0x02, 0x18, 0xfe, 0x18, 0x02, 0x19, 0xfe, 0x19,
  0x02, 0x1a, 0xfd, 0x1a, 0x04, 0x1c, 0xfc, 0x1b, 0x04, 0x1d, 0xfc, 0x1c,
  0x03, 0x1e, 0xfd, 0x1d, 0x04, 0x1e, 0xfd, 0x1e, 0x01, 0x1f, 0x00, 0x1f,
  0xff, 0x1f, 0x01, 0x20, 0x01, 0x20, 0xfe, 0x1f, 0x01, 0x20, 0x00, 0x21,
  0xff, 0x20, 0x02, 0x21, 0xfe, 0x20, 0x01, 0x21, 0xff, 0x20, 0x01, 0x21,
  0xff, 0x20, 0x01, 0x21, 0xff, 0x20, 0x01, 0x21, 0xfe, 0x20, 0x03, 0x21,
  0xfd, 0x20, 0x02, 0x20, 0x00, 0x20, 0xfe, 0x1f, 0x04, 0x20, 0xfc, 0x1f,
  0x02, 0x20, 0x00, 0x20, 0xff, 0x1e, 0x01, 0x1f, 0x00, 0x1f, 0xff, 0x1e,
  0x01, 0x1e, 0x00, 0x1e, 0xff, 0x1d, 0x01, 0x1e, 0xff, 0x1d, 0x01, 0x1d,
  0xff, 0x1c, 0x01, 0x1d, 0xff, 0x1b, 0x01, 0x1c, 0xff, 0x1b, 0x01, 0x1c,
  0xff, 0x1a, 0x00, 0x1b, 0x02, 0x1b, 0xfd, 0x19, 0x03, 0x1a, 0xfe, 0x18,
  0x01, 0x18, 0x00, 0x18, 0x00, 0x18, 0x00, 0x17, 0xff, 0x16, 0x02, 0x16,
  0xfe, 0x14, 0x02, 0x15, 0xfe, 0x13, 0x02, 0x13, 0xfd, 0x11, 0x03, 0x11,
  0xfe, 0x10, 0x01, 0x10, 0x01, 0x0f, 0xfd, 0x0d, 0x03, 0x0e, 0xfd, 0x0c,
  0x02, 0x0c, 0x00, 0x0b, 0xff, 0x08, 0x02, 0x09, 0xfd, 0x07, 0x02, 0x07,
  0x00, 0x06, 0xfe, 0x03, 0x04, 0x03, 0xfb, 0x01, 0x05, 0x01, 0xfc, 0xff,
  0x03, 0xff, 0xfe, 0xfd, 0x01, 0xfd, 0x00, 0xfc, 0xff, 0xfa, 0x02, 0xf9,
  0xfd, 0xf7, 0x04, 0xf7, 0xfd, 0xf5, 0x01, 0xf5, 0x01, 0xf4, 0xfd, 0xf2,
  0x04, 0xf2, 0xfc, 0xf0, 0x04, 0xf0, 0xfd, 0xee, 0x02, 0xed, 0xfe, 0xeb,
  0x02, 0xec, 0xfe, 0xea, 0x03, 0xea, 0xfc, 0xe8, 0x04, 0xe8, 0xfd, 0xe6,
  0x02, 0xe7, 0xff, 0xe5, 0x00, 0xe5, 0x00, 0xe4, 0x00, 0xe4, 0x01, 0xe3,
  0xff, 0xe2, 0x00, 0xe2, 0x01, 0xe2, 0xfe, 0xe1, 0x02, 0xe1, 0xff, 0xe0,
  0x00, 0xe0, 0x01, 0xe0, 0xff, 0xdf, 0x00, 0xdf, 0x01, 0xdf, 0xff, 0xde,
  0x00, 0xde, 0x02, 0xde, 0xfd, 0xdd, 0x02, 0xde, 0x00, 0xde, 0xfe, 0xdd,
  0x03, 0xdd, 0xfe, 0xdc, 0x00, 0xdd, 0x01, 0xdd, 0x00, 0xdd, 0xff, 0xdc,
  0x01, 0xdd, 0xff, 0xdc, 0x02, 0xdd, 0xfe, 0xdc, 0x01, 0xde, 0x00, 0xde,
  0xff, 0xdd, 0x02, 0xde, 0xfe, 0xdd, 0x01, 0xde, 0xff, 0xdd, 0x01, 0xdf,
  0xff, 0xde, 0x01, 0xdf, 0xff, 0xde, 0x00, 0xdf, 0x00, 0xe0, 0x00, 0xe0,
  0x01, 0xe0, 0xff, 0xdf, 0x00, 0xe1, 0x00, 0xe1, 0x00, 0xe1, 0x01, 0xe1,
  0xff, 0xe1, 0x00, 0xe2, 0x01, 0xe2, 0xfe, 0xe1, 0x03, 0xe3, 0xfc, 0xe2,
  0x04, 0xe3, 0xfd, 0xe2, 0x03, 0xe4, 0xfd, 0xe3, 0x02, 0xe4, 0xff, 0xe4,
  0x01, 0xe5, 0xff, 0xe4, 0x01, 0xe6, 0xff, 0xe5, 0x01, 0xe7, 0xff, 0xe6,
  0x01, 0xe8, 0xff, 0xe7, 0x01, 0xe9, 0x00, 0xe9, 0xfe, 0xe9, 0x02, 0xea,
  0xff, 0xea, 0x02, 0xec, 0xfe, 0xeb, 0x01, 0xed, 0xff, 0xed, 0x01, 0xef,
  0x00, 0xf0, 0x00, 0xf1, 0x00, 0xf1, 0x00, 0xf2, 0x00, 0xf3, 0xff, 0xf3,
  0x03, 0xf5, 0xfd, 0xf5, 0x02, 0xf7, 0xfe, 0xf7, 0x01, 0xf9, 0x00, 0xf9,
  0x00, 0xfa, 0x01, 0xfb, 0xfe, 0xfc, 0x01, 0xfe, 0x00, 0xff, 0xff, 0xff,
  0x01, 0x01, 0x00, 0x02, 0xff, 0x02, 0x02, 0x04, 0xfe, 0x04, 0x01, 0x06,
  0x00, 0x07, 0xff, 0x08, 0x02, 0x0a, 0xfd, 0x0a, 0x03, 0x0c, 0xfe, 0x0c,
  0x01, 0x0e, 0x00, 0x0f, 0xff, 0x0f, 0x01, 0x11, 0xff, 0x11, 0x02, 0x13,
  0xfe, 0x13, 0x01, 0x14, 0xff, 0x14, 0x01, 0x16, 0x00, 0x17, 0x00, 0x18,
  0x00, 0x18, 0x00, 0x19, 0xff, 0x19, 0x02, 0x1a, 0xfd, 0x1a, 0x03, 0x1b,
  0xff, 0x1b, 0x00, 0x1d, 0x00, 0x1d, 0x00, 0x1d, 0xfe, 0x1d, 0x04, 0x1e,
  0xfc, 0x1d, 0x04, 0x1f, 0xfc, 0x1e, 0x02, 0x1f, 0x00, 0x20, 0x00, 0x20,
  0x00, 0x20, 0xff, 0x1f, 0x01, 0x21, 0xff, 0x20, 0x02, 0x21, 0xfe, 0x20,
  0x01, 0x21, 0xff, 0x20, 0x01, 0x21, 0x00, 0x22, 0xff, 0x21, 0x01, 0x22,
  0xff, 0x20, 0x00, 0x21, 0x02, 0x21, 0xfd, 0x20, 0x02, 0x21, 0xff, 0x20,
  0x00, 0x21, 0x01, 0x21, 0xff, 0x20, 0x00, 0x21, 0x00, 0x21, 0x00, 0x20,
  0x00, 0x20, 0x00, 0x20, 0x00, 0x20, 0xff, 0x1f, 0x02, 0x20, 0xfe, 0x1e,
  0x01, 0x1f, 0x00, 0x1f, 0x00, 0x1f, 0xff, 0x1d, 0x03, 0x1e, 0xfc, 0x1d,
  0x04, 0x1e, 0xfd, 0x1c, 0x02, 0x1d, 0xff, 0x1c, 0x00, 0x1d, 0x01, 0x1c,
  0xfe, 0x1b, 0x02, 0x1c, 0xff, 0x1a, 0x00, 0x1b, 0x00, 0x1b, 0x01, 0x1a,
  0xfe, 0x19, 0x03, 0x19, 0xfd, 0x18, 0x01, 0x18, 0x00, 0x18, 0x01, 0x17,
  0xfe, 0x16, 0x03, 0x16, 0xfd, 0x14, 0x01, 0x15, 0x00, 0x14, 0x00, 0x14,
  0x01, 0x13, 0xff, 0x11, 0x01, 0x11, 0xfe, 0x0f, 0x03, 0x0f, 0xfd, 0x0d,
  0x04, 0x0d, 0xfb, 0x0b, 0x05, 0x0b, 0xfc, 0x09, 0x03, 0x09, 0xfe, 0x07,
  0x01, 0x07, 0xff, 0x05, 0x02, 0x05, 0xfe, 0x03, 0x01, 0x02, 0x00, 0x01,
  0xff, 0xff, 0x02, 0xff, 0xfe, 0xfd, 0x01, 0xfd, 0x00, 0xfb, 0x00, 0xfa,
  0x00, 0xf9, 0xff, 0xf7, 0x02, 0xf7, 0xfd, 0xf5, 0x03, 0xf4, 0xfe, 0xf2,
  0x01, 0xf2, 0xff, 0xf0, 0x01, 0xf0, 0xff, 0xee, 0x01, 0xee, 0xff, 0xec,
  0x01, 0xec, 0xff, 0xea, 0x02, 0xea, 0xfd, 0xe8, 0x03, 0xe8, 0xfd, 0xe7,
  0x03, 0xe7, 0xfe, 0xe5, 0x01, 0xe5, 0x00, 0xe4, 0xff, 0xe3, 0x01, 0xe3,
  0xff, 0xe2, 0x02, 0xe3, 0xfd, 0xe1, 0x03, 0xe2, 0xfd, 0xe0, 0x03, 0xe1,
  0xfe, 0xdf, 0x00, 0xe0, 0x02, 0xe0, 0xfd, 0xdf, 0x03, 0xdf, 0xfd, 0xde,
  0x03, 0xdf, 0xfe, 0xde, 0x01, 0xdf, 0xff, 0xde, 0x01, 0xdf, 0xff, 0xdd,
  0x02, 0xde, 0xfd, 0xdd, 0x02, 0xde, 0xff, 0xde, 0x01, 0xdf, 0xff, 0xde,
  0x01, 0xdf, 0xff, 0xde, 0x00, 0xdf, 0x01, 0xdf, 0xfe, 0xde, 0x02, 0xdf,
  0xff, 0xde, 0x00, 0xdf, 0x00, 0xe0, 0x00, 0xe0, 0x01, 0xe0, 0xfd, 0xdf,
  0x04, 0xe0, 0xfc, 0xe0, 0x04, 0xe1, 0xfd, 0xe0, 0x01, 0xe1, 0x00, 0xe2,
  0x00, 0xe2, 0x00, 0xe2, 0xff, 0xe1, 0x01, 0xe3, 0x00, 0xe3, 0xff, 0xe2,
  0x01, 0xe4, 0xff, 0xe3, 0x01, 0xe5, 0x00, 0xe5, 0xfe, 0xe5, 0x03, 0xe6,
  0xfd, 0xe5, 0x02, 0xe7, 0x00, 0xe8, 0xfe, 0xe7, 0x03, 0xe9, 0xfe, 0xe8,
  0xff, 0xe9, 0x03, 0xea, 0xfc, 0xea, 0x04, 0xec, 0xfd, 0xec, 0x02, 0xed,
  0xfe, 0xed, 0x01, 0xef, 0x00, 0xf0, 0x00, 0xf0, 0x00, 0xf1, 0x00, 0xf2,
  0xff, 0xf2, 0x02, 0xf4, 0xfe, 0xf4, 0x02, 0xf6, 0xfe, 0xf6, 0x02, 0xf8,
  0xff, 0xf8, 0xff, 0xf9, 0x03, 0xfb, 0xfd, 0xfb, 0x03, 0xfd, 0xfd, 0xfd,
  0x02, 0x00, 0xfe, 0x00, 0x03, 0x02, 0xfd, 0x02, 0x02, 0x04, 0xff, 0x05,
  0xff, 0x06, 0x03, 0x08, 0xfc, 0x08, 0x03, 0x0a, 0xfe, 0x0a, 0x02, 0x0c,
  0xfe, 0x0c, 0x03, 0x0f, 0xfc, 0x0f, 0x04, 0x11, 0xfd, 0x10, 0x02, 0x12,
  0xff, 0x13, 0x01, 0x15, 0xff, 0x14, 0x01, 0x16, 0xff, 0x16, 0x01, 0x18,
  0x00, 0x18, 0xff, 0x18, 0x00, 0x1a, 0x01, 0x1b, 0xff, 0x1a, 0x01, 0x1c,
  0x00, 0x1c, 0xfe, 0x1c, 0x03, 0x1d, 0xfd, 0x1d, 0x03, 0x1e, 0xfd, 0x1e,
  0x03, 0x1f, 0xfd, 0x1e, 0x02, 0x20, 0xff, 0x1f, 0x01, 0x20, 0xff, 0x20,
  0x01, 0x21, 0xff, 0x20, 0x01, 0x21, 0xff, 0x20, 0x01, 0x21, 0xff, 0x20,
  0x01, 0x22, 0x00, 0x22, 0xff, 0x21, 0x01, 0x22, 0xff, 0x21, 0x01, 0x22,
  0xff, 0x21, 0x01, 0x22, 0xff, 0x21, 0x01, 0x21, 0xff, 0x20, 0x01, 0x21,
  0xff, 0x20, 0x01, 0x21, 0xff, 0x20, 0x01, 0x21, 0x00, 0x21, 0xff, 0x1f,
  0x02, 0x20, 0xfd, 0x1f, 0x03, 0x20, 0xfe, 0x1f, 0x01, 0x1f, 0xff, 0x1e,
  0x02, 0x1f, 0xfd, 0x1e, 0x03, 0x1e, 0xfd, 0x1d, 0x03, 0x1e, 0xfd, 0x1d,
  0x03, 0x1e, 0xfd, 0x1c, 0x02, 0x1d, 0xff, 0x1c, 0x01, 0x1c, 0xfe, 0x1b,
  0x03, 0x1c, 0xfd, 0x1b, 0x02, 0x1b, 0x00, 0x1b, 0xfe, 0x19, 0x03, 0x1a,
  0xfd, 0x19, 0x02, 0x19, 0x00, 0x19, 0xfe, 0x17, 0x03, 0x17, 0xfc, 0x16,
  0x04, 0x16, 0xfd, 0x15, 0x02, 0x16, 0xff, 0x14, 0x00, 0x14, 0x00, 0x13,
  0x01, 0x12, 0xfe, 0x10, 0x03, 0x11, 0xfd, 0x0f, 0x02, 0x0f, 0x00, 0x0e,
  0xfe, 0x0c, 0x02, 0x0c, 0xff, 0x0a, 0x00, 0x0a, 0x01, 0x0a, 0xff, 0x08,
  0x00, 0x07, 0x00, 0x06, 0x00, 0x05, 0x00, 0x04, 0x01, 0x03, 0xfe, 0x01,
  0x03, 0x01, 0xfc, 0xff, 0x04, 0xfe, 0xfc, 0xfc, 0x04, 0xfc, 0xfd, 0xfa,
  0x02, 0xfa, 0xfe, 0xf8, 0x03, 0xf8, 0xfc, 0xf5, 0x04, 0xf5, 0xfd, 0xf3,
  0x02, 0xf3, 0xff, 0xf1, 0x00, 0xf1, 0x01, 0xf0, 0xff, 0xee, 0x01, 0xee,
  0xff, 0xec, 0x00, 0xec, 0x01, 0xeb, 0xff, 0xe9, 0x01, 0xe9, 0xff, 0xe7,
  0x01, 0xe7, 0x00, 0xe6, 0xfe, 0xe5, 0x04, 0xe5, 0xfa, 0xe4, 0x07, 0xe4,
  0xfa, 0xe3, 0x04, 0xe3, 0xff, 0xe1, 0xfe, 0xe0, 0x03, 0xe1, 0xfd, 0xe0,
  0x02, 0xe0, 0x00, 0xe0, 0xfe, 0xde, 0x02, 0xdf, 0xfe, 0xde, 0x03, 0xdf,
  0xfd, 0xde, 0x02, 0xde, 0xfe, 0xdd, 0x01, 0xde, 0x01, 0xdd, 0xff, 0xdc,
  0x00, 0xdd, 0x01, 0xdd, 0xfe, 0xdc, 0x02, 0xdd, 0xff, 0xdc, 0x01, 0xdd,
  0xff, 0xdc, 0x01, 0xdd, 0xff, 0xdc, 0x01, 0xdd, 0xff, 0xdc, 0x01, 0xdd,
  0xff, 0xdc, 0x01, 0xde, 0xff, 0xdd, 0x00, 0xde, 0x01, 0xde, 0xfe, 0xdd,
  0x03, 0xde, 0xfd, 0xde, 0x01, 0xdf, 0x01, 0xdf, 0xfd, 0xde, 0x04, 0xe0,
  0xfd, 0xdf, 0x02, 0xe0, 0xfe, 0xdf, 0x02, 0xe1, 0xfe, 0xe0, 0x01, 0xe1,
  0x00, 0xe1, 0x00, 0xe2, 0x00, 0xe2, 0x01, 0xe2, 0xfd, 0xe1, 0x04, 0xe3,
  0xfc, 0xe2, 0x04, 0xe3, 0xfd, 0xe3, 0x02, 0xe4, 0xff, 0xe3, 0x00, 0xe4,
  0x01, 0xe5, 0xfe, 0xe4, 0x02, 0xe5, 0xff, 0xe5, 0x00, 0xe6, 0x01, 0xe7,
  0xfd, 0xe6, 0x04, 0xe8, 0xfc, 0xe7, 0x04, 0xe9, 0xfd, 0xe8, 0x01, 0xea,
  0x00, 0xea, 0x00, 0xeb, 0xff, 0xea, 0x03, 0xec, 0xfd, 0xec, 0x01, 0xed,
  0x00, 0xee, 0xff, 0xee, 0x02, 0xf0, 0xfe, 0xf0, 0x01, 0xf1, 0x00, 0xf2,
  0x00, 0xf3, 0x00, 0xf4, 0xff, 0xf4, 0x01, 0xf6, 0xff, 0xf6, 0x02, 0xf8,
  0xfe, 0xf8, 0x01, 0xfa, 0xff, 0xfa, 0x01, 0xfc, 0xff, 0xfc, 0x02, 0xfe,
  0xfd, 0xfe, 0x03, 0x00, 0xfe, 0x01, 0x02, 0x03, 0xfe, 0x03, 0x02, 0x05,
  0xfd, 0x05, 0x04, 0x07, 0xfd, 0x07, 0x01, 0x09, 0x00, 0x0a, 0x00, 0x0b,
  0x00, 0x0d, 0xff, 0x0d, 0x01, 0x0f, 0xff, 0x0f, 0x02, 0x11, 0xfe, 0x10,
  0x01, 0x12, 0xff, 0x12, 0x02, 0x14, 0xfe, 0x14, 0x02, 0x16, 0xfe, 0x16,
  0x02, 0x17, 0xfe, 0x17, 0x01, 0x19, 0x01, 0x1a, 0xfe, 0x1a, 0x02, 0x1b,
  0xfe, 0x1a, 0x01, 0x1c, 0x00, 0x1c, 0x00, 0x1d, 0x00, 0x1e, 0x00, 0x1e,
  0x00, 0x1f, 0x00, 0x1f, 0x00, 0x1f, 0x00, 0x20, 0x01, 0x20, 0xfd, 0x1f,
  0x05, 0x21, 0xfa, 0x20, 0x05, 0x21, 0xfd, 0x20, 0x01, 0x21, 0x00, 0x22,
  0x00, 0x22, 0xff, 0x21, 0x01, 0x22, 0x00, 0x22, 0xff, 0x21, 0x02, 0x22,
  0xfd, 0x21, 0x02, 0x22, 0x00, 0x22, 0xff, 0x21, 0x01, 0x22, 0xff, 0x21,
  0x01, 0x22, 0xff, 0x20, 0x01, 0x21, 0xfe, 0x20, 0x02, 0x21, 0x00, 0x21,
  0xff, 0x1f, 0x01, 0x20, 0xff, 0x1f, 0x01, 0x20, 0x00, 0x20, 0xff, 0x1e,
  0x01, 0x1f, 0x00, 0x1f, 0x00, 0x1e, 0x00, 0x1e, 0x00, 0x1e, 0xfe, 0x1c,
  0x03, 0x1d, 0xfe, 0x1c, 0x01, 0x1c, 0x00, 0x1c, 0xfe, 0x1b, 0x03, 0x1c,
  0xfd, 0x1a, 0x03, 0x1b, 0xfe, 0x19, 0x00, 0x1a, 0x02, 0x19, 0xfd, 0x18,
  0x02, 0x18, 0x00, 0x18, 0xff, 0x16, 0x01, 0x17, 0xff, 0x15, 0x01, 0x15,
  0xff, 0x14, 0x02, 0x14, 0xfe, 0x12, 0x01, 0x12, 0x00, 0x12, 0xff, 0x10,
  0x01, 0x10, 0x01, 0x0f, 0xfe, 0x0d, 0x02, 0x0e, 0xfd, 0x0c, 0x02, 0x0c,
  0x00, 0x0b, 0x00, 0x0a, 0xff, 0x07, 0x01, 0x07, 0xff, 0x05, 0x01, 0x05,
  0xff, 0x03, 0x01, 0x03, 0xff, 0x01, 0x01, 0x01, 0xff, 0xff, 0x00, 0xff,
  0x00, 0xfd, 0x01, 0xfc, 0xff, 0xfa, 0x01, 0xfa, 0xff, 0xf8, 0x00, 0xf8,
  0x00, 0xf7, 0x01, 0xf5, 0xfe, 0xf3, 0x04, 0xf3, 0xfb, 0xf1, 0x03, 0xf1,
  0xff, 0xef, 0x00, 0xef, 0x00, 0xee, 0x01, 0xed, 0xfd, 0xeb, 0x04, 0xeb,
  0xfd, 0xe9, 0x01, 0xe9, 0x00, 0xe9, 0x00, 0xe8, 0x00, 0xe7, 0x00, 0xe6,
  0x00, 0xe6, 0xff, 0xe4, 0x03, 0xe5, 0xfc, 0xe3, 0x04, 0xe3, 0xfd, 0xe2,
  0x01, 0xe2, 0x00, 0xe2, 0x01, 0xe1, 0xfe, 0xe0, 0x02, 0xe1, 0xfe, 0xdf,
  0x01, 0xe0, 0x01, 0xe0, 0xfe, 0xde, 0x02, 0xdf, 0xfe, 0xde, 0x01, 0xdf,
  0x00, 0xdf, 0x00, 0xde, 0xff, 0xdd, 0x02, 0xde, 0xfe, 0xdd, 0x02, 0xde,
  0xfe, 0xdd, 0x02, 0xde, 0xfe, 0xdd, 0x01, 0xde, 0x01, 0xde, 0xfe, 0xdd,
  0x02, 0xde, 0xff, 0xde, 0xff, 0xde, 0x02, 0xdf, 0xfe, 0xde, 0x02, 0xdf,
  0xfe, 0xde, 0x02, 0xdf, 0xfe, 0xdf, 0x01, 0xe0, 0x00, 0xe0, 0x00, 0xe0,
  0x00, 0xe0, 0x01, 0xe1, 0xfe, 0xe0, 0x02, 0xe1, 0xfe, 0xe0, 0x02, 0xe1,
  0xfe, 0xe1, 0x02, 0xe2, 0xff, 0xe1, 0x00, 0xe3, 0x00, 0xe3, 0x00, 0xe3,
  0xff, 0xe3, 0x02, 0xe4, 0xff, 0xe4, 0x00, 0xe5, 0x00, 0xe5, 0xff, 0xe5,
  0x02, 0xe6, 0xfe, 0xe6, 0x02, 0xe7, 0xfe, 0xe7, 0x01, 0xe8, 0x00, 0xe9,
  0x00, 0xe9, 0x00, 0xea, 0x00, 0xea, 0x00, 0xeb, 0xff, 0xeb, 0x02, 0xed,
  0xfd, 0xec, 0x04, 0xee, 0xfd, 0xee, 0x01, 0xf0, 0x01, 0xf0, 0xfd, 0xf0,
  0x03, 0xf2, 0xff, 0xf2, 0xff, 0xf3, 0x03, 0xf5, 0xfc, 0xf5, 0x04, 0xf7,
  0xfc, 0xf7, 0x03, 0xf9, 0xfe, 0xf9, 0x02, 0xfb, 0xfe, 0xfb, 0x01, 0xfd,
  0xff, 0xfd, 0x01, 0xff, 0x00, 0x01, 0xff, 0x01, 0x01, 0x03, 0xfe, 0x03,
  0x03, 0x05, 0xfd, 0x05, 0x03, 0x07, 0xfe, 0x08, 0x00, 0x0a, 0x01, 0x0b,
  0xff, 0x0b, 0x01, 0x0d, 0xff, 0x0d, 0x01, 0x0f, 0xfe, 0x0f, 0x03, 0x11,
  0xfd, 0x10, 0x02, 0x12, 0xfe, 0x12, 0x02, 0x14, 0xfe, 0x14, 0x03, 0x16,
  0xfc, 0x16, 0x03, 0x17, 0xfe, 0x17, 0x02, 0x18, 0xfe, 0x18, 0x02, 0x1a,
  0xfe, 0x19, 0x02, 0x1b, 0xfe, 0x1a, 0x02, 0x1c, 0xfe, 0x1c, 0x02, 0x1d,
  0xfe, 0x1c, 0x03, 0x1e, 0xfc, 0x1d, 0x04, 0x1e, 0xfd, 0x1e, 0x01, 0x1f,
  0x01, 0x20, 0xfe, 0x1f, 0x02, 0x20, 0x00, 0x20, 0xff, 0x20, 0x01, 0x21,
  0xff, 0x20, 0x01, 0x21, 0xff, 0x20, 0x03, 0x21, 0xfc, 0x20, 0x04, 0x21,
  0xfc, 0x21, 0x03, 0x22, 0xfe, 0x21, 0x02, 0x22, 0xfe, 0x21, 0x02, 0x22,
  0xfe, 0x21, 0x01, 0x21, 0xff, 0x20, 0x02, 0x21, 0xfd, 0x20, 0x03, 0x21,
  0xfd, 0x20, 0x02, 0x21, 0x00, 0x21, 0xfe, 0x1f, 0x03, 0x20, 0xfd, 0x1f,
  0x02, 0x20, 0xff, 0x1f, 0x01, 0x1f, 0xff, 0x1e, 0x01, 0x1f, 0xff, 0x1e,
  0x00, 0x1e, 0x01, 0x1e, 0xfe, 0x1d, 0x03, 0x1e, 0xfd, 0x1c, 0x01, 0x1d,
  0x00, 0x1d, 0x00, 0x1c, 0x00, 0x1c, 0x01, 0x1c, 0xfd, 0x1a, 0x03, 0x1b,
  0xfe, 0x1a, 0x02, 0x1a, 0xfe, 0x19, 0x01, 0x19, 0x00, 0x19, 0x00, 0x18,
  0x00, 0x18, 0x00, 0x17, 0x00, 0x17, 0x00, 0x16, 0x01, 0x16, 0xfe, 0x14,
  0x03, 0x15, 0xfd, 0x13, 0x02, 0x13, 0xff, 0x11, 0x01, 0x11, 0xfe, 0x10,
  0x03, 0x10, 0xfd, 0x0e, 0x02, 0x0e, 0xff, 0x0c, 0x00, 0x0c, 0x01, 0x0b,
  0xff, 0x09, 0x00, 0x0a, 0x01, 0x09, 0xfe, 0x06, 0x03, 0x06, 0xfd, 0x04,
  0x03, 0x04, 0xfe, 0x02, 0x00, 0x02, 0x00, 0x01, 0x01, 0x00, 0xff, 0xfe,
  0x02, 0xfd, 0xfd, 0xfb, 0x02, 0xfb, 0xff, 0xf9, 0x01, 0xf9, 0xff, 0xf7,
  0x00, 0xf7, 0x01, 0xf6, 0xff, 0xf3, 0x02, 0xf3, 0xfd, 0xf1, 0x02, 0xf1,
  0xff, 0xef, 0x01, 0xef, 0x00, 0xee, 0x00, 0xed, 0xff, 0xeb, 0x01, 0xeb,
  0x00, 0xea, 0xff, 0xe9, 0x02, 0xe9, 0xfe, 0xe7, 0x01, 0xe7, 0x00, 0xe6,
  0x00, 0xe6, 0x00, 0xe5, 0x00, 0xe4, 0x00, 0xe4, 0x00, 0xe3, 0x00, 0xe3,
  0x00, 0xe2, 0x00, 0xe2, 0x00, 0xe1, 0x00, 0xe1, 0x00, 0xe0, 0xff, 0xdf,
  0x01, 0xe0, 0x00, 0xdf, 0xff, 0xde, 0x02, 0xdf, 0xfe, 0xde, 0x01, 0xdf,
  0xff, 0xdd, 0x01, 0xde, 0xff, 0xdd, 0x03, 0xde, 0xfc, 0xdd, 0x03, 0xde,
  0xfe, 0xdd, 0x02, 0xde, 0xfe, 0xdd, 0x02, 0xde, 0xfe, 0xdd, 0x02, 0xde,
  0xff, 0xdd, 0x00, 0xde, 0x00, 0xde, 0xff, 0xdd, 0x02, 0xde, 0xfe, 0xde,
  0x02, 0xdf, 0xfd, 0xde, 0x03, 0xdf, 0xfe, 0xde, 0x02, 0xdf, 0xfe, 0xdf,
  0x01, 0xe0, 0x00, 0xe0, 0x00, 0xe0, 0x00, 0xe1, 0x00, 0xe1, 0xff, 0xe0,
  0x02, 0xe1, 0xfd, 0xe1, 0x04, 0xe2, 0xfb, 0xe1, 0x05, 0xe3, 0xfb, 0xe2,
  0x04, 0xe3, 0xfe, 0xe2, 0x00, 0xe4, 0x01, 0xe4, 0xff, 0xe4, 0x00, 0xe5,
  0x01, 0xe5, 0xff, 0xe5, 0x00, 0xe6, 0x01, 0xe7, 0xff, 0xe6, 0x01, 0xe8,
  0xff, 0xe7, 0x01, 0xe9, 0xfe, 0xe8, 0x03, 0xea, 0xfd, 0xe9, 0x03, 0xeb,
  0xfe, 0xeb, 0x01, 0xec, 0xff, 0xec, 0x01, 0xee, 0x00, 0xef, 0xff, 0xee,
  0x03, 0xf0, 0xfc, 0xf0, 0x03, 0xf2, 0xfe, 0xf2, 0x01, 0xf4, 0x00, 0xf5,
  0x00, 0xf6, 0x00, 0xf7, 0xff, 0xf7, 0x02, 0xf9, 0xfd, 0xf9, 0x03, 0xfb,
  0xfe, 0xfb, 0x01, 0xfd, 0x00, 0xfe, 0x00, 0xff, 0xff, 0xff, 0x02, 0x02,
  0xfe, 0x02, 0x02, 0x04, 0xfe, 0x04, 0x02, 0x06, 0xfe, 0x06, 0x02, 0x08,
  0xff, 0x09, 0xff, 0x0a, 0x02, 0x0c, 0xfe, 0x0c, 0x02, 0x0e, 0xfe, 0x0e,
  0x01, 0x10, 0x00, 0x11, 0x00, 0x12, 0x00, 0x12, 0x00, 0x13, 0xff, 0x13,
  0x02, 0x15, 0xfe, 0x15, 0x01, 0x17, 0x00, 0x17, 0xff, 0x17, 0x01, 0x19,
  0x00, 0x19, 0xff, 0x19, 0x01, 0x1b, 0xff, 0x1a, 0x01, 0x1c, 0xff, 0x1b,
  0x01, 0x1d, 0xff, 0x1c, 0x01, 0x1e, 0xff, 0x1d, 0x00, 0x1e, 0x01, 0x1f,
  0xff, 0x1e, 0x01, 0x1f, 0xff, 0x1f, 0x00, 0x20, 0x01, 0x20, 0xff, 0x1f,
  0x00, 0x20, 0x01, 0x21, 0xff, 0x20, 0x01, 0x21, 0xfe, 0x20, 0x02, 0x21,
  0xff, 0x20, 0x01, 0x21, 0xff, 0x20, 0x00, 0x21, 0x00, 0x21, 0x01, 0x21,
  0x00, 0x21, 0xff, 0x20, 0x01, 0x21, 0xff, 0x20, 0x01, 0x21, 0xff, 0x20,
  0x02, 0x21, 0xfe, 0x1f, 0x01, 0x20, 0x00, 0x20, 0xfe, 0x1f, 0x03, 0x20,
  0xfe, 0x1f, 0x01, 0x1f, 0xff, 0x1e, 0x01, 0x1f, 0xfe, 0x1e, 0x03, 0x1e,
  0xfd, 0x1d, 0x02, 0x1e, 0xff, 0x1d, 0x00, 0x1e, 0x01, 0x1d, 0xfe, 0x1c,
  0x02, 0x1d, 0xfe, 0x1b, 0x03, 0x1c, 0xfd, 0x1b, 0x02, 0x1b, 0xff, 0x1a,
  0xff, 0x1a, 0x03, 0x1a, 0xfd, 0x19, 0x02, 0x19, 0xff, 0x18, 0xff, 0x17,
  0x03, 0x18, 0xfd, 0x16, 0x02, 0x17, 0xfe, 0x15, 0x01, 0x15, 0x01, 0x15,
  0xfe, 0x13, 0x02, 0x14, 0xff, 0x12, 0x00, 0x12, 0x00, 0x12, 0x00, 0x11,
  0xff, 0x0f, 0x02, 0x0f, 0xff, 0x0d, 0xff, 0x0c, 0x02, 0x0c, 0xfd, 0x0a,
  0x03, 0x0a, 0xfe, 0x08, 0x01, 0x08, 0x00, 0x07, 0xff, 0x05, 0x01, 0x05,
  0x00, 0x04, 0xff, 0x02, 0x01, 0x02, 0x00, 0x00, 0xfe, 0xfe, 0x04, 0xfe,
  0xfb, 0xfc, 0x05, 0xfc, 0xfb, 0xfa, 0x05, 0xfa, 0xfc, 0xf8, 0x03, 0xf8,
  0xfe, 0xf5, 0x01, 0xf5, 0x00, 0xf4, 0x00, 0xf3, 0x00, 0xf2, 0x00, 0xf1,
  0x00, 0xf0, 0x01, 0xef, 0xfe, 0xed, 0x02, 0xed, 0xfe, 0xeb, 0x02, 0xeb,
  0xff, 0xe9, 0xff, 0xe8, 0x03, 0xe9, 0xfc, 0xe7, 0x04, 0xe7, 0xfd, 0xe5,
  0x01, 0xe5, 0x01, 0xe5, 0xfe, 0xe3, 0x02, 0xe4, 0xff, 0xe2, 0x00, 0xe3,
  0x00, 0xe2, 0x00, 0xe2, 0x01, 0xe1, 0xfe, 0xe0, 0x03, 0xe0, 0xfc, 0xdf,
  0x04, 0xe0, 0xfd, 0xde, 0x02, 0xdf, 0xff, 0xde, 0x00, 0xdf, 0x00, 0xde,
  0x01, 0xde, 0xff, 0xdd, 0x01, 0xde, 0xfe, 0xdd, 0x02, 0xde, 0xfe, 0xdd,
  0x03, 0xde, 0xfd, 0xdd, 0x02, 0xde, 0xfe, 0xdd, 0x02, 0xde, 0xfe, 0xdd,
  0x03, 0xde, 0xfc, 0xdd, 0x04, 0xde, 0xfc, 0xdd, 0x03, 0xde, 0xfe, 0xdd,
  0x02, 0xde, 0xfd, 0xde, 0x04, 0xdf, 0xfb, 0xde, 0x05, 0xdf, 0xfc, 0xde,
  0x02, 0xe0, 0x00, 0xe0, 0xff, 0xdf, 0x01, 0xe0, 0x00, 0xe0, 0xff, 0xe0,
  0x01, 0xe1, 0xff, 0xe0, 0x01, 0xe1, 0xff, 0xe1, 0x01, 0xe2, 0xfe, 0xe1,
  0x03, 0xe2, 0xfd, 0xe2, 0x03, 0xe3, 0xfd, 0xe2, 0x02, 0xe4, 0xff, 0xe3,
  0x00, 0xe4, 0x01, 0xe5, 0xff, 0xe4, 0x01, 0xe5, 0xff, 0xe5, 0x00, 0xe6,
  0x00, 0xe6, 0x00, 0xe7, 0x01, 0xe7, 0xfe, 0xe7, 0x02, 0xe8, 0xfe, 0xe8,
  0x01, 0xe9, 0x00, 0xea, 0x00, 0xeb, 0xff, 0xea, 0x01, 0xec, 0x00, 0xec,
  0xff, 0xec, 0x02, 0xee, 0xfe, 0xed, 0x00, 0xef, 0x02, 0xf0, 0xfd, 0xf0,
  0x03, 0xf1, 0xfe, 0xf1, 0x01, 0xf3, 0xff, 0xf3, 0x01, 0xf5, 0xfe, 0xf5,
  0x03, 0xf7, 0xfe, 0xf7, 0x01, 0xf9, 0xff, 0xf9, 0x00, 0xfb, 0x01, 0xfc,
  0xff, 0xfc, 0x01, 0xfe, 0xff, 0xfe, 0x00, 0x00, 0x00, 0x01, 0x01, 0x02,
  0xfe, 0x02, 0x02, 0x04, 0xff, 0x04, 0xff, 0x05, 0x02, 0x07, 0xfe, 0x07,
  0x02, 0x09, 0xfe, 0x09, 0x02, 0x0c, 0xfe, 0x0c, 0x01, 0x0e, 0x00, 0x0f,
  0x00, 0x10, 0xff, 0x10, 0x01, 0x12, 0x00, 0x13, 0xff, 0x12, 0x02, 0x14,
  0xfd, 0x14, 0x02, 0x16, 0x00, 0x17, 0xff, 0x16, 0x02, 0x18, 0xfe, 0x18,
  0x01, 0x19, 0x00, 0x1a, 0xff, 0x1a, 0x02, 0x1b, 0xfe, 0x1b, 0x01, 0x1c,
  0x00, 0x1d, 0xff, 0x1c, 0x03, 0x1e, 0xfc, 0x1d, 0x03, 0x1f, 0xfe, 0x1e,
  0x00, 0x1f, 0x02, 0x1f, 0xff, 0x1f, 0xff, 0x1f, 0x02, 0x20, 0xfd, 0x20,
  0x03, 0x21, 0xff, 0x20, 0xff, 0x20, 0x02, 0x21, 0xfd, 0x20, 0x03, 0x21,
  0xfe, 0x20, 0x01, 0x21, 0x00, 0x21, 0xff, 0x20, 0x01, 0x21, 0xff, 0x20,
  0x01, 0x21, 0xff, 0x20, 0x01, 0x21, 0xff, 0x20, 0x02, 0x20, 0xfe, 0x1f,
  0x01, 0x20, 0xff, 0x1f, 0x01, 0x20, 0x00, 0x20, 0x00, 0x20, 0x00, 0x1f,
  0xff, 0x1e, 0x01, 0x1f, 0x00, 0x1f, 0xff, 0x1d, 0x01, 0x1e, 0xff, 0x1d,
  0x01, 0x1d, 0xff, 0x1c, 0x01, 0x1d, 0xff, 0x1b, 0x01, 0x1c, 0xff, 0x1a,
  0x01, 0x1b, 0xff, 0x1a, 0x01, 0x1a, 0xff, 0x19, 0x01, 0x19, 0xff, 0x18,
  0x01, 0x19, 0xff, 0x17, 0x00, 0x17, 0x00, 0x17, 0x00, 0x16, 0x01, 0x16,
  0xff, 0x14, 0x00, 0x14, 0x00, 0x13, 0x00, 0x13, 0x00, 0x12, 0x01, 0x11,
  0xff, 0x10, 0x01, 0x10, 0xff, 0x0e, 0x01, 0x0e, 0xfe, 0x0c, 0x03, 0x0c,
  0xfd, 0x0a, 0x02, 0x0a, 0x00, 0x09, 0xff, 0x07, 0x01, 0x07, 0x00, 0x06,
  0xfe, 0x04, 0x03, 0x04, 0xfe, 0x02, 0x01, 0x01, 0x00, 0x00, 0xff, 0xfe,
  0x02, 0xfe, 0xfd, 0xfc, 0x03, 0xfc, 0xfd, 0xf9, 0x03, 0xf9, 0xfe, 0xf7,
  0x02, 0xf7, 0xfd, 0xf5, 0x02, 0xf5, 0x00, 0xf4, 0x00, 0xf2, 0x00, 0xf2,
  0x00, 0xf1, 0xff, 0xef, 0x01, 0xee, 0x00, 0xed, 0x00, 0xed, 0x00, 0xec,
  0x00, 0xeb, 0xff, 0xe9, 0x01, 0xe9, 0x00, 0xe8, 0x00, 0xe7, 0x00, 0xe7,
  0xff, 0xe5, 0x01, 0xe5, 0xff, 0xe4, 0x02, 0xe4, 0xfe, 0xe2, 0x01, 0xe3,
  0xff, 0xe1, 0x02, 0xe2, 0xfd, 0xe1, 0x04, 0xe1, 0xfb, 0xe0, 0x05, 0xe0,
  0xfc, 0xdf, 0x03, 0xe0, 0xfd, 0xde, 0x03, 0xdf, 0xfd, 0xde, 0x03, 0xdf,
  0xfd, 0xde, 0x03, 0xdf, 0xfd, 0xdd, 0x03, 0xde, 0xfe, 0xdd, 0x01, 0xde,
  0xff, 0xdd, 0x01, 0xde, 0xff, 0xdd, 0x01, 0xde, 0x00, 0xde, 0xff, 0xdd,
  0x01, 0xdf, 0xff, 0xde, 0x00, 0xdf, 0x02, 0xdf, 0xfd, 0xde, 0x03, 0xdf,
  0xfd, 0xde, 0x02, 0xe0, 0x00, 0xe0, 0xff, 0xdf, 0x01, 0xe0, 0xff, 0xdf,
  0x00, 0xe1, 0x01, 0xe1, 0xff, 0xe0, 0x01, 0xe1, 0xff, 0xe0, 0x01, 0xe2,
  0xff, 0xe1, 0x01, 0xe2, 0xfe, 0xe2, 0x03, 0xe3, 0xfd, 0xe2, 0x03, 0xe3,
  0xfe, 0xe3, 0x00, 0xe4, 0x01, 0xe5, 0xff, 0xe4, 0x00, 0xe5, 0x01, 0xe6,
  0xff, 0xe5, 0x01, 0xe7, 0xff, 0xe6, 0xff, 0xe7, 0x02, 0xe9, 0xfe, 0xe8,
  0x02, 0xea, 0xfe, 0xe9, 0x01, 0xeb, 0xff, 0xeb, 0x02, 0xec, 0xfd, 0xec,
  0x03, 0xee, 0xfe, 0xed, 0x01, 0xef, 0xff, 0xef, 0x01, 0xf1, 0xff, 0xf1,
  0x02, 0xf3, 0xfd, 0xf3, 0x03, 0xf4, 0xfd, 0xf4, 0x02, 0xf6, 0x00, 0xf7,
  0xfe, 0xf7, 0x03, 0xf9, 0xfe, 0xf9, 0x00, 0xfb, 0x01, 0xfc, 0xff, 0xfc,
  0x01, 0xff, 0xff, 0xff, 0x01, 0x01, 0xff, 0x01, 0x01, 0x03, 0xff, 0x03,
  0x01, 0x05, 0xff, 0x05, 0x01, 0x07, 0xff, 0x07, 0x01, 0x09, 0xff, 0x09,
  0x00, 0x0b, 0x02, 0x0c, 0xfd, 0x0d, 0x04, 0x0f, 0xfb, 0x0f, 0x04, 0x11,
  0xfe, 0x10, 0x01, 0x12, 0x00, 0x13, 0xff, 0x13, 0x01, 0x15, 0xff, 0x15,
  0x02, 0x17, 0xfd, 0x16, 0x03, 0x18, 0xfe, 0x18, 0x00, 0x19, 0x01, 0x1a,
  0xff, 0x19, 0x01, 0x1b, 0xff, 0x1a, 0x01, 0x1c, 0xfe, 0x1c, 0x03, 0x1d,
  0xfd, 0x1d, 0x02, 0x1e, 0xff, 0x1d, 0x01, 0x1f, 0x00, 0x1f, 0xff, 0x1e,
  0x01, 0x20, 0xff, 0x1f, 0x01, 0x20, 0x01, 0x20, 0xfd, 0x20, 0x04, 0x21,
  0xfc, 0x20, 0x03, 0x21, 0xfe, 0x20, 0x01, 0x22, 0x00, 0x22, 0xff, 0x21,
  0x02, 0x22, 0xfe, 0x21, 0x01, 0x22, 0x00, 0x22, 0xff, 0x21, 0x02, 0x22,
  0xff, 0x21, 0x00, 0x22, 0x01, 0x21, 0xfe, 0x20, 0x03, 0x21, 0xfd, 0x20,
  0x02, 0x21, 0xff, 0x20, 0x00, 0x21, 0x01, 0x21, 0xff, 0x1f, 0x00, 0x20,
  0x00, 0x20, 0x01, 0x20, 0xfe, 0x1f, 0x03, 0x1f, 0xfd, 0x1e, 0x02, 0x1f,
  0x00, 0x1e, 0xfe, 0x1d, 0x03, 0x1e, 0xfd, 0x1d, 0x03, 0x1d, 0xfd, 0x1c,
  0x03, 0x1d, 0xfd, 0x1c, 0x02, 0x1c, 0x00, 0x1c, 0xff, 0x1b, 0x01, 0x1b,
  0xff, 0x1a, 0x00, 0x1b, 0x02, 0x1b, 0xfe, 0x19, 0x02, 0x1a, 0xfd, 0x18,
  0x04, 0x18, 0xfc, 0x17, 0x04, 0x18, 0xfd, 0x16, 0x02, 0x16, 0xfe, 0x15,
  0x03, 0x15, 0xfc, 0x14, 0x04, 0x14, 0xfd, 0x12, 0x01, 0x12, 0x01, 0x12,
  0xfd, 0x10, 0x04, 0x10, 0xfc, 0x0f, 0x03, 0x0f, 0xfe, 0x0d, 0x01, 0x0d,
  0x00, 0x0c, 0x00, 0x0b, 0xff, 0x09, 0x01, 0x09, 0x00, 0x08, 0xff, 0x06,
  0x02, 0x06, 0xfe, 0x04, 0x01, 0x04, 0x00, 0x03, 0xff, 0x01, 0x02, 0x00,
  0xfe, 0xfe, 0x02, 0xfe, 0xff, 0xfc, 0xff, 0xfb, 0x02, 0xfb, 0xff, 0xf9,
  0x00, 0xf8, 0x00, 0xf7, 0x01, 0xf6, 0xfe, 0xf4, 0x02, 0xf4, 0xff, 0xf2,
  0x00, 0xf2, 0x00, 0xf1, 0x01, 0xf0, 0xfe, 0xee, 0x02, 0xee, 0xff, 0xec,
  0x00, 0xec, 0x00, 0xeb, 0x01, 0xea, 0xfe, 0xe8, 0x02, 0xe8, 0xfe, 0xe7,
  0x02, 0xe7, 0xff, 0xe5, 0x00, 0xe5, 0x01, 0xe5, 0xfe, 0xe3, 0x02, 0xe3,
  0xfe, 0xe2, 0x02, 0xe2, 0xff, 0xe1, 0x00, 0xe1, 0x00, 0xe1, 0x00, 0xe1,
  0x00, 0xe0, 0x01, 0xe0, 0xfd, 0xdf, 0x04, 0xdf, 0xfd, 0xde, 0x03, 0xdf,
  0xfd, 0xdd, 0x02, 0xde, 0xff, 0xdd, 0x01, 0xde, 0x00, 0xde, 0xfe, 0xdd,
  0x03, 0xdd, 0xfe, 0xdc, 0x01, 0xdd, 0xff, 0xdc, 0x01, 0xdd, 0xff, 0xdc,
  0x01, 0xdd, 0xff, 0xdc, 0x01, 0xde, 0xff, 0xdd, 0x02, 0xde, 0xfd, 0xdd,
  0x02, 0xde, 0xff, 0xdd, 0x01, 0xde, 0xff, 0xdd, 0x01, 0xdf, 0xff, 0xde,
  0x00, 0xdf, 0x02, 0xdf, 0xfd, 0xde, 0x02, 0xe0, 0xff, 0xdf, 0x01, 0xe0,
  0x00, 0xe0, 0xff, 0xe0, 0x01, 0xe1, 0xff, 0xe0, 0x01, 0xe1, 0x00, 0xe2,
  0xfe, 0xe1, 0x03, 0xe2, 0xfe, 0xe1, 0x01, 0xe3, 0x00, 0xe3, 0xff, 0xe2,
  0x01, 0xe4, 0xff, 0xe3, 0x01, 0xe4, 0x00, 0xe4, 0x00, 0xe5, 0x00, 0xe5,
  0xff, 0xe4, 0x01, 0xe6, 0x00, 0xe6, 0xff, 0xe5, 0x03, 0xe7, 0xfc, 0xe6,
  0x03, 0xe8, 0xfe, 0xe7, 0x00, 0xe9, 0x02, 0xe9, 0xfe, 0xe9, 0x02, 0xea,
  0xfe, 0xea, 0x00, 0xec, 0x01, 0xec, 0xff, 0xec, 0x02, 0xee, 0xfe, 0xee,
  0x01, 0xef, 0x00, 0xf0, 0xfe, 0xf0, 0x04, 0xf2, 0xfc, 0xf1, 0x04, 0xf3,
  0xfd, 0xf3, 0x01, 0xf5, 0x00, 0xf7, 0x00, 0xf8, 0x01, 0xf9, 0xfe, 0xf9,
  0x03, 0xfb, 0xfc, 0xfb, 0x05, 0xfd, 0xfc, 0xfd, 0x02, 0xff, 0xff, 0x00,
  0x00, 0x02, 0x02, 0x03, 0xfd, 0x03, 0x03, 0x05, 0xfd, 0x05, 0x03, 0x08,
  0xfd, 0x08, 0x03, 0x0a, 0xfd, 0x0a, 0x03, 0x0c, 0xfe, 0x0c, 0x01, 0x0e,
  0x00, 0x0f, 0xff, 0x0f, 0x02, 0x11, 0xfe, 0x11, 0x01, 0x13, 0x00, 0x14,
  0x00, 0x15, 0x00, 0x16, 0x00, 0x17, 0x00, 0x17, 0xff, 0x17, 0x03, 0x19,
  0xfc, 0x18, 0x04, 0x1a, 0xfd, 0x1a, 0x02, 0x1b, 0xfe, 0x1b, 0x03, 0x1c,
  0xfc, 0x1c, 0x05, 0x1d, 0xfb, 0x1d, 0x04, 0x1e, 0xfe, 0x1d, 0x00, 0x1f,
  0x01, 0x1f, 0xff, 0x1e, 0x00, 0x1f, 0x02, 0x20, 0xfd, 0x1f, 0x03, 0x20,
  0xfd, 0x1f, 0x02, 0x20, 0xff, 0x20, 0x01, 0x21, 0xff, 0x20, 0x00, 0x21,
  0x01, 0x21, 0xfe, 0x20, 0x03, 0x21, 0xfd, 0x20, 0x02, 0x21, 0xff, 0x20,
  0x01, 0x21, 0xff, 0x1f, 0x01, 0x20, 0xff, 0x1f, 0x01, 0x20, 0xff, 0x1f,
  0x00, 0x20, 0x01, 0x20, 0xff, 0x1e, 0x01, 0x1f, 0xff, 0x1e, 0x01, 0x1f,
  0xff, 0x1e, 0x01, 0x1e, 0xff, 0x1d, 0x00, 0x1e, 0x01, 0x1e, 0xff, 0x1c,
  0x01, 0x1d, 0xff, 0x1b, 0x01, 0x1c, 0xfe, 0x1b, 0x03, 0x1b, 0xfd, 0x1a,
  0x02, 0x1a, 0xff, 0x19, 0x01, 0x19, 0xff, 0x18, 0x01, 0x19, 0xfe, 0x17,
  0x02, 0x17, 0xff, 0x16, 0x01, 0x16, 0xff, 0x15, 0x00, 0x15, 0x01, 0x15,
  0xff, 0x13, 0x01, 0x13, 0xff, 0x11, 0x01, 0x12, 0x00, 0x11, 0xff, 0x0f,
  0x01, 0x0f, 0x00, 0x0e, 0x00, 0x0d, 0x00, 0x0c, 0xff, 0x0a, 0x01, 0x0a,
  0x00, 0x09, 0x00, 0x08, 0xff, 0x06, 0x02, 0x06, 0xfd, 0x04, 0x04, 0x04,
  0xfc, 0x02, 0x03, 0x02, 0xfe, 0x00, 0x01, 0xff, 0x00, 0xfe, 0x00, 0xfd,
  0x01, 0xfc, 0xfd, 0xfa, 0x04, 0xfa, 0xfd, 0xf8, 0x02, 0xf7, 0xff, 0xf5,
  0xff, 0xf4, 0x02, 0xf4, 0xff, 0xf2, 0x01, 0xf2, 0xfe, 0xf0, 0x02, 0xf0,
  0xfe, 0xee, 0x02, 0xee, 0xff, 0xec, 0x01, 0xec, 0xfe, 0xea, 0x03, 0xea,
  0xfc, 0xe8, 0x05, 0xe8, 0xfc, 0xe6, 0x02, 0xe7, 0xff, 0xe5, 0x00, 0xe5,
  0x01, 0xe5, 0xff, 0xe3, 0x01, 0xe4, 0xfe, 0xe2, 0x03, 0xe3, 0xfc, 0xe1,
  0x04, 0xe1, 0xfe, 0xe0, 0x00, 0xe0, 0x00, 0xe0, 0x00, 0xe0, 0x00, 0xdf,
  0x01, 0xdf, 0xff, 0xde, 0x00, 0xdf, 0x00, 0xde, 0x00, 0xde, 0x01, 0xde,
  0xfe, 0xdd, 0x03, 0xde, 0xfc, 0xdd, 0x04, 0xde, 0xfd, 0xdd, 0x02, 0xde,
  0xff, 0xdd, 0xff, 0xdd, 0x03, 0xde, 0xfc, 0xdd, 0x05, 0xde, 0xfb, 0xdd,
  0x03, 0xde, 0xff, 0xde, 0x01, 0xdf, 0xff, 0xde, 0x01, 0xdf, 0xfe, 0xde,
  0x03, 0xdf, 0xfd, 0xdf, 0x03, 0xe0, 0xfd, 0xdf, 0x01, 0xe0, 0x01, 0xe0,
  0xfe, 0xe0, 0x02, 0xe1, 0xff, 0xe0, 0xff, 0xe0, 0x03, 0xe2, 0xfc, 0xe1,
  0x04, 0xe2, 0xfd, 0xe1, 0x02, 0xe3, 0xff, 0xe2, 0x00, 0xe3, 0x01, 0xe3,
  0xff, 0xe3, 0x01, 0xe4, 0xfe, 0xe3, 0x03, 0xe4, 0xfd, 0xe4, 0x02, 0xe5,
  0xff, 0xe5, 0xff, 0xe5, 0x02, 0xe7, 0x00, 0xe7, 0xfd, 0xe7, 0x05, 0xe8,
  0xfa, 0xe8, 0x04, 0xe9, 0x00, 0xea, 0xfe, 0xea, 0x02, 0xeb, 0xff, 0xeb,
  0xff, 0xec, 0x03, 0xed, 0xfc, 0xed, 0x04, 0xef, 0xfd, 0xef, 0x02, 0xf0,
  0xfe, 0xf0, 0x02, 0xf2, 0xfe, 0xf2, 0x01, 0xf4, 0x00, 0xf5, 0x00, 0xf6,
  0xff, 0xf6, 0x02, 0xf8, 0xfd, 0xf8, 0x03, 0xfa, 0xff, 0xfa, 0xff, 0xfb,
  0x01, 0xfd, 0xff, 0xfd, 0x02, 0xff, 0xfe, 0xff, 0x02, 0x01, 0xfd, 0x01,
  0x02, 0x03, 0xff, 0x04, 0x01, 0x06, 0xff, 0x06, 0x01, 0x08, 0xfe, 0x08,
  0x02, 0x0a, 0xfe, 0x0a, 0x03, 0x0c, 0xfc, 0x0c, 0x04, 0x0e, 0xfd, 0x0e,
  0x02, 0x10, 0xff, 0x10, 0x00, 0x12, 0x00, 0x13, 0x01, 0x14, 0xff, 0x13,
  0x00, 0x15, 0x01, 0x16, 0xfe, 0x16, 0x02, 0x18, 0xff, 0x17, 0x00, 0x19,
  0x01, 0x19, 0xfe, 0x19, 0x02, 0x1b, 0xfe, 0x1a, 0x02, 0x1c, 0xff, 0x1b,
  0xff, 0x1c, 0x02, 0x1d, 0xfe, 0x1d, 0x01, 0x1e, 0x01, 0x1f, 0xfd, 0x1e,
  0x03, 0x1f, 0xfe, 0x1f, 0x01, 0x20, 0x00, 0x20, 0xff, 0x20, 0x01, 0x21,
  0xff, 0x20, 0x01, 0x21, 0xff, 0x20, 0x02, 0x21, 0xfd, 0x20, 0x02, 0x22,
  0xff, 0x21, 0x01, 0x22, 0x00, 0x22, 0xff, 0x21, 0x01, 0x22, 0xff, 0x21,
  0x01, 0x22, 0xff, 0x21, 0x01, 0x22, 0x00, 0x22, 0xff, 0x20, 0x02, 0x21,
  0xfd, 0x20, 0x02, 0x21, 0x00, 0x21, 0xff, 0x20, 0x01, 0x21, 0x00, 0x20,
  0xfe, 0x1f, 0x03, 0x20, 0xfe, 0x1f, 0x00, 0x20, 0x02, 0x1f, 0xfc, 0x1e,
  0x05, 0x1f, 0xfb, 0x1e, 0x04, 0x1e, 0xfe, 0x1d, 0x00, 0x1e, 0x01, 0x1d,
  0xff, 0x1c, 0x01, 0x1d, 0xff, 0x1c, 0x01, 0x1c, 0xff, 0x1b, 0x01, 0x1c,
  0x00, 0x1b, 0xff, 0x1a, 0x02, 0x1b, 0xfd, 0x19, 0x03, 0x1a, 0xfe, 0x19,
  0x01, 0x19, 0xff, 0x18, 0x02, 0x18, 0xfe, 0x17, 0x02, 0x17, 0xfd, 0x16,
  0x03, 0x16, 0xfe, 0x14, 0x02, 0x15, 0xfe, 0x13, 0x01, 0x14, 0x00, 0x13,
  0x00, 0x12, 0x00, 0x11, 0xff, 0x0f, 0x01, 0x0f, 0xff, 0x0e, 0x02, 0x0e,
  0xfe, 0x0c, 0x01, 0x0c, 0xff, 0x0a, 0x01, 0x0a, 0x00, 0x0a, 0xff, 0x08,
  0x01, 0x07, 0xff, 0x05, 0x01, 0x05, 0xff, 0x03, 0x02, 0x03, 0xfd, 0x01,
  0x02, 0x01, 0xff, 0xff, 0x00, 0xff, 0x02, 0xfe, 0xfd, 0xfb, 0x02, 0xfb,
  0xff, 0xf9, 0x01, 0xf9, 0xff, 0xf7, 0x00, 0xf7, 0x00, 0xf6, 0x00, 0xf4,
  0x01, 0xf3, 0xff, 0xf1, 0x00, 0xf2, 0x01, 0xf0, 0xfe, 0xee, 0x02, 0xee,
  0xff, 0xec, 0x00, 0xec, 0x01, 0xeb, 0xfe, 0xe9, 0x02, 0xe9, 0xfe, 0xe8,
  0x01, 0xe8, 0x00, 0xe7, 0xff, 0xe5, 0x02, 0xe6, 0xfd, 0xe4, 0x03, 0xe5,
  0xfd, 0xe3, 0x04, 0xe3, 0xfb, 0xe2, 0x05, 0xe2, 0xfc, 0xe1, 0x03, 0xe1,
  0xff, 0xe0, 0xff, 0xe0, 0x01, 0xe0, 0x00, 0xe0, 0xff, 0xde, 0x02, 0xdf,
  0xfd, 0xde, 0x03, 0xdf, 0xfe, 0xde, 0x01, 0xde, 0xff, 0xdd, 0x01, 0xde,
  0x00, 0xde, 0xff, 0xdd, 0x02, 0xde, 0xfe, 0xdd, 0x01, 0xde, 0x01, 0xde,
  0xfd, 0xdd, 0x03, 0xde, 0xff, 0xdd, 0xff, 0xdd, 0x02, 0xde, 0xfe, 0xdd,
  0x01, 0xde, 0x00, 0xde, 0xff, 0xdd, 0x01, 0xdf, 0x00, 0xdf, 0xff, 0xde,
  0x01, 0xdf, 0xff, 0xde, 0x01, 0xdf, 0x00, 0xe0, 0xff, 0xdf, 0x00, 0xe0,
  0x01, 0xe0, 0xff, 0xdf, 0x01, 0xe1, 0xff, 0xe0, 0x01, 0xe1, 0xfe, 0xe0,
  0x03, 0xe2, 0xfc, 0xe1, 0x04, 0xe2, 0xfd, 0xe2, 0x02, 0xe3, 0xff, 0xe2,
  0x00, 0xe4, 0x00, 0xe4, 0x00, 0xe4, 0x00, 0xe4, 0x00, 0xe5, 0x00, 0xe5,
  0x00, 0xe6, 0xff, 0xe5, 0x02, 0xe6, 0xfe, 0xe6, 0x02, 0xe7, 0xfe, 0xe7,
  0x01, 0xe9, 0x00, 0xe9, 0x00, 0xea, 0xff, 0xe9, 0x02, 0xeb, 0xfd, 0xeb,
  0x04, 0xed, 0xfc, 0xec, 0x03, 0xee, 0xfe, 0xee, 0x02, 0xf0, 0xfd, 0xef,
  0x03, 0xf1, 0xff, 0xf1, 0xff, 0xf2, 0x02, 0xf4, 0xfd, 0xf4, 0x03, 0xf6,
  0xfe, 0xf6, 0x01, 0xf8, 0xff, 0xf8, 0x00, 0xfa, 0x01, 0xfb, 0x00, 0xfc,
  0xff, 0xfd, 0x01, 0xff, 0xfe, 0xff, 0x03, 0x01, 0xfd, 0x01, 0x03, 0x03,
  0xfc, 0x04, 0x04, 0x06, 0xfd, 0x06, 0x03, 0x08, 0xfd, 0x08, 0x02, 0x0a,
  0xfe, 0x0a, 0x02, 0x0c, 0xfe, 0x0c, 0x02, 0x0e, 0xff, 0x0e, 0x00, 0x10,
  0x00, 0x11, 0x00, 0x12, 0x00, 0x13, 0xff, 0x13, 0x02, 0x14, 0xfe, 0x14,
  0x02, 0x16, 0xfe, 0x16, 0x01, 0x18, 0x00, 0x18, 0xff, 0x18, 0x02, 0x1a,
  0xfd, 0x19, 0x03, 0x1b, 0xfe, 0x1b, 0x01, 0x1c, 0x00, 0x1d, 0xff, 0x1c,
  0x01, 0x1d, 0x00, 0x1e, 0xff, 0x1d, 0x02, 0x1e, 0xfd, 0x1e, 0x03, 0x1f,
  0xfe, 0x1e, 0x01, 0x20, 0xff, 0x1f, 0x00, 0x20, 0x00, 0x20, 0x01, 0x20,
  0xff, 0x1f, 0x00, 0x21, 0x01, 0x21, 0xfe, 0x20, 0x03, 0x21, 0xfc, 0x20,
  0x04, 0x21, 0xfd, 0x20, 0x03, 0x21, 0xfd, 0x20, 0x02, 0x21, 0xff, 0x20,
  0x00, 0x20, 0x01, 0x20, 0xfe, 0x1f, 0x02, 0x20, 0xff, 0x1f, 0xff, 0x1f,
  0x03, 0x20, 0xfc, 0x1e, 0x04, 0x1f, 0xfd, 0x1e, 0x01, 0x1f, 0x01, 0x1f,
  0xfe, 0x1d, 0x02, 0x1e, 0xff, 0x1d, 0x00, 0x1e, 0x01, 0x1d, 0xfe, 0x1c,
  0x02, 0x1d, 0xff, 0x1c, 0x00, 0x1c, 0x01, 0x1c, 0xfd, 0x1a, 0x04, 0x1b,
  0xfd, 0x1a, 0x02, 0x1a, 0xff, 0x19, 0x00, 0x19, 0x00, 0x19, 0x01, 0x18,
  0xfe, 0x17, 0x03, 0x17, 0xfc, 0x16, 0x04, 0x16, 0xfd, 0x14, 0x03, 0x15,
  0xfd, 0x13, 0x02, 0x13, 0xff, 0x12, 0x00, 0x12, 0x01, 0x11, 0xff, 0x0f,
  0x01, 0x10, 0x00, 0x0f, 0xff, 0x0d, 0x01, 0x0d, 0xff, 0x0b, 0x01, 0x0b,
  0x00, 0x0a, 0xff, 0x08, 0x02, 0x08, 0xfd, 0x06, 0x03, 0x06, 0xfd, 0x04,
  0x03, 0x04, 0xfe, 0x02, 0x00, 0x01, 0x01, 0x00, 0xff, 0xfe, 0x01, 0xfe,
  0x00, 0xfd, 0xff, 0xfb, 0x01, 0xfa, 0xff, 0xf8, 0x01, 0xf8, 0x00, 0xf7,
  0xff, 0xf5, 0x01, 0xf5, 0xff, 0xf3, 0x01, 0xf3, 0x00, 0xf2, 0xff, 0xef,
  0x02, 0xef, 0xfd, 0xed, 0x04, 0xee, 0xfc, 0xec, 0x04, 0xec, 0xfc, 0xea,
  0x03, 0xea, 0xff, 0xe8, 0x00, 0xe8, 0x00, 0xe8, 0xff, 0xe6, 0x02, 0xe6,
  0xfe, 0xe4, 0x02, 0xe5, 0xfe, 0xe3, 0x01, 0xe3, 0x00, 0xe3, 0x00, 0xe2,
  0x00, 0xe2, 0x00, 0xe2, 0xff, 0xe0, 0x01, 0xe1, 0x00, 0xe0, 0x00, 0xe0,
  0x00, 0xe0, 0xff, 0xde, 0x01, 0xdf, 0xff, 0xde, 0x02, 0xdf, 0xfe, 0xdd,
  0x00, 0xde, 0x01, 0xde, 0xff, 0xdd, 0x01, 0xde, 0xff, 0xdd, 0x00, 0xde,
  0x00, 0xde, 0x01, 0xdd, 0xfe, 0xdc, 0x03, 0xdd, 0xfd, 0xdd, 0x02, 0xde,
  0xff, 0xdd, 0x00, 0xde, 0x01, 0xde, 0xff, 0xdd, 0x01, 0xde, 0xfe, 0xdd,
  0x03, 0xde, 0xfd, 0xde, 0x03, 0xdf, 0xfd, 0xde, 0x02, 0xdf, 0xfe, 0xde,
  0x03, 0xdf, 0xfe, 0xdf, 0x01, 0xe0, 0xff, 0xdf, 0x00, 0xe0, 0x01, 0xe0,
  0x00, 0xe1, 0x00, 0xe1, 0xff, 0xe0, 0x01, 0xe2, 0xff, 0xe1, 0x02, 0xe2,
  0xfd, 0xe1, 0x02, 0xe3, 0xff, 0xe2, 0x00, 0xe3, 0x01, 0xe3, 0xff, 0xe3,
  0x00, 0xe4, 0x01, 0xe4, 0xfe, 0xe4, 0x02, 0xe5, 0x00, 0xe6, 0xfe, 0xe5,
  0x02, 0xe6, 0xff, 0xe6, 0xff, 0xe6, 0x03, 0xe8, 0xfd, 0xe7, 0x01, 0xe9,
  0x01, 0xea, 0xfd, 0xe9, 0x04, 0xeb, 0xfd, 0xea, 0x01, 0xec, 0x00, 0xed,
  0x00, 0xee, 0x00, 0xee, 0x01, 0xef, 0xfe, 0xef, 0x01, 0xf1, 0x00, 0xf2,
  0x00, 0xf3, 0x00, 0xf3, 0x00, 0xf4, 0xff, 0xf4, 0x01, 0xf6, 0x00, 0xf7,
  0xff, 0xf7, 0x01, 0xf9, 0xff, 0xf9, 0x01, 0xfb, 0xff, 0xfb, 0x01, 0xfd,
  0xfe, 0xfd, 0x03, 0xff, 0xfd, 0x00, 0x03, 0x02, 0xfd, 0x02, 0x01, 0x04,
  0x01, 0x05, 0xfe, 0x05, 0x03, 0x07, 0xfd, 0x07, 0x03, 0x09, 0xfc, 0x09,
  0x04, 0x0b, 0xfd, 0x0b, 0x03, 0x0d, 0xfd, 0x0d, 0x02, 0x0f, 0xfe, 0x10,
  0x02, 0x11, 0xff, 0x11, 0xff, 0x12, 0x02, 0x14, 0xfe, 0x14, 0x02, 0x16,
  0xfe, 0x15, 0x02, 0x17, 0xfd, 0x17, 0x05, 0x18, 0xfb, 0x18, 0x03, 0x1a,
  0xff, 0x19, 0x00, 0x1b, 0x00, 0x1c, 0x01, 0x1c, 0xfe, 0x1c, 0x02, 0x1d,
  0xff, 0x1d, 0x00, 0x1e, 0x01, 0x1e, 0xfe, 0x1e, 0x02, 0x1f, 0xff, 0x1e,
  0x01, 0x20, 0xff, 0x1f, 0x00, 0x20, 0x00, 0x20, 0x01, 0x21, 0xff, 0x20,
  0x00, 0x21, 0x00, 0x21, 0x00, 0x21, 0x00, 0x21, 0x01, 0x21, 0xfe, 0x20,
  0x02, 0x21, 0xfe, 0x20, 0x01, 0x21, 0x00, 0x21, 0x01, 0x21, 0xfe, 0x20,
  0x02, 0x21, 0xfe, 0x20, 0x01, 0x21, 0x01, 0x21, 0xfd, 0x1f, 0x05, 0x20,
  0xfa, 0x1f, 0x05, 0x20, 0xfc, 0x1f, 0x03, 0x20, 0xff, 0x1e, 0x00, 0x1f,
  0xff, 0x1e, 0x02, 0x1f, 0xfd, 0x1d, 0x04, 0x1e, 0xfc, 0x1d, 0x03, 0x1e,
  0xfe, 0x1c, 0x01, 0x1d, 0x00, 0x1d, 0xff, 0x1b, 0x01, 0x1c, 0xff, 0x1b,
  0x01, 0x1b, 0x00, 0x1b, 0xff, 0x19, 0x01, 0x1a, 0xff, 0x19, 0x01, 0x19,
  0xff, 0x18, 0x02, 0x18, 0xfd, 0x17, 0x03, 0x17, 0xfe, 0x15, 0x01, 0x16,
  0x00, 0x15, 0xff, 0x13, 0x02, 0x14, 0xfe, 0x12, 0x01, 0x12, 0x00, 0x12,
  0xff, 0x10, 0x02, 0x10, 0xff, 0x0e, 0xff, 0x0d, 0x01, 0x0e, 0x00, 0x0d,
  0xff, 0x0a, 0x03, 0x0a, 0xfc, 0x08, 0x03, 0x08, 0xfe, 0x06, 0x00, 0x06,
  0x02, 0x05, 0xfd, 0x03, 0x04, 0x03, 0xfc, 0x01, 0x02, 0x01, 0x00, 0x00,
  0xfe, 0xfd, 0x04, 0xfd, 0xfc, 0xfb, 0x03, 0xfb, 0xfe, 0xf9, 0x01, 0xf8,
  0xff, 0xf7, 0x02, 0xf7, 0xfe, 0xf4, 0x02, 0xf4, 0xfe, 0xf2, 0x01, 0xf2,
  0x00, 0xf0, 0x00, 0xef, 0x00, 0xee, 0x00, 0xed, 0x00, 0xed, 0x00, 0xec,
  0x00, 0xeb, 0x00, 0xea, 0x00, 0xe9, 0x01, 0xe8, 0xfe, 0xe7, 0x02, 0xe7,
  0xfe, 0xe5, 0x02, 0xe5, 0xff, 0xe3, 0x01, 0xe4, 0xff, 0xe2, 0xff, 0xe2,
  0x02, 0xe2, 0xff, 0xe1, 0x01, 0xe1, 0xff, 0xe0, 0x00, 0xe0, 0xff, 0xdf,
  0x03, 0xe0, 0xfd, 0xde, 0x02, 0xdf, 0xfe, 0xde, 0x01, 0xde, 0x01, 0xde,
  0xfe, 0xdd, 0x03, 0xde, 0xfc, 0xdd, 0x04, 0xde, 0xfc, 0xdd, 0x04, 0xde,
  0xfd, 0xdd, 0x02, 0xde, 0xff, 0xdd, 0x00, 0xde, 0x00, 0xdd, 0x01, 0xdd,
  0xfe, 0xdd, 0x03, 0xde, 0xfc, 0xdd, 0x04, 0xde, 0xfd, 0xdd, 0x02, 0xde,
  0xff, 0xdd, 0x00, 0xdf, 0x00, 0xdf, 0x00, 0xdf, 0xff, 0xde, 0x02, 0xdf,
  0xfe, 0xdf, 0x02, 0xe0, 0xfe, 0xdf, 0x01, 0xe0, 0x00, 0xe1, 0xff, 0xe0,
  0x02, 0xe1, 0xfd, 0xe0, 0x04, 0xe1, 0xfc, 0xe1, 0x03, 0xe2, 0xfe, 0xe1,
  0x01, 0xe3, 0x00, 0xe3, 0x00, 0xe3, 0x00, 0xe3, 0x00, 0xe4, 0x00, 0xe4,
  0xff, 0xe3, 0x02, 0xe5, 0xfe, 0xe4, 0x02, 0xe6, 0xfe, 0xe5, 0x02, 0xe7,
  0xfe, 0xe6, 0x01, 0xe7, 0x00, 0xe8, 0x00, 0xe9, 0x00, 0xe9, 0x01, 0xea,
  0xfe, 0xe9, 0x02, 0xeb, 0xff, 0xeb, 0x00, 0xec, 0x00, 0xed, 0x00, 0xee,
  0x01, 0xee, 0xfe, 0xee, 0x02, 0xf0, 0xfe, 0xf0, 0x01, 0xf2, 0x01, 0xf3,
  0xfd, 0xf3, 0x04, 0xf4, 0xfc, 0xf4, 0x03, 0xf6, 0xfe, 0xf6, 0x02, 0xf8,
  0xfe, 0xf8, 0x02, 0xfa, 0xfe, 0xfa, 0x02, 0xfd, 0xfe, 0xfd, 0x02, 0xff,
  0xfe, 0xff, 0x03, 0x01, 0xfc, 0x01, 0x04, 0x03, 0xfc, 0x03, 0x04, 0x05,
  0xfd, 0x05, 0x02, 0x07, 0xfe, 0x08, 0x02, 0x0a, 0xfe, 0x0a, 0x02, 0x0c,
  0xfe, 0x0c, 0x02, 0x0e, 0xfe, 0x0d, 0x02, 0x0f, 0xfe, 0x0f, 0x02, 0x11,
  0xff, 0x11, 0xff, 0x12, 0x02, 0x14, 0xfe, 0x14, 0x01, 0x16, 0x00, 0x17,
  0x00, 0x17, 0x00, 0x18, 0x01, 0x19, 0xfd, 0x18, 0x03, 0x1a, 0xfe, 0x19,
  0x01, 0x1b, 0x02, 0x1b, 0xfb, 0x1b, 0x06, 0x1d, 0xfa, 0x1c, 0x05, 0x1d,
  0xfd, 0x1d, 0x01, 0x1e, 0x00, 0x1f, 0xff, 0x1e, 0x02, 0x1f, 0xfe, 0x1f,
  0x02, 0x20, 0xfe, 0x1f, 0x01, 0x20, 0x00, 0x21, 0xff, 0x20, 0x02, 0x21,
  0xfe, 0x20, 0x01, 0x21, 0x00, 0x21, 0xff, 0x20, 0x02, 0x21, 0xfd, 0x21,
  0x03, 0x22, 0xfd, 0x21, 0x03, 0x22, 0xfe, 0x21, 0x01, 0x21, 0x00, 0x21,
  0xff, 0x20, 0x01, 0x21, 0xff, 0x20, 0x02, 0x21, 0xfe, 0x20, 0x01, 0x21,
  0x00, 0x21, 0xfe, 0x1f, 0x03, 0x20, 0xfe, 0x1f, 0x00, 0x20, 0x02, 0x20,
  0xfd, 0x1e, 0x02, 0x1f, 0x00, 0x1f, 0xff, 0x1d, 0x02, 0x1e, 0xfe, 0x1d,
  0x01, 0x1e, 0x00, 0x1d, 0x00, 0x1d, 0x00, 0x1d, 0x00, 0x1d, 0xff, 0x1b,
  0x02, 0x1c, 0xff, 0x1b, 0x00, 0x1b, 0x00, 0x1b, 0x00, 0x1b, 0x00, 0x1a,
  0x01, 0x1a, 0xff, 0x19, 0x01, 0x19, 0xff, 0x18, 0x00, 0x18, 0x01, 0x18,
  0xff, 0x16, 0x00, 0x17, 0x01, 0x16, 0xfe, 0x15, 0x02, 0x15, 0xfe, 0x13,
  0x03, 0x14, 0xfd, 0x12, 0x02, 0x12, 0xfe, 0x10, 0x02, 0x11, 0xff, 0x0f,
  0x01, 0x0f, 0xfe, 0x0e, 0x02, 0x0e, 0xfe, 0x0c, 0x02, 0x0c, 0xff, 0x0a,
  0x00, 0x0a, 0x00, 0x09, 0x01, 0x08, 0xfe, 0x06, 0x03, 0x06, 0xfd, 0x04,
  0x03, 0x04, 0xfd, 0x02, 0x03, 0x02, 0xfd, 0x00, 0x02, 0x00, 0xff, 0xfd,
  0x01, 0xfd, 0xfe, 0xfb, 0x02, 0xfb, 0xff, 0xfa, 0x00, 0xf9, 0x01, 0xf8,
  0xfe, 0xf5, 0x02, 0xf5, 0xfe, 0xf3, 0x04, 0xf3, 0xfa, 0xf1, 0x06, 0xf1,
  0xfb, 0xef, 0x03, 0xef, 0x00, 0xee, 0xff, 0xed, 0x01, 0xed, 0xff, 0xeb,
  0x00, 0xeb, 0x01, 0xea, 0xff, 0xe8, 0x01, 0xe8, 0xff, 0xe6, 0x01, 0xe7,
  0xff, 0xe5, 0x00, 0xe6, 0x00, 0xe5, 0x01, 0xe4, 0xff, 0xe3, 0x01, 0xe3,
  0xff, 0xe2, 0xff, 0xe1, 0x03, 0xe2, 0xfe, 0xe0, 0x00, 0xe0, 0x02, 0xe0,
  0xfd, 0xdf, 0x03, 0xe0, 0xff, 0xdf, 0xff, 0xde, 0x02, 0xdf, 0xff, 0xde,
  0x00, 0xde, 0x00, 0xde, 0x00, 0xde, 0x01, 0xde, 0xfe, 0xdd, 0x02, 0xde,
  0xff, 0xdc, 0xff, 0xdc, 0x03, 0xde, 0xfb, 0xdd, 0x05, 0xde, 0xfd, 0xdd,
  0x02, 0xde, 0xfe, 0xdd, 0x01, 0xde, 0xff, 0xdd, 0x01, 0xde, 0x01, 0xde,
  0xfe, 0xdd, 0x02, 0xde, 0xfd, 0xde, 0x03, 0xdf, 0xfe, 0xde, 0x02, 0xe0,
  0xfe, 0xdf, 0x02, 0xe0, 0xfe, 0xdf, 0x01, 0xe0, 0xff, 0xe0, 0x02, 0xe1,
  0xff, 0xe0, 0x01, 0xe2, 0xfe, 0xe1, 0x01, 0xe2, 0x00, 0xe2, 0x01, 0xe3,
  0xff, 0xe2, 0x00, 0xe4, 0x01, 0xe4, 0xfe, 0xe3, 0x02, 0xe5, 0xff, 0xe4,
  0x00, 0xe5, 0x00, 0xe6, 0x00, 0xe7, 0x00, 0xe7, 0x00, 0xe7, 0x00, 0xe8,
  0xff, 0xe7, 0x02, 0xe9, 0xfe, 0xe9, 0x02, 0xea, 0xfd, 0xea, 0x03, 0xec,
  0xfe, 0xeb, 0x02, 0xed, 0xfe, 0xed, 0x01, 0xee, 0x00, 0xef, 0x00, 0xf0,
  0x00, 0xf1, 0x00, 0xf2, 0xff, 0xf2, 0x02, 0xf4, 0xfe, 0xf4, 0x02, 0xf6,
  0xfe, 0xf6, 0x02, 0xf8, 0xfe, 0xf8, 0x02, 0xfa, 0xfe, 0xfa, 0x02, 0xfc,
  0xff, 0xfc, 0x00, 0xfe, 0x01, 0xff, 0xfe, 0xff, 0x02, 0x01, 0xff, 0x01,
  0x00, 0x03, 0x00, 0x05, 0x01, 0x06, 0xfd, 0x06, 0x05, 0x08, 0xfa, 0x08,
  0x06, 0x0a, 0xfb, 0x0a, 0x03, 0x0c, 0xff, 0x0c, 0x00, 0x0e, 0x00, 0x0f,
  0x00, 0x10, 0x00, 0x11, 0x00, 0x12, 0x01, 0x13, 0xfe, 0x13, 0x01, 0x15,
  0x00, 0x15, 0x00, 0x16, 0x00, 0x17, 0x00, 0x17, 0xff, 0x17, 0x02, 0x19,
  0xfe, 0x19, 0x01, 0x1a, 0x00, 0x1b, 0x00, 0x1b, 0x00, 0x1c, 0x00, 0x1c,
  0xff, 0x1c, 0x01, 0x1d, 0x00, 0x1e, 0x00, 0x1e, 0x00, 0x1e, 0x00, 0x1f,
  0xff, 0x1e, 0x02, 0x1f, 0xfe, 0x1f, 0x01, 0x20, 0x00, 0x20, 0x00, 0x20,
  0x00, 0x20, 0x00, 0x20, 0x00, 0x21, 0x00, 0x21, 0xff, 0x20, 0x02, 0x21,
  0xfe, 0x20, 0x02, 0x21, 0xfe, 0x20, 0x01, 0x21, 0x00, 0x21, 0x00, 0x21,
  0x00, 0x20, 0x00, 0x20, 0xff, 0x1f, 0x03, 0x20, 0xfc, 0x1f, 0x04, 0x20,
  0xfc, 0x1f, 0x03, 0x1f, 0xff, 0x1e, 0x00, 0x1f, 0x00, 0x1f, 0x00, 0x1f,
  0xff, 0x1d, 0x03, 0x1e, 0xfb, 0x1d, 0x06, 0x1e, 0xfa, 0x1c, 0x05, 0x1d,
  0xfd, 0x1c, 0x01, 0x1d, 0x01, 0x1c, 0xfd, 0x1b, 0x04, 0x1b, 0xfc, 0x1a,
  0x04, 0x1b, 0xfd, 0x19, 0x01, 0x1a, 0x01, 0x19, 0xfe, 0x18, 0x02, 0x18,
  0xff, 0x17, 0x00, 0x17, 0x00, 0x17, 0x01, 0x16, 0xff, 0x14, 0x01, 0x14,
  0xff, 0x12, 0x00, 0x13, 0x01, 0x12, 0xfe, 0x11, 0x03, 0x10, 0xfd, 0x0e,
  0x03, 0x0e, 0xfd, 0x0d, 0x01, 0x0d, 0x00, 0x0c, 0x01, 0x0b, 0xff, 0x09,
  0x00, 0x09, 0x00, 0x07, 0x00, 0x06, 0x01, 0x05, 0xfe, 0x03, 0x02, 0x03,
  0xfe, 0x01, 0x02, 0x01, 0xff, 0xfe, 0x01, 0xfe, 0xfe, 0xfc, 0x02, 0xfc,
  0xfe, 0xfa, 0x02, 0xfa, 0xff, 0xf7, 0x00, 0xf7, 0x00, 0xf6, 0x00, 0xf5,
  0x00, 0xf4, 0x00, 0xf3, 0x00, 0xf2, 0x00, 0xf1, 0xff, 0xef, 0x02, 0xef,
  0xff, 0xed, 0xff, 0xec, 0x02, 0xed, 0xfe, 0xeb, 0x01, 0xea, 0x01, 0xe9,
  0xfd, 0xe7, 0x03, 0xe8, 0xff, 0xe6, 0x00, 0xe7, 0x00, 0xe6, 0xff, 0xe4,
  0x01, 0xe4, 0x00, 0xe4, 0x00, 0xe3, 0x00, 0xe3, 0xff, 0xe2, 0x01, 0xe2,
  0x00, 0xe1, 0xff, 0xe0, 0x02, 0xe0, 0xfd, 0xdf, 0x03, 0xe0, 0xfd, 0xdf,
  0x03, 0xdf, 0xfe, 0xde, 0x01, 0xde, 0x00, 0xde, 0xfe, 0xdd, 0x03, 0xde,
  0xfe, 0xdd, 0x02, 0xde, 0xfe, 0xdc, 0x00, 0xdd, 0x02, 0xdd, 0xfe, 0xdc,
  0x02, 0xde, 0xfe, 0xdd, 0x01, 0xdd, 0x00, 0xdd, 0x00, 0xdd, 0x00, 0xdd,
  0xff, 0xdd, 0x02, 0xde, 0xfe, 0xdd, 0x02, 0xde, 0xfe, 0xdd, 0x02, 0xde,
  0xff, 0xdd, 0x00, 0xdf, 0x00, 0xdf, 0x01, 0xdf, 0xfe, 0xde, 0x02, 0xdf,
  0xfe, 0xde, 0x02, 0xdf, 0xfe, 0xdf, 0x02, 0xe0, 0xfd, 0xdf, 0x03, 0xe1,
  0xfe, 0xe0, 0x01, 0xe1, 0x00, 0xe1, 0xff, 0xe0, 0x01, 0xe2, 0x00, 0xe2,
  0x00, 0xe2, 0xff, 0xe1, 0x01, 0xe3, 0xff, 0xe2, 0x01, 0xe3, 0x00, 0xe4,
  0xff, 0xe3, 0x02, 0xe4, 0xfd, 0xe4, 0x02, 0xe5, 0xff, 0xe4, 0x01, 0xe6,
  0x00, 0xe7, 0xff, 0xe6, 0x01, 0xe8, 0xff, 0xe7, 0x02, 0xe8, 0xfc, 0xe8,
  0x05, 0xea, 0xfb, 0xe9, 0x05, 0xeb, 0xfc, 0xeb, 0x02, 0xec, 0xff, 0xec,
  0x01, 0xee, 0xff, 0xee, 0x01, 0xef, 0xff, 0xef, 0x00, 0xf1, 0x01, 0xf2,
  0xff, 0xf2, 0x00, 0xf4, 0x01, 0xf5, 0xfe, 0xf4, 0x02, 0xf6, 0xff, 0xf6,
  0x00, 0xf8, 0x00, 0xf9, 0x00, 0xfa, 0x00, 0xfb, 0x01, 0xfc, 0xfe, 0xfc,
  0x02, 0xfe, 0xfe, 0xfe, 0x02, 0x00, 0xff, 0x00, 0x00, 0x03, 0x00, 0x04,
  0xff, 0x04, 0x02, 0x06, 0xfe, 0x06, 0x01, 0x08, 0xff, 0x08, 0x01, 0x0a,
  0x00, 0x0c, 0x00, 0x0c, 0xfe, 0x0c, 0x03, 0x0e, 0xfd, 0x0e, 0x04, 0x10,
  0xfc, 0x10, 0x03, 0x12, 0xfe, 0x12, 0x00, 0x14, 0x02, 0x14, 0xfe, 0x14,
  0x01, 0x16, 0x00, 0x17, 0xff, 0x17, 0x01, 0x18, 0x00, 0x19, 0x00, 0x1a,
  0x00, 0x1a, 0x00, 0x1b, 0x00, 0x1c, 0xff, 0x1b, 0x03, 0x1d, 0xfc, 0x1c,
  0x04, 0x1d, 0xfd, 0x1d, 0x01, 0x1e, 0x01, 0x1f, 0xfd, 0x1e, 0x04, 0x1f,
  0xfd, 0x1e, 0x01, 0x20, 0x00, 0x20, 0xff, 0x1f, 0x02, 0x21, 0xfe, 0x20,
  0x01, 0x21, 0xff, 0x20, 0x01, 0x21, 0x00, 0x21, 0x00, 0x22, 0xff, 0x21,
  0x02, 0x22, 0xfd, 0x21, 0x03, 0x22, 0xfe, 0x21, 0x01, 0x22, 0x00, 0x22,
  0x00, 0x22, 0xff, 0x21, 0x01, 0x22, 0xff, 0x20, 0x01, 0x21, 0x00, 0x21,
  0xff, 0x20, 0x01, 0x21, 0xff, 0x1f, 0x01, 0x20, 0x00, 0x20, 0xff, 0x1f,
  0x01, 0x20, 0xff, 0x1f, 0x01, 0x1f, 0xff, 0x1e, 0x01, 0x1f, 0xff, 0x1d,
  0x00, 0x1e, 0x01, 0x1e, 0xff, 0x1d, 0x00, 0x1e, 0x01, 0x1d, 0xfe, 0x1c,
  0x02, 0x1d, 0xff, 0x1b, 0x00, 0x1c, 0x01, 0x1c, 0xff, 0x1b, 0x00, 0x1b,
  0x01, 0x1b, 0xfe, 0x19, 0x03, 0x1a, 0xfd, 0x19, 0x02, 0x19, 0xff, 0x18,
  0x00, 0x18, 0x01, 0x18, 0xff, 0x16, 0x00, 0x17, 0x01, 0x16, 0xff, 0x15,
  0x01, 0x15, 0xff, 0x14, 0x00, 0x14, 0x01, 0x13, 0x00, 0x12, 0xff, 0x11,
  0x01, 0x11, 0xff, 0x0f, 0x01, 0x0f, 0x00, 0x0e, 0x00, 0x0d, 0xff, 0x0c,
  0x01, 0x0c, 0x00, 0x0b, 0x00, 0x0a, 0x00, 0x09, 0x00, 0x08, 0xff, 0x06,
  0x01, 0x06, 0x00, 0x05, 0x00, 0x04, 0xff, 0x02, 0x02, 0x02, 0xfe, 0x00,
  0x01, 0xff, 0x00, 0xfe, 0xff, 0xfc, 0x02, 0xfc, 0xfe, 0xfa, 0x01, 0xfa,
  0xff, 0xf8, 0x01, 0xf8, 0x00, 0xf6, 0xff, 0xf4, 0x01, 0xf4, 0xff, 0xf2,
  0x01, 0xf2, 0xff, 0xf0, 0x01, 0xf0, 0xff, 0xee, 0x01, 0xee, 0x00, 0xed,
  0xff, 0xeb, 0x01, 0xeb, 0xff, 0xe9, 0x01, 0xe9, 0x00, 0xe8, 0xff, 0xe6,
  0x01, 0xe6, 0x00, 0xe6, 0x00, 0xe5, 0xff, 0xe4, 0x02, 0xe4, 0xfd, 0xe2,
  0x03, 0xe3, 0xfe, 0xe1, 0x02, 0xe2, 0xfe, 0xe1, 0x02, 0xe1, 0xfd, 0xe0,
  0x03, 0xe0, 0xfe, 0xdf, 0x02, 0xe0, 0xfe, 0xde, 0x01, 0xdf, 0xff, 0xde,
  0x01, 0xdf, 0xff, 0xde, 0x02, 0xde, 0xfe, 0xdd, 0x01, 0xde, 0x00, 0xde,
  0xff, 0xdd, 0x02, 0xde, 0xfe, 0xdd, 0x02, 0xde, 0xfe, 0xdd, 0x01, 0xde,
  0x00, 0xde, 0x00, 0xdf, 0x00, 0xdf, 0x00, 0xdf, 0x00, 0xdf, 0x00, 0xdf,
  0x01, 0xdf, 0xfe, 0xde, 0x02, 0xdf, 0xfe, 0xde, 0x03, 0xe0, 0xfd, 0xdf,
  0x01, 0xe0, 0x01, 0xe0, 0xfe, 0xe0, 0x02, 0xe1, 0xff, 0xe0, 0xff, 0xe0,
  0x02, 0xe2, 0xff, 0xe1, 0x00, 0xe3, 0x01, 0xe3, 0xfe, 0xe2, 0x02, 0xe4,
  0xff, 0xe3, 0x00, 0xe4, 0x01, 0xe5, 0xfe, 0xe4, 0x02, 0xe6, 0xfe, 0xe5,
  0x02, 0xe6, 0xff, 0xe6, 0x00, 0xe7, 0x00, 0xe8, 0x00, 0xe9, 0x00, 0xe9,
  0x01, 0xea, 0xfe, 0xe9, 0x02, 0xeb, 0xfe, 0xeb, 0x02, 0xec, 0xfe, 0xec,
  0x02, 0xee, 0xfe, 0xee, 0x01, 0xef, 0x00, 0xf0, 0xff, 0xf0, 0x01, 0xf2,
  0x00, 0xf3, 0x00, 0xf4, 0xff, 0xf4, 0x01, 0xf5, 0xff, 0xf5, 0x01, 0xf7,
  0x00, 0xf8, 0xff, 0xf9, 0x00, 0xfb, 0x01, 0xfc, 0xff, 0xfc, 0x01, 0xfe,
  0xff, 0xfe, 0x01, 0x00, 0xff, 0x00, 0x00, 0x02, 0x01, 0x03, 0xfe, 0x03,
  0x03, 0x05, 0xfd, 0x06, 0x02, 0x08, 0xfe, 0x08, 0x03, 0x0a, 0xfc, 0x0a,
  0x04, 0x0c, 0xfd, 0x0c, 0x02, 0x0e, 0xff, 0x0e, 0x01, 0x10, 0xff, 0x10,
  0x01, 0x12, 0xff, 0x11, 0x01, 0x13, 0xff, 0x13, 0x01, 0x15, 0xff, 0x15,
  0x00, 0x17, 0x02, 0x17, 0xfd, 0x17, 0x02, 0x19, 0x00, 0x19, 0xfe, 0x19,
  0x03, 0x1b, 0xfe, 0x1a, 0x00, 0x1c, 0x02, 0x1c, 0xfd, 0x1c, 0x03, 0x1d,
  0xfe, 0x1d, 0x01, 0x1e, 0x00, 0x1f, 0xff, 0x1e, 0x01, 0x1f, 0xff, 0x1e,
  0x01, 0x20, 0x00, 0x20, 0xfe, 0x1f, 0x03, 0x20, 0xfd, 0x1f, 0x03, 0x20,
  0xfe, 0x20, 0x00, 0x21, 0x01, 0x21, 0xfe, 0x20, 0x03, 0x21, 0xfd, 0x20,
  0x03, 0x21, 0xfd, 0x20, 0x02, 0x21, 0xff, 0x20, 0x00, 0x21, 0x01, 0x21,
  0xfe, 0x1f, 0x02, 0x20, 0xfe, 0x1f, 0x03, 0x20, 0xfc, 0x1f, 0x05, 0x20,
  0xfb, 0x1f, 0x04, 0x1f, 0xfd, 0x1e, 0x01, 0x1f, 0x01, 0x1f, 0xfe, 0x1e,
  0x03, 0x1e, 0xfd, 0x1d, 0x01, 0x1e, 0x01, 0x1d, 0xfd, 0x1c, 0x04, 0x1d,
  0xfd, 0x1c, 0x02, 0x1c, 0xff, 0x1b, 0x00, 0x1b, 0x00, 0x1b, 0x01, 0x1b,
  0xfe, 0x19, 0x03, 0x1a, 0xfc, 0x19, 0x04, 0x19, 0xfd, 0x18, 0x02, 0x18,
  0xff, 0x16, 0x00, 0x17, 0x01, 0x16, 0xfe, 0x15, 0x03, 0x15, 0xfd, 0x13,
  0x02, 0x14, 0xff, 0x12, 0x01, 0x12, 0xff, 0x10, 0x01, 0x11, 0xfe, 0x0f,
  0x02, 0x0f, 0xff, 0x0d, 0x00, 0x0d, 0x01, 0x0c, 0xfd, 0x0a, 0x04, 0x0b,
  0xfd, 0x08, 0x02, 0x08, 0xfe, 0x06, 0x02, 0x06, 0xfe, 0x04, 0x03, 0x04,
  0xfd, 0x02, 0x02, 0x02, 0xff, 0x00, 0x01, 0x00, 0xff, 0xfe, 0x01, 0xfe,
  0xfe, 0xfb, 0x02, 0xfc, 0xff, 0xf9, 0x01, 0xf9, 0xff, 0xf7, 0x01, 0xf7,
  0xfe, 0xf5, 0x02, 0xf5, 0xff, 0xf3, 0x00, 0xf3, 0x01, 0xf1, 0xfe, 0xef,
  0x02, 0xf0, 0xff, 0xee, 0x00, 0xee, 0x00, 0xed, 0xff, 0xeb, 0x02, 0xeb,
  0xfe, 0xe9, 0x02, 0xe9, 0xfe, 0xe7, 0x01, 0xe7, 0x00, 0xe7, 0x00, 0xe6,
  0x00, 0xe6, 0x00, 0xe5, 0x00, 0xe4, 0x00, 0xe4, 0x00, 0xe3, 0x01, 0xe3,
  0xfe, 0xe1, 0x02, 0xe2, 0xfe, 0xe0, 0x03, 0xe1, 0xfd, 0xdf, 0x03, 0xe0,
  0xfd, 0xdf, 0x02, 0xdf, 0x00, 0xdf, 0xfe, 0xde, 0x04, 0xde, 0xfb, 0xdd,
  0x05, 0xde, 0xfc, 0xdd, 0x02, 0xde, 0x00, 0xde, 0xff, 0xdc, 0x01, 0xdd,
  0x00, 0xdd, 0xff, 0xdc, 0x01, 0xdd, 0xff, 0xdc, 0x01, 0xdd, 0x00, 0xdd,
  0xff, 0xdc, 0x01, 0xdd, 0xff, 0xdc, 0x01, 0xde, 0xff, 0xdd, 0x01, 0xde,
  0xff, 0xdd, 0x01, 0xde, 0xff, 0xdd, 0x01, 0xde, 0xff, 0xde, 0x01, 0xdf,
  0x00, 0xdf, 0xfe, 0xde, 0x04, 0xdf, 0xfb, 0xdf, 0x04, 0xe0, 0xfd, 0xdf,
  0x03, 0xe1, 0xfd, 0xe0, 0x04, 0xe1, 0xfa, 0xe0, 0x06, 0xe1, 0xfb, 0xe1,
  0x04, 0xe2, 0xfe, 0xe1, 0x00, 0xe3, 0x02, 0xe3, 0xfd, 0xe2, 0x02, 0xe4,
  0xff, 0xe3, 0x00, 0xe4, 0x01, 0xe5, 0xff, 0xe4, 0x00, 0xe5, 0x00, 0xe6,
  0x00, 0xe6, 0x01, 0xe7, 0xfe, 0xe6, 0x02, 0xe8, 0xfd, 0xe7, 0x03, 0xe9,
  0xff, 0xe8, 0x00, 0xea, 0x00, 0xeb, 0xff, 0xea, 0x01, 0xec, 0x00, 0xed,
  0x00, 0xed, 0x00, 0xee, 0x00, 0xef, 0xff, 0xef, 0x02, 0xf1, 0xfe, 0xf0,
  0x02, 0xf2, 0xfe, 0xf2, 0x02, 0xf4, 0xfe, 0xf4, 0x02, 0xf6, 0xfe, 0xf6,
  0x02, 0xf8, 0xfe, 0xf8, 0x01, 0xfa, 0x01, 0xfb, 0xfe, 0xfb, 0x02, 0xfd,
  0xfe, 0xfd, 0x01, 0xff, 0x00, 0x00, 0x00, 0x01, 0x00, 0x02, 0xff, 0x02,
  0x03, 0x04, 0xfb, 0x04, 0x05, 0x06, 0xfd, 0x06, 0x01, 0x08, 0x00, 0x0a,
  0xff, 0x0a, 0x00, 0x0c, 0x02, 0x0d, 0xfe, 0x0d, 0x01, 0x0f, 0xff, 0x0f,
  0x00, 0x11, 0x01, 0x12, 0x00, 0x13, 0xff, 0x12, 0x01, 0x14, 0xff, 0x14,
  0x00, 0x16, 0x01, 0x17, 0xff, 0x16, 0x00, 0x18, 0x01, 0x19, 0xfe, 0x19,
  0x02, 0x1a, 0xff, 0x1a, 0x00, 0x1b, 0x01, 0x1c, 0xff, 0x1b, 0x00, 0x1d,
  0x01, 0x1d, 0xff, 0x1c, 0x01, 0x1e, 0x00, 0x1e, 0xff, 0x1e, 0x01, 0x1f,
  0xff, 0x1e, 0x02, 0x20, 0xfd, 0x1f, 0x03, 0x20, 0xfd, 0x1f, 0x03, 0x20,
  0xfe, 0x20, 0x01, 0x21, 0xfe, 0x20, 0x03, 0x21, 0xfd, 0x20, 0x03, 0x21,
  0xfe, 0x20, 0x00, 0x21, 0x02, 0x21, 0xfc, 0x20, 0x05, 0x21, 0xfb, 0x20,
  0x04, 0x21, 0xfe, 0x20, 0x00, 0x21, 0x01, 0x21, 0xfe, 0x20, 0x03, 0x21,
  0xfd, 0x1f, 0x02, 0x20, 0xff, 0x1f, 0x00, 0x20, 0x02, 0x20, 0xfd, 0x1e,
  0x03, 0x1f, 0xfd, 0x1e, 0x02, 0x1f, 0xff, 0x1d, 0x01, 0x1e, 0xff, 0x1d,
  0x01, 0x1e, 0xff, 0x1c, 0x01, 0x1d, 0xff, 0x1c, 0x01, 0x1c, 0xfe, 0x1b,
  0x03, 0x1c, 0xfe, 0x1a, 0x01, 0x1b, 0xff, 0x1a, 0x01, 0x1a, 0xff, 0x19,
  0x00, 0x19, 0x02, 0x19, 0xfd, 0x18, 0x03, 0x18, 0xfd, 0x16, 0x02, 0x17,
  0xff, 0x16, 0x01, 0x16, 0xff, 0x14, 0x00, 0x15, 0x01, 0x14, 0xff, 0x12,
  0x01, 0x13, 0xff, 0x11, 0x01, 0x11, 0xff, 0x10, 0x01, 0x10, 0x00, 0x0f,
  0xff, 0x0d, 0x02, 0x0d, 0xfe, 0x0b, 0x00, 0x0b, 0x02, 0x0b, 0xfd, 0x08,
  0x03, 0x08, 0xfe, 0x06, 0x01, 0x06, 0xff, 0x04, 0x01, 0x04, 0xfe, 0x02,
  0x03, 0x02, 0xfd, 0x00, 0x03, 0xff, 0xfd, 0xfd, 0x02, 0xfd, 0xff, 0xfb,
  0x00, 0xfb, 0x00, 0xfa, 0x01, 0xf8, 0xff, 0xf6, 0x01, 0xf6, 0xfe, 0xf4,
  0x03, 0xf4, 0xfd, 0xf2, 0x03, 0xf2, 0xfe, 0xf0, 0x00, 0xf0, 0x02, 0xef,
  0xfd, 0xed, 0x03, 0xed, 0xfe, 0xeb, 0x00, 0xeb, 0x02, 0xea, 0xfc, 0xe8,
  0x05, 0xe9, 0xfb, 0xe7, 0x04, 0xe7, 0xfd, 0xe5, 0x02, 0xe6, 0xff, 0xe4,
  0x01, 0xe4, 0xff, 0xe3, 0x00, 0xe3, 0x01, 0xe3, 0xfe, 0xe1, 0x03, 0xe2,
  0xfd, 0xe0, 0x03, 0xe1, 0xfd, 0xe0, 0x02, 0xe0, 0xff, 0xdf, 0x01, 0xe0,
  0x00, 0xe0, 0xff, 0xde, 0x01, 0xdf, 0x00, 0xdf, 0xff, 0xde, 0x01, 0xdf,
  0xff, 0xde, 0x01, 0xdf, 0x00, 0xdf, 0xff, 0xde, 0x01, 0xde, 0xff, 0xdd,
  0x01, 0xde, 0xff, 0xde, 0x01, 0xdf, 0xff, 0xde, 0x02, 0xdf, 0xfe, 0xde,
  0x01, 0xdf, 0xff, 0xde, 0x02, 0xdf, 0xfe, 0xdf, 0x02, 0xe0, 0xfd, 0xdf,
  0x03, 0xe0, 0xfe, 0xdf, 0x02, 0xe0, 0xfd, 0xdf, 0x02, 0xe1, 0x00, 0xe1,
  0xfe, 0xe0, 0x04, 0xe1, 0xfb, 0xe1, 0x04, 0xe2, 0xfe, 0xe1, 0x00, 0xe3,
  0x01, 0xe3, 0xff, 0xe2, 0x00, 0xe4, 0x02, 0xe4, 0xfc, 0xe3, 0x04, 0xe5,
  0xfd, 0xe4, 0x02, 0xe6, 0xff, 0xe5, 0x00, 0xe7, 0x00, 0xe7, 0x00, 0xe8,
  0x01, 0xe8, 0xff, 0xe8, 0x00, 0xe9, 0x01, 0xea, 0xff, 0xea, 0x01, 0xeb,
  0x00, 0xec, 0xff, 0xec, 0x00, 0xed, 0x02, 0xee, 0xfd, 0xee, 0x04, 0xf0,
  0xfb, 0xf0, 0x05, 0xf1, 0xfb, 0xf1, 0x06, 0xf3, 0xfa, 0xf3, 0x05, 0xf5,
  0xfc, 0xf5, 0x04, 0xf7, 0xfc, 0xf7, 0x04, 0xf9, 0xfc, 0xf9, 0x03, 0xfb,
  0xff, 0xfb, 0xff, 0xfc, 0x03, 0xfe, 0xfc, 0xfe, 0x03, 0x00, 0xff, 0x00,
  0x00, 0x02, 0x00, 0x04, 0x00, 0x05, 0x00, 0x06, 0x01, 0x07, 0xff, 0x07,
  0x00, 0x09, 0x00, 0x0a, 0x01, 0x0b, 0xfe, 0x0b, 0x03, 0x0d, 0xfc, 0x0d,
  0x04, 0x0f, 0xfd, 0x0f, 0x02, 0x11, 0xff, 0x11, 0x00, 0x13, 0x00, 0x14,
  0x01, 0x15, 0xff, 0x14, 0x01, 0x16, 0xff, 0x16, 0xff, 0x17, 0x03, 0x18,
  0xfe, 0x18, 0x00, 0x1a, 0x01, 0x1a, 0xfe, 0x1a, 0x02, 0x1b, 0xff, 0x1b,
  0x00, 0x1c, 0x00, 0x1d, 0x01, 0x1d, 0xff, 0x1d, 0x00, 0x1e, 0x01, 0x1f,
  0xfe, 0x1e, 0x02, 0x1f, 0xff, 0x1f, 0x01, 0x20, 0xff, 0x1f, 0x00, 0x20,
  0x00, 0x21, 0x00, 0x21, 0x01, 0x21, 0xfe, 0x20, 0x03, 0x21, 0xfc, 0x20,
  0x03, 0x21, 0x00, 0x21, 0xfd, 0x20, 0x05, 0x21, 0xfb, 0x21, 0x04, 0x22,
  0xfd, 0x20, 0x02, 0x21, 0xfe, 0x20, 0x03, 0x21, 0xfd, 0x20, 0x02, 0x21,
  0xfe, 0x20, 0x02, 0x21, 0xff, 0x20, 0x01, 0x20, 0xff, 0x1f, 0x00, 0x20,
  0x00, 0x20, 0x01, 0x20, 0xff, 0x1e, 0x01, 0x1f, 0xfe, 0x1e, 0x02, 0x1e,
  0xfe, 0x1d, 0x02, 0x1e, 0xff, 0x1d, 0x00, 0x1e, 0x00, 0x1d, 0x00, 0x1d,
  0x00, 0x1d, 0x00, 0x1c, 0x00, 0x1c, 0x00, 0x1c, 0x00, 0x1c, 0x00, 0x1b,
  0x00, 0x1b, 0x00, 0x1a, 0x00, 0x1a, 0x00, 0x1a, 0x00, 0x19, 0x01, 0x19,
  0xfe, 0x17, 0x02, 0x18, 0xfe, 0x16, 0x02, 0x16, 0xff, 0x15, 0xff, 0x14,
  0x02, 0x15, 0xff, 0x13, 0x00, 0x13, 0x00, 0x12, 0xff, 0x11, 0x02, 0x11,
  0xff, 0x0f, 0x01, 0x0f, 0xfe, 0x0d, 0x02, 0x0d, 0xff, 0x0b, 0xff, 0x0a,
  0x02, 0x0a, 0xff, 0x08, 0x00, 0x08, 0x00, 0x07, 0x00, 0x06, 0xff, 0x04,
  0x02, 0x04, 0xfe, 0x02, 0x01, 0x02, 0x00, 0x01, 0x00, 0x00, 0x00, 0xfe,
  0x00, 0xfd, 0xff, 0xfb, 0x02, 0xfb, 0xfe, 0xf9, 0x02, 0xf9, 0xfe, 0xf7,
  0x01, 0xf6, 0x00, 0xf5, 0x00, 0xf4, 0x00, 0xf3, 0xff, 0xf1, 0x02, 0xf1,
  0xfd, 0xef, 0x04, 0xef, 0xfc, 0xed, 0x03, 0xed, 0xfe, 0xeb, 0x01, 0xeb,
  0xff, 0xe9, 0x01, 0xe9, 0xff, 0xe7, 0x01, 0xe8, 0x00, 0xe7, 0xfe, 0xe5,
  0x03, 0xe6, 0xfc, 0xe4, 0x05, 0xe4, 0xfb, 0xe2, 0x04, 0xe3, 0xfd, 0xe1,
  0x02, 0xe2, 0xff, 0xe0, 0x01, 0xe1, 0xfe, 0xe0, 0x02, 0xe0, 0xff, 0xdf,
  0x00, 0xe0, 0x01, 0xdf, 0xfe, 0xde, 0x02, 0xdf, 0xfe, 0xde, 0x02, 0xde,
  0xff, 0xdd, 0x00, 0xde, 0x01, 0xde, 0xfd, 0xdd, 0x04, 0xde, 0xfd, 0xdd,
  0x02, 0xde, 0xff, 0xdd, 0x00, 0xde, 0x00, 0xde, 0x01, 0xde, 0xfe, 0xdd,
  0x03, 0xde, 0xfc, 0xdd, 0x05, 0xde, 0xfb, 0xdd, 0x04, 0xdf, 0xfd, 0xde,
  0x02, 0xdf, 0xff, 0xde, 0x00, 0xdf, 0x00, 0xdf, 0x00, 0xe0, 0x00, 0xe0,
  0x00, 0xe0, 0x00, 0xe0, 0xff, 0xdf, 0x02, 0xe1, 0xfd, 0xe0, 0x04, 0xe1,
  0xfb, 0xe1, 0x05, 0xe2, 0xfc, 0xe1, 0x03, 0xe3, 0xfe, 0xe2, 0x01, 0xe4,
  0xff, 0xe3, 0x01, 0xe4, 0x00, 0xe5, 0xff, 0xe4, 0x01, 0xe6, 0x00, 0xe6,
  0xff, 0xe6, 0x02, 0xe7, 0xfd, 0xe7, 0x03, 0xe8, 0xfe, 0xe8, 0x01, 0xe9,
  0x00, 0xea, 0x00, 0xea, 0xff, 0xea, 0x01, 0xec, 0x00, 0xed, 0x00, 0xed,
  0x00, 0xee, 0x00, 0xef, 0xff, 0xef, 0x01, 0xf0, 0x01, 0xf1, 0xfd, 0xf1,
  0x04, 0xf3, 0xfc, 0xf3, 0x03, 0xf5, 0xff, 0xf5, 0xff, 0xf6, 0x02, 0xf8,
  0xfe, 0xf8, 0x02, 0xfa, 0xff, 0xfa, 0x00, 0xfc, 0x00, 0xfd, 0x00, 0xfe,
  0x00, 0xff, 0x01, 0x00, 0xff, 0x00, 0x00, 0x02, 0x01, 0x03, 0xfe, 0x04,
  0x02, 0x06, 0xff, 0x06, 0x01, 0x08, 0xff, 0x08, 0x01, 0x0a, 0xfe, 0x0a,
  0x02, 0x0c, 0xff, 0x0c, 0x00, 0x0e, 0x01, 0x0f, 0xfe, 0x0f, 0x03, 0x11,
  0xfd, 0x11, 0x02, 0x13, 0xff, 0x12, 0x01, 0x14, 0xff, 0x14, 0x01, 0x16,
  0xfe, 0x16, 0x03, 0x17, 0xfe, 0x17, 0x00, 0x19, 0x01, 0x19, 0xfe, 0x19,
  0x02, 0x1b, 0x00, 0x1b, 0xfe, 0x1b, 0x02, 0x1c, 0xfe, 0x1c, 0x03, 0x1d,
  0xfd, 0x1d, 0x02, 0x1e, 0xff, 0x1d, 0x00, 0x1f, 0x00, 0x1f, 0x02, 0x1f,
  0xfc, 0x1f, 0x05, 0x20, 0xfb, 0x1f, 0x04, 0x20, 0xfd, 0x1f, 0x03, 0x21,
  0xfc, 0x20, 0x05, 0x21, 0xfa, 0x20, 0x06, 0x21, 0xfc, 0x20, 0x02, 0x21,
  0x00, 0x21, 0xfe, 0x20, 0x02, 0x21, 0xff, 0x20, 0x01, 0x21, 0xff, 0x20,
  0x01, 0x21, 0xff, 0x20, 0x00, 0x20, 0x01, 0x20, 0xff, 0x1f, 0x01, 0x20,
  0x00, 0x20, 0xfe, 0x1f, 0x03, 0x1f, 0xfe, 0x1e, 0x01, 0x1f, 0x00, 0x1f,
  0xff, 0x1e, 0x01, 0x1e, 0x00, 0x1e, 0x00, 0x1e, 0x00, 0x1e, 0xff, 0x1c,
  0x02, 0x1d, 0xfd, 0x1c, 0x04, 0x1d, 0xfc, 0x1b, 0x03, 0x1c, 0xfe, 0x1a,
  0x01, 0x1b, 0x00, 0x1b, 0xff, 0x19, 0x02, 0x19, 0xfe, 0x18, 0x01, 0x19,
  0x01, 0x18, 0xfd, 0x16, 0x04, 0x17, 0xfc, 0x15, 0x04, 0x16, 0xfd, 0x14,
  0x02, 0x14, 0xfe, 0x13, 0x02, 0x13, 0xfe, 0x11, 0x03, 0x12, 0xfd, 0x10,
  0x02, 0x10, 0xff, 0x0e, 0x00, 0x0e, 0x00, 0x0d, 0x02, 0x0c, 0xfc, 0x0a,
  0x04, 0x0a, 0xfd, 0x09, 0x02, 0x09, 0x00, 0x08, 0xfe, 0x05, 0x02, 0x05,
  0xff, 0x03, 0x01, 0x03, 0xff, 0x01, 0x01, 0x01, 0xfe, 0xff, 0x03, 0xff,
  0xfd, 0xfd, 0x03, 0xfd, 0xfc, 0xfb, 0x04, 0xfa, 0xfd, 0xf8, 0x02, 0xf8,
  0xfe, 0xf6, 0x02, 0xf6, 0xfe, 0xf4, 0x02, 0xf4, 0xfe, 0xf2, 0x01, 0xf2,
  0x00, 0xf1, 0x00, 0xf0, 0x00, 0xef, 0xff, 0xed, 0x02, 0xed, 0xfd, 0xeb,
  0x04, 0xeb, 0xfc, 0xe9, 0x03, 0xe9, 0xfe, 0xe8, 0x01, 0xe8, 0x00, 0xe7,
  0x00, 0xe6, 0xff, 0xe4, 0x02, 0xe5, 0xfe, 0xe3, 0x02, 0xe4, 0xfe, 0xe2,
  0x02, 0xe3, 0xfe, 0xe1, 0x02, 0xe2, 0xff, 0xe0, 0xff, 0xe0, 0x03, 0xe1,
  0xfc, 0xdf, 0x05, 0xe0, 0xfb, 0xde, 0x03, 0xdf, 0xff, 0xde, 0x00, 0xdf,
  0x01, 0xde, 0xff, 0xdd, 0x00, 0xde, 0x00, 0xde, 0x00, 0xde, 0x00, 0xde,
  0x00, 0xde, 0x01, 0xde, 0xfe, 0xdd, 0x02, 0xde, 0xfd, 0xdd, 0x04, 0xde,
  0xfd, 0xdd, 0x01, 0xde, 0x00, 0xde, 0x00, 0xde, 0x00, 0xde, 0x01, 0xde,
  0xfe, 0xdd, 0x01, 0xde, 0x01, 0xdf, 0xfe, 0xde, 0x02, 0xdf, 0xff, 0xde,
  0x00, 0xdf, 0x00, 0xdf, 0x00, 0xe0, 0x00, 0xe0, 0x00, 0xe0, 0x01, 0xe0,
  0xfe, 0xe0, 0x01, 0xe1, 0x00, 0xe1, 0xff, 0xe0, 0x02, 0xe2, 0xfe, 0xe1,
  0x01, 0xe2, 0xff, 0xe1, 0x01, 0xe3, 0x00, 0xe3, 0xff, 0xe2, 0x01, 0xe4,
  0xff, 0xe3, 0x00, 0xe4, 0x02, 0xe5, 0xfe, 0xe4, 0x01, 0xe5, 0x00, 0xe6,
  0xff, 0xe6, 0x00, 0xe7, 0x02, 0xe7, 0xfe, 0xe7, 0x02, 0xe8, 0xfe, 0xe8,
  0x01, 0xea, 0x00, 0xea, 0x00, 0xeb, 0xff, 0xeb, 0x02, 0xec, 0xfd, 0xec,
  0x04, 0xee, 0xfc, 0xed, 0x03, 0xef, 0xfe, 0xef, 0x01, 0xf1, 0x00, 0xf1,
  0xff, 0xf1, 0x02, 0xf3, 0xfd, 0xf3, 0x04, 0xf5, 0xfc, 0xf5, 0x03, 0xf7,
  0xfe, 0xf7, 0x02, 0xf9, 0xfe, 0xf9, 0x01, 0xfb, 0x00, 0xfc, 0xff, 0xfc,
  0x03, 0xfe, 0xfc, 0xfe, 0x04, 0x00, 0xfc, 0x00, 0x04, 0x02, 0xfd, 0x02,
  0x02, 0x04, 0xfe, 0x04, 0x02, 0x06, 0xff, 0x06, 0x00, 0x08, 0x00, 0x0a,
  0x00, 0x0b, 0xff, 0x0b, 0x03, 0x0d, 0xfc, 0x0d, 0x04, 0x0f, 0xfc, 0x0f,
  0x04, 0x11, 0xfc, 0x10, 0x04, 0x12, 0xfd, 0x12, 0x01, 0x14, 0x01, 0x15,
  0xfe, 0x15, 0x03, 0x17, 0xfc, 0x16, 0x05, 0x18, 0xfa, 0x17, 0x07, 0x19,
  0xfa, 0x19, 0x04, 0x1a, 0xfe, 0x1a, 0x01, 0x1c, 0xff, 0x1b, 0x02, 0x1c,
  0xfd, 0x1c, 0x04, 0x1d, 0xfc, 0x1d, 0x02, 0x1e, 0x00, 0x1f, 0x00, 0x1f,
  0x00, 0x1f, 0x01, 0x1f, 0xfd, 0x1f, 0x04, 0x20, 0xfd, 0x1f, 0x01, 0x20,
  0x01, 0x21, 0xfe, 0x20, 0x03, 0x21, 0xfd, 0x20, 0x01, 0x21, 0x00, 0x21,
  0x00, 0x21, 0x01, 0x21, 0xff, 0x20, 0xff, 0x20, 0x02, 0x21, 0xfe, 0x20,
  0x03, 0x21, 0xfc, 0x20, 0x03, 0x21, 0xff, 0x20, 0xff, 0x20, 0x03, 0x21,
  0xfb, 0x20, 0x06, 0x21, 0xfa, 0x20, 0x05, 0x20, 0xfd, 0x1f, 0x01, 0x20,
  0x01, 0x20, 0xfe, 0x1f, 0x02, 0x1f, 0xff, 0x1e, 0x00, 0x1f, 0x00, 0x1f,
  0x00, 0x1e, 0x01, 0x1e, 0xfe, 0x1d, 0x03, 0x1d, 0xfc, 0x1c, 0x04, 0x1d,
  0xfd, 0x1b, 0x01, 0x1c, 0x02, 0x1c, 0xfc, 0x1a, 0x04, 0x1b, 0xfd, 0x19,
  0x01, 0x1a, 0x01, 0x1a, 0xfe, 0x18, 0x02, 0x18, 0xfe, 0x17, 0x01, 0x17,
  0x00, 0x17, 0x00, 0x16, 0x00, 0x16, 0x00, 0x15, 0x00, 0x14, 0x00, 0x13,
  0x00, 0x13, 0x00, 0x12, 0x00, 0x11, 0x00, 0x10, 0x01, 0x0f, 0xfd, 0x0e,
  0x04, 0x0e, 0xfc, 0x0c, 0x04, 0x0c, 0xfd, 0x0a, 0x02, 0x0a, 0xfe, 0x07,
  0x02, 0x07, 0xff, 0x06, 0x00, 0x06, 0x02, 0x04, 0xfc, 0x02, 0x04, 0x02,
  0xfd, 0x00, 0x02, 0x00, 0x00, 0xff, 0xfe, 0xfd, 0x02, 0xfc, 0xff, 0xfa,
  0x00, 0xfa, 0x01, 0xf9, 0xff, 0xf7, 0x00, 0xf7, 0x00, 0xf6, 0x00, 0xf5,
  0x01, 0xf4, 0xfe, 0xf2, 0x03, 0xf1, 0xfc, 0xef, 0x04, 0xef, 0xfd, 0xee,
  0x02, 0xee, 0xff, 0xec, 0x01, 0xeb, 0xfe, 0xea, 0x03, 0xea, 0xfc, 0xe8,
  0x04, 0xe8, 0xfd, 0xe7, 0x03, 0xe7, 0xfd, 0xe5, 0x02, 0xe5, 0xfe, 0xe3,
  0x02, 0xe4, 0x00, 0xe4, 0xfe, 0xe2, 0x02, 0xe3, 0xff, 0xe1, 0xff, 0xe0,
  0x03, 0xe1, 0xfc, 0xe0, 0x03, 0xe1, 0xff, 0xdf, 0x00, 0xe0, 0x01, 0xe0,
  0xfe, 0xde, 0x02, 0xdf, 0xfe, 0xde, 0x02, 0xdf, 0xff, 0xde, 0x00, 0xdf,
  0x00, 0xde, 0x01, 0xde, 0xfe, 0xdd, 0x03, 0xde, 0xfc, 0xdd, 0x04, 0xdf,
  0xfd, 0xde, 0x02, 0xde, 0xff, 0xdd, 0x00, 0xdf, 0x00, 0xdf, 0x01, 0xdf,
  0xfd, 0xde, 0x04, 0xdf, 0xfc, 0xde, 0x03, 0xdf, 0xfe, 0xdf, 0x01, 0xe0,
  0x00, 0xe0, 0x00, 0xe0, 0xff, 0xdf, 0x02, 0xe1, 0xfd, 0xe0, 0x04, 0xe1,
  0xfd, 0xe0, 0x00, 0xe2, 0x02, 0xe2, 0xfd, 0xe1, 0x03, 0xe3, 0xfe, 0xe2,
  0x01, 0xe3, 0xff, 0xe3, 0x01, 0xe4, 0x00, 0xe5, 0xfe, 0xe4, 0x04, 0xe5,
  0xfb, 0xe5, 0x05, 0xe6, 0xfd, 0xe6, 0x01, 0xe7, 0x00, 0xe8, 0x00, 0xe9,
  0xff, 0xe8, 0x02, 0xea, 0xfe, 0xe9, 0x02, 0xeb, 0xfe, 0xeb, 0x01, 0xed,
  0x00, 0xed, 0xff, 0xed, 0x02, 0xef, 0xfd, 0xef, 0x03, 0xf1, 0xfe, 0xf1,
  0x01, 0xf3, 0xff, 0xf2, 0x01, 0xf4, 0xff, 0xf4, 0x01, 0xf6, 0xff, 0xf6,
  0x00, 0xf8, 0x02, 0xf9, 0xfc, 0xf9, 0x05, 0xfb, 0xfc, 0xfb, 0x02, 0xfd,
  0x00, 0xfe, 0xfe, 0xff, 0x03, 0x01, 0xfe, 0x01, 0x01, 0x03, 0xff, 0x03,
  0x01, 0x05, 0xff, 0x05, 0x00, 0x08, 0x01, 0x09, 0xff, 0x09, 0x01, 0x0b,
  0xff, 0x0b, 0x00, 0x0d, 0x01, 0x0e, 0xff, 0x0e, 0x01, 0x10, 0xff, 0x10,
  0x01, 0x12, 0xff, 0x12, 0x01, 0x14, 0xff, 0x14, 0x01, 0x16, 0xff, 0x16,
  0x00, 0x17, 0x01, 0x18, 0xff, 0x18, 0x01, 0x19, 0xff, 0x19, 0x00, 0x1b,
  0x01, 0x1b, 0xfe, 0x1b, 0x04, 0x1c, 0xfb, 0x1c, 0x04, 0x1d, 0xfd, 0x1d,
  0x03, 0x1e, 0xfd, 0x1d, 0x02, 0x1f, 0xff, 0x1e, 0x00, 0x1f, 0x01, 0x20,
  0xfe, 0x1f, 0x01, 0x20, 0x01, 0x20, 0xfd, 0x20, 0x04, 0x21, 0xfb, 0x20,
  0x05, 0x21, 0xfc, 0x20, 0x03, 0x21, 0xfe, 0x20, 0x01, 0x21, 0xff, 0x21,
  0x01, 0x22, 0xff, 0x21, 0x02, 0x22, 0xfd, 0x21, 0x03, 0x22, 0xfd, 0x20,
  0x03, 0x21, 0xfe, 0x20, 0x01, 0x21, 0x00, 0x21, 0xff, 0x20, 0x02, 0x21,
  0xfe, 0x20, 0x01, 0x20, 0x00, 0x20, 0xff, 0x1f, 0x02, 0x20, 0xfe, 0x1f,
  0x02, 0x20, 0xfe, 0x1e, 0x01, 0x1f, 0x00, 0x1f, 0x00, 0x1f, 0x00, 0x1f,
  0x00, 0x1e, 0xff, 0x1d, 0x02, 0x1e, 0xfe, 0x1c, 0x02, 0x1d, 0xfe, 0x1c,
  0x02, 0x1d, 0xfe, 0x1b, 0x02, 0x1c, 0xfe, 0x1b, 0x03, 0x1b, 0xfd, 0x1a,
  0x03, 0x1a, 0xfd, 0x19, 0x02, 0x1a, 0xff, 0x18, 0x01, 0x19, 0xfe, 0x17,
  0x03, 0x17, 0xfd, 0x16, 0x03, 0x16, 0xfd, 0x15, 0x02, 0x15, 0xfe, 0x13,
  0x02, 0x14, 0xff, 0x12, 0x01, 0x12, 0xff, 0x11, 0x00, 0x11, 0x00, 0x10,
  0x00, 0x0f, 0x01, 0x0e, 0xff, 0x0c, 0x01, 0x0c, 0xfe, 0x0b, 0x02, 0x0b,
  0xfe, 0x09, 0x03, 0x08, 0xfd, 0x06, 0x02, 0x06, 0xff, 0x05, 0xff, 0x04,
  0x02, 0x03, 0xff, 0x01, 0x00, 0x01, 0x01, 0x00, 0xfe, 0xfe, 0x02, 0xfe,
  0xff, 0xfc, 0x01, 0xfc, 0xfe, 0xfa, 0x02, 0xfa, 0xff, 0xf7, 0x01, 0xf7,
  0xff, 0xf5, 0x00, 0xf5, 0x00, 0xf5, 0x00, 0xf3, 0x00, 0xf2, 0x01, 0xf1,
  0xfe, 0xef, 0x02, 0xef, 0xfe, 0xed, 0x02, 0xed, 0xfe, 0xeb, 0x03, 0xeb,
  0xfc, 0xe9, 0x04, 0xe9, 0xfd, 0xe7, 0x01, 0xe8, 0x01, 0xe7, 0xfe, 0xe6,
  0x03, 0xe6, 0xfc, 0xe4, 0x04, 0xe4, 0xfd, 0xe3, 0x02, 0xe4, 0xff, 0xe2,
  0x00, 0xe2, 0x01, 0xe2, 0xff, 0xe0, 0x01, 0xe1, 0xfe, 0xdf, 0x02, 0xe0,
  0x00, 0xe0, 0xfe, 0xdf, 0x03, 0xdf, 0xfc, 0xde, 0x04, 0xde, 0xfd, 0xdd,
  0x02, 0xde, 0xff, 0xdd, 0x00, 0xde, 0x01, 0xde, 0xfe, 0xdc, 0x02, 0xdd,
  0xff, 0xdc, 0x01, 0xdd, 0xff, 0xdc, 0x00, 0xdd, 0x01, 0xdd, 0xfe, 0xdc,
  0x02, 0xdd, 0xff, 0xdc, 0xff, 0xdd, 0x03, 0xde, 0xfb, 0xdd, 0x05, 0xde,
  0xfc, 0xdd, 0x03, 0xde, 0xff, 0xdd, 0xff, 0xde, 0x01, 0xdf, 0xff, 0xde,
  0x01, 0xdf, 0x00, 0xdf, 0x00, 0xdf, 0xff, 0xdf, 0x01, 0xe0, 0xff, 0xdf,
  0x01, 0xe0, 0xff, 0xe0, 0x01, 0xe1, 0xff, 0xe0, 0x01, 0xe1, 0xff, 0xe1,
  0x01, 0xe2, 0xfe, 0xe1, 0x03, 0xe3, 0xfe, 0xe2, 0x01, 0xe3, 0x00, 0xe3,
  0xff, 0xe3, 0x01, 0xe4, 0xff, 0xe3, 0x02, 0xe5, 0xfe, 0xe4, 0x02, 0xe5,
  0xfe, 0xe5, 0x01, 0xe7, 0x00, 0xe7, 0x00, 0xe7, 0x00, 0xe8, 0x00, 0xe8,
  0x00, 0xe9, 0x00, 0xea, 0x00, 0xea, 0x00, 0xeb, 0x00, 0xeb, 0x00, 0xec,
  0x01, 0xed, 0xfd, 0xed, 0x04, 0xee, 0xfc, 0xee, 0x03, 0xf0, 0xff, 0xf0,
  0xff, 0xf0, 0x02, 0xf2, 0xfe, 0xf2, 0x01, 0xf4, 0x00, 0xf5, 0x00, 0xf6,
  0xff, 0xf6, 0x02, 0xf8, 0xfe, 0xf8, 0x02, 0xfa, 0xfe, 0xfa, 0x01, 0xfc,
  0x00, 0xfd, 0xff, 0xfd, 0x02, 0xff, 0xfe, 0xff, 0x01, 0x01, 0x00, 0x02,
  0xff, 0x02, 0x02, 0x04, 0xfe, 0x04, 0x01, 0x06, 0xff, 0x06, 0x02, 0x08,
  0xfd, 0x08, 0x04, 0x0b, 0xfc, 0x0a, 0x02, 0x0c, 0x00, 0x0d, 0xff, 0x0d,
  0x01, 0x0f, 0x00, 0x10, 0xfe, 0x10, 0x03, 0x12, 0xfd, 0x12, 0x02, 0x14,
  0xff, 0x14, 0x00, 0x16, 0x01, 0x17, 0xfe, 0x17, 0x02, 0x18, 0xfe, 0x17,
  0x02, 0x19, 0xff, 0x18, 0xff, 0x19, 0x02, 0x1b, 0xfe, 0x1b, 0x02, 0x1c,
  0xfe, 0x1b, 0x02, 0x1d, 0xfe, 0x1c, 0x02, 0x1e, 0xff, 0x1d, 0x00, 0x1f,
  0x01, 0x1f, 0xfe, 0x1e, 0x02, 0x1f, 0xff, 0x1e, 0x01, 0x20, 0xfe, 0x1f,
  0x02, 0x20, 0xfe, 0x1f, 0x02, 0x20, 0xff, 0x20, 0xff, 0x20, 0x02, 0x21,
  0xff, 0x20, 0xff, 0x20, 0x02, 0x21, 0xfe, 0x20, 0x02, 0x21, 0xfe, 0x20,
  0x02, 0x21, 0xfd, 0x20, 0x03, 0x21, 0xfe, 0x20, 0x01, 0x21, 0x01, 0x20,
  0xfd, 0x1f, 0x03, 0x20, 0xfd, 0x1f, 0x03, 0x20, 0xff, 0x1f, 0x00, 0x1f,
  0xff, 0x1e, 0x02, 0x1f, 0xfe, 0x1e, 0x03, 0x1e, 0xfd, 0x1d, 0x02, 0x1e,
  0xfe, 0x1d, 0x02, 0x1d, 0x00, 0x1d, 0xff, 0x1b, 0x00, 0x1c, 0x00, 0x1c,
  0xff, 0x1b, 0x03, 0x1b, 0xfc, 0x1a, 0x04, 0x1a, 0xfd, 0x19, 0x01, 0x19,
  0x01, 0x19, 0xfe, 0x17, 0x02, 0x18, 0x00, 0x17, 0xfe, 0x16, 0x03, 0x16,
  0xfe, 0x14, 0x01, 0x15, 0xff, 0x13, 0x01, 0x13, 0xff, 0x11, 0x01, 0x12,
  0x00, 0x11, 0xff, 0x0f, 0x01, 0x0f, 0xff, 0x0e, 0x00, 0x0e, 0x02, 0x0d,
  0xfd, 0x0b, 0x03, 0x0a, 0xfe, 0x08, 0x00, 0x09, 0x02, 0x08, 0xfd, 0x06,
  0x03, 0x06, 0xfe, 0x03, 0x01, 0x03, 0x01, 0x02, 0xfd, 0x00, 0x03, 0x00,
  0xfe, 0xfe, 0x01, 0xfe, 0x00, 0xfc, 0xff, 0xfa, 0x02, 0xfa, 0xfe, 0xf8,
  0x01, 0xf8, 0x00, 0xf7, 0xff, 0xf5, 0x02, 0xf4, 0xfe, 0xf2, 0x01, 0xf2,
  0x00, 0xf2, 0x00, 0xf1, 0x00, 0xf0, 0x00, 0xef, 0xff, 0xed, 0x02, 0xed,
  0xfe, 0xeb, 0x02, 0xeb, 0xfe, 0xe9, 0x02, 0xe9, 0xff, 0xe7, 0x00, 0xe8,
  0x01, 0xe7, 0xfe, 0xe5, 0x02, 0xe6, 0xff, 0xe4, 0x01, 0xe4, 0xfe, 0xe3,
  0x03, 0xe3, 0xfc, 0xe1, 0x05, 0xe2, 0xfb, 0xe1, 0x03, 0xe1, 0x00, 0xe1,
  0xfe, 0xdf, 0x03, 0xe0, 0xfd, 0xdf, 0x02, 0xe0, 0xff, 0xde, 0x00, 0xdf,
  0x00, 0xdf, 0x01, 0xdf, 0xfe, 0xde, 0x03, 0xde, 0xfc, 0xdd, 0x03, 0xde,
  0xff, 0xdd, 0x00, 0xde, 0x01, 0xde, 0xfd, 0xdd, 0x03, 0xde, 0xfe, 0xdd,
  0x02, 0xdf, 0xff, 0xde, 0xff, 0xde, 0x02, 0xdf, 0xfe, 0xde, 0x02, 0xdf,
  0xfe, 0xde, 0x02, 0xdf, 0xff, 0xdf, 0x00, 0xe0, 0x01, 0xe0, 0xfe, 0xdf,
  0x03, 0xe0, 0xfd, 0xdf, 0x02, 0xe1, 0x00, 0xe1, 0xff, 0xe0, 0x02, 0xe1,
  0xfd, 0xe1, 0x03, 0xe2, 0xfe, 0xe1, 0x01, 0xe3, 0x00, 0xe3, 0xff, 0xe2,
  0x01, 0xe3, 0xff, 0xe3, 0x01, 0xe4, 0xff, 0xe4, 0x01, 0xe5, 0xfe, 0xe5,
  0x03, 0xe6, 0xfc, 0xe6, 0x04, 0xe7, 0xfd, 0xe7, 0x01, 0xe9, 0x00, 0xe9,
  0x00, 0xea, 0x00, 0xea, 0x00, 0xeb, 0xff, 0xeb, 0x02, 0xed, 0xfd, 0xec,
  0x04, 0xee, 0xfc, 0xee, 0x03, 0xf0, 0xfe, 0xef, 0x01, 0xf1, 0x00, 0xf2,
  0x00, 0xf3, 0x00, 0xf4, 0x00, 0xf5, 0xff, 0xf5, 0x02, 0xf7, 0xff, 0xf7,
  0xff, 0xf8, 0x02, 0xfa, 0xfd, 0xfa, 0x03, 0xfc, 0xff, 0xfc, 0xff, 0xfd,
  0x00, 0xff, 0x01, 0x00, 0xfe, 0x00, 0x04, 0x02, 0xfc, 0x02, 0x02, 0x04,
  0xff, 0x04, 0x01, 0x06, 0xff, 0x06, 0x01, 0x09, 0x00, 0x0a, 0xfe, 0x0a,
  0x04, 0x0b, 0xfc, 0x0b, 0x02, 0x0d, 0xff, 0x0d, 0x01, 0x0f, 0xff, 0x0f,
  0x02, 0x11, 0xfe, 0x11, 0x00, 0x13, 0x02, 0x14, 0xfe, 0x14, 0x01, 0x16,
  0x00, 0x16, 0xff, 0x16, 0x02, 0x17, 0xfe, 0x17, 0x02, 0x19, 0xfe, 0x18,
  0x01, 0x1a, 0x01, 0x1b, 0xfe, 0x1a, 0x01, 0x1c, 0x00, 0x1c, 0xff, 0x1b,
  0x02, 0x1d, 0xff, 0x1c, 0xff, 0x1d, 0x02, 0x1e, 0xfd, 0x1e, 0x03, 0x1f,
  0xfe, 0x1e, 0x01, 0x20, 0x00, 0x20, 0xff, 0x1f, 0x01, 0x20, 0xff, 0x1f,
  0x02, 0x21, 0xfe, 0x20, 0x01, 0x21, 0xff, 0x20, 0x01, 0x21, 0x00, 0x21,
  0x00, 0x21, 0x00, 0x21, 0xff, 0x20, 0x02, 0x22, 0xfe, 0x21, 0x01, 0x22,
  0x00, 0x22, 0xff, 0x20, 0x02, 0x21, 0xfe, 0x20, 0x02, 0x21, 0xfd, 0x20,
  0x03, 0x21, 0xfe, 0x20, 0x01, 0x21, 0x01, 0x20, 0xfd, 0x1f, 0x03, 0x20,
  0xfe, 0x1f, 0x00, 0x20, 0x02, 0x20, 0xfe, 0x1e, 0x01, 0x1f, 0x00, 0x1f,
  0xff, 0x1e, 0x01, 0x1f, 0x00, 0x1e, 0x00, 0x1e, 0xff, 0x1d, 0x01, 0x1d,
  0xff, 0x1c, 0x02, 0x1d, 0xfe, 0x1b, 0x02, 0x1c, 0xfd, 0x1b, 0x03, 0x1b,
  0xfe, 0x1a, 0x02, 0x1b, 0xff, 0x19, 0x00, 0x1a, 0x00, 0x19, 0x00, 0x19,
  0x00, 0x18, 0x01, 0x18, 0xfe, 0x16, 0x02, 0x16, 0xfe, 0x15, 0x02, 0x15,
  0xfe, 0x14, 0x02, 0x14, 0xfe, 0x12, 0x02, 0x13, 0xfe, 0x11, 0x02, 0x11,
  0xfe, 0x0f, 0x02, 0x0f, 0xff, 0x0e, 0x01, 0x0e, 0xff, 0x0c, 0x00, 0x0c,
  0x00, 0x0b, 0x00, 0x0a, 0x01, 0x09, 0xff, 0x07, 0x00, 0x07, 0x00, 0x06,
  0x00, 0x05, 0x01, 0x04, 0xfe, 0x02, 0x02, 0x02, 0xff, 0x00, 0xff, 0xfe,
  0x03, 0xfe, 0xfc, 0xfc, 0x04, 0xfc, 0xfd, 0xfa, 0x01, 0xfa, 0x01, 0xf9,
  0xfe, 0xf7, 0x01, 0xf7, 0x01, 0xf6, 0xfe, 0xf3, 0x02, 0xf3, 0xff, 0xf1,
  0xff, 0xf0, 0x03, 0xf1, 0xfd, 0xef, 0x02, 0xef, 0xff, 0xed, 0x00, 0xed,
  0x01, 0xec, 0xfe, 0xea, 0x02, 0xea, 0xff, 0xe8, 0x00, 0xe8, 0x00, 0xe7,
  0x01, 0xe7, 0xfd, 0xe5, 0x04, 0xe5, 0xfd, 0xe4, 0x01, 0xe4, 0x00, 0xe4,
  0x00, 0xe3, 0x00, 0xe2, 0x00, 0xe2, 0x00, 0xe2, 0x00, 0xe1, 0xff, 0xe0,
  0x02, 0xe0, 0xfe, 0xdf, 0x01, 0xe0, 0x00, 0xdf, 0x00, 0xdf, 0x00, 0xdf,
  0x00, 0xdf, 0x00, 0xdf, 0xff, 0xdd, 0x03, 0xde, 0xfc, 0xdd, 0x04, 0xde,
  0xfd, 0xdd, 0x02, 0xde, 0xff, 0xdd, 0x00, 0xde, 0x00, 0xde, 0x01, 0xde,
  0xfe, 0xdd, 0x03, 0xde, 0xfd, 0xdd, 0x01, 0xde, 0x01, 0xde, 0xfe, 0xdd,
  0x02, 0xde, 0xff, 0xde, 0xff, 0xde, 0x02, 0xdf, 0xff, 0xde, 0xff, 0xde,
  0x03, 0xdf, 0xfc, 0xdf, 0x03, 0xe0, 0xff, 0xdf, 0x00, 0xe0, 0x01, 0xe1,
  0xfe, 0xe0, 0x02, 0xe1, 0xfe, 0xe0, 0x02, 0xe1, 0xff, 0xe1, 0x00, 0xe2,
  0x01, 0xe2, 0xfe, 0xe2, 0x02, 0xe3, 0xff, 0xe2, 0x01, 0xe4, 0xff, 0xe3,
  0x00, 0xe4, 0x01, 0xe5, 0xfe, 0xe4, 0x03, 0xe6, 0xfc, 0xe5, 0x04, 0xe6,
  0xfd, 0xe6, 0x02, 0xe7, 0xfe, 0xe7, 0x02, 0xe9, 0xfe, 0xe8, 0x02, 0xea,
  0xfe, 0xe9, 0x02, 0xeb, 0xff, 0xea, 0x00, 0xec, 0x00, 0xed, 0x00, 0xee,
  0x00, 0xef, 0x00, 0xef, 0x00, 0xf0, 0x00, 0xf1, 0x00, 0xf2, 0x00, 0xf3,
  0xff, 0xf3, 0x02, 0xf4, 0xfe, 0xf4, 0x02, 0xf6, 0xfe, 0xf6, 0x01, 0xf8,
  0x01, 0xf9, 0xfd, 0xf9, 0x04, 0xfb, 0xfb, 0xfb, 0x05, 0xfd, 0xfd, 0xfd,
  0x01, 0xff, 0x00, 0x00, 0xff, 0x00, 0x02, 0x02, 0xfe, 0x02, 0x01, 0x04,
  0x00, 0x05, 0x00, 0x06, 0x00, 0x07, 0x01, 0x09, 0xfd, 0x09, 0x05, 0x0b,
  0xfb, 0x0b, 0x03, 0x0d, 0xff, 0x0d, 0x00, 0x0f, 0x01, 0x10, 0xfe, 0x10,
  0x02, 0x12, 0xff, 0x12, 0x00, 0x13, 0x01, 0x14, 0xfe, 0x14, 0x02, 0x16,
  0xfe, 0x16, 0x02, 0x17, 0xfe, 0x17, 0x02, 0x19, 0xfe, 0x18, 0x01, 0x1a,
  0x00, 0x1b, 0x00, 0x1b, 0x00, 0x1c, 0x00, 0x1c, 0x00, 0x1d, 0x00, 0x1d,
  0x00, 0x1d, 0x00, 0x1e, 0x01, 0x1e, 0xfe, 0x1e, 0x03, 0x1f, 0xfc, 0x1e,
  0x04, 0x1f, 0xfd, 0x1f, 0x02, 0x20, 0xff, 0x1f, 0x00, 0x20, 0x01, 0x20,
  0xfe, 0x1f, 0x03, 0x20, 0xfd, 0x20, 0x02, 0x21, 0xff, 0x20, 0x00, 0x21,
  0x01, 0x21, 0xff, 0x20, 0x01, 0x21, 0xff, 0x20, 0x01, 0x21, 0xff, 0x20,
  0x01, 0x21, 0xff, 0x1f, 0x01, 0x20, 0xff, 0x1f, 0x01, 0x20, 0x00, 0x20,
  0xff, 0x1f, 0x01, 0x20, 0xff, 0x1e, 0x02, 0x1f, 0xfe, 0x1e, 0x01, 0x1f,
  0xff, 0x1e, 0x02, 0x1e, 0xfe, 0x1d, 0x01, 0x1e, 0xff, 0x1d, 0x00, 0x1d,
  0x02, 0x1d, 0xfd, 0x1c, 0x03, 0x1c, 0xfd, 0x1b, 0x02, 0x1c, 0x00, 0x1b,
  0xfe, 0x1a, 0x03, 0x1a, 0xfd, 0x19, 0x03, 0x19, 0xfe, 0x18, 0x00, 0x19,
  0x01, 0x18, 0xff, 0x16, 0x01, 0x17, 0xff, 0x15, 0x01, 0x16, 0xff, 0x14,
  0x01, 0x14, 0xff, 0x13, 0x01, 0x13, 0x00, 0x12, 0x00, 0x11, 0xff, 0x0f,
  0x01, 0x10, 0xff, 0x0e, 0x02, 0x0e, 0xfe, 0x0c, 0x01, 0x0c, 0xff, 0x0a,
  0x01, 0x0a, 0x00, 0x09, 0xff, 0x07, 0x01, 0x07, 0xff, 0x05, 0x02, 0x05,
  0xfd, 0x03, 0x03, 0x03, 0xfd, 0x01, 0x04, 0x01, 0xfc, 0xff, 0x03, 0xff,
  0xfe, 0xfc, 0x00, 0xfd, 0x03, 0xfc, 0xfc, 0xf9, 0x03, 0xf9, 0xff, 0xf7,
  0xff, 0xf6, 0x02, 0xf6, 0xfe, 0xf4, 0x01, 0xf4, 0x01, 0xf3, 0xfe, 0xf1,
  0x02, 0xf1, 0xfe, 0xef, 0x02, 0xef, 0xfe, 0xed, 0x02, 0xed, 0xfe, 0xeb,
  0x02, 0xeb, 0xfe, 0xe9, 0x02, 0xe9, 0xfe, 0xe8, 0x01, 0xe8, 0x00, 0xe7,
  0x00, 0xe6, 0xff, 0xe5, 0x02, 0xe5, 0xfd, 0xe3, 0x04, 0xe4, 0xfc, 0xe2,
  0x03, 0xe3, 0xfe, 0xe1, 0x02, 0xe2, 0xfe, 0xe0, 0x02, 0xe1, 0xfe, 0xe0,
  0x01, 0xe0, 0x01, 0xe0, 0xfe, 0xde, 0x01, 0xdf, 0x00, 0xdf, 0x00, 0xdf,
  0x00, 0xdf, 0x00, 0xdf, 0xff, 0xdd, 0x02, 0xde, 0xff, 0xdd, 0x00, 0xde,
  0x00, 0xde, 0x00, 0xde, 0x01, 0xde, 0xff, 0xdd, 0x01, 0xde, 0xfe, 0xdd,
  0x03, 0xde, 0xfd, 0xdd, 0x03, 0xde, 0xfd, 0xdd, 0x02, 0xde, 0xff, 0xdd,
  0x00, 0xdf, 0x01, 0xdf, 0xfe, 0xde, 0x02, 0xdf, 0xfe, 0xde, 0x01, 0xdf,
  0x00, 0xe0, 0x00, 0xe0, 0x00, 0xe0, 0x00, 0xe0, 0xff, 0xdf, 0x02, 0xe1,
  0xfd, 0xe0, 0x04, 0xe1, 0xfc, 0xe0, 0x04, 0xe1, 0xfc, 0xe1, 0x03, 0xe2,
  0xfe, 0xe1, 0x01, 0xe3, 0x00, 0xe3, 0xff, 0xe2, 0x01, 0xe4, 0x00, 0xe4,
  0xff, 0xe3, 0x01, 0xe5, 0xff, 0xe4, 0x01, 0xe6, 0xff, 0xe5, 0x01, 0xe6,
  0xff, 0xe6, 0x00, 0xe7, 0x01, 0xe8, 0xff, 0xe7, 0x01, 0xe9, 0x00, 0xea,
  0xfe, 0xe9, 0x02, 0xeb, 0xff, 0xea, 0x01, 0xec, 0x00, 0xed, 0xff, 0xec,
  0x00, 0xee, 0x01, 0xef, 0xff, 0xef, 0x01, 0xf0, 0xff, 0xf0, 0x00, 0xf2,
  0x01, 0xf3, 0xff, 0xf3, 0x00, 0xf5, 0x00, 0xf5, 0x00, 0xf6, 0x00, 0xf7,
  0x00, 0xf8, 0x00, 0xf9, 0x00, 0xfa, 0x00, 0xfb, 0x00, 0xfc, 0xff, 0xfc,
  0x01, 0xfe, 0xff, 0xfe, 0x01, 0x00, 0x01, 0x01, 0xfd, 0x01, 0x03, 0x03,
  0xfd, 0x03, 0x03, 0x05, 0xfe, 0x06, 0x01, 0x08, 0xff, 0x08, 0x01, 0x0a,
  0x00, 0x0b, 0xff, 0x0b, 0x01, 0x0d, 0xff, 0x0d, 0x01, 0x0f, 0xff, 0x0f,
  0x01, 0x11, 0xff, 0x11, 0x01, 0x12, 0xff, 0x12, 0x02, 0x14, 0xfd, 0x14,
  0x04, 0x16, 0xfb, 0x16, 0x06, 0x17, 0xf9, 0x17, 0x07, 0x19, 0xfa, 0x18,
  0x04, 0x1a, 0xff, 0x1a, 0xfe, 0x1a, 0x03, 0x1c, 0xfe, 0x1b, 0x00, 0x1d,
  0x01, 0x1d, 0xff, 0x1d, 0x01, 0x1e, 0xff, 0x1d, 0x02, 0x1f, 0xfc, 0x1e,
  0x05, 0x1f, 0xfc, 0x1f, 0x02, 0x20, 0x00, 0x20, 0xff, 0x1f, 0x01, 0x20,
  0x00, 0x21, 0x00, 0x21, 0xff, 0x20, 0x02, 0x21, 0xfd, 0x20, 0x03, 0x21,
  0xfe, 0x20, 0x01, 0x21, 0x00, 0x21, 0xff, 0x20, 0x01, 0x21, 0xff, 0x20,
  0x01, 0x21, 0x00, 0x21, 0x00, 0x21, 0xff, 0x1f, 0x01, 0x20, 0x00, 0x20,
  0x00, 0x20, 0x00, 0x20, 0xff, 0x1f, 0x01, 0x1f, 0x00, 0x1f, 0x00, 0x1f,
  0xff, 0x1e, 0x00, 0x1f, 0x02, 0x1e, 0xfd, 0x1d, 0x03, 0x1e, 0xfe, 0x1c,
  0x00, 0x1d, 0x01, 0x1d, 0x00, 0x1c, 0xff, 0x1b, 0x02, 0x1c, 0xfd, 0x1a,
  0x03, 0x1b, 0xfe, 0x19, 0x01, 0x1a, 0x00, 0x1a, 0xff, 0x18, 0x02, 0x19,
  0xfe, 0x17, 0x01, 0x17, 0xff, 0x16, 0x01, 0x16, 0x00, 0x16, 0xff, 0x14,
  0x02, 0x14, 0xfd, 0x13, 0x03, 0x13, 0xfd, 0x11, 0x03, 0x11, 0xfd, 0x10,
  0x03, 0x10, 0xfe, 0x0e, 0x01, 0x0e, 0x00, 0x0d, 0xff, 0x0b, 0x01, 0x0b,
  0xff, 0x09, 0x02, 0x09, 0xfd, 0x07, 0x03, 0x07, 0xfd, 0x05, 0x03, 0x05,
  0xfe, 0x03, 0x01, 0x03, 0xff, 0x01, 0x01, 0x01, 0xff, 0xff, 0x02, 0xfe,
  0xfe, 0xfc, 0x01, 0xfc, 0x00, 0xfb, 0x00, 0xfa, 0x00, 0xf9, 0x00, 0xf8,
  0x00, 0xf7, 0x00, 0xf5, 0x00, 0xf4, 0x01, 0xf3, 0xfd, 0xf1, 0x04, 0xf1,
  0xfd, 0xef, 0x01, 0xef, 0x01, 0xee, 0xfe, 0xec, 0x03, 0xec, 0xfd, 0xea,
  0x02, 0xeb, 0xfe, 0xe9, 0x03, 0xe9, 0xfd, 0xe7, 0x03, 0xe7, 0xfd, 0xe6,
  0x02, 0xe6, 0xff, 0xe4, 0x01, 0xe5, 0xff, 0xe3, 0x00, 0xe4, 0x01, 0xe3,
  0xfe, 0xe1, 0x03, 0xe2, 0xfd, 0xe1, 0x02, 0xe1, 0xff, 0xe0, 0xff, 0xdf,
  0x02, 0xe0, 0xff, 0xdf, 0x00, 0xdf, 0x00, 0xdf, 0x00, 0xdf, 0x00, 0xdf,
  0x00, 0xdf, 0x00, 0xde, 0x00, 0xde, 0x00, 0xde, 0x00, 0xde, 0x00, 0xde,
  0xff, 0xdd, 0x02, 0xde, 0xfe, 0xdd, 0x01, 0xde, 0x00, 0xde, 0x00, 0xde,
  0xff, 0xdd, 0x02, 0xde, 0xfe, 0xde, 0x01, 0xdf, 0x00, 0xdf, 0xff, 0xde,
  0x02, 0xdf, 0xfe, 0xde, 0x01, 0xe0, 0x00, 0xe0, 0xff, 0xdf, 0x02, 0xe0,
  0xfe, 0xdf, 0x01, 0xe1, 0x00, 0xe1, 0xff, 0xe0, 0x01, 0xe1, 0x00, 0xe1,
  0x00, 0xe2, 0x00, 0xe2, 0xff, 0xe1, 0x01, 0xe2, 0xff, 0xe2, 0x01, 0xe3,
  0x00, 0xe4, 0xff, 0xe3, 0x02, 0xe4, 0xfd, 0xe4, 0x03, 0xe5, 0xfd, 0xe4,
  0x03, 0xe6, 0xfe, 0xe6, 0x01, 0xe7, 0xff, 0xe6, 0x00, 0xe8, 0x01, 0xe9,
  0xff, 0xe8, 0x01, 0xea, 0xfe, 0xea, 0x02, 0xeb, 0xfe, 0xeb, 0x02, 0xec,
  0xff, 0xec, 0x00, 0xee, 0x00, 0xef, 0x00, 0xf0, 0x00, 0xf0, 0x00, 0xf1,
  0x00, 0xf2, 0x00, 0xf3, 0x00, 0xf4, 0x00, 0xf5, 0x00, 0xf6, 0x00, 0xf7,
  0x00, 0xf8, 0x01, 0xf9, 0xff, 0xf9, 0x00, 0xfb, 0x00, 0xfc, 0x00, 0xfd,
  0x01, 0xfe, 0x00, 0xff, 0xfe, 0xff, 0x03, 0x01, 0xfc, 0x01, 0x04, 0x03,
  0xfd, 0x03, 0x03, 0x05, 0xfd, 0x05, 0x02, 0x07, 0xfe, 0x07, 0x03, 0x09,
  0xfc, 0x09, 0x05, 0x0c, 0xfa, 0x0c, 0x05, 0x0e, 0xfe, 0x0d, 0xff, 0x0e,
  0x03, 0x10, 0xfd, 0x10, 0x02, 0x12, 0xff, 0x12, 0x00, 0x14, 0x01, 0x15,
  0xff, 0x14, 0x01, 0x16, 0xff, 0x16, 0x01, 0x18, 0xff, 0x17, 0x01, 0x19,
  0xff, 0x19, 0x01, 0x1a, 0xff, 0x1a, 0x02, 0x1b, 0xfd, 0x1b, 0x03, 0x1c,
  0xfd, 0x1c, 0x03, 0x1d, 0xfe, 0x1c, 0x01, 0x1e, 0xff, 0x1d, 0x01, 0x1f,
  0xff, 0x1e, 0x01, 0x1f, 0xff, 0x1f, 0x00, 0x20, 0x01, 0x20, 0xff, 0x1f,
  0x00, 0x21, 0x01, 0x21, 0xfe, 0x20, 0x02, 0x21, 0xff, 0x20, 0x00, 0x21,
  0x01, 0x21, 0xff, 0x20, 0x00, 0x22, 0x00, 0x22, 0x01, 0x22, 0xff, 0x20,
  0x01, 0x21, 0xff, 0x20, 0x00, 0x21, 0x01, 0x21, 0xff, 0x20, 0x00, 0x21,
  0x01, 0x21, 0xfe, 0x20, 0x03, 0x21, 0xfc, 0x20, 0x04, 0x20, 0xfd, 0x1f,
  0x02, 0x20, 0xff, 0x1f, 0x00, 0x20, 0xff, 0x1e, 0x02, 0x1f, 0xff, 0x1e,
  0x00, 0x1f, 0x00, 0x1f, 0x00, 0x1e, 0xff, 0x1d, 0x03, 0x1e, 0xfc, 0x1d,
  0x04, 0x1d, 0xfc, 0x1c, 0x03, 0x1d, 0xff, 0x1b, 0x00, 0x1c, 0x00, 0x1c,
  0x00, 0x1c, 0xff, 0x1a, 0x02, 0x1b, 0xfe, 0x19, 0x02, 0x1a, 0xfe, 0x18,
  0x01, 0x19, 0x00, 0x18, 0xff, 0x17, 0x02, 0x17, 0xfe, 0x16, 0x01, 0x16,
  0xff, 0x15, 0x01, 0x15, 0xff, 0x13, 0x02, 0x13, 0xfc, 0x12, 0x06, 0x12,
  0xf9, 0x10, 0x06, 0x10, 0xfc, 0x0f, 0x02, 0x0f, 0x00, 0x0e, 0xff, 0x0c,
  0x01, 0x0c, 0xff, 0x0a, 0x01, 0x0a, 0xff, 0x08, 0x01, 0x08, 0xff, 0x07,
  0x01, 0x06, 0xff, 0x04, 0x00, 0x04, 0x02, 0x03, 0xfd, 0x01, 0x03, 0x01,
  0xfd, 0xff, 0x02, 0xff, 0x00, 0xfe, 0xff, 0xfc, 0x00, 0xfb, 0x02, 0xfa,
  0xfd, 0xf8, 0x03, 0xf8, 0xfe, 0xf6, 0xff, 0xf5, 0x03, 0xf5, 0xfd, 0xf3,
  0x03, 0xf3, 0xfd, 0xf1, 0x02, 0xf1, 0xfe, 0xef, 0x02, 0xef, 0xfe, 0xed,
  0x02, 0xed, 0xfe, 0xeb, 0x01, 0xeb, 0x01, 0xea, 0xfd, 0xe8, 0x04, 0xe9,
  0xfb, 0xe7, 0x05, 0xe7, 0xfc, 0xe6, 0x04, 0xe6, 0xfb, 0xe4, 0x04, 0xe4,
  0xfd, 0xe3, 0x03, 0xe3, 0xfe, 0xe2, 0x01, 0xe2, 0xfe, 0xe1, 0x03, 0xe2,
  0xfd, 0xe0, 0x03, 0xe1, 0xfd, 0xdf, 0x02, 0xe0, 0x00, 0xe0, 0xff, 0xde,
  0x01, 0xdf, 0x00, 0xdf, 0xfe, 0xde, 0x04, 0xde, 0xfc, 0xdd, 0x03, 0xde,
  0xff, 0xdd, 0xff, 0xdd, 0x02, 0xde, 0xfe, 0xdd, 0x03, 0xde, 0xfc, 0xdd,
  0x04, 0xde, 0xfc, 0xdd, 0x04, 0xde, 0xfc, 0xdd, 0x04, 0xde, 0xfc, 0xdd,
  0x04, 0xde, 0xfd, 0xdd, 0x02, 0xde, 0xff, 0xdd, 0x00, 0xdf, 0x01, 0xdf,
  0xff, 0xde, 0x01, 0xdf, 0xff, 0xde, 0x01, 0xdf, 0xff, 0xdf, 0x01, 0xe0,
  0xff, 0xdf, 0x01, 0xe0, 0xff, 0xdf, 0x00, 0xe1, 0x01, 0xe1, 0xff, 0xe0,
  0x01, 0xe1, 0xfe, 0xe1, 0x02, 0xe2, 0xff, 0xe1, 0x01, 0xe2, 0xff, 0xe2,
  0xff, 0xe2, 0x02, 0xe3, 0xfe, 0xe3, 0x02, 0xe4, 0xff, 0xe3, 0x00, 0xe4,
  0x00, 0xe5, 0x01, 0xe5, 0xfe, 0xe4, 0x02, 0xe6, 0xfe, 0xe6, 0x02, 0xe7,
  0xff, 0xe7, 0x00, 0xe8, 0x01, 0xe9, 0xfe, 0xe8, 0x02, 0xea, 0xfe, 0xea,
  0x02, 0xeb, 0xff, 0xeb, 0x01, 0xed, 0xfe, 0xed, 0x02, 0xef, 0xfe, 0xee,
  0x02, 0xf0, 0xff, 0xf0, 0x00, 0xf2, 0xff, 0xf2, 0x03, 0xf4, 0xfc, 0xf4,
  0x04, 0xf6, 0xfd, 0xf6, 0x00, 0xf8, 0x03, 0xf9, 0xfd, 0xf9, 0x02, 0xfb,
  0xff, 0xfb, 0x00, 0xfd, 0x01, 0xff, 0xff, 0xff, 0x00, 0x01, 0x01, 0x02,
  0xff, 0x02, 0x01, 0x04, 0x00, 0x05, 0xfe, 0x05, 0x02, 0x07, 0xff, 0x08,
  0x00, 0x0a, 0x01, 0x0b, 0xfe, 0x0b, 0x02, 0x0d, 0xfe, 0x0d, 0x01, 0x0f,
  0x00, 0x10, 0xff, 0x10, 0x02, 0x12, 0xfe, 0x11, 0x01, 0x13, 0xff, 0x13,
  0x01, 0x15, 0x00, 0x16, 0xff, 0x15, 0x02, 0x17, 0xfd, 0x17, 0x03, 0x19,
  0xff, 0x18, 0xff, 0x19, 0x01, 0x1b, 0x00, 0x1b, 0xff, 0x1b, 0x02, 0x1c,
  0xfe, 0x1c, 0x01, 0x1d, 0x00, 0x1d, 0xff, 0x1d, 0x02, 0x1e, 0xfe, 0x1d,
  0x01, 0x1f, 0x00, 0x1f, 0x00, 0x1f, 0x00, 0x1f, 0x00, 0x20, 0x00, 0x20,
  0x00, 0x20, 0x00, 0x20, 0x00, 0x20, 0x00, 0x20, 0x00, 0x20, 0x01, 0x21,
  0xfe, 0x20, 0x02, 0x21, 0xfe, 0x20, 0x02, 0x20, 0xff, 0x1f, 0x00, 0x20,
  0x00, 0x20, 0x00, 0x20, 0x00, 0x20, 0x00, 0x20, 0x00, 0x20, 0x00, 0x20,
  0x01, 0x20, 0xfe, 0x1e, 0x03, 0x1f, 0xfc, 0x1e, 0x04, 0x1f, 0xfd, 0x1e,
  0x01, 0x1e, 0x02, 0x1e, 0xfc, 0x1d, 0x04, 0x1e, 0xfd, 0x1c, 0x02, 0x1d,
  0xff, 0x1c, 0x00, 0x1c, 0x01, 0x1c, 0xfe, 0x1a, 0x03, 0x1b, 0xfd, 0x1a,
  0x02, 0x1a, 0xff, 0x19, 0x01, 0x19, 0xfe, 0x18, 0x03, 0x18, 0xfc, 0x17,
  0x05, 0x17, 0xfb, 0x15, 0x05, 0x16, 0xfb, 0x14, 0x04, 0x14, 0xfd, 0x13,
  0x03, 0x13, 0xfe, 0x11, 0x01, 0x12, 0x00, 0x11, 0xff, 0x0f, 0x01, 0x0f,
  0x00, 0x0e, 0xff, 0x0c, 0x02, 0x0c, 0xfe, 0x0a, 0x01, 0x0a, 0xff, 0x08,
  0x01, 0x08, 0x00, 0x07, 0xff, 0x05, 0x02, 0x05, 0xfd, 0x03, 0x02, 0x03,
  0x00, 0x02, 0xff, 0xff, 0x02, 0xff, 0xfe, 0xfd, 0x00, 0xfd, 0x01, 0xfc,
  0x00, 0xfb, 0xff, 0xf9, 0x02, 0xf9, 0xfd, 0xf6, 0x02, 0xf6, 0x00, 0xf5,
  0xff, 0xf3, 0x02, 0xf3, 0xfd, 0xf1, 0x02, 0xf1, 0x00, 0xf0, 0x00, 0xef,
  0x00, 0xee, 0x00, 0xed, 0xff, 0xeb, 0x01, 0xeb, 0x01, 0xea, 0xfe, 0xe8,
  0x02, 0xe8, 0xff, 0xe7, 0xff, 0xe6, 0x03, 0xe6, 0xfc, 0xe4, 0x04, 0xe5,
  0xfd, 0xe3, 0x02, 0xe4, 0xff, 0xe2, 0x00, 0xe2, 0x00, 0xe2, 0x01, 0xe2,
  0xfe, 0xe0, 0x02, 0xe1, 0xfe, 0xdf, 0x02, 0xe0, 0xff, 0xde, 0x00, 0xdf,
  0x01, 0xdf, 0xfe, 0xde, 0x02, 0xde, 0xff, 0xdd, 0x00, 0xde, 0x00, 0xde,
  0x01, 0xde, 0xfe, 0xdd, 0x03, 0xde, 0xfc, 0xdd, 0x03, 0xde, 0xfe, 0xdd,
  0x02, 0xde, 0xff, 0xdd, 0x00, 0xde, 0x00, 0xde, 0x00, 0xde, 0x00, 0xde,
  0x00, 0xde, 0x01, 0xde, 0xfe, 0xdd, 0x03, 0xde, 0xfc, 0xde, 0x05, 0xdf,
  0xfa, 0xde, 0x07, 0xdf, 0xf9, 0xde, 0x07, 0xe0, 0xfa, 0xdf, 0x04, 0xe0,
  0xfd, 0xdf, 0x03, 0xe0, 0xfe, 0xdf, 0x01, 0xe1, 0x00, 0xe1, 0xfe, 0xe0,
  0x04, 0xe1, 0xfb, 0xe1, 0x04, 0xe2, 0xfe, 0xe1, 0x00, 0xe2, 0x02, 0xe3,
  0xfe, 0xe2, 0x00, 0xe3, 0x01, 0xe4, 0xfe, 0xe3, 0x03, 0xe4, 0xfe, 0xe4,
  0x01, 0xe5, 0xff, 0xe5, 0x01, 0xe6, 0xff, 0xe6, 0x01, 0xe7, 0x00, 0xe8,
  0x00, 0xe9, 0xff, 0xe8, 0x01, 0xea, 0x00, 0xea, 0xff, 0xea, 0x02, 0xec,
  0xfd, 0xeb, 0x03, 0xed, 0xfe, 0xed, 0x01, 0xef, 0xff, 0xee, 0x01, 0xf0,
  0xff, 0xf0, 0x01, 0xf2, 0x00, 0xf3, 0xff, 0xf3, 0x01, 0xf4, 0x00, 0xf5,
  0xff, 0xf6, 0x01, 0xf7, 0x00, 0xf8, 0xfe, 0xf8, 0x04, 0xfa, 0xfc, 0xfa,
  0x03, 0xfc, 0xfe, 0xfc, 0x01, 0xfe, 0xff, 0xfe, 0x02, 0x00, 0xfd, 0x00,
  0x03, 0x03, 0xfd, 0x03, 0x03, 0x05, 0xfe, 0x05, 0x00, 0x07, 0x00, 0x08,
  0x00, 0x09, 0x01, 0x0a, 0xfe, 0x0a, 0x03, 0x0c, 0xfc, 0x0c, 0x04, 0x0e,
  0xfd, 0x0e, 0x02, 0x10, 0xff, 0x10, 0x00, 0x12, 0x01, 0x13, 0xfe, 0x12,
  0x03, 0x14, 0xfd, 0x14, 0x03, 0x16, 0xfc, 0x16, 0x04, 0x17, 0xfc, 0x17,
  0x05, 0x19, 0xfb, 0x18, 0x04, 0x1a, 0xfc, 0x1a, 0x03, 0x1b, 0xff, 0x1b,
  0x00, 0x1c, 0x00, 0x1d, 0x00, 0x1d, 0x00, 0x1d, 0x00, 0x1e, 0x01, 0x1e,
  0xfe, 0x1e, 0x02, 0x1f, 0xfe, 0x1e, 0x02, 0x20, 0xfe, 0x1f, 0x02, 0x20,
  0xfe, 0x1f, 0x02, 0x21, 0xfe, 0x20, 0x01, 0x21, 0x00, 0x21, 0x00, 0x21,
  0x00, 0x21, 0x00, 0x22, 0x00, 0x22, 0xff, 0x21, 0x02, 0x22, 0xfe, 0x21,
  0x01, 0x22, 0x00, 0x22, 0xff, 0x21, 0x01, 0x21, 0xff, 0x20, 0x01, 0x21,
  0xff, 0x20, 0x01, 0x21, 0xff, 0x20, 0x01, 0x21, 0xfe, 0x20, 0x03, 0x21,
  0xfe, 0x1f, 0x00, 0x20, 0x01, 0x20, 0xff, 0x1f, 0x01, 0x20, 0xff, 0x1e,
  0x01, 0x1f, 0xff, 0x1e, 0x01, 0x1f, 0xff, 0x1d, 0x01, 0x1e, 0x00, 0x1e,
  0xff, 0x1d, 0x01, 0x1d, 0xff, 0x1c, 0x01, 0x1d, 0x00, 0x1c, 0x00, 0x1c,
  0xff, 0x1b, 0x02, 0x1c, 0xfd, 0x1a, 0x03, 0x1b, 0xfe, 0x1a, 0x01, 0x1a,
  0x01, 0x1a, 0xfd, 0x18, 0x03, 0x19, 0xfd, 0x17, 0x02, 0x17, 0x00, 0x17,
  0x00, 0x16, 0xff, 0x15, 0x01, 0x15, 0xfe, 0x14, 0x03, 0x14, 0xfe, 0x12,
  0x01, 0x12, 0xff, 0x11, 0x00, 0x11, 0x01, 0x10, 0xff, 0x0e, 0x01, 0x0e,
  0xff, 0x0c, 0x00, 0x0c, 0x01, 0x0c, 0xfe, 0x0a, 0x03, 0x0a, 0xfc, 0x08,
  0x04, 0x08, 0xfc, 0x06, 0x04, 0x05, 0xfc, 0x03, 0x04, 0x03, 0xfc, 0x01,
  0x03, 0x01, 0xfe, 0xff, 0x02, 0xff, 0xff, 0xfd, 0x00, 0xfd, 0x00, 0xfc,
  0x01, 0xfb, 0xff, 0xf9, 0x01, 0xf9, 0xff, 0xf7, 0x00, 0xf6, 0x01, 0xf5,
  0xff, 0xf3, 0x01, 0xf3, 0xff, 0xf1, 0x00, 0xf1, 0x01, 0xf0, 0xfe, 0xee,
  0x02, 0xee, 0xff, 0xec, 0x01, 0xec, 0xff, 0xea, 0x01, 0xeb, 0xfe, 0xe9,
  0x03, 0xe9, 0xfd, 0xe7, 0x03, 0xe7, 0xfd, 0xe6, 0x02, 0xe6, 0x00, 0xe6,
  0xff, 0xe4, 0x01, 0xe4, 0xff, 0xe3, 0x01, 0xe3, 0xff, 0xe1, 0x02, 0xe2,
  0xfe, 0xe1, 0x00, 0xe1, 0x02, 0xe1, 0xfd, 0xdf, 0x03, 0xe0, 0xfe, 0xdf,
  0x01, 0xdf, 0xff, 0xde, 0x01, 0xdf, 0xff, 0xde, 0x01, 0xde, 0xff, 0xdd,
  0x01, 0xde, 0xfe, 0xdd, 0x02, 0xde, 0xff, 0xdd, 0x00, 0xde, 0x01, 0xde,
  0xfe, 0xdd, 0x02, 0xde, 0xff, 0xdd, 0x00, 0xde, 0x00, 0xde, 0x00, 0xde,
  0x00, 0xde, 0x01, 0xde, 0xff, 0xdd, 0x00, 0xde, 0x00, 0xde, 0x00, 0xdf,
  0x00, 0xdf, 0x00, 0xdf, 0x00, 0xdf, 0x00, 0xdf, 0x00, 0xe0, 0x00, 0xe0,
  0x00, 0xe0, 0x00, 0xe0, 0x01, 0xe1, 0xfe, 0xe0, 0x02, 0xe1, 0xff, 0xe0,
  0x01, 0xe2, 0xff, 0xe1, 0x00, 0xe2, 0x01, 0xe3, 0xfe, 0xe2, 0x04, 0xe3,
  0xfb, 0xe2, 0x04, 0xe4, 0xfd, 0xe3, 0x02, 0xe5, 0x00, 0xe5, 0xff, 0xe4,
  0x01, 0xe6, 0xff, 0xe5, 0x00, 0xe7, 0x01, 0xe7, 0x00, 0xe8, 0xff, 0xe7,
  0x01, 0xe9, 0xff, 0xe9, 0x00, 0xea, 0x02, 0xeb, 0xfe, 0xeb, 0x01, 0xec,
  0xff, 0xec, 0x01, 0xee, 0x00, 0xef, 0x00, 0xf0, 0x00, 0xf0, 0xff, 0xf0,
  0x02, 0xf2, 0xfe, 0xf2, 0x02, 0xf4, 0xfe, 0xf4, 0x02, 0xf6, 0xff, 0xf6,
  0x00, 0xf8, 0x00, 0xf9, 0x00, 0xfa, 0x01, 0xfb, 0xfe, 0xfb, 0x02, 0xfd,
  0xfe, 0xfd, 0x02, 0xff, 0xff, 0x00, 0x00, 0x02, 0x00, 0x03, 0x00, 0x04,
  0x00, 0x05, 0x00, 0x06, 0x00, 0x07, 0x00, 0x08, 0x00, 0x09, 0x00, 0x0a,
  0xff, 0x0a, 0x02, 0x0c, 0xfe, 0x0c, 0x02, 0x0e, 0xfe, 0x0e, 0x01, 0x10,
  0xff, 0x10, 0x02, 0x12, 0xfd, 0x12, 0x03, 0x14, 0xfe, 0x14, 0x00, 0x15,
  0x01, 0x16, 0xff, 0x16, 0x00, 0x17, 0x01, 0x18, 0xfe, 0x18, 0x03, 0x1a,
  0xfd, 0x19, 0x02, 0x1b, 0xff, 0x1a, 0x00, 0x1c, 0x01, 0x1c, 0xff, 0x1c,
  0x00, 0x1d, 0x01, 0x1d, 0xff, 0x1d, 0x01, 0x1e, 0xff, 0x1e, 0x01, 0x1f,
  0xff, 0x1e, 0x01, 0x1f, 0xff, 0x1f, 0x01, 0x20, 0x00, 0x20, 0xff, 0x1f,
  0x01, 0x20, 0xff, 0x1f, 0x01, 0x20, 0x00, 0x20, 0xfe, 0x1f, 0x02, 0x21,
  0x00, 0x21, 0xff, 0x20, 0x01, 0x21, 0xfe, 0x20, 0x02, 0x20, 0xff, 0x1f,
  0x00, 0x20, 0x01, 0x20, 0xfd, 0x1f, 0x04, 0x20, 0xfd, 0x1f, 0x01, 0x20,
  0x01, 0x20, 0xfe, 0x1e, 0x01, 0x1f, 0x00, 0x1f, 0x01, 0x1f, 0xfe, 0x1e,
  0x03, 0x1e, 0xfb, 0x1d, 0x05, 0x1e, 0xfc, 0x1d, 0x03, 0x1d, 0xff, 0x1c,
  0xff, 0x1c, 0x01, 0x1c, 0x00, 0x1c, 0xff, 0x1a, 0x02, 0x1b, 0xfe, 0x1a,
  0x01, 0x1a, 0x00, 0x1a, 0x00, 0x19, 0x00, 0x18, 0x00, 0x18, 0x00, 0x18,
  0x00, 0x17, 0x00, 0x16, 0x00, 0x16, 0x01, 0x15, 0xfe, 0x13, 0x02, 0x14,
  0xff, 0x12, 0x00, 0x12, 0x01, 0x11, 0xfe, 0x0f, 0x02, 0x10, 0xff, 0x0e,
  0x00, 0x0e, 0x01, 0x0d, 0xfe, 0x0b, 0x02, 0x0b, 0xff, 0x09, 0xff, 0x08,
  0x02, 0x08, 0xff, 0x06, 0x00, 0x05, 0x01, 0x04, 0xfe, 0x02, 0x01, 0x02,
  0x00, 0x01, 0x01, 0x00, 0xfe, 0xfe, 0x03, 0xfe, 0xfc, 0xfb, 0x04, 0xfb,
  0xfc, 0xf9, 0x04, 0xf9, 0xfc, 0xf7, 0x04, 0xf6, 0xfc, 0xf4, 0x04, 0xf4,
  0xfc, 0xf2, 0x04, 0xf2, 0xfd, 0xf0, 0x01, 0xf0, 0x01, 0xef, 0xfe, 0xed,
  0x02, 0xed, 0xff, 0xec, 0xff, 0xeb, 0x02, 0xeb, 0xfe, 0xe9, 0x02, 0xe9,
  0xfd, 0xe7, 0x04, 0xe8, 0xfb, 0xe6, 0x05, 0xe7, 0xfc, 0xe5, 0x02, 0xe5,
  0xff, 0xe4, 0x01, 0xe4, 0xff, 0xe2, 0x02, 0xe3, 0xfd, 0xe2, 0x03, 0xe2,
  0xfd, 0xe1, 0x03, 0xe1, 0xfe, 0xe0, 0x01, 0xe0, 0xff, 0xdf, 0x01, 0xe0,
  0xff, 0xdf, 0x00, 0xdf, 0x01, 0xdf, 0xff, 0xde, 0x00, 0xdf, 0x01, 0xdf,
  0xfe, 0xdd, 0x02, 0xde, 0xff, 0xdd, 0x00, 0xde, 0x01, 0xde, 0xff, 0xdd,
  0x00, 0xde, 0x00, 0xde, 0x01, 0xde, 0xfe, 0xdd, 0x03, 0xde, 0xfc, 0xdd,
  0x04, 0xde, 0xfd, 0xdd, 0x02, 0xde, 0xff, 0xdd, 0xff, 0xdd, 0x02, 0xde,
  0xfe, 0xdd, 0x02, 0xdf, 0xfe, 0xde, 0x01, 0xdf, 0x00, 0xdf, 0x00, 0xdf,
  0x00, 0xdf, 0x00, 0xe0, 0xff, 0xdf, 0x03, 0xe0, 0xfc, 0xe0, 0x04, 0xe1,
  0xfd, 0xe0, 0x01, 0xe1, 0x00, 0xe1, 0x01, 0xe2, 0xfe, 0xe1, 0x02, 0xe2,
  0xff, 0xe1, 0x00, 0xe3, 0x00, 0xe3, 0x01, 0xe3, 0xfd, 0xe3, 0x04, 0xe4,
  0xfe, 0xe3, 0x00, 0xe5, 0x01, 0xe5, 0xfe, 0xe5, 0x01, 0xe6, 0x01, 0xe6,
  0xfe, 0xe6, 0x02, 0xe8, 0xff, 0xe7, 0x00, 0xe9, 0x00, 0xe9, 0x00, 0xea,
  0xff, 0xe9, 0x02, 0xeb, 0xfe, 0xeb, 0x01, 0xec, 0x00, 0xed, 0xfe, 0xed,
  0x04, 0xef, 0xfb, 0xee, 0x05, 0xf0, 0xfc, 0xf0, 0x03, 0xf2, 0xfe, 0xf2,
  0x01, 0xf4, 0x00, 0xf4, 0x00, 0xf5, 0x00, 0xf6, 0x00, 0xf7, 0xff, 0xf7,
  0x02, 0xf9, 0xfe, 0xf9, 0x02, 0xfb, 0xfe, 0xfb, 0x02, 0xfd, 0xfe, 0xfd,
  0x02, 0xff, 0xfe, 0xff, 0x02, 0x01, 0xfe, 0x02, 0x02, 0x04, 0xfe, 0x04,
  0x02, 0x06, 0xff, 0x06, 0xff, 0x07, 0x01, 0x09, 0x00, 0x0a, 0xff, 0x0a,
  0x02, 0x0c, 0xfe, 0x0c, 0x01, 0x0e, 0xff, 0x0e, 0x01, 0x10, 0x00, 0x11,
  0xff, 0x11, 0x02, 0x13, 0xfd, 0x13, 0x03, 0x14, 0xff, 0x14, 0xff, 0x15,
  0x02, 0x17, 0xfd, 0x16, 0x03, 0x18, 0xfe, 0x17, 0x01, 0x19, 0x00, 0x1a,
  0xff, 0x19, 0x02, 0x1b, 0xfe, 0x1b, 0x01, 0x1c, 0x01, 0x1d, 0xfd, 0x1c,
  0x05, 0x1d, 0xfb, 0x1d, 0x03, 0x1e, 0x00, 0x1f, 0xfe, 0x1e, 0x03, 0x1f,
  0xfd, 0x1e, 0x02, 0x20, 0xff, 0x1f, 0x01, 0x20, 0xfe, 0x20, 0x02, 0x21,
  0xff, 0x20, 0x00, 0x21, 0x01, 0x21, 0xfe, 0x20, 0x02, 0x21, 0xfe, 0x20,
  0x01, 0x21, 0x01, 0x21, 0xfe, 0x20, 0x02, 0x21, 0xfd, 0x20, 0x03, 0x21,
  0xff, 0x20, 0x00, 0x21, 0x00, 0x21, 0xff, 0x20, 0x01, 0x20, 0x00, 0x20,
  0x00, 0x20, 0x00, 0x20, 0x00, 0x20, 0x00, 0x20, 0x00, 0x1f, 0xff, 0x1e,
  0x02, 0x1f, 0xfe, 0x1e, 0x02, 0x1f, 0xff, 0x1d, 0xff, 0x1d, 0x02, 0x1e,
  0xfe, 0x1c, 0x01, 0x1d, 0x01, 0x1d, 0xfd, 0x1c, 0x04, 0x1d, 0xfc, 0x1b,
  0x03, 0x1c, 0xfe, 0x1a, 0x01, 0x1b, 0x00, 0x1b, 0xff, 0x19, 0x01, 0x1a,
  0xff, 0x18, 0x00, 0x19, 0x01, 0x18, 0xff, 0x17, 0x01, 0x17, 0xff, 0x16,
  0x00, 0x16, 0x01, 0x16, 0xff, 0x14, 0x01, 0x14, 0xff, 0x13, 0x01, 0x13,
  0xff, 0x11, 0x01, 0x11, 0x00, 0x10, 0xff, 0x0f, 0x02, 0x0f, 0xfd, 0x0d,
  0x03, 0x0d, 0xfe, 0x0b, 0x01, 0x0b, 0x01, 0x0a, 0xfe, 0x08, 0x02, 0x08,
  0xfe, 0x06, 0x02, 0x06, 0xfe, 0x04, 0x03, 0x04, 0xfc, 0x02, 0x04, 0x01,
  0xfd, 0xff, 0x02, 0xff, 0xff, 0xfd, 0x00, 0xfd, 0x01, 0xfb, 0xff, 0xf9,
  0x00, 0xf9, 0x01, 0xf8, 0xff, 0xf6, 0x01, 0xf6, 0xff, 0xf4, 0x00, 0xf4,
  0x01, 0xf3, 0xff, 0xf1, 0x01, 0xf1, 0xfe, 0xef, 0x02, 0xef, 0xfe, 0xed,
  0x02, 0xed, 0xff, 0xeb, 0xff, 0xea, 0x03, 0xea, 0xfc, 0xe9, 0x03, 0xe9,
  0xff, 0xe7, 0x00, 0xe7, 0x00, 0xe7, 0x00, 0xe6, 0x00, 0xe5, 0x00, 0xe4,
  0x01, 0xe4, 0xfe, 0xe2, 0x02, 0xe3, 0xff, 0xe2, 0x00, 0xe2, 0x01, 0xe2,
  0xff, 0xe0, 0x00, 0xe1, 0x01, 0xe0, 0xff, 0xdf, 0x01, 0xe0, 0xff, 0xde,
  0x01, 0xdf, 0xff, 0xde, 0x01, 0xdf, 0xff, 0xde, 0x01, 0xdf, 0xfe, 0xdd,
  0x04, 0xde, 0xfb, 0xdd, 0x05, 0xde, 0xfc, 0xdd, 0x02, 0xde, 0x00, 0xde,
  0xff, 0xdd, 0x01, 0xde, 0xff, 0xdd, 0x02, 0xde, 0xfe, 0xdd, 0x02, 0xde,
  0xfe, 0xde, 0x01, 0xdf, 0x00, 0xdf, 0x00, 0xdf, 0x00, 0xdf, 0x00, 0xdf,
  0x00, 0xdf, 0x00, 0xe0, 0x00, 0xe0, 0xff, 0xdf, 0x03, 0xe0, 0xfc, 0xdf,
  0x03, 0xe1, 0xfe, 0xe0, 0x01, 0xe1, 0x01, 0xe1, 0xfe, 0xe1, 0x01, 0xe2,
  0x00, 0xe2, 0x00, 0xe2, 0x00, 0xe3, 0x00, 0xe3, 0x00, 0xe3, 0x01, 0xe4,
  0xfe, 0xe3, 0x02, 0xe4, 0xfe, 0xe4, 0x02, 0xe5, 0xff, 0xe5, 0x00, 0xe6,
  0xff, 0xe6, 0x02, 0xe7, 0xfe, 0xe6, 0x01, 0xe8, 0x00, 0xe9, 0xff, 0xe8,
  0x01, 0xea, 0x01, 0xeb, 0xfd, 0xea, 0x04, 0xec, 0xfb, 0xeb, 0x04, 0xed,
  0xff, 0xed, 0xff, 0xee, 0x03, 0xef, 0xfc, 0xef, 0x02, 0xf1, 0xff, 0xf1,
  0x02, 0xf3, 0xfe, 0xf3, 0x01, 0xf5, 0xff, 0xf5, 0x00, 0xf7, 0x01, 0xf8,
  0xff, 0xf8, 0x01, 0xfa, 0xff, 0xfa, 0x00, 0xfc, 0x00, 0xfd, 0x00, 0xfe,
  0x02, 0xff, 0xfd, 0xff, 0x02, 0x01, 0xff, 0x01, 0x00, 0x03, 0x01, 0x04,
  0xff, 0x04, 0x00, 0x06, 0x01, 0x07, 0xff, 0x07, 0x01, 0x09, 0xfe, 0x0a,
  0x03, 0x0c, 0xfd, 0x0c, 0x02, 0x0e, 0x00, 0x0e, 0xfe, 0x0e, 0x04, 0x10,
  0xfb, 0x10, 0x04, 0x12, 0xfe, 0x12, 0x00, 0x14, 0x02, 0x14, 0xfe, 0x14,
  0x00, 0x16, 0x02, 0x17, 0xfd, 0x16, 0x03, 0x18, 0xfe, 0x18, 0x01, 0x19,
  0x00, 0x1a, 0x00, 0x1a, 0x00, 0x1b, 0xff, 0x1b, 0x02, 0x1c, 0xfe, 0x1c,
  0x02, 0x1d, 0xfe, 0x1d, 0x02, 0x1e, 0xfe, 0x1d, 0x02, 0x1e, 0xfe, 0x1e,
  0x02, 0x1f, 0xff, 0x1e, 0x00, 0x20, 0xff, 0x1f, 0x03, 0x20, 0xfd, 0x1f,
  0x02, 0x20, 0xfe, 0x20, 0x01, 0x21, 0x00, 0x21, 0x01, 0x21, 0xff, 0x20,
  0xff, 0x20, 0x03, 0x21, 0xfc, 0x20, 0x04, 0x21, 0xfd, 0x20, 0x01, 0x21,
  0x01, 0x21, 0xfe, 0x20, 0x03, 0x21, 0xfd, 0x20, 0x01, 0x21, 0x00, 0x20,
  0x00, 0x20, 0x00, 0x20, 0x00, 0x20, 0x00, 0x20, 0x00, 0x20, 0x00, 0x1f,
  0x00, 0x1f, 0xff, 0x1e, 0x02, 0x1f, 0xfe, 0x1e, 0x02, 0x1e, 0xfd, 0x1d,
  0x04, 0x1e, 0xfc, 0x1c, 0x03, 0x1d, 0xff, 0x1c, 0xff, 0x1c, 0x02, 0x1c,
  0xfe, 0x1b, 0x01, 0x1c, 0x01, 0x1b, 0xfe, 0x1a, 0x02, 0x1a, 0xfe, 0x19,
  0x02, 0x1a, 0xfe, 0x18, 0x01, 0x19, 0x00, 0x18, 0x00, 0x18, 0x00, 0x17,
  0x00, 0x17, 0xff, 0x15, 0x01, 0x16, 0x00, 0x15, 0x00, 0x14, 0xff, 0x12,
  0x02, 0x13, 0xfe, 0x11, 0x01, 0x12, 0x00, 0x11, 0xff, 0x0f, 0x02, 0x0f,
  0xfe, 0x0d, 0x01, 0x0e, 0xff, 0x0c, 0x01, 0x0c, 0x00, 0x0b, 0x00, 0x0a,
  0x00, 0x09, 0xff, 0x07, 0x01, 0x07, 0x00, 0x06, 0x00, 0x05, 0x00, 0x04,
  0x00, 0x03, 0x00, 0x02, 0x00, 0x01, 0x00, 0x00, 0x00, 0xff, 0x00, 0xfe,
  0x00, 0xfc, 0x00, 0xfb, 0x00, 0xfa, 0x00, 0xf9, 0x00, 0xf9, 0xff, 0xf7,
  0x01, 0xf6, 0xff, 0xf4, 0x02, 0xf4, 0xfd, 0xf2, 0x03, 0xf2, 0xfd, 0xf0,
  0x02, 0xf0, 0x00, 0xef, 0xff, 0xed, 0x01, 0xed, 0x00, 0xed, 0xff, 0xeb,
  0x02, 0xeb, 0xfd, 0xe9, 0x03, 0xea, 0xfe, 0xe8, 0x02, 0xe8, 0xfe, 0xe6,
  0x01, 0xe7, 0x00, 0xe6, 0x00, 0xe5, 0x00, 0xe5, 0x00, 0xe4, 0x00, 0xe3,
  0x00, 0xe3, 0x01, 0xe3, 0xfe, 0xe1, 0x02, 0xe2, 0xfe, 0xe0, 0x02, 0xe1,
  0xff, 0xdf, 0x00, 0xe0, 0x00, 0xe0, 0x00, 0xdf, 0x00, 0xdf, 0x00, 0xdf,
  0x00, 0xdf, 0x01, 0xdf, 0xfe, 0xdd, 0x02, 0xde, 0xfe, 0xdd, 0x01, 0xde,
  0x02, 0xde, 0xfc, 0xdd, 0x05, 0xde, 0xfb, 0xdd, 0x03, 0xde, 0x00, 0xde,
  0xfe, 0xdd, 0x03, 0xde, 0xfd, 0xdd, 0x03, 0xde, 0xfd, 0xde, 0x03, 0xdf,
  0xfd, 0xde, 0x02, 0xdf, 0x00, 0xdf, 0xff, 0xde, 0x01, 0xdf, 0xff, 0xdf,
  0x01, 0xe0, 0xfe, 0xdf, 0x04, 0xe0, 0xfa, 0xe0, 0x07, 0xe1, 0xfa, 0xe0,
  0x03, 0xe1, 0xff, 0xe1, 0x00, 0xe2, 0x01, 0xe2, 0xff, 0xe2, 0x01, 0xe3,
  0xfe, 0xe2, 0x02, 0xe4, 0xfe, 0xe3, 0x03, 0xe4, 0xfe, 0xe4, 0x00, 0xe5,
  0x00, 0xe6, 0x00, 0xe6, 0x01, 0xe7, 0xff, 0xe6, 0x01, 0xe8, 0xfd, 0xe7,
  0x05, 0xe9, 0xfb, 0xe8, 0x04, 0xea, 0xfd, 0xe9, 0x02, 0xeb, 0xff, 0xeb,
  0x00, 0xed, 0x00, 0xed, 0x00, 0xee, 0x01, 0xef, 0xfe, 0xef, 0x02, 0xf0,
  0xfe, 0xf0, 0x02, 0xf2, 0xff, 0xf2, 0x00, 0xf4, 0x00, 0xf5, 0x00, 0xf6,
  0x01, 0xf7, 0xff, 0xf7, 0x01, 0xf9, 0xff, 0xf9, 0x01, 0xfb, 0xff, 0xfb,
  0x01, 0xfd, 0xff, 0xfd, 0x01, 0xff, 0x00, 0x00, 0x00, 0x01, 0xff, 0x01,
  0x01, 0x04, 0xff, 0x04, 0x02, 0x06, 0xfe, 0x06, 0x02, 0x08, 0xfe, 0x08,
  0x02, 0x0a, 0xff, 0x0a, 0x00, 0x0c, 0x00, 0x0d, 0x00, 0x0e, 0x01, 0x0f,
  0xff, 0x0f, 0x01, 0x11, 0xfe, 0x11, 0x03, 0x13, 0xfd, 0x12, 0x02, 0x14,
  0xff, 0x14, 0x00, 0x16, 0x01, 0x17, 0xff, 0x16, 0x00, 0x18, 0x01, 0x19,
  0xff, 0x18, 0x00, 0x1a, 0x00, 0x1a, 0x01, 0x1b, 0xff, 0x1b, 0x01, 0x1c,
  0xfe, 0x1c, 0x02, 0x1d, 0xff, 0x1c, 0x01, 0x1e, 0xff, 0x1d, 0x01, 0x1f,
  0xff, 0x1e, 0x01, 0x1f, 0xff, 0x1e, 0x00, 0x1f, 0x01, 0x20, 0xff, 0x1f,
  0x01, 0x20, 0xff, 0x1f, 0x00, 0x20, 0x00, 0x21, 0x00, 0x21, 0x00, 0x21,
  0x00, 0x21, 0x00, 0x21, 0x00, 0x21, 0x00, 0x21, 0xff, 0x20, 0x02, 0x20,
  0xfd, 0x1f, 0x04, 0x20, 0xfc, 0x1f, 0x03, 0x20, 0xfe, 0x1f, 0x01, 0x20,
  0x00, 0x20, 0xff, 0x1f, 0x02, 0x1f, 0xfe, 0x1e, 0x01, 0x1f, 0x00, 0x1f,
  0xff, 0x1e, 0x01, 0x1e, 0x00, 0x1e, 0xff, 0x1d, 0x01, 0x1e, 0x00, 0x1d,
  0xff, 0x1c, 0x01, 0x1d, 0xff, 0x1b, 0x00, 0x1c, 0x01, 0x1c, 0xff, 0x1a,
  0x01, 0x1b, 0xff, 0x1a, 0x01, 0x1a, 0xfe, 0x19, 0x03, 0x19, 0xfd, 0x18,
  0x03, 0x18, 0xfe, 0x16, 0x00, 0x17, 0x01, 0x16, 0xff, 0x15, 0x02, 0x15,
  0xfd, 0x13, 0x03, 0x13, 0xfd, 0x12, 0x02, 0x12, 0x00, 0x11, 0xff, 0x0f,
  0x01, 0x10, 0xff, 0x0e, 0x00, 0x0e, 0x01, 0x0d, 0xfe, 0x0b, 0x03, 0x0b,
  0xfd, 0x09, 0x02, 0x09, 0xfe, 0x07, 0x02, 0x07, 0xff, 0x05, 0x00, 0x05,
  0x01, 0x04, 0xfe, 0x02, 0x02, 0x01, 0xff, 0xff, 0x00, 0xff, 0x00, 0xfe,
  0x01, 0xfd, 0xfe, 0xfb, 0x02, 0xfb, 0xff, 0xf9, 0x00, 0xf9, 0x00, 0xf8,
  0x00, 0xf7, 0x00, 0xf6, 0x00, 0xf5, 0x00, 0xf3, 0xff, 0xf1, 0x02, 0xf1,
  0xfe, 0xef, 0x01, 0xef, 0xff, 0xed, 0x01, 0xee, 0x00, 0xed, 0x00, 0xec,
  0x00, 0xeb, 0x00, 0xea, 0x00, 0xe9, 0x01, 0xe9, 0xff, 0xe7, 0x01, 0xe7,
  0xff, 0xe5, 0x01, 0xe5, 0xff, 0xe4, 0x02, 0xe5, 0xfe, 0xe3, 0x01, 0xe3,
  0xff, 0xe2, 0x01, 0xe2, 0x00, 0xe2, 0xff, 0xe0, 0x01, 0xe1, 0x00, 0xe1,
  0xff, 0xdf, 0x02, 0xe0, 0xfe, 0xdf, 0x01, 0xdf, 0x00, 0xdf, 0x00, 0xdf,
  0xff, 0xde, 0x02, 0xdf, 0xff, 0xdd, 0xff, 0xdd, 0x02, 0xde, 0xfe, 0xdd,
  0x02, 0xde, 0xfe, 0xdd, 0x02, 0xde, 0xfe, 0xdd, 0x02, 0xde, 0xff, 0xdd,
  0xff, 0xdd, 0x03, 0xde, 0xfd, 0xdd, 0x01, 0xde, 0x01, 0xde, 0xfe, 0xdd,
  0x02, 0xde, 0xff, 0xdd, 0x00, 0xde, 0x00, 0xdf, 0x00, 0xdf, 0x01, 0xdf,
  0xfe, 0xde, 0x02, 0xdf, 0xfe, 0xde, 0x02, 0xe0, 0xff, 0xdf, 0x01, 0xe0,
  0xfe, 0xdf, 0x02, 0xe1, 0xfe, 0xe0, 0x02, 0xe1, 0xff, 0xe0, 0x00, 0xe2,
  0x00, 0xe2, 0x00, 0xe2, 0x00, 0xe2, 0xff, 0xe1, 0x02, 0xe3, 0xfe, 0xe2,
  0x02, 0xe3, 0xfe, 0xe3, 0x01, 0xe4, 0x00, 0xe4, 0x00, 0xe5, 0xff, 0xe4,
  0x02, 0xe5, 0xfd, 0xe5, 0x04, 0xe7, 0xfc, 0xe6, 0x04, 0xe7, 0xfb, 0xe7,
  0x05, 0xe9, 0xfc, 0xe8, 0x04, 0xea, 0xfd, 0xe9, 0x01, 0xeb, 0x00, 0xec,
  0xff, 0xeb, 0x02, 0xed, 0xfe, 0xed, 0x01, 0xef, 0x00, 0xef, 0x00, 0xf0,
  0xff, 0xf0, 0x02, 0xf2, 0xfd, 0xf2, 0x04, 0xf4, 0xfc, 0xf4, 0x04, 0xf5,
  0xfc, 0xf5, 0x03, 0xf7, 0xfe, 0xf7, 0x01, 0xf9, 0x01, 0xfa, 0xff, 0xfa,
  0x00, 0xfc, 0x00, 0xfd, 0x00, 0xfe, 0x00, 0xff, 0x01, 0x00, 0xff, 0x01,
  0x00, 0x03, 0x00, 0x04, 0x00, 0x05, 0x00, 0x06, 0x00, 0x07, 0x00, 0x08,
  0x00, 0x09, 0x00, 0x0a, 0x01, 0x0b, 0xfd, 0x0b, 0x04, 0x0d, 0xfd, 0x0d,
  0x01, 0x0f, 0x01, 0x10, 0xfd, 0x10, 0x04, 0x12, 0xfc, 0x12, 0x03, 0x13,
  0xff, 0x13, 0xff, 0x14, 0x02, 0x16, 0xfd, 0x16, 0x03, 0x17, 0xfe, 0x17,
  0x01, 0x19, 0x00, 0x19, 0xff, 0x19, 0x02, 0x1a, 0xfd, 0x1a, 0x03, 0x1b,
  0xfd, 0x1b, 0x03, 0x1c, 0xfe, 0x1c, 0x01, 0x1d, 0x00, 0x1e, 0xff, 0x1d,
  0x01, 0x1e, 0xff, 0x1e, 0x02, 0x1f, 0xfe, 0x1e, 0x01, 0x20, 0x00, 0x20,
  0xff, 0x1f, 0x02, 0x20, 0xff, 0x20, 0x00, 0x21, 0xff, 0x20, 0x02, 0x21,
  0xfe, 0x20, 0x03, 0x21, 0xfd, 0x20, 0x01, 0x21, 0x00, 0x21, 0x00, 0x21,
  0x01, 0x21, 0xfe, 0x20, 0x03, 0x21, 0xfc, 0x20, 0x04, 0x21, 0xfd, 0x20,
  0x02, 0x21, 0x00, 0x21, 0xff, 0x20, 0x01, 0x20, 0xff, 0x1f, 0x01, 0x20,
  0x00, 0x20, 0xff, 0x1f, 0x01, 0x1f, 0x00, 0x1f, 0xff, 0x1e, 0x02, 0x1f,
  0xfd, 0x1e, 0x02, 0x1e, 0x00, 0x1e, 0xff, 0x1d, 0x01, 0x1e, 0x00, 0x1d,
  0xff, 0x1c, 0x01, 0x1d, 0xff, 0x1c, 0x01, 0x1c, 0xff, 0x1b, 0x02, 0x1c,
  0xfd, 0x1a, 0x02, 0x1b, 0x00, 0x1b, 0xfe, 0x1a, 0x04, 0x1a, 0xfc, 0x19,
  0x02, 0x19, 0x00, 0x19, 0xfe, 0x17, 0x03, 0x18, 0xfe, 0x16, 0x01, 0x17,
  0xff, 0x15, 0x00, 0x16, 0x01, 0x15, 0xff, 0x13, 0x01, 0x14, 0xfe, 0x12,
  0x02, 0x13, 0xff, 0x11, 0x00, 0x11, 0x01, 0x10, 0xfe, 0x0e, 0x02, 0x0f,
  0xff, 0x0d, 0xff, 0x0c, 0x02, 0x0c, 0xfe, 0x0a, 0x02, 0x0a, 0xfe, 0x08,
  0x02, 0x08, 0xfd, 0x06, 0x04, 0x06, 0xfc, 0x04, 0x04, 0x04, 0xfc, 0x01,
  0x03, 0x01, 0xfe, 0xff, 0x01, 0xff, 0x01, 0xfe, 0xfd, 0xfb, 0x04, 0xfb,
  0xfb, 0xf9, 0x05, 0xf9, 0xfc, 0xf7, 0x03, 0xf7, 0xff, 0xf4, 0xff, 0xf3,
  0x01, 0xf3, 0x00, 0xf2, 0x00, 0xf1, 0x00, 0xf0, 0x01, 0xef, 0xfe, 0xed,
  0x02, 0xed, 0xfe, 0xeb, 0x01, 0xeb, 0x00, 0xeb, 0x01, 0xea, 0xfe, 0xe8,
  0x02, 0xe8, 0xfd, 0xe6, 0x04, 0xe6, 0xfd, 0xe5, 0x02, 0xe5, 0xfe, 0xe4,
  0x01, 0xe4, 0x00, 0xe3, 0x00, 0xe3, 0x00, 0xe2, 0x00, 0xe2, 0x00, 0xe2,
  0xff, 0xe0, 0x01, 0xe1, 0x00, 0xe0, 0x00, 0xe0, 0x00, 0xe0, 0xff, 0xdf,
  0x00, 0xe0, 0x03, 0xdf, 0xfc, 0xde, 0x03, 0xdf, 0xfe, 0xde, 0x00, 0xdf,
  0x02, 0xdf, 0xfe, 0xde, 0x01, 0xdf, 0x00, 0xde, 0xfe, 0xdd, 0x03, 0xde,
  0xfe, 0xde, 0x01, 0xdf, 0xff, 0xde, 0x01, 0xdf, 0xff, 0xde, 0x01, 0xdf,
  0xff, 0xde, 0x01, 0xdf, 0x00, 0xe0, 0xff, 0xdf, 0x01, 0xe0, 0xff, 0xdf,
  0x02, 0xe0, 0xfd, 0xdf, 0x02, 0xe1, 0xff, 0xe0, 0x02, 0xe1, 0xfd, 0xe0,
  0x03, 0xe2, 0xfc, 0xe1, 0x05, 0xe2, 0xfc, 0xe2, 0x03, 0xe3, 0xfd, 0xe2,
  0x03, 0xe4, 0xfe, 0xe3, 0x01, 0xe4, 0x00, 0xe5, 0xff, 0xe4, 0x02, 0xe6,
  0xfe, 0xe5, 0x01, 0xe7, 0xff, 0xe6, 0x02, 0xe8, 0xfe, 0xe7, 0x02, 0xe9,
  0xfe, 0xe8, 0x01, 0xea, 0x01, 0xeb, 0xfe, 0xea, 0x03, 0xec, 0xfc, 0xec,
  0x04, 0xed, 0xfd, 0xed, 0x02, 0xef, 0x00, 0xf0, 0xfe, 0xf0, 0x02, 0xf1,
  0xfe, 0xf1, 0x03, 0xf3, 0xfd, 0xf3, 0x03, 0xf5, 0xfc, 0xf5, 0x04, 0xf7,
  0xfd, 0xf7, 0x03, 0xf9, 0xfc, 0xf9, 0x05, 0xfb, 0xfb, 0xfb, 0x04, 0xfd,
  0xfd, 0xfd, 0x02, 0x00, 0xff, 0x00, 0x01, 0x02, 0xff, 0x02, 0x01, 0x04,
  0xff, 0x04, 0x01, 0x06, 0xff, 0x06, 0x01, 0x08, 0x00, 0x09, 0x00, 0x0b,
  0xff, 0x0b, 0x01, 0x0d, 0xff, 0x0c, 0x01, 0x0e, 0x00, 0x0f, 0xff, 0x10,
  0x02, 0x11, 0xfd, 0x11, 0x03, 0x13, 0xfd, 0x13, 0x03, 0x15, 0xff, 0x15,
  0xff, 0x15, 0x02, 0x17, 0xfe, 0x17, 0x01, 0x18, 0x01, 0x19, 0xfd, 0x19,
  0x04, 0x1a, 0xfd, 0x1a, 0x01, 0x1b, 0x01, 0x1c, 0xfd, 0x1b, 0x04, 0x1d,
  0xfc, 0x1c, 0x03, 0x1e, 0xff, 0x1d, 0xff, 0x1e, 0x02, 0x1f, 0xfd, 0x1e,
  0x03, 0x1f, 0xfe, 0x1f, 0x01, 0x20, 0x00, 0x20, 0xff, 0x1f, 0x01, 0x20,
  0xff, 0x1f, 0x01, 0x21, 0x00, 0x21, 0xff, 0x20, 0x01, 0x21, 0x00, 0x21,
  0xff, 0x20, 0x02, 0x21, 0xfe, 0x20, 0x01, 0x21, 0x00, 0x21, 0x00, 0x21,
  0xff, 0x1f, 0x02, 0x20, 0xfe, 0x1f, 0x01, 0x20, 0x01, 0x20, 0xfc, 0x1f,
  0x06, 0x20, 0xfa, 0x1f, 0x04, 0x20, 0xff, 0x1e, 0xff, 0x1e, 0x01, 0x1f,
  0x00, 0x1f, 0xff, 0x1d, 0x02, 0x1e, 0xfe, 0x1d, 0x01, 0x1e, 0x00, 0x1d,
  0xff, 0x1c, 0x01, 0x1d, 0xff, 0x1c, 0x02, 0x1c, 0xfe, 0x1b, 0x02, 0x1c,
  0xfd, 0x1a, 0x03, 0x1b, 0xfe, 0x1a, 0x02, 0x1a, 0xff, 0x19, 0x00, 0x19,
  0x00, 0x19, 0x00, 0x18, 0x00, 0x18, 0x00, 0x17, 0x01, 0x16, 0xff, 0x15,
  0x00, 0x15, 0x01, 0x14, 0xfe, 0x13, 0x03, 0x13, 0xfd, 0x11, 0x03, 0x12,
  0xfe, 0x10, 0x00, 0x10, 0x02, 0x0f, 0xfd, 0x0d, 0x02, 0x0d, 0xff, 0x0b,
  0x01, 0x0c, 0xff, 0x0a, 0x01, 0x0a, 0xfe, 0x07, 0x03, 0x08, 0xfd, 0x06,
  0x02, 0x06, 0xff, 0x04, 0x00, 0x03, 0x02, 0x02, 0xfd, 0x00, 0x02, 0x00,
  0xff, 0xfe, 0x00, 0xfe, 0x01, 0xfd, 0xff, 0xfb, 0x01, 0xfb, 0xfe, 0xf8,
  0x02, 0xf8, 0xfe, 0xf6, 0x03, 0xf6, 0xfd, 0xf4, 0x02, 0xf4, 0xfe, 0xf2,
  0x01, 0xf2, 0x00, 0xf1, 0x00, 0xf0, 0x00, 0xef, 0x00, 0xee, 0x00, 0xed,
  0xff, 0xeb, 0x02, 0xeb, 0xfe, 0xea, 0x01, 0xea, 0x00, 0xe9, 0x00, 0xe8,
  0x00, 0xe8, 0x00, 0xe7, 0xff, 0xe5, 0x02, 0xe5, 0xfe, 0xe4, 0x03, 0xe4,
  0xfc, 0xe2, 0x04, 0xe3, 0xfc, 0xe2, 0x04, 0xe2, 0xfd, 0xe0, 0x02, 0xe1,
  0xfe, 0xe0, 0x02, 0xe0, 0xfe, 0xdf, 0x02, 0xe0, 0xff, 0xde, 0xff, 0xde,
  0x03, 0xdf, 0xfb, 0xde, 0x06, 0xde, 0xfc, 0xdd, 0x01, 0xde, 0x01, 0xde,
  0xff, 0xdd, 0x00, 0xdd, 0x01, 0xdd, 0xfe, 0xdd, 0x03, 0xdd, 0xfd, 0xdc,
  0x04, 0xdd, 0xfb, 0xdc, 0x04, 0xde, 0xfe, 0xdd, 0x00, 0xde, 0x03, 0xde,
  0xfc, 0xdd, 0x03, 0xde, 0xfe, 0xdd, 0x01, 0xde, 0x00, 0xde, 0x00, 0xde,
  0xff, 0xde, 0x02, 0xdf, 0xfd, 0xde, 0x03, 0xdf, 0xfe, 0xde, 0x00, 0xe0,
  0x02, 0xe0, 0xfd, 0xdf, 0x03, 0xe0, 0xfd, 0xdf, 0x02, 0xe1, 0xff, 0xe0,
  0x01, 0xe2, 0xff, 0xe1, 0x01, 0xe2, 0xfe, 0xe1, 0x02, 0xe2, 0xfe, 0xe2,
  0x02, 0xe3, 0xff, 0xe2, 0x00, 0xe4, 0x00, 0xe4, 0x00, 0xe4, 0xff, 0xe4,
  0x03, 0xe5, 0xfc, 0xe4, 0x03, 0xe6, 0xff, 0xe5, 0xff, 0xe6, 0x02, 0xe7,
  0xfe, 0xe7, 0x01, 0xe8, 0x00, 0xe9, 0x00, 0xe9, 0x00, 0xea, 0x00, 0xeb,
  0x00, 0xeb, 0x00, 0xec, 0x00, 0xed, 0x00, 0xed, 0x00, 0xee, 0x00, 0xef,
  0x00, 0xf0, 0x00, 0xf0, 0x00, 0xf1, 0x00, 0xf2, 0x00, 0xf3, 0xff, 0xf3,
  0x02, 0xf5, 0xfe, 0xf5, 0x02, 0xf7, 0xff, 0xf7, 0xff, 0xf8, 0x02, 0xfa,
  0xfe, 0xfa, 0x01, 0xfb, 0x01, 0xfd, 0xfe, 0xfd, 0x02, 0xff, 0xfe, 0xff,
  0x01, 0x01, 0x00, 0x02, 0x00, 0x03, 0x00, 0x04, 0xff, 0x04, 0x02, 0x06,
  0xfd, 0x06, 0x03, 0x08, 0xfe, 0x08, 0x01, 0x0b, 0xff, 0x0b, 0x02, 0x0c,
  0xfd, 0x0c, 0x04, 0x0e, 0xfd, 0x0e, 0x00, 0x10, 0x03, 0x11, 0xfc, 0x11,
  0x04, 0x13, 0xfe, 0x13, 0xff, 0x14, 0x02, 0x15, 0xff, 0x15, 0x00, 0x17,
  0x01, 0x18, 0xfe, 0x17, 0x02, 0x19, 0xfe, 0x18, 0x03, 0x1a, 0xfd, 0x1a,
  0x02, 0x1b, 0xfe, 0x1b, 0x02, 0x1c, 0xfe, 0x1b, 0x03, 0x1d, 0xfc, 0x1c,
  0x04, 0x1e, 0xfc, 0x1d, 0x03, 0x1e, 0xff, 0x1e, 0xff, 0x1e, 0x03, 0x1f,
  0xfc, 0x1f, 0x03, 0x20, 0xff, 0x1f, 0x00, 0x20, 0x01, 0x20, 0xff, 0x20,
  0x00, 0x21, 0x01, 0x21, 0xff, 0x20, 0x00, 0x21, 0x01, 0x21, 0xff, 0x20,
  0x01, 0x21, 0xff, 0x20, 0x00, 0x21, 0x01, 0x21, 0xff, 0x20, 0x02, 0x21,
  0xfd, 0x20, 0x02, 0x21, 0x00, 0x21, 0xff, 0x20, 0x01, 0x21, 0xff, 0x1f,
  0x01, 0x20, 0xff, 0x1f, 0x01, 0x20, 0xff, 0x1f, 0x00, 0x1f, 0x01, 0x1f,
  0xff, 0x1e, 0x00, 0x1f, 0x01, 0x1e, 0xfe, 0x1d, 0x02, 0x1e, 0xff, 0x1d,
  0x00, 0x1e, 0x00, 0x1d, 0x00, 0x1d, 0x00, 0x1d, 0x01, 0x1d, 0xff, 0x1b,
  0x00, 0x1c, 0x01, 0x1c, 0xfe, 0x1a, 0x02, 0x1b, 0xff, 0x1a, 0x01, 0x1a,
  0xff, 0x19, 0x00, 0x19, 0x00, 0x19, 0x00, 0x18, 0x01, 0x18, 0xff, 0x16,
  0x01, 0x16, 0xfe, 0x15, 0x03, 0x15, 0xfd, 0x13, 0x02, 0x14, 0x00, 0x13,
  0xfe, 0x11, 0x03, 0x11, 0xfd, 0x10, 0x01, 0x10, 0x01, 0x0f, 0xfe, 0x0d,
  0x02, 0x0d, 0xfe, 0x0b, 0x01, 0x0b, 0xff, 0x09, 0x01, 0x09, 0x00, 0x08,
  0xfe, 0x05, 0x04, 0x05, 0xfa, 0x03, 0x06, 0x03, 0xfc, 0x01, 0x01, 0x01,
  0x01, 0x00, 0xfe, 0xfe, 0x03, 0xfd, 0xfc, 0xfb, 0x04, 0xfb, 0xfc, 0xf9,
  0x04, 0xf9, 0xfd, 0xf7, 0x02, 0xf7, 0xff, 0xf4, 0x00, 0xf4, 0x00, 0xf3,
  0x01, 0xf2, 0xff, 0xf0, 0x02, 0xf0, 0xfd, 0xee, 0x03, 0xee, 0xfd, 0xec,
  0x04, 0xec, 0xfc, 0xea, 0x04, 0xea, 0xfc, 0xe9, 0x02, 0xe9, 0x00, 0xe8,
  0x00, 0xe7, 0x00, 0xe7, 0x00, 0xe6, 0xff, 0xe4, 0x01, 0xe5, 0x00, 0xe4,
  0x00, 0xe3, 0x00, 0xe3, 0x00, 0xe3, 0x00, 0xe2, 0x00, 0xe2, 0xff, 0xe0,
  0x02, 0xe1, 0xfe, 0xe0, 0x02, 0xe0, 0xfe, 0xdf, 0x01, 0xe0, 0x00, 0xe0,
  0x00, 0xdf, 0x00, 0xdf, 0x00, 0xdf, 0xff, 0xde, 0x02, 0xdf, 0xfe, 0xde,
  0x01, 0xdf, 0x00, 0xdf, 0xff, 0xde, 0x01, 0xdf, 0xff, 0xde, 0x01, 0xdf,
  0x00, 0xdf, 0xff, 0xde, 0x01, 0xdf, 0xff, 0xde, 0x01, 0xdf, 0xff, 0xde,
  0x01, 0xdf, 0xff, 0xde, 0x01, 0xe0, 0xff, 0xdf, 0x01, 0xe0, 0xff, 0xdf,
  0x01, 0xe0, 0xff, 0xdf, 0x01, 0xe1, 0x00, 0xe1, 0x00, 0xe1, 0xff, 0xe0,
  0x02, 0xe2, 0xfd, 0xe1, 0x03, 0xe2, 0xfe, 0xe1, 0x02, 0xe3, 0xfe, 0xe2,
  0x01, 0xe4, 0xff, 0xe3, 0x01, 0xe4, 0x00, 0xe5, 0x00, 0xe5, 0x00, 0xe6,
  0xff, 0xe5, 0x01, 0xe7, 0x00, 0xe7, 0x00, 0xe8, 0x00, 0xe8, 0x00, 0xe9,
  0xff, 0xe8, 0x02, 0xea, 0xfe, 0xea, 0x01, 0xeb, 0x00, 0xec, 0xff, 0xec,
  0x01, 0xed, 0x00, 0xee, 0xff, 0xee, 0x02, 0xf0, 0xfc, 0xef, 0x04, 0xf1,
  0xfe, 0xf1, 0x01, 0xf3, 0x00, 0xf4, 0xfe, 0xf4, 0x03, 0xf6, 0xfd, 0xf6,
  0x02, 0xf8, 0xff, 0xf8, 0x01, 0xfa, 0x00, 0xfb, 0xfe, 0xfb, 0x02, 0xfd,
  0xff, 0xfd, 0x00, 0xff, 0x02, 0x00, 0xfd, 0x00, 0x02, 0x02, 0x00, 0x04,
  0xfe, 0x04, 0x03, 0x06, 0xfd, 0x06, 0x04, 0x08, 0xfb, 0x08, 0x06, 0x0a,
  0xf9, 0x0a, 0x07, 0x0c, 0xfb, 0x0c, 0x03, 0x0e, 0xff, 0x0e, 0xff, 0x0f,
  0x01, 0x11, 0x01, 0x12, 0xfe, 0x12, 0x01, 0x13, 0x00, 0x14, 0xff, 0x14,
  0x03, 0x16, 0xfc, 0x15, 0x03, 0x17, 0xfe, 0x17, 0x02, 0x18, 0xff, 0x18,
  0x00, 0x1a, 0x00, 0x1a, 0x01, 0x1b, 0xfe, 0x1a, 0x03, 0x1c, 0xfc, 0x1b,
  0x04, 0x1d, 0xfd, 0x1c, 0x01, 0x1e, 0x02, 0x1e, 0xfc, 0x1d, 0x04, 0x1f,
  0xfd, 0x1e, 0x01, 0x1f, 0x01, 0x1f, 0xfe, 0x1f, 0x02, 0x20, 0xff, 0x1f,
  0x00, 0x20, 0x00, 0x20, 0x00, 0x20, 0x00, 0x21, 0x00, 0x21, 0x01, 0x21,
  0xfe, 0x20, 0x02, 0x21, 0xfe, 0x20, 0x02, 0x21, 0xff, 0x20, 0x00, 0x21,
  0x00, 0x21, 0x00, 0x21, 0x00, 0x21, 0x00, 0x21, 0x00, 0x21, 0x00, 0x20,
  0x00, 0x20, 0x00, 0x20, 0x00, 0x20, 0x00, 0x20, 0x00, 0x20, 0x00, 0x20,
  0x00, 0x1f, 0x00, 0x1f, 0x00, 0x1f, 0xff, 0x1e, 0x02, 0x1f, 0xfd, 0x1e,
  0x04, 0x1e, 0xfc, 0x1d, 0x03, 0x1e, 0xfe, 0x1d, 0x01, 0x1d, 0xff, 0x1c,
  0x03, 0x1d, 0xfb, 0x1b, 0x06, 0x1c, 0xfa, 0x1b, 0x05, 0x1c, 0xfd, 0x1a,
  0x01, 0x1b, 0x00, 0x1a, 0xff, 0x19, 0x01, 0x19, 0x00, 0x19, 0x00, 0x19,
  0xff, 0x17, 0x01, 0x17, 0xff, 0x16, 0x02, 0x16, 0xfd, 0x15, 0x03, 0x15,
  0xfe, 0x14, 0x00, 0x14, 0x02, 0x13, 0xfd, 0x11, 0x03, 0x12, 0xfd, 0x10,
  0x02, 0x10, 0xfe, 0x0e, 0x03, 0x0f, 0xfd, 0x0d, 0x02, 0x0d, 0xfe, 0x0b,
  0x02, 0x0b, 0xfe, 0x09, 0x02, 0x09, 0xfe, 0x07, 0x02, 0x07, 0xfe, 0x05,
  0x01, 0x05, 0xff, 0x03, 0x02, 0x03, 0xfd, 0x01, 0x04, 0x01, 0xfb, 0xff,
  0x05, 0xff, 0xfc, 0xfd, 0x03, 0xfd, 0xfe, 0xfb, 0x01, 0xfb, 0x00, 0xf9,
  0x00, 0xf8, 0x00, 0xf7, 0xff, 0xf5, 0x02, 0xf5, 0xfd, 0xf3, 0x04, 0xf3,
  0xfd, 0xf1, 0x01, 0xf1, 0x00, 0xf0, 0xff, 0xee, 0x02, 0xee, 0xfe, 0xec,
  0x02, 0xed, 0xfe, 0xeb, 0x02, 0xeb, 0xfe, 0xe9, 0x02, 0xe9, 0xfd, 0xe7,
  0x05, 0xe8, 0xfa, 0xe6, 0x06, 0xe6, 0xfb, 0xe5, 0x03, 0xe5, 0xff, 0xe4,
  0x01, 0xe4, 0xff, 0xe2, 0x01, 0xe3, 0xfe, 0xe1, 0x02, 0xe2, 0xff, 0xe0,
  0x02, 0xe1, 0xfd, 0xe0, 0x03, 0xe0, 0xfd, 0xdf, 0x02, 0xe0, 0x00, 0xdf,
  0xfe, 0xde, 0x03, 0xdf, 0xfd, 0xde, 0x02, 0xdf, 0xff, 0xdd, 0x01, 0xde,
  0xff, 0xdd, 0x01, 0xde, 0xfe, 0xdd, 0x03, 0xde, 0xfd, 0xdd, 0x04, 0xde,
  0xfb, 0xdd, 0x04, 0xde, 0xfe, 0xdd, 0x01, 0xde, 0x00, 0xde, 0xfe, 0xdd,
  0x03, 0xdf, 0xfd, 0xde, 0x03, 0xdf, 0xfe, 0xde, 0x00, 0xdf, 0x01, 0xdf,
  0xfe, 0xde, 0x02, 0xe0, 0xff, 0xdf, 0x01, 0xe0, 0xff, 0xdf, 0x00, 0xe0,
  0x00, 0xe1, 0x00, 0xe1, 0x00, 0xe1, 0x00, 0xe1, 0x01, 0xe2, 0xfe, 0xe1,
  0x03, 0xe2, 0xfd, 0xe1, 0x01, 0xe3, 0x01, 0xe3, 0xff, 0xe2, 0x00, 0xe4,
  0x02, 0xe4, 0xfc, 0xe3, 0x05, 0xe5, 0xfb, 0xe4, 0x04, 0xe6, 0xfd, 0xe5,
  0x02, 0xe6, 0xfe, 0xe6, 0x02, 0xe7, 0xff, 0xe7, 0x00, 0xe8, 0x01, 0xe9,
  0xfe, 0xe9, 0x02, 0xea, 0xff, 0xea, 0x01, 0xec, 0xfe, 0xeb, 0x02, 0xed,
  0xff, 0xed, 0x01, 0xee, 0xff, 0xee, 0x01, 0xf0, 0xfe, 0xf0, 0x03, 0xf2,
  0xfe, 0xf2, 0x00, 0xf3, 0x01, 0xf4, 0xfe, 0xf4, 0x03, 0xf6, 0xfe, 0xf6,
  0x00, 0xf8, 0x01, 0xf9, 0xfe, 0xf9, 0x03, 0xfb, 0xfd, 0xfb, 0x02, 0xfd,
  0xff, 0xfd, 0x01, 0x00, 0xff, 0x00, 0x01, 0x02, 0xff, 0x02, 0x00, 0x04,
  0x02, 0x05, 0xfd, 0x05, 0x03, 0x07, 0xfe, 0x08, 0x01, 0x09, 0xff, 0x09,
  0x01, 0x0c, 0x00, 0x0d, 0xff, 0x0d, 0x02, 0x0f, 0xfd, 0x0f, 0x03, 0x11,
  0xfd, 0x11, 0x03, 0x12, 0xfe, 0x12, 0x01, 0x14, 0x00, 0x15, 0xfe, 0x15,
  0x03, 0x17, 0xfe, 0x16, 0x00, 0x18, 0x02, 0x19, 0xfd, 0x18, 0x02, 0x1a,
  0x00, 0x1b, 0xff, 0x1a, 0x00, 0x1c, 0x01, 0x1c, 0xff, 0x1c, 0x01, 0x1d,
  0x00, 0x1d, 0xfe, 0x1d, 0x03, 0x1e, 0xfe, 0x1d, 0x01, 0x1f, 0x00, 0x1f,
  0xfe, 0x1e, 0x04, 0x20, 0xfc, 0x1f, 0x03, 0x20, 0xfe, 0x1f, 0x00, 0x20,
  0x02, 0x21, 0xfe, 0x20, 0x01, 0x21, 0x00, 0x21, 0xfe, 0x20, 0x04, 0x21,
  0xfc, 0x20, 0x03, 0x21, 0xfe, 0x20, 0x01, 0x21, 0x00, 0x21, 0xff, 0x20,
  0x02, 0x21, 0xfd, 0x20, 0x03, 0x21, 0xfd, 0x20, 0x03, 0x20, 0xfe, 0x1f,
  0x01, 0x20, 0xff, 0x1f, 0x01, 0x20, 0x00, 0x20, 0xff, 0x1e, 0x01, 0x1f,
  0x00, 0x1f, 0xfe, 0x1e, 0x04, 0x1f, 0xfb, 0x1d, 0x04, 0x1e, 0xfe, 0x1d,
  0x00, 0x1d, 0x01, 0x1d, 0xff, 0x1c, 0x01, 0x1d, 0xff, 0x1b, 0x01, 0x1c,
  0xff, 0x1b, 0x00, 0x1b, 0x02, 0x1b, 0xfd, 0x1a, 0x03, 0x1a, 0xfe, 0x19,
  0x01, 0x1a, 0x00, 0x19, 0x00, 0x19, 0xff, 0x17, 0x01, 0x18, 0x00, 0x17,
  0xff, 0x15, 0x03, 0x16, 0xfb, 0x14, 0x04, 0x15, 0xfe, 0x13, 0x00, 0x13,
  0x02, 0x12, 0xfe, 0x11, 0x00, 0x11, 0x02, 0x10, 0xfd, 0x0e, 0x03, 0x0e,
  0xfe, 0x0c, 0x01, 0x0d, 0x00, 0x0c, 0x00, 0x0b, 0xff, 0x09, 0x02, 0x08,
  0xfd, 0x07, 0x04, 0x07, 0xfc, 0x05, 0x04, 0x04, 0xfc, 0x02, 0x04, 0x02,
  0xfd, 0x00, 0x02, 0x00, 0xfe, 0xfe, 0x01, 0xfe, 0x01, 0xfd, 0xff, 0xfb,
  0x00, 0xfb, 0x00, 0xf9, 0xff, 0xf7, 0x03, 0xf7, 0xfd, 0xf5, 0x03, 0xf5,
  0xfd, 0xf3, 0x03, 0xf3, 0xfd, 0xf1, 0x02, 0xf1, 0x00, 0xf0, 0xff, 0xee,
  0x02, 0xee, 0xfd, 0xec, 0x03, 0xec, 0xfd, 0xea, 0x03, 0xeb, 0xfd, 0xe9,
  0x03, 0xe9, 0xfd, 0xe7, 0x03, 0xe8, 0xfd, 0xe6, 0x03, 0xe6, 0xfd, 0xe4,
  0x02, 0xe5, 0xff, 0xe3, 0x01, 0xe4, 0xff, 0xe2, 0x00, 0xe3, 0x01, 0xe2,
  0xff, 0xe1, 0x01, 0xe1, 0xff, 0xe0, 0x00, 0xe1, 0x01, 0xe0, 0xff, 0xdf,
  0x01, 0xe0, 0xfe, 0xde, 0x03, 0xdf, 0xfc, 0xde, 0x04, 0xdf, 0xfd, 0xde,
  0x02, 0xdf, 0x00, 0xde, 0xfe, 0xdd, 0x02, 0xde, 0xff, 0xdd, 0x01, 0xde,
  0xff, 0xdd, 0x01, 0xde, 0xff, 0xdd, 0x00, 0xde, 0x01, 0xde, 0xfe, 0xdd,
  0x02, 0xde, 0xff, 0xdd, 0x00, 0xdf, 0x01, 0xdf, 0xff, 0xde, 0x00, 0xdf,
  0x01, 0xdf, 0xff, 0xde, 0x01, 0xdf, 0xff, 0xdf, 0x00, 0xe0, 0x02, 0xe0,
  0xfc, 0xdf, 0x05, 0xe0, 0xfa, 0xe0, 0x05, 0xe1, 0xfd, 0xe0, 0x02, 0xe1,
  0xfe, 0xe1, 0x03, 0xe2, 0xfc, 0xe1, 0x03, 0xe2, 0xff, 0xe2, 0xff, 0xe2,
  0x03, 0xe3, 0xfc, 0xe3, 0x04, 0xe4, 0xfc, 0xe3, 0x04, 0xe5, 0xfd, 0xe4,
  0x01, 0xe5, 0x01, 0xe6, 0xfe, 0xe5, 0x02, 0xe7, 0xff, 0xe6, 0x00, 0xe8,
  0x01, 0xe8, 0xfe, 0xe8, 0x03, 0xe9, 0xfc, 0xe9, 0x04, 0xea, 0xfd, 0xea,
  0x02, 0xec, 0xff, 0xeb, 0x01, 0xed, 0xfe, 0xed, 0x03, 0xee, 0xfc, 0xee,
  0x04, 0xf0, 0xfe, 0xf0, 0x01, 0xf1, 0xfe, 0xf1, 0x03, 0xf3, 0xfc, 0xf3,
  0x05, 0xf5, 0xfc, 0xf5, 0x02, 0xf7, 0x00, 0xf8, 0xfe, 0xf8, 0x03, 0xfa,
  0xfe, 0xfa, 0x01, 0xfc, 0x00, 0xfd, 0xff, 0xfc, 0x00, 0xfe, 0x02, 0xff,
  0xfd, 0xff, 0x04, 0x01, 0xfb, 0x01, 0x04, 0x03, 0xfe, 0x03, 0x00, 0x05,
  0x02, 0x07, 0xfc, 0x07, 0x04, 0x09, 0xfd, 0x09, 0x02, 0x0b, 0xff, 0x0b,
  0xff, 0x0b, 0x02, 0x0d, 0xfe, 0x0d, 0x02, 0x0f, 0xff, 0x0f, 0x00, 0x11,
  0x00, 0x12, 0x01, 0x13, 0xff, 0x13, 0x01, 0x14, 0xff, 0x14, 0x01, 0x16,
  0xff, 0x15, 0x01, 0x17, 0x00, 0x18, 0xff, 0x17, 0x02, 0x19, 0xfd, 0x19,
  0x03, 0x1a, 0xfe, 0x1a, 0x01, 0x1b, 0x01, 0x1c, 0xfe, 0x1b, 0x01, 0x1d,
  0x00, 0x1d, 0xff, 0x1c, 0x02, 0x1e, 0xff, 0x1d, 0xff, 0x1d, 0x02, 0x1f,
  0xfd, 0x1e, 0x04, 0x1f, 0xfd, 0x1e, 0x01, 0x20, 0x01, 0x20, 0xfd, 0x1f,
  0x03, 0x20, 0xfe, 0x1f, 0x02, 0x20, 0xfe, 0x20, 0x02, 0x21, 0xfc, 0x20,
  0x05, 0x21, 0xfc, 0x20, 0x03, 0x21, 0xfe, 0x20, 0x00, 0x21, 0x01, 0x21,
  0xff, 0x20, 0x01, 0x21, 0xff, 0x20, 0x00, 0x20, 0x00, 0x20, 0x01, 0x20,
  0xfe, 0x1f, 0x03, 0x20, 0xfd, 0x1f, 0x02, 0x20, 0xff, 0x1e, 0x01, 0x1f,
  0xff, 0x1e, 0x01, 0x1f, 0x00, 0x1e, 0xff, 0x1d, 0x02, 0x1e, 0xfe, 0x1d,
  0x01, 0x1d, 0xff, 0x1c, 0x02, 0x1d, 0xfe, 0x1b, 0x01, 0x1c, 0x00, 0x1c,
  0xff, 0x1a, 0x01, 0x1b, 0x00, 0x1b, 0xff, 0x19, 0x01, 0x1a, 0xff, 0x18,
  0x00, 0x19, 0x01, 0x19, 0x00, 0x18, 0xff, 0x17, 0x01, 0x17, 0xff, 0x15,
  0x01, 0x16, 0xff, 0x14, 0x01, 0x15, 0xff, 0x13, 0x01, 0x13, 0xff, 0x11,
  0x00, 0x12, 0x01, 0x11, 0xff, 0x0f, 0x01, 0x0f, 0xff, 0x0d, 0x00, 0x0d,
  0x01, 0x0c, 0x00, 0x0c, 0xff, 0x0a, 0x01, 0x0a, 0xff, 0x07, 0x00, 0x07,
  0x02, 0x06, 0xfd, 0x04, 0x02, 0x04, 0x00, 0x03, 0xfd, 0x01, 0x05, 0x01,
  0xfa, 0xff, 0x06, 0xff, 0xfb, 0xfd, 0x03, 0xfd, 0xff, 0xfa, 0x00, 0xfa,
  0x00, 0xf9, 0x00, 0xf8, 0x00, 0xf7, 0x00, 0xf6, 0x00, 0xf5, 0x01, 0xf4,
  0xfe, 0xf2, 0x03, 0xf1, 0xfc, 0xef, 0x04, 0xef, 0xfe, 0xee, 0x00, 0xee,
  0x02, 0xed, 0xfd, 0xeb, 0x02, 0xeb, 0x00, 0xea, 0xff, 0xe8, 0x01, 0xe9,
  0x00, 0xe8, 0xff, 0xe6, 0x02, 0xe6, 0xfe, 0xe5, 0x01, 0xe5, 0x00, 0xe5,
  0xff, 0xe3, 0x02, 0xe3, 0xfe, 0xe2, 0x02, 0xe3, 0xfe, 0xe1, 0x01, 0xe2,
  0xff, 0xe0, 0x02, 0xe1, 0xfe, 0xdf, 0x02, 0xe0, 0xfd, 0xdf, 0x03, 0xe0,
  0xfe, 0xdf, 0x01, 0xdf, 0x00, 0xdf, 0xff, 0xde, 0x01, 0xdf, 0xff, 0xde,
  0x01, 0xdf, 0xff, 0xde, 0x01, 0xdf, 0xff, 0xde, 0x01, 0xdf, 0xff, 0xde,
  0x01, 0xdf, 0xff, 0xde, 0x01, 0xdf, 0x00, 0xdf, 0x00, 0xdf, 0xff, 0xde,
  0x01, 0xdf, 0xff, 0xdf, 0x01, 0xe0, 0x00, 0xe0, 0x00, 0xe0, 0xfe, 0xdf,
  0x04, 0xe0, 0xfa, 0xdf, 0x07, 0xe1, 0xfa, 0xe0, 0x04, 0xe1, 0xff, 0xe0,
  0xff, 0xe1, 0x02, 0xe2, 0xfe, 0xe1, 0x01, 0xe2, 0x01, 0xe3, 0xfe, 0xe2,
  0x02, 0xe3, 0xff, 0xe3, 0xff, 0xe3, 0x03, 0xe4, 0xfc, 0xe4, 0x04, 0xe5,
  0xfd, 0xe5, 0x02, 0xe6, 0xff, 0xe6, 0x01, 0xe7, 0xfe, 0xe7, 0x03, 0xe8,
  0xfd, 0xe8, 0x03, 0xea, 0xfe, 0xe9, 0x00, 0xeb, 0x01, 0xec, 0xff, 0xeb,
  0x01, 0xed, 0xff, 0xed, 0x00, 0xef, 0x01, 0xf0, 0xff, 0xef, 0x01, 0xf1,
  0xff, 0xf1, 0x01, 0xf3, 0xfe, 0xf3, 0x03, 0xf5, 0xfd, 0xf5, 0x02, 0xf7,
  0x00, 0xf8, 0xff, 0xf8, 0x01, 0xfa, 0xff, 0xfa, 0x00, 0xfd, 0x01, 0xfe,
  0xff, 0xfe, 0x01, 0x00, 0x00, 0x01, 0xff, 0x02, 0x01, 0x04, 0xff, 0x04,
  0x00, 0x06, 0x01, 0x07, 0x00, 0x08, 0xff, 0x08, 0x01, 0x0a, 0xff, 0x0a,
  0x00, 0x0c, 0x01, 0x0d, 0xff, 0x0d, 0x01, 0x0f, 0xff, 0x0f, 0x01, 0x11,
  0xff, 0x11, 0x01, 0x13, 0xff, 0x12, 0x01, 0x14, 0xff, 0x14, 0x02, 0x16,
  0xfd, 0x16, 0x03, 0x17, 0xfd, 0x17, 0x02, 0x19, 0x00, 0x19, 0x00, 0x1a,
  0xff, 0x19, 0x01, 0x1b, 0xfe, 0x1a, 0x04, 0x1c, 0xfc, 0x1b, 0x03, 0x1d,
  0xfe, 0x1c, 0x00, 0x1d, 0x02, 0x1e, 0xfe, 0x1d, 0x01, 0x1e, 0x00, 0x1f,
  0xff, 0x1e, 0x01, 0x1f, 0x00, 0x20, 0x00, 0x20, 0xff, 0x1f, 0x01, 0x20,
  0x00, 0x20, 0x00, 0x21, 0x01, 0x21, 0xfd, 0x20, 0x03, 0x21, 0xfe, 0x20,
  0x02, 0x21, 0xfe, 0x20, 0x01, 0x21, 0x00, 0x21, 0x00, 0x21, 0x00, 0x21,
  0x00, 0x21, 0x00, 0x21, 0x00, 0x21, 0x01, 0x21, 0xff, 0x20, 0x01, 0x21,
  0xff, 0x20, 0x01, 0x20, 0x00, 0x20, 0x00, 0x20, 0xff, 0x1f, 0x02, 0x20,
  0xfe, 0x1f, 0x01, 0x1f, 0x00, 0x1f, 0xff, 0x1e, 0x02, 0x1f, 0xfe, 0x1e,
  0x01, 0x1e, 0xff, 0x1d, 0x01, 0x1e, 0x00, 0x1e, 0x00, 0x1d, 0x00, 0x1d,
  0x00, 0x1d, 0xff, 0x1c, 0x03, 0x1d, 0xfc, 0x1b, 0x05, 0x1c, 0xfa, 0x1b,
  0x06, 0x1b, 0xfb, 0x1a, 0x04, 0x1a, 0xfd, 0x19, 0x02, 0x1a, 0xfe, 0x18,
  0x02, 0x19, 0xff, 0x17, 0x00, 0x17, 0x00, 0x17, 0x00, 0x16, 0x00, 0x16,
  0x00, 0x15, 0x00, 0x14, 0x00, 0x13, 0x00, 0x13, 0x00, 0x12, 0xff, 0x11,
  0x02, 0x11, 0xfe, 0x0f, 0x02, 0x0f, 0xfe, 0x0d, 0x01, 0x0d, 0xff, 0x0b,
  0x02, 0x0b, 0xfd, 0x09, 0x04, 0x09, 0xfc, 0x07, 0x03, 0x07, 0xfe, 0x05,
  0x01, 0x05, 0x00, 0x04, 0x00, 0x03, 0x00, 0x02, 0xff, 0x00, 0x02, 0x00,
  0xfe, 0xfe, 0x02, 0xfe, 0xff, 0xfb, 0x00, 0xfb, 0xff, 0xf9, 0x02, 0xf9,
  0xfe, 0xf7, 0x02, 0xf7, 0xfe, 0xf5, 0x02, 0xf4, 0xfd, 0xf2, 0x04, 0xf2,
  0xfd, 0xf1, 0x01, 0xf0, 0x00, 0xef, 0x00, 0xee, 0x00, 0xed, 0x00, 0xed,
  0x00, 0xec, 0x00, 0xeb, 0x00, 0xea, 0x01, 0xe9, 0xfe, 0xe7, 0x02, 0xe8,
  0xfe, 0xe6, 0x01, 0xe7, 0x01, 0xe6, 0xff, 0xe4, 0x00, 0xe4, 0x00, 0xe4,
  0xff, 0xe2, 0x03, 0xe3, 0xfd, 0xe1, 0x01, 0xe2, 0x00, 0xe1, 0x00, 0xe1,
  0x01, 0xe0, 0xfe, 0xdf, 0x02, 0xe0, 0xfe, 0xde, 0x02, 0xdf, 0xff, 0xde,
  0x00, 0xdf, 0x00, 0xde, 0x00, 0xde, 0x00, 0xde, 0x01, 0xde, 0xff, 0xdd,
  0x00, 0xde, 0x01, 0xdd, 0xfe, 0xdc, 0x03, 0xde, 0xfd, 0xdd, 0x02, 0xde,
  0xff, 0xdd, 0x01, 0xde, 0xfe, 0xdd, 0x02, 0xde, 0xff, 0xdd, 0x00, 0xde,
  0x01, 0xde, 0xff, 0xdd, 0x00, 0xde, 0x01, 0xdf, 0xfe, 0xde, 0x03, 0xdf,
  0xfd, 0xde, 0x03, 0xdf, 0xfd, 0xde, 0x02, 0xe0, 0xff, 0xdf, 0x01, 0xe0,
  0xfe, 0xdf, 0x03, 0xe1, 0xfc, 0xe0, 0x05, 0xe1, 0xfb, 0xe0, 0x04, 0xe2,
  0xfd, 0xe1, 0x03, 0xe2, 0xfd, 0xe1, 0x03, 0xe2, 0xfc, 0xe2, 0x04, 0xe3,
  0xfd, 0xe2, 0x02, 0xe4, 0xff, 0xe3, 0x00, 0xe4, 0x00, 0xe5, 0x00, 0xe5,
  0x00, 0xe5, 0x01, 0xe5, 0xfe, 0xe5, 0x02, 0xe6, 0xfe, 0xe6, 0x02, 0xe7,
  0xff, 0xe7, 0x00, 0xe8, 0x01, 0xe9, 0xfe, 0xe8, 0x02, 0xea, 0xff, 0xea,
  0x01, 0xeb, 0xff, 0xeb, 0x01, 0xed, 0xfe, 0xec, 0x03, 0xee, 0xfd, 0xee,
  0x03, 0xef, 0xfd, 0xef, 0x03, 0xf1, 0xfd, 0xf1, 0x02, 0xf3, 0xff, 0xf3,
  0x01, 0xf5, 0x00, 0xf6, 0xff, 0xf6, 0x01, 0xf8, 0xff, 0xf8, 0x01, 0xfa,
  0x00, 0xfb, 0xff, 0xfb, 0x01, 0xfd, 0xff, 0xfd, 0x01, 0xff, 0xff, 0xff,
  0x01, 0x01, 0xff, 0x01, 0x00, 0x03, 0x02, 0x04, 0xfc, 0x04, 0x05, 0x07,
  0xfc, 0x07, 0x02, 0x09, 0x00, 0x0a, 0xfe, 0x0a, 0x03, 0x0c, 0xfe, 0x0c,
  0x01, 0x0e, 0xff, 0x0e, 0x01, 0x10, 0xff, 0x10, 0x01, 0x12, 0x00, 0x13,
  0xff, 0x13, 0x02, 0x15, 0xfd, 0x14, 0x02, 0x16, 0xff, 0x16, 0x01, 0x17,
  0x00, 0x18, 0xff, 0x18, 0x00, 0x19, 0x00, 0x1a, 0x01, 0x1b, 0xff, 0x1a,
  0x01, 0x1c, 0xff, 0x1b, 0x00, 0x1d, 0x01, 0x1d, 0xfe, 0x1c, 0x03, 0x1e,
  0xfd, 0x1d, 0x02, 0x1f, 0xff, 0x1e, 0x00, 0x1f, 0x00, 0x1f, 0x01, 0x20,
  0xfe, 0x1f, 0x02, 0x20, 0xff, 0x1f, 0xff, 0x1f, 0x03, 0x20, 0xfd, 0x1f,
  0x01, 0x21, 0x01, 0x21, 0xfe, 0x20, 0x03, 0x21, 0xfd, 0x20, 0x02, 0x21,
  0xff, 0x20, 0x00, 0x21, 0x01, 0x21, 0xff, 0x20, 0x01, 0x20, 0xff, 0x1f,
  0x00, 0x20, 0x00, 0x20, 0x01, 0x20, 0xff, 0x1f, 0x01, 0x1f, 0xff, 0x1e,
  0x01, 0x1f, 0xff, 0x1e, 0x00, 0x1f, 0x01, 0x1e, 0xff, 0x1d, 0x02, 0x1e,
  0xfd, 0x1c, 0x03, 0x1d, 0xfd, 0x1c, 0x02, 0x1d, 0x00, 0x1c, 0xfe, 0x1b,
  0x03, 0x1b, 0xfd, 0x1a, 0x02, 0x1b, 0xff, 0x19, 0x01, 0x1a, 0xfe, 0x18,
  0x02, 0x19, 0xff, 0x17, 0x00, 0x18, 0x01, 0x17, 0xfe, 0x16, 0x02, 0x16,
  0xff, 0x14, 0x00, 0x15, 0x00, 0x14, 0x00, 0x13, 0x00, 0x13, 0x01, 0x12,
  0xfe, 0x10, 0x02, 0x10, 0xfe, 0x0e, 0x02, 0x0e, 0xff, 0x0d, 0x00, 0x0d,
  0x01, 0x0c, 0xfe, 0x0a, 0x03, 0x0a, 0xfd, 0x08, 0x02, 0x08, 0xff, 0x06,
  0x01, 0x05, 0xff, 0x03, 0x00, 0x03, 0x01, 0x02, 0xff, 0x00, 0x01, 0x00,
  0xff, 0xfd, 0x01, 0xfd, 0xff, 0xfc, 0x01, 0xfb, 0x00, 0xfa, 0xfe, 0xf8,
  0x04, 0xf8, 0xfc, 0xf6, 0x03, 0xf6, 0xff, 0xf3, 0xfe, 0xf2, 0x03, 0xf2,
  0xfd, 0xf0, 0x04, 0xf0, 0xfc, 0xef, 0x03, 0xef, 0xfc, 0xed, 0x05, 0xed,
  0xfc, 0xeb, 0x03, 0xeb, 0xfd, 0xe9, 0x03, 0xe9, 0xfd, 0xe7, 0x03, 0xe8,
  0xfe, 0xe6, 0x01, 0xe6, 0x00, 0xe6, 0xff, 0xe4, 0x01, 0xe4, 0x00, 0xe4,
  0x00, 0xe3, 0x00, 0xe2, 0x00, 0xe2, 0x00, 0xe2, 0x00, 0xe1, 0x01, 0xe1,
  0xfd, 0xe0, 0x05, 0xe0, 0xfb, 0xdf, 0x03, 0xe0, 0xff, 0xde, 0x00, 0xdf,
  0x01, 0xdf, 0xff, 0xde, 0xff, 0xde, 0x02, 0xdf, 0xff, 0xde, 0x01, 0xdf,
  0xff, 0xdd, 0x00, 0xde, 0x01, 0xde, 0xfe, 0xdd, 0x03, 0xdf, 0xfd, 0xdd,
  0x02, 0xdf, 0xff, 0xde, 0x01, 0xdf, 0xff, 0xde, 0x01, 0xdf, 0xff, 0xde,
  0x00, 0xdf, 0x01, 0xdf, 0x00, 0xe0, 0xff, 0xdf, 0x01, 0xe0, 0xff, 0xdf,
  0x01, 0xe0, 0xff, 0xdf, 0x02, 0xe1, 0xfd, 0xe0, 0x03, 0xe1, 0xfe, 0xe0,
  0x01, 0xe2, 0x00, 0xe2, 0xff, 0xe1, 0x01, 0xe2, 0x00, 0xe2, 0x00, 0xe3,
  0xff, 0xe2, 0x01, 0xe4, 0xff, 0xe3, 0x02, 0xe4, 0xfe, 0xe4, 0x01, 0xe5,
  0x00, 0xe6, 0xff, 0xe5, 0x02, 0xe7, 0xfd, 0xe6, 0x04, 0xe8, 0xfb, 0xe7,
  0x05, 0xe9, 0xfc, 0xe8, 0x02, 0xea, 0xff, 0xea, 0x00, 0xeb, 0x01, 0xec,
  0xff, 0xec, 0x01, 0xee, 0xfe, 0xed, 0x02, 0xef, 0xff, 0xef, 0x00, 0xf1,
  0x01, 0xf2, 0xff, 0xf2, 0x00, 0xf4, 0x00, 0xf4, 0x00, 0xf5, 0xff, 0xf5,
  0x03, 0xf7, 0xfc, 0xf7, 0x03, 0xf9, 0xff, 0xf9, 0xff, 0xfa, 0x02, 0xfc,
  0xfe, 0xfc, 0x01, 0xff, 0x00, 0x00, 0x00, 0x01, 0x00, 0x02, 0x00, 0x03,
  0x00, 0x04, 0x00, 0x05, 0x00, 0x06, 0x00, 0x07, 0xff, 0x08, 0x02, 0x0a,
  0xff, 0x0a, 0x00, 0x0c, 0x00, 0x0d, 0x00, 0x0e, 0x00, 0x0f, 0x01, 0x10,
  0xff, 0x0f, 0xff, 0x10, 0x03, 0x12, 0xfd, 0x12, 0x03, 0x14, 0xfd, 0x14,
  0x02, 0x16, 0xff, 0x15, 0x00, 0x17, 0x02, 0x18, 0xfc, 0x17, 0x04, 0x19,
  0xfd, 0x18, 0x02, 0x1a, 0xff, 0x1a, 0x00, 0x1b, 0x00, 0x1c, 0x00, 0x1c,
  0x01, 0x1d, 0xfe, 0x1c, 0x02, 0x1e, 0xfe, 0x1d, 0x02, 0x1e, 0xff, 0x1e,
  0x00, 0x1f, 0x00, 0x1f, 0x00, 0x20, 0x00, 0x20, 0x01, 0x20, 0xff, 0x1f,
  0x00, 0x21, 0x00, 0x21, 0x01, 0x21, 0xff, 0x20, 0x01, 0x21, 0xff, 0x20,
  0x00, 0x21, 0x02, 0x22, 0xfd, 0x21, 0x02, 0x22, 0x00, 0x22, 0xff, 0x21,
  0x02, 0x22, 0xfd, 0x21, 0x02, 0x22, 0x00, 0x22, 0xff, 0x20, 0x02, 0x21,
  0xfd, 0x20, 0x02, 0x21, 0x00, 0x21, 0xff, 0x20, 0x01, 0x21, 0x00, 0x20,
  0xfe, 0x1f, 0x03, 0x20, 0xfd, 0x1f, 0x03, 0x20, 0xfd, 0x1e, 0x02, 0x1f,
  0xff, 0x1e, 0x01, 0x1f, 0xff, 0x1d, 0x01, 0x1e, 0xfe, 0x1d, 0x03, 0x1e,
  0xfd, 0x1c, 0x03, 0x1d, 0xfe, 0x1c, 0x01, 0x1d, 0xff, 0x1b, 0x00, 0x1c,
  0x01, 0x1c, 0xff, 0x1a, 0x01, 0x1b, 0xff, 0x1a, 0x00, 0x1a, 0x01, 0x1a,
  0xff, 0x18, 0x00, 0x19, 0x00, 0x18, 0x01, 0x18, 0xff, 0x16, 0x01, 0x17,
  0xff, 0x15, 0x00, 0x15, 0x01, 0x15, 0x00, 0x14, 0xff, 0x13, 0x01, 0x13,
  0x00, 0x12, 0xff, 0x10, 0x02, 0x10, 0xfe, 0x0f, 0x02, 0x0f, 0xfd, 0x0d,
  0x04, 0x0d, 0xfc, 0x0b, 0x04, 0x0b, 0xfc, 0x09, 0x03, 0x09, 0xfe, 0x07,
  0x02, 0x07, 0xfe, 0x05, 0x01, 0x05, 0x00, 0x04, 0xff, 0x02, 0x03, 0x02,
  0xfc, 0xff, 0x03, 0xff, 0xfe, 0xfd, 0x01, 0xfd, 0x00, 0xfc, 0x00, 0xfb,
  0xff, 0xf9, 0x01, 0xf8, 0xff, 0xf6, 0x02, 0xf6, 0xfd, 0xf4, 0x03, 0xf4,
  0xfd, 0xf2, 0x03, 0xf2, 0xfe, 0xf0, 0x01, 0xf0, 0xff, 0xee, 0x01, 0xee,
  0x00, 0xed, 0x00, 0xec, 0xff, 0xea, 0x02, 0xea, 0xfd, 0xe8, 0x03, 0xe8,
  0xff, 0xe7, 0xff, 0xe6, 0x03, 0xe6, 0xfb, 0xe5, 0x04, 0xe5, 0xfe, 0xe4,
  0x02, 0xe4, 0xfe, 0xe2, 0x01, 0xe2, 0xff, 0xe1, 0x01, 0xe1, 0xff, 0xe0,
  0x01, 0xe1, 0xff, 0xe0, 0x01, 0xe0, 0x00, 0xe0, 0xfe, 0xde, 0x02, 0xdf,
  0x00, 0xdf, 0xff, 0xde, 0x02, 0xde, 0xfd, 0xdd, 0x02, 0xde, 0x00, 0xde,
  0xff, 0xdd, 0x01, 0xde, 0xff, 0xdd, 0x01, 0xde, 0xff, 0xdd, 0x01, 0xdd,
  0xff, 0xdc, 0x00, 0xdd, 0x02, 0xde, 0xfc, 0xdd, 0x05, 0xde, 0xfb, 0xdd,
  0x04, 0xde, 0xfe, 0xdd, 0x01, 0xde, 0xff, 0xdd, 0x01, 0xde, 0xfe, 0xde,
  0x04, 0xdf, 0xfb, 0xde, 0x05, 0xdf, 0xfc, 0xde, 0x02, 0xe0, 0x00, 0xe0,
  0xff, 0xdf, 0x01, 0xe0, 0x00, 0xe0, 0x00, 0xe1, 0xff, 0xe0, 0x02, 0xe1,
  0xfd, 0xe0, 0x04, 0xe2, 0xfc, 0xe1, 0x04, 0xe2, 0xfc, 0xe1, 0x03, 0xe3,
  0xfe, 0xe2, 0x01, 0xe3, 0x00, 0xe3, 0xff, 0xe3, 0x02, 0xe4, 0xfe, 0xe3,
  0x02, 0xe5, 0xfd, 0xe4, 0x04, 0xe5, 0xfc, 0xe5, 0x03, 0xe6, 0xff, 0xe5,
  0xff, 0xe6, 0x02, 0xe7, 0xfe, 0xe7, 0x01, 0xe8, 0xff, 0xe8, 0x01, 0xe9,
  0x00, 0xea, 0xff, 0xea, 0x01, 0xeb, 0xff, 0xeb, 0x01, 0xed, 0xff, 0xec,
  0x02, 0xee, 0xfd, 0xee, 0x02, 0xf0, 0x00, 0xf1, 0xff, 0xf1, 0x02, 0xf3,
  0xfe, 0xf3, 0x00, 0xf5, 0x01, 0xf6, 0x00, 0xf7, 0xff, 0xf7, 0x02, 0xf9,
  0xfd, 0xf9, 0x03, 0xfb, 0xfe, 0xfc, 0x01, 0xfe, 0xff, 0xfe, 0x01, 0x00,
  0x00, 0x01, 0x00, 0x02, 0xff, 0x02, 0x01, 0x05, 0xff, 0x05, 0x01, 0x07,
  0x00, 0x08, 0xff, 0x08, 0x01, 0x0a, 0xff, 0x0a, 0x00, 0x0c, 0x00, 0x0d,
  0x01, 0x0f, 0xff, 0x0f, 0x00, 0x11, 0x01, 0x11, 0xfe, 0x11, 0x03, 0x13,
  0xfc, 0x13, 0x04, 0x15, 0xfd, 0x15, 0x02, 0x16, 0xff, 0x16, 0x00, 0x18,
  0x00, 0x19, 0x00, 0x1a, 0x00, 0x1a, 0x00, 0x1b, 0x01, 0x1b, 0xfe, 0x1b,
  0x02, 0x1c, 0xfe, 0x1b, 0x02, 0x1d, 0xfe, 0x1c, 0x01, 0x1e, 0x00, 0x1e,
  0x00, 0x1f, 0x00, 0x1f, 0x00, 0x1f, 0xff, 0x1e, 0x01, 0x1f, 0x00, 0x20,
  0x00, 0x20, 0x00, 0x20, 0x00, 0x20, 0x00, 0x20, 0x00, 0x20, 0x00, 0x21,
  0x01, 0x21, 0xfe, 0x20, 0x02, 0x21, 0xfe, 0x20, 0x02, 0x21, 0xff, 0x20,
  0x01, 0x20, 0xff, 0x1f, 0x01, 0x20, 0xfe, 0x1f, 0x02, 0x20, 0x00, 0x20,
  0xff, 0x1f, 0x01, 0x20, 0xfe, 0x1f, 0x01, 0x20, 0x02, 0x1f, 0xfd, 0x1e,
  0x03, 0x1f, 0xfc, 0x1e, 0x04, 0x1e, 0xfd, 0x1d, 0x02, 0x1e, 0x00, 0x1e,
  0xfe, 0x1c, 0x03, 0x1d, 0xfd, 0x1c, 0x02, 0x1c, 0x00, 0x1c, 0xfe, 0x1b,
  0x03, 0x1b, 0xfd, 0x1a, 0x03, 0x1a, 0xfe, 0x19, 0x01, 0x19, 0xff, 0x18,
  0x01, 0x19, 0xff, 0x17, 0x02, 0x18, 0xfe, 0x16, 0x01, 0x16, 0x00, 0x16,
  0xff, 0x14, 0x02, 0x15, 0xfe, 0x13, 0x01, 0x13, 0xff, 0x11, 0x01, 0x11,
  0x00, 0x11, 0x00, 0x10, 0x00, 0x0f, 0xff, 0x0d, 0x01, 0x0d, 0xff, 0x0b,
  0x02, 0x0b, 0xfe, 0x09, 0x02, 0x09, 0xfe, 0x08, 0x01, 0x08, 0x00, 0x06,
  0x00, 0x05, 0x00, 0x04, 0x00, 0x03, 0x00, 0x02, 0x00, 0x01, 0x00, 0x00,
  0x00, 0xff, 0x00, 0xfd, 0x00, 0xfc, 0x00, 0xfb, 0x00, 0xfa, 0x00, 0xf9,
  0x00, 0xf8, 0x00, 0xf7, 0xff, 0xf4, 0x03, 0xf4, 0xfc, 0xf2, 0x04, 0xf2,
  0xfc, 0xf0, 0x04, 0xf0, 0xfc, 0xee, 0x04, 0xee, 0xfd, 0xec, 0x02, 0xec,
  0xff, 0xeb, 0x01, 0xeb, 0xfe, 0xe9, 0x03, 0xe9, 0xfd, 0xe7, 0x03, 0xe7,
  0xfd, 0xe6, 0x02, 0xe6, 0xff, 0xe5, 0x01, 0xe5, 0xff, 0xe3, 0x00, 0xe4,
  0x00, 0xe3, 0x01, 0xe3, 0xff, 0xe1, 0x00, 0xe2, 0x01, 0xe1, 0xfe, 0xe0,
  0x04, 0xe0, 0xfa, 0xdf, 0x07, 0xe0, 0xf9, 0xde, 0x06, 0xdf, 0xfb, 0xde,
  0x04, 0xdf, 0xfd, 0xde, 0x03, 0xdf, 0xfd, 0xdd, 0x02, 0xde, 0xff, 0xdd,
  0x00, 0xde, 0x01, 0xde, 0xfe, 0xdd, 0x02, 0xde, 0xff, 0xdd, 0x00, 0xde,
  0x01, 0xde, 0xfe, 0xdd, 0x02, 0xde, 0xff, 0xdd, 0x00, 0xde, 0x01, 0xde,
  0xff, 0xde, 0x01, 0xdf, 0xff, 0xde, 0x00, 0xdf, 0x01, 0xdf, 0xff, 0xde,
  0x01, 0xe0, 0xff, 0xdf, 0x00, 0xe0, 0x01, 0xe0, 0xff, 0xdf, 0x01, 0xe0,
  0xff, 0xe0, 0x01, 0xe1, 0xff, 0xe0, 0x01, 0xe1, 0xff, 0xe1, 0x01, 0xe2,
  0x00, 0xe2, 0xff, 0xe1, 0x01, 0xe3, 0xff, 0xe2, 0x01, 0xe3, 0x00, 0xe3,
  0xff, 0xe3, 0x02, 0xe4, 0xfd, 0xe4, 0x04, 0xe5, 0xfc, 0xe5, 0x03, 0xe6,
  0xfe, 0xe5, 0x01, 0xe7, 0x00, 0xe7, 0x00, 0xe8, 0x00, 0xe8, 0xff, 0xe8,
  0x02, 0xea, 0xfd, 0xe9, 0x04, 0xeb, 0xfc, 0xea, 0x03, 0xec, 0xff, 0xec,
  0xff, 0xec, 0x03, 0xee, 0xfc, 0xee, 0x03, 0xf0, 0xff, 0xef, 0xff, 0xf0,
  0x03, 0xf2, 0xfc, 0xf2, 0x03, 0xf4, 0xff, 0xf4, 0xff, 0xf4, 0x03, 0xf6,
  0xfc, 0xf6, 0x03, 0xf8, 0xfe, 0xf8, 0x02, 0xfa, 0xff, 0xfa, 0x00, 0xfc,
  0x00, 0xfd, 0x00, 0xfe, 0x00, 0xff, 0x01, 0x00, 0xff, 0x00, 0x00, 0x03,
  0x01, 0x04, 0xff, 0x04, 0x00, 0x06, 0x02, 0x07, 0xfd, 0x07, 0x02, 0x09,
  0xff, 0x09, 0x01, 0x0b, 0xff, 0x0b, 0x01, 0x0d, 0xff, 0x0d, 0x00, 0x0f,
  0x01, 0x10, 0xff, 0x10, 0x00, 0x12, 0x01, 0x13, 0xff, 0x12, 0x01, 0x14,
  0xff, 0x14, 0x01, 0x16, 0xff, 0x15, 0x01, 0x17, 0x00, 0x18, 0xfe, 0x17,
  0x03, 0x19, 0xfe, 0x19, 0x02, 0x1a, 0xfd, 0x1a, 0x03, 0x1b, 0xfd, 0x1b,
  0x03, 0x1c, 0xff, 0x1c, 0xff, 0x1c, 0x02, 0x1e, 0xfd, 0x1d, 0x03, 0x1e,
  0xfd, 0x1e, 0x03, 0x1f, 0xff, 0x1e, 0xfe, 0x1f, 0x03, 0x20, 0xfd, 0x1f,
  0x02, 0x20, 0xff, 0x1f, 0x01, 0x21, 0xff, 0x20, 0x01, 0x21, 0xfe, 0x20,
  0x02, 0x21, 0xff, 0x20, 0x00, 0x21, 0x01, 0x21, 0xfe, 0x20, 0x02, 0x21,
  0xff, 0x20, 0xff, 0x20, 0x02, 0x21, 0xfe, 0x20, 0x02, 0x21, 0xff, 0x20,
  0x00, 0x20, 0x00, 0x20, 0xff, 0x1f, 0x02, 0x20, 0xfe, 0x1f, 0x03, 0x20,
  0xfc, 0x1e, 0x03, 0x1f, 0xff, 0x1e, 0x00, 0x1f, 0x00, 0x1f, 0x01, 0x1e,
  0xfd, 0x1d, 0x05, 0x1e, 0xfb, 0x1d, 0x04, 0x1e, 0xfd, 0x1c, 0x01, 0x1d,
  0x01, 0x1d, 0xff, 0x1b, 0x00, 0x1c, 0x00, 0x1c, 0x00, 0x1b, 0x00, 0x1b,
  0x01, 0x1b, 0xfe, 0x19, 0x02, 0x1a, 0xfe, 0x18, 0x02, 0x19, 0xfe, 0x17,
  0x02, 0x18, 0xff, 0x16, 0x00, 0x17, 0x00, 0x16, 0x00, 0x15, 0x00, 0x15,
  0x01, 0x14, 0xfe, 0x12, 0x02, 0x13, 0xff, 0x11, 0x00, 0x11, 0x00, 0x10,
  0x00, 0x0f, 0xff, 0x0d, 0x03, 0x0e, 0xfc, 0x0c, 0x04, 0x0c, 0xfc, 0x0a,
  0x03, 0x0a, 0xfe, 0x08, 0x02, 0x08, 0xfe, 0x06, 0x02, 0x06, 0xfe, 0x03,
  0x02, 0x03, 0xfe, 0x01, 0x02, 0x01, 0xff, 0xff, 0x00, 0xff, 0x00, 0xfe,
  0x00, 0xfc, 0x00, 0xfb, 0x01, 0xfa, 0xff, 0xf8, 0x00, 0xf8, 0x01, 0xf7,
  0xfe, 0xf5, 0x03, 0xf4, 0xfd, 0xf2, 0x02, 0xf2, 0xff, 0xf0, 0x01, 0xf0,
  0x00, 0xef, 0xff, 0xed, 0x01, 0xed, 0xff, 0xeb, 0x01, 0xeb, 0x00, 0xea,
  0xff, 0xe9, 0x01, 0xe9, 0xff, 0xe7, 0x02, 0xe7, 0xfd, 0xe5, 0x04, 0xe6,
  0xfb, 0xe4, 0x05, 0xe4, 0xfd, 0xe3, 0x02, 0xe3, 0xfe, 0xe2, 0x02, 0xe2,
  0xfe, 0xe1, 0x02, 0xe1, 0xff, 0xe0, 0x01, 0xe1, 0xfe, 0xdf, 0x03, 0xe0,
  0xfc, 0xde, 0x04, 0xdf, 0xfd, 0xde, 0x02, 0xdf, 0xfe, 0xde, 0x02, 0xde,
  0xff, 0xdd, 0xff, 0xdd, 0x03, 0xde, 0xfc, 0xdd, 0x03, 0xde, 0xff, 0xdd,
  0xff, 0xdd, 0x02, 0xde, 0xfe, 0xdd, 0x02, 0xde, 0xff, 0xdd, 0xff, 0xdd,
  0x02, 0xde, 0xfe, 0xdd, 0x02, 0xde, 0xff, 0xdd, 0x00, 0xde, 0x01, 0xdf,
  0xff, 0xde, 0x01, 0xdf, 0xff, 0xde, 0x00, 0xdf, 0x01, 0xe0, 0xff, 0xdf,
  0x01, 0xe0, 0xff, 0xdf, 0x01, 0xe0, 0xfe, 0xe0, 0x03, 0xe1, 0xfd, 0xe0,
  0x03, 0xe1, 0xfd, 0xe1, 0x02, 0xe2, 0xff, 0xe1, 0x01, 0xe2, 0x00, 0xe3,
  0xff, 0xe2, 0x01, 0xe3, 0xff, 0xe3, 0x01, 0xe4, 0x00, 0xe4, 0xff, 0xe3,
  0x02, 0xe5, 0xfd, 0xe4, 0x03, 0xe6, 0xfe, 0xe5, 0x02, 0xe7, 0xfe, 0xe6,
  0x01, 0xe8, 0x00, 0xe8, 0xff, 0xe8, 0x03, 0xe9, 0xfd, 0xe9, 0x02, 0xeb,
  0xff, 0xea, 0x00, 0xec, 0x00, 0xed, 0x01, 0xee, 0xfe, 0xed, 0x03, 0xef,
  0xfd, 0xef, 0x02, 0xf1, 0xff, 0xf1, 0x00, 0xf2, 0x01, 0xf3, 0xff, 0xf3,
  0x00, 0xf5, 0x02, 0xf6, 0xfd, 0xf6, 0x03, 0xf8, 0xfd, 0xf8, 0x03, 0xfa,
  0xfe, 0xfa, 0x01, 0xfd, 0xff, 0xfd, 0x01, 0xff, 0xff, 0xff, 0x01, 0x01,
  0xff, 0x01, 0x02, 0x03, 0xfd, 0x03, 0x03, 0x05, 0xfd, 0x05, 0x02, 0x07,
  0x00, 0x09, 0x00, 0x0a, 0x00, 0x0b, 0xff, 0x0b, 0x01, 0x0d, 0x00, 0x0e,
  0x00, 0x0f, 0x00, 0x10, 0x00, 0x11, 0xff, 0x11, 0x01, 0x13, 0x01, 0x14,
  0xfe, 0x13, 0x01, 0x15, 0x00, 0x16, 0xff, 0x16, 0x01, 0x17, 0x01, 0x18,
  0xfc, 0x18, 0x06, 0x19, 0xfa, 0x19, 0x05, 0x1a, 0xfc, 0x1a, 0x02, 0x1b,
  0x00, 0x1c, 0xff, 0x1c, 0x02, 0x1d, 0xfd, 0x1c, 0x03, 0x1e, 0xfe, 0x1d,
  0x01, 0x1e, 0x00, 0x1f, 0xff, 0x1e, 0x01, 0x1f, 0x00, 0x20, 0xff, 0x1f,
  0x02, 0x20, 0xfe, 0x1f, 0x01, 0x20, 0x00, 0x21, 0xff, 0x20, 0x02, 0x21,
  0xfe, 0x20, 0x02, 0x21, 0xfe, 0x20, 0x01, 0x21, 0x00, 0x21, 0xff, 0x20,
  0x03, 0x21, 0xfc, 0x20, 0x03, 0x21, 0xfe, 0x20, 0x01, 0x21, 0x00, 0x21,
  0x00, 0x21, 0xff, 0x20, 0x02, 0x20, 0xfd, 0x1f, 0x03, 0x20, 0xfe, 0x1f,
  0x01, 0x20, 0xff, 0x1f, 0x01, 0x1f, 0xff, 0x1e, 0x02, 0x1f, 0xfd, 0x1e,
  0x03, 0x1f, 0xfe, 0x1d, 0x01, 0x1e, 0x00, 0x1e, 0xff, 0x1c, 0x01, 0x1d,
  0x00, 0x1d, 0x00, 0x1d, 0x00, 0x1c, 0x00, 0x1c, 0x00, 0x1c, 0xff, 0x1a,
  0x02, 0x1b, 0xff, 0x1a, 0x00, 0x1a, 0x01, 0x1a, 0xfe, 0x19, 0x03, 0x19,
  0xfd, 0x18, 0x03, 0x18, 0xfc, 0x17, 0x05, 0x17, 0xfb, 0x16, 0x04, 0x16,
  0xfe, 0x14, 0x00, 0x15, 0x00, 0x14, 0x01, 0x13, 0xfe, 0x12, 0x03, 0x12,
  0xfd, 0x10, 0x01, 0x11, 0x01, 0x10, 0xff, 0x0e, 0x01, 0x0e, 0xff, 0x0c,
  0x01, 0x0c, 0xff, 0x0a, 0x00, 0x0b, 0x01, 0x09, 0x00, 0x08, 0xff, 0x06,
  0x01, 0x06, 0xff, 0x04, 0x00, 0x04, 0x01, 0x03, 0xff, 0x01, 0x00, 0x01,
  0x01, 0x00, 0xfe, 0xfe, 0x02, 0xfe, 0xff, 0xfc, 0x00, 0xfc, 0x01, 0xfb,
  0xfe, 0xf8, 0x02, 0xf8, 0xff, 0xf6, 0x01, 0xf6, 0xff, 0xf4, 0x00, 0xf4,
  0x00, 0xf3, 0x01, 0xf2, 0xff, 0xf0, 0x01, 0xf0, 0xfe, 0xee, 0x02, 0xee,
  0xff, 0xec, 0x01, 0xec, 0xfe, 0xea, 0x03, 0xea, 0xfc, 0xe8, 0x04, 0xe9,
  0xfe, 0xe7, 0x00, 0xe7, 0x01, 0xe7, 0xfe, 0xe5, 0x02, 0xe5, 0xff, 0xe4,
  0x01, 0xe4, 0xff, 0xe3, 0x00, 0xe3, 0x01, 0xe2, 0xff, 0xe1, 0x01, 0xe2,
  0xff, 0xe0, 0x01, 0xe1, 0xff, 0xdf, 0x01, 0xe0, 0xff, 0xdf, 0x01, 0xdf,
  0xff, 0xde, 0x01, 0xdf, 0xfe, 0xde, 0x03, 0xdf, 0xfd, 0xdd, 0x03, 0xde,
  0xfe, 0xdd, 0x00, 0xde, 0x01, 0xde, 0xff, 0xdd, 0x01, 0xde, 0x00, 0xde,
  0x00, 0xde, 0xff, 0xdd, 0x01, 0xde, 0xff, 0xdd, 0x01, 0xde, 0xff, 0xdd,
  0x01, 0xde, 0xfe, 0xdd, 0x03, 0xde, 0xfc, 0xdd, 0x04, 0xde, 0xfd, 0xde,
  0x01, 0xdf, 0x01, 0xdf, 0xfe, 0xde, 0x03, 0xdf, 0xfd, 0xde, 0x02, 0xe0,
  0xfe, 0xdf, 0x02, 0xe0, 0x00, 0xe0, 0xff, 0xdf, 0x01, 0xe1, 0xfe, 0xe0,
  0x02, 0xe1, 0x00, 0xe2, 0x00, 0xe2, 0xff, 0xe1, 0x01, 0xe2, 0xff, 0xe2,
  0x02, 0xe3, 0xfe, 0xe2, 0x02, 0xe4, 0xfd, 0xe3, 0x04, 0xe4, 0xfd, 0xe4,
  0x01, 0xe5, 0x00, 0xe5, 0x00, 0xe6, 0xff, 0xe5, 0x02, 0xe7, 0xfd, 0xe6,
  0x03, 0xe8, 0xfe, 0xe7, 0x01, 0xe9, 0xff, 0xe9, 0x01, 0xea, 0xff, 0xea,
  0x01, 0xec, 0x00, 0xec, 0xff, 0xec, 0x02, 0xee, 0xfe, 0xed, 0x02, 0xef,
  0xfe, 0xef, 0x01, 0xf1, 0x00, 0xf2, 0x01, 0xf3, 0xff, 0xf3, 0x00, 0xf5,
  0x00, 0xf6, 0x00, 0xf7, 0x00, 0xf8, 0x01, 0xf9, 0xfe, 0xf9, 0x03, 0xfb,
  0xfc, 0xfb, 0x04, 0xfd, 0xfd, 0xfd, 0x01, 0xff, 0x01, 0x00, 0xfe, 0x00,
  0x03, 0x02, 0xfc, 0x03, 0x04, 0x05, 0xfd, 0x05, 0x01, 0x07, 0x02, 0x08,
  0xfc, 0x08, 0x04, 0x0a, 0xfd, 0x0a, 0x01, 0x0c, 0x01, 0x0d, 0xff, 0x0d,
  0x00, 0x0f, 0x00, 0x10, 0x00, 0x11, 0x01, 0x12, 0xfe, 0x12, 0x02, 0x14,
  0xfe, 0x14, 0x02, 0x15, 0xff, 0x15, 0xff, 0x16, 0x03, 0x17, 0xfc, 0x17,
  0x04, 0x19, 0xfc, 0x19, 0x04, 0x1a, 0xfc, 0x1a, 0x05, 0x1b, 0xfa, 0x1b,
  0x06, 0x1c, 0xfb, 0x1c, 0x03, 0x1d, 0xff, 0x1d, 0x00, 0x1e, 0x01, 0x1e,
  0xff, 0x1e, 0x00, 0x1f, 0x01, 0x1f, 0xfe, 0x1e, 0x02, 0x20, 0x00, 0x20,
  0xfe, 0x1f, 0x02, 0x20, 0xfe, 0x1f, 0x01, 0x20, 0x01, 0x20, 0xfe, 0x1f,
  0x01, 0x20, 0x00, 0x20, 0x00, 0x20, 0x00, 0x21, 0x00, 0x21, 0xff, 0x20,
  0x01, 0x20, 0x01, 0x20, 0xfe, 0x1f, 0x02, 0x20, 0xfe, 0x1f, 0x01, 0x20,
  0x01, 0x20, 0xfe, 0x1e, 0x02, 0x1f, 0xfe, 0x1e, 0x01, 0x1f, 0x01, 0x1f,
  0xff, 0x1e, 0x00, 0x1e, 0x01, 0x1e, 0xfe, 0x1d, 0x02, 0x1e, 0xff, 0x1c,
  0x01, 0x1d, 0xff, 0x1c, 0x01, 0x1d, 0xff, 0x1b, 0x00, 0x1c, 0x01, 0x1b,
  0xff, 0x1a, 0x01, 0x1b, 0x00, 0x1a, 0xff, 0x19, 0x00, 0x19, 0x01, 0x19,
  0xff, 0x17, 0x01, 0x17, 0x00, 0x17, 0xff, 0x15, 0x01, 0x16, 0xff, 0x14,
  0x01, 0x14, 0xff, 0x13, 0x01, 0x13, 0x00, 0x12, 0xff, 0x10, 0x01, 0x11,
  0xff, 0x0f, 0x01, 0x0f, 0xff, 0x0d, 0x02, 0x0d, 0xfe, 0x0b, 0x01, 0x0b,
  0xff, 0x09, 0x01, 0x09, 0xff, 0x07, 0x02, 0x06, 0xfe, 0x04, 0x02, 0x04,
  0xfe, 0x02, 0x02, 0x02, 0xfd, 0x00, 0x04, 0xff, 0xfc, 0xfd, 0x04, 0xfd,
  0xfd, 0xfb, 0x01, 0xfb, 0x01, 0xfa, 0xfd, 0xf7, 0x03, 0xf7, 0xfe, 0xf5,
  0x01, 0xf5, 0x00, 0xf3, 0xff, 0xf1, 0x01, 0xf1, 0x00, 0xf0, 0xff, 0xee,
  0x00, 0xee, 0x01, 0xed, 0xff, 0xeb, 0x01, 0xeb, 0x00, 0xea, 0xfe, 0xe8,
  0x03, 0xe8, 0xfd, 0xe6, 0x02, 0xe6, 0x00, 0xe6, 0xff, 0xe4, 0x01, 0xe5,
  0x00, 0xe4, 0xff, 0xe2, 0x01, 0xe3, 0x00, 0xe2, 0xff, 0xe1, 0x02, 0xe1,
  0xfe, 0xe0, 0x01, 0xe1, 0x00, 0xe0, 0x00, 0xe0, 0xff, 0xde, 0x02, 0xdf,
  0xfe, 0xde, 0x01, 0xdf, 0x00, 0xdf, 0xff, 0xdd, 0x02, 0xde, 0xfd, 0xdd,
  0x03, 0xde, 0xfd, 0xdd, 0x03, 0xde, 0xfe, 0xdd, 0x00, 0xde, 0x00, 0xdd,
  0x01, 0xde, 0xff, 0xdd, 0x00, 0xde, 0x00, 0xde, 0x00, 0xde, 0x00, 0xde,
  0x01, 0xde, 0xfd, 0xdd, 0x04, 0xde, 0xfc, 0xdd, 0x04, 0xde, 0xfc, 0xdd,
  0x03, 0xdf, 0xff, 0xde, 0x00, 0xdf, 0xff, 0xde, 0x02, 0xdf, 0xfe, 0xde,
  0x02, 0xe0, 0xff, 0xdf, 0x00, 0xe0, 0xff, 0xdf, 0x03, 0xe1, 0xfb, 0xe0,
  0x06, 0xe1, 0xfc, 0xe0, 0x01, 0xe1, 0x00, 0xe2, 0xff, 0xe1, 0x02, 0xe2,
  0xfe, 0xe1, 0x03, 0xe3, 0xfb, 0xe2, 0x05, 0xe3, 0xfd, 0xe2, 0x01, 0xe4,
  0x01, 0xe4, 0xfd, 0xe4, 0x04, 0xe5, 0xfc, 0xe4, 0x04, 0xe6, 0xfc, 0xe5,
  0x03, 0xe7, 0xfe, 0xe6, 0x02, 0xe8, 0xfd, 0xe7, 0x03, 0xe9, 0xfe, 0xe8,
  0x01, 0xea, 0x00, 0xeb, 0x00, 0xec, 0xfe, 0xeb, 0x04, 0xed, 0xfc, 0xed,
  0x04, 0xee, 0xfd, 0xee, 0x01, 0xf0, 0x00, 0xf1, 0x01, 0xf2, 0xff, 0xf2,
  0x00, 0xf3, 0x00, 0xf4, 0x00, 0xf5, 0x01, 0xf6, 0xff, 0xf6, 0x01, 0xf8,
  0xfe, 0xf8, 0x02, 0xfa, 0xff, 0xfa, 0x00, 0xfc, 0x01, 0xfd, 0xff, 0xfe,
  0x00, 0x00, 0x01, 0x01, 0xff, 0x01, 0x01, 0x03, 0xff, 0x03, 0x01, 0x05,
  0xff, 0x05, 0x00, 0x07, 0x01, 0x08, 0x00, 0x09, 0xff, 0x09, 0x01, 0x0b,
  0xff, 0x0c, 0x00, 0x0e, 0x01, 0x0f, 0xff, 0x0f, 0x01, 0x11, 0xff, 0x10,
  0x01, 0x12, 0xff, 0x12, 0x01, 0x14, 0xff, 0x14, 0x01, 0x16, 0xff, 0x16,
  0x01, 0x17, 0xff, 0x17, 0x01, 0x19, 0xff, 0x18, 0x01, 0x1a, 0xff, 0x1a,
  0x01, 0x1b, 0xff, 0x1b, 0x01, 0x1c, 0xff, 0x1c, 0x01, 0x1d, 0xff, 0x1d,
  0x01, 0x1e, 0x00, 0x1e, 0xfe, 0x1e, 0x03, 0x1f, 0xfd, 0x1e, 0x03, 0x20,
  0xfe, 0x1f, 0x01, 0x20, 0xfe, 0x1f, 0x03, 0x20, 0xfd, 0x20, 0x03, 0x21,
  0xfe, 0x20, 0x01, 0x21, 0xff, 0x21, 0x02, 0x22, 0xfd, 0x21, 0x04, 0x22,
  0xfc, 0x21, 0x03, 0x22, 0xfe, 0x21, 0x01, 0x22, 0x01, 0x21, 0xfd, 0x20,
  0x03, 0x21, 0xfe, 0x20, 0x02, 0x21, 0xfe, 0x20, 0x01, 0x21, 0xff, 0x20,
  0x01, 0x21, 0x01, 0x21, 0xfe, 0x1f, 0x01, 0x20, 0xff, 0x1f, 0x01, 0x20,
  0xff, 0x1f, 0x01, 0x1f, 0xff, 0x1e, 0x01, 0x1f, 0xff, 0x1e, 0x00, 0x1e,
  0x01, 0x1e, 0xff, 0x1d, 0x01, 0x1e, 0xff, 0x1c, 0x00, 0x1d, 0x01, 0x1d,
  0x00, 0x1d, 0xff, 0x1b, 0x02, 0x1c, 0xfc, 0x1b, 0x05, 0x1c, 0xfc, 0x1a,
  0x03, 0x1b, 0xfe, 0x19, 0x01, 0x1a, 0xff, 0x18, 0x01, 0x19, 0x00, 0x19,
  0xff, 0x17, 0x02, 0x17, 0xfd, 0x16, 0x03, 0x17, 0xfd, 0x15, 0x03, 0x15,
  0xfe, 0x14, 0x01, 0x14, 0x00, 0x13, 0xff, 0x12, 0x02, 0x12, 0xfd, 0x10,
  0x03, 0x10, 0xfe, 0x0f, 0x02, 0x0f, 0xff, 0x0d, 0xff, 0x0b, 0x01, 0x0c,
  0x00, 0x0b, 0x00, 0x0a, 0x01, 0x09, 0xfd, 0x07, 0x03, 0x07, 0xfe, 0x05,
  0x01, 0x05, 0x00, 0x04, 0xff, 0x02, 0x01, 0x01, 0x00, 0x00, 0xff, 0xfe,
  0x01, 0xfe, 0xff, 0xfc, 0x01, 0xfb, 0xff, 0xfa, 0x01, 0xfa, 0x00, 0xf9,
  0x00, 0xf7, 0xfe, 0xf5, 0x03, 0xf5, 0xfd, 0xf3, 0x04, 0xf3, 0xfc, 0xf1,
  0x03, 0xf1, 0xfd, 0xef, 0x03, 0xef, 0xfd, 0xed, 0x03, 0xed, 0xfd, 0xeb,
  0x03, 0xeb, 0xfd, 0xe9, 0x02, 0xea, 0xfe, 0xe8, 0x02, 0xe8, 0xfe, 0xe6,
  0x02, 0xe6, 0xfe, 0xe5, 0x02, 0xe5, 0xfe, 0xe3, 0x02, 0xe4, 0xfd, 0xe2,
  0x04, 0xe2, 0xfc, 0xe1, 0x04, 0xe2, 0xfd, 0xe0, 0x02, 0xe1, 0xfe, 0xdf,
  0x03, 0xe0, 0xfc, 0xdf, 0x04, 0xdf, 0xfd, 0xde, 0x02, 0xdf, 0xff, 0xde,
  0x00, 0xde, 0x00, 0xde, 0x01, 0xde, 0xfe, 0xdd, 0x03, 0xde, 0xfc, 0xdd,
  0x04, 0xde, 0xfd, 0xdd, 0x03, 0xde, 0xfc, 0xdd, 0x04, 0xde, 0xfc, 0xdd,
  0x04, 0xde, 0xfd, 0xdd, 0x02, 0xde, 0xfe, 0xdd, 0x02, 0xde, 0xfe, 0xde,
  0x02, 0xdf, 0xff, 0xde, 0xff, 0xde, 0x03, 0xdf, 0xfc, 0xde, 0x04, 0xe0,
  0xfd, 0xdf, 0x01, 0xe0, 0x00, 0xe0, 0x00, 0xe1, 0xff, 0xe0, 0x01, 0xe1,
  0x00, 0xe1, 0xff, 0xe1, 0x02, 0xe2, 0xfd, 0xe1, 0x03, 0xe3, 0xfe, 0xe2,
  0x01, 0xe3, 0x00, 0xe4, 0xff, 0xe3, 0x02, 0xe4, 0xfe, 0xe4, 0x02, 0xe5,
  0xfe, 0xe5, 0x01, 0xe6, 0x00, 0xe6, 0xff, 0xe6, 0x02, 0xe7, 0xfe, 0xe7,
  0x01, 0xe9, 0x00, 0xe9, 0xff, 0xe9, 0x01, 0xea, 0x00, 0xeb, 0xff, 0xeb,
  0x01, 0xec, 0x00, 0xed, 0xff, 0xed, 0x02, 0xef, 0xfd, 0xee, 0x03, 0xf0,
  0xfe, 0xf0, 0x01, 0xf2, 0x01, 0xf3, 0xfd, 0xf3, 0x04, 0xf5, 0xfc, 0xf5,
  0x04, 0xf7, 0xfc, 0xf7, 0x03, 0xf9, 0xff, 0xf9, 0xff, 0xfa, 0x02, 0xfc,
  0xfe, 0xfc, 0x02, 0xfe, 0xfe, 0xfe, 0x01, 0x01, 0x00, 0x02, 0x00, 0x03,
  0x01, 0x04, 0xfd, 0x04, 0x04, 0x06, 0xfb, 0x06, 0x06, 0x08, 0xfb, 0x08,
  0x03, 0x0a, 0xfe, 0x0b, 0x01, 0x0d, 0xff, 0x0d, 0x01, 0x0e, 0x01, 0x0f,
  0xfd, 0x0f, 0x03, 0x11, 0xfd, 0x11, 0x02, 0x13, 0x00, 0x14, 0xff, 0x14,
  0x01, 0x15, 0xff, 0x15, 0x01, 0x17, 0xfe, 0x17, 0x02, 0x18, 0xff, 0x18,
  0x01, 0x1a, 0x00, 0x1b, 0xff, 0x1a, 0x00, 0x1b, 0x01, 0x1c, 0xff, 0x1b,
  0x02, 0x1d, 0xfe, 0x1c, 0x00, 0x1e, 0x01, 0x1e, 0xff, 0x1e, 0x01, 0x1f,
  0x00, 0x1f, 0xfe, 0x1e, 0x02, 0x20, 0xff, 0x1f, 0x01, 0x20, 0xff, 0x1f,
  0x01, 0x20, 0xff, 0x20, 0x01, 0x21, 0xff, 0x20, 0x00, 0x21, 0x01, 0x21,
  0xfe, 0x20, 0x03, 0x21, 0xfc, 0x20, 0x04, 0x21, 0xfd, 0x20, 0x02, 0x21,
  0xfe, 0x1f, 0x02, 0x20, 0xfe, 0x1f, 0x03, 0x20, 0xfd, 0x1f, 0x03, 0x20,
  0xfc, 0x1f, 0x04, 0x1f, 0xfd, 0x1e, 0x03, 0x1f, 0xfd, 0x1e, 0x02, 0x1f,
  0xff, 0x1e, 0x00, 0x1e, 0x01, 0x1e, 0xff, 0x1d, 0x00, 0x1e, 0x01, 0x1d,
  0xfe, 0x1c, 0x01, 0x1d, 0x02, 0x1d, 0xfd, 0x1b, 0x02, 0x1c, 0xff, 0x1a,
  0x00, 0x1b, 0x00, 0x1b, 0x01, 0x1a, 0xfe, 0x19, 0x03, 0x19, 0xfd, 0x17,
  0x01, 0x18, 0x00, 0x17, 0x01, 0x17, 0xff, 0x15, 0x01, 0x16, 0xfe, 0x14,
  0x02, 0x14, 0xff, 0x12, 0x01, 0x12, 0xff, 0x11, 0x00, 0x11, 0x01, 0x10,
  0xfe, 0x0e, 0x02, 0x0e, 0xfe, 0x0c, 0x01, 0x0c, 0x00, 0x0b, 0x00, 0x0a,
  0xff, 0x08, 0x01, 0x08, 0xff, 0x06, 0x02, 0x06, 0xfe, 0x03, 0x01, 0x03,
  0xff, 0x01, 0x02, 0x01, 0xfe, 0xff, 0x03, 0xfe, 0xfc, 0xfc, 0x03, 0xfc,
  0xff, 0xfb, 0x00, 0xfb, 0x01, 0xf9, 0xfe, 0xf7, 0x02, 0xf7, 0xfe, 0xf5,
  0x02, 0xf5, 0xff, 0xf3, 0xff, 0xf2, 0x02, 0xf1, 0xfe, 0xef, 0x01, 0xef,
  0x01, 0xee, 0xfd, 0xec, 0x04, 0xec, 0xfc, 0xeb, 0x03, 0xeb, 0xff, 0xe9,
  0x00, 0xe9, 0x01, 0xe8, 0xfe, 0xe6, 0x03, 0xe7, 0xfc, 0xe5, 0x04, 0xe6,
  0xfd, 0xe4, 0x02, 0xe4, 0xff, 0xe2, 0x00, 0xe3, 0x01, 0xe2, 0xfe, 0xe1,
  0x02, 0xe2, 0xfe, 0xe0, 0x03, 0xe1, 0xfd, 0xdf, 0x02, 0xe0, 0xfe, 0xdf,
  0x02, 0xdf, 0xff, 0xde, 0x00, 0xdf, 0x01, 0xde, 0xfe, 0xdd, 0x02, 0xde,
  0xff, 0xdd, 0x00, 0xde, 0x00, 0xde, 0x00, 0xdd, 0x00, 0xdd, 0x01, 0xdd,
  0xff, 0xdc, 0xff, 0xdc, 0x01, 0xdd, 0x00, 0xdd, 0x00, 0xdd, 0x01, 0xdd,
  0xfd, 0xdc, 0x03, 0xdd, 0xfe, 0xdd, 0x02, 0xde, 0xff, 0xdd, 0x00, 0xde,
  0xff, 0xdd, 0x02, 0xde, 0xfe, 0xdd, 0x02, 0xdf, 0xff, 0xde, 0xff, 0xde,
  0x02, 0xdf, 0xfd, 0xde, 0x04, 0xdf, 0xfc, 0xdf, 0x03, 0xe0, 0xfe, 0xdf,
  0x01, 0xe1, 0x00, 0xe1, 0x00, 0xe1, 0xff, 0xe0, 0x02, 0xe2, 0xfe, 0xe1,
  0x01, 0xe2, 0x00, 0xe2, 0x00, 0xe3, 0x00, 0xe3, 0x00, 0xe3, 0xff, 0xe2,
  0x02, 0xe4, 0xfe, 0xe3, 0x02, 0xe4, 0xfe, 0xe4, 0x02, 0xe5, 0xfe, 0xe5,
  0x02, 0xe6, 0xff, 0xe6, 0xff, 0xe6, 0x03, 0xe8, 0xfc, 0xe7, 0x03, 0xe9,
  0xff, 0xe9, 0xff, 0xe9, 0x02, 0xeb, 0xff, 0xeb, 0xff, 0xeb, 0x02, 0xed,
  0xfe, 0xec, 0x02, 0xee, 0xff, 0xee, 0x00, 0xf0, 0x00, 0xf1, 0x00, 0xf1,
  0x00, 0xf2, 0x01, 0xf3, 0xfe, 0xf3, 0x02, 0xf5, 0xfe, 0xf5, 0x02, 0xf7,
  0xff, 0xf7, 0x00, 0xf9, 0x00, 0xfa, 0x00, 0xfb, 0x00, 0xfc, 0x00, 0xfd,
  0x00, 0xfe, 0x00, 0xff, 0x00, 0x00, 0x00, 0x01, 0xff, 0x01, 0x01, 0x04,
  0x00, 0x05, 0x00, 0x06, 0x00, 0x06, 0xff, 0x07, 0x02, 0x09, 0xfe, 0x09,
  0x01, 0x0b, 0x00, 0x0c, 0x00, 0x0d, 0x00, 0x0e, 0x00, 0x0f, 0x00, 0x10,
  0x00, 0x11, 0x00, 0x12, 0x00, 0x13, 0x00, 0x14, 0x01, 0x15, 0xfe, 0x14,
  0x03, 0x16, 0xfd, 0x16, 0x02, 0x18, 0xff, 0x18, 0x00, 0x19, 0x01, 0x1a,
  0xff, 0x19, 0x01, 0x1b, 0xff, 0x1a, 0x00, 0x1c, 0x01, 0x1c, 0xff, 0x1c,
  0x01, 0x1d, 0xff, 0x1d, 0x01, 0x1e, 0xff, 0x1d, 0x02, 0x1f, 0xfd, 0x1e,
  0x02, 0x20, 0x00, 0x20, 0xff, 0x1f, 0x02, 0x20, 0xfe, 0x20, 0x00, 0x21,
  0x01, 0x21, 0xff, 0x20, 0x01, 0x21, 0x00, 0x21, 0xff, 0x20, 0x00, 0x21,
  0x00, 0x22, 0x01, 0x22, 0xff, 0x21, 0x00, 0x22, 0x01, 0x21, 0xfe, 0x20,
  0x03, 0x21, 0xfd, 0x20, 0x02, 0x21, 0xff, 0x20, 0x00, 0x21, 0x01, 0x21,
  0xff, 0x20, 0x00, 0x21, 0x01, 0x21, 0xff, 0x1f, 0x01, 0x20, 0xff, 0x1f,
  0x00, 0x20, 0x01, 0x20, 0xff, 0x1e, 0x01, 0x1f, 0xff, 0x1e, 0x00, 0x1f,
  0x01, 0x1e, 0xff, 0x1d, 0x00, 0x1e, 0x01, 0x1e, 0xfe, 0x1c, 0x02, 0x1d,
  0xfe, 0x1c, 0x02, 0x1d, 0xff, 0x1b, 0x00, 0x1c, 0x00, 0x1c, 0x00, 0x1b,
  0xff, 0x1a, 0x03, 0x1b, 0xfc, 0x1a, 0x04, 0x1a, 0xfd, 0x19, 0x01, 0x19,
  0x00, 0x19, 0x00, 0x18, 0x00, 0x18, 0x00, 0x17, 0x00, 0x16, 0xff, 0x15,
  0x01, 0x16, 0x00, 0x15, 0xff, 0x13, 0x02, 0x13, 0xfd, 0x12, 0x03, 0x12,
  0xfd, 0x10, 0x03, 0x10, 0xfe, 0x0e, 0x01, 0x0f, 0x00, 0x0e, 0xff, 0x0c,
  0x02, 0x0c, 0xfd, 0x0a, 0x03, 0x0a, 0xfe, 0x08, 0x02, 0x08, 0xfe, 0x06,
  0x02, 0x06, 0xfd, 0x04, 0x04, 0x04, 0xfc, 0x02, 0x03, 0x01, 0xfe, 0xff,
  0x02, 0x00, 0xfd, 0xfe, 0x04, 0xfd, 0xfc, 0xfb, 0x03, 0xfb, 0xfe, 0xf9,
  0x01, 0xf9, 0x00, 0xf8, 0x00, 0xf6, 0x00, 0xf5, 0x00, 0xf4, 0x00, 0xf3,
  0x00, 0xf2, 0x00, 0xf1, 0x00, 0xf0, 0x00, 0xef, 0x00, 0xee, 0x01, 0xed,
  0xfe, 0xeb, 0x02, 0xeb, 0xfe, 0xe9, 0x02, 0xe9, 0xff, 0xe7, 0x00, 0xe7,
  0x01, 0xe7, 0xfd, 0xe5, 0x04, 0xe5, 0xfd, 0xe4, 0x02, 0xe4, 0xff, 0xe2,
  0xff, 0xe2, 0x02, 0xe2, 0xfe, 0xe1, 0x02, 0xe1, 0xff, 0xe0, 0xff, 0xe0,
  0x02, 0xe0, 0xfe, 0xdf, 0x02, 0xe0, 0xff, 0xde, 0x00, 0xdf, 0xff, 0xde,
  0x02, 0xdf, 0xfe, 0xde, 0x02, 0xdf, 0xff, 0xdd, 0x00, 0xde, 0x00, 0xde,
  0x00, 0xde, 0xff, 0xdd, 0x02, 0xde, 0xfe, 0xdd, 0x02, 0xde, 0xfe, 0xdd,
  0x01, 0xde, 0x00, 0xde, 0xff, 0xdd, 0x01, 0xdf, 0x00, 0xdf, 0x00, 0xdf,
  0x00, 0xdf, 0xff, 0xde, 0x01, 0xdf, 0x00, 0xe0, 0x00, 0xe0, 0x00, 0xe0,
  0xff, 0xdf, 0x01, 0xe0, 0x00, 0xe0, 0xff, 0xe0, 0x01, 0xe1, 0xff, 0xe0,
  0x01, 0xe2, 0xff, 0xe1, 0x02, 0xe2, 0xfc, 0xe2, 0x04, 0xe3, 0xfd, 0xe2,
  0x02, 0xe4, 0x00, 0xe4, 0xfe, 0xe3, 0x02, 0xe5, 0xfe, 0xe4, 0x02, 0xe6,
  0xff, 0xe5, 0x00, 0xe6, 0x00, 0xe7, 0x00, 0xe8, 0xff, 0xe7, 0x02, 0xe9,
  0xfe, 0xe8, 0x02, 0xea, 0xff, 0xe9, 0xfe, 0xea, 0x04, 0xec, 0xfc, 0xec,
  0x04, 0xed, 0xfd, 0xed, 0x01, 0xef, 0x00, 0xef, 0x00, 0xf0, 0x01, 0xf1,
  0xfe, 0xf1, 0x02, 0xf3, 0xff, 0xf3, 0x00, 0xf5, 0x00, 0xf6, 0x01, 0xf6,
  0xfe, 0xf7, 0x03, 0xf9, 0xfc, 0xf9, 0x04, 0xfb, 0xfd, 0xfb, 0x02, 0xfd,
  0xff, 0xfd, 0x00, 0xff, 0x00, 0x00, 0x00, 0x01, 0x01, 0x02, 0xff, 0x02,
  0x01, 0x04, 0xff, 0x05, 0x00, 0x07, 0x01, 0x08, 0xff, 0x08, 0x00, 0x0a,
  0x02, 0x0b, 0xfd, 0x0b, 0x03, 0x0d, 0xfd, 0x0d, 0x01, 0x0f, 0x01, 0x10,
  0xff, 0x10, 0x01, 0x12, 0xff, 0x11, 0x00, 0x13, 0x00, 0x14, 0x00, 0x15,
  0x01, 0x16, 0xfe, 0x16, 0x02, 0x17, 0xff, 0x17, 0x00, 0x19, 0x01, 0x19,
  0xfe, 0x19, 0x02, 0x1a, 0xff, 0x1a, 0x00, 0x1c, 0x01, 0x1c, 0xfe, 0x1b,
  0x02, 0x1d, 0xff, 0x1c, 0x00, 0x1e, 0x01, 0x1e, 0xff, 0x1d, 0x01, 0x1f,
  0xfe, 0x1e, 0x03, 0x1f, 0xfd, 0x1f, 0x03, 0x20, 0xfe, 0x1f, 0x01, 0x20,
  0x00, 0x20, 0xff, 0x1f, 0x01, 0x20, 0xff, 0x20, 0x02, 0x21, 0xfe, 0x20,
  0x01, 0x21, 0x00, 0x21, 0xff, 0x20, 0x01, 0x21, 0x00, 0x21, 0xff, 0x20,
  0x01, 0x21, 0xff, 0x20, 0x01, 0x21, 0xff, 0x1f, 0x01, 0x20, 0xfe, 0x1f,
  0x03, 0x20, 0xfd, 0x1f, 0x03, 0x20, 0xfc, 0x1f, 0x03, 0x1f, 0xff, 0x1e,
  0x01, 0x1f, 0xfe, 0x1e, 0x02, 0x1f, 0xfe, 0x1d, 0x02, 0x1e, 0xfe, 0x1d,
  0x01, 0x1e, 0x00, 0x1d, 0xff, 0x1c, 0x02, 0x1d, 0xfd, 0x1c, 0x03, 0x1c,
  0xfe, 0x1b, 0x01, 0x1b, 0x00, 0x1b, 0xff, 0x1a, 0x01, 0x1a, 0x00, 0x1a,
  0xff, 0x18, 0x02, 0x19, 0xfd, 0x17, 0x03, 0x18, 0xfe, 0x16, 0x01, 0x17,
  0x00, 0x16, 0xff, 0x15, 0x02, 0x15, 0xfe, 0x13, 0x01, 0x14, 0x00, 0x13,
  0xff, 0x11, 0x02, 0x12, 0xff, 0x10, 0xfe, 0x0f, 0x04, 0x0f, 0xfb, 0x0e,
  0x05, 0x0e, 0xfd, 0x0c, 0x00, 0x0c, 0x01, 0x0b, 0x00, 0x0a, 0xff, 0x08,
  0x02, 0x08, 0xfd, 0x06, 0x03, 0x06, 0xfe, 0x04, 0x01, 0x04, 0x00, 0x03,
  0x00, 0x02, 0x00, 0x01, 0x00, 0x00, 0xff, 0xfe, 0x02, 0xfe, 0xfe, 0xfc,
  0x02, 0xfc, 0xfe, 0xfa, 0x02, 0xf9, 0xfe, 0xf7, 0x01, 0xf7, 0x00, 0xf6,
  0xff, 0xf4, 0x02, 0xf4, 0xfd, 0xf2, 0x03, 0xf2, 0xfe, 0xf0, 0x00, 0xf0,
  0x02, 0xef, 0xfd, 0xed, 0x03, 0xed, 0xfe, 0xec, 0x00, 0xec, 0x02, 0xeb,
  0xfd, 0xe9, 0x04, 0xe9, 0xfc, 0xe7, 0x03, 0xe8, 0xfe, 0xe6, 0x02, 0xe6,
  0xfe, 0xe4, 0x02, 0xe5, 0xfd, 0xe3, 0x04, 0xe4, 0xfc, 0xe2, 0x04, 0xe3,
  0xfd, 0xe1, 0x00, 0xe2, 0x03, 0xe1, 0xfb, 0xe0, 0x05, 0xe0, 0xfd, 0xdf,
  0x00, 0xe0, 0x03, 0xe0, 0xfc, 0xde, 0x03, 0xdf, 0xff, 0xde, 0xfe, 0xde,
  0x05, 0xdf, 0xfb, 0xdd, 0x03, 0xde, 0x00, 0xde, 0xfe, 0xdd, 0x01, 0xde,
  0x02, 0xde, 0xfc, 0xdd, 0x04, 0xde, 0xfd, 0xdd, 0x01, 0xde, 0x01, 0xde,
  0xfe, 0xdd, 0x02, 0xde, 0xfe, 0xdd, 0x01, 0xde, 0x00, 0xdf, 0x00, 0xdf,
  0x00, 0xdf, 0x01, 0xdf, 0xfe, 0xde, 0x02, 0xdf, 0xfe, 0xde, 0x02, 0xe0,
  0xfe, 0xdf, 0x03, 0xe0, 0xfd, 0xdf, 0x02, 0xe0, 0xfe, 0xe0, 0x02, 0xe1,
  0xff, 0xe0, 0x00, 0xe1, 0x01, 0xe2, 0xfe, 0xe1, 0x02, 0xe2, 0xfe, 0xe1,
  0x01, 0xe3, 0x01, 0xe3, 0xfe, 0xe2, 0x03, 0xe4, 0xfb, 0xe3, 0x06, 0xe5,
  0xfa, 0xe4, 0x05, 0xe5, 0xfd, 0xe5, 0x01, 0xe6, 0x00, 0xe7, 0x00, 0xe7,
  0x00, 0xe8, 0xff, 0xe7, 0x02, 0xe9, 0xfe, 0xe9, 0x02, 0xea, 0xfe, 0xea,
  0x01, 0xeb, 0xff, 0xeb, 0x03, 0xed, 0xfb, 0xed, 0x06, 0xee, 0xf9, 0xee,
  0x06, 0xf0, 0xfd, 0xf0, 0x01, 0xf2, 0x00, 0xf2, 0x00, 0xf3, 0xff, 0xf3,
  0x02, 0xf5, 0xfe, 0xf5, 0x02, 0xf7, 0xfe, 0xf7, 0x02, 0xf9, 0xfe, 0xf9,
  0x02, 0xfb, 0xfe, 0xfb, 0x02, 0xfd, 0xfe, 0xfd, 0x02, 0xff, 0xfe, 0xff,
  0x02, 0x01, 0xff, 0x02, 0x01, 0x04, 0xfe, 0x04, 0x02, 0x06, 0xfe, 0x06,
  0x03, 0x08, 0xfd, 0x08, 0x03, 0x0a, 0xfc, 0x0a, 0x05, 0x0c, 0xfb, 0x0c,
  0x03, 0x0e, 0x00, 0x0f, 0xfe, 0x0f, 0x03, 0x11, 0xfd, 0x11, 0x02, 0x13,
  0x00, 0x14, 0xfe, 0x14, 0x03, 0x15, 0xfd, 0x15, 0x02, 0x17, 0x00, 0x18,
  0xfe, 0x17, 0x03, 0x19, 0xfd, 0x19, 0x02, 0x1a, 0x00, 0x1b, 0xff, 0x1a,
  0x02, 0x1c, 0xfe, 0x1b, 0x00, 0x1d, 0x01, 0x1d, 0x00, 0x1e, 0x00, 0x1e,
  0x00, 0x1e, 0xff, 0x1e, 0x01, 0x1f, 0xff, 0x1e, 0x01, 0x1f, 0xff, 0x1f,
  0x01, 0x20, 0x00, 0x20, 0xff, 0x1f, 0x01, 0x21, 0xff, 0x20, 0x01, 0x21,
  0xff, 0x20, 0x02, 0x21, 0xfd, 0x20, 0x03, 0x21, 0xfe, 0x20, 0x01, 0x21,
  0x00, 0x21, 0xff, 0x20, 0x01, 0x21, 0x00, 0x21, 0xff, 0x20, 0x01, 0x21,
  0xff, 0x1f, 0x01, 0x20, 0x00, 0x20, 0xff, 0x1f, 0x01, 0x20, 0xff, 0x1f,
  0x02, 0x20, 0xfe, 0x1e, 0x02, 0x1f, 0xfe, 0x1e, 0x01, 0x1f, 0x00, 0x1e,
  0xff, 0x1d, 0x03, 0x1e, 0xfb, 0x1d, 0x06, 0x1d, 0xfa, 0x1c, 0x04, 0x1d,
  0xff, 0x1c, 0xff, 0x1b, 0x02, 0x1c, 0xfe, 0x1b, 0x01, 0x1b, 0x00, 0x1b,
  0x00, 0x1b, 0x00, 0x1a, 0xff, 0x19, 0x02, 0x19, 0xfe, 0x18, 0x01, 0x18,
  0x00, 0x18, 0x00, 0x17, 0x00, 0x17, 0x00, 0x16, 0x00, 0x16, 0x00, 0x15,
  0x00, 0x14, 0x01, 0x13, 0xfe, 0x12, 0x02, 0x12, 0xfe, 0x10, 0x02, 0x10,
  0xff, 0x0f, 0x01, 0x0f, 0xfe, 0x0d, 0x01, 0x0d, 0x01, 0x0c, 0xfe, 0x0a,
  0x03, 0x0a, 0xfc, 0x08, 0x04, 0x08, 0xfd, 0x06, 0x03, 0x06, 0xfc, 0x04,
  0x04, 0x03, 0xfd, 0x01, 0x02, 0x01, 0x00, 0x00, 0xfe, 0xfe, 0x02, 0xfe,
  0xff, 0xfc, 0x01, 0xfb, 0xff, 0xf9, 0x01, 0xf9, 0xff, 0xf7, 0x00, 0xf7,
  0x02, 0xf6, 0xfd, 0xf4, 0x03, 0xf4, 0xfe, 0xf2, 0x01, 0xf1, 0x00, 0xf0,
  0x00, 0xf0, 0xff, 0xee, 0x02, 0xee, 0xfd, 0xeb, 0x03, 0xeb, 0xfe, 0xea,
  0x01, 0xea, 0x00, 0xe9, 0xff, 0xe7, 0x01, 0xe8, 0xff, 0xe6, 0x01, 0xe6,
  0xff, 0xe4, 0x02, 0xe4, 0xfe, 0xe3, 0x02, 0xe4, 0xfe, 0xe2, 0x02, 0xe2,
  0xfe, 0xe1, 0x02, 0xe2, 0xfe, 0xe0, 0x02, 0xe1, 0xff, 0xdf, 0x00, 0xe0,
  0x00, 0xe0, 0xff, 0xde, 0x01, 0xdf, 0x00, 0xdf, 0xff, 0xde, 0x01, 0xde,
  0xfe, 0xdd, 0x02, 0xde, 0x00, 0xde, 0xfe, 0xdd, 0x03, 0xde, 0xfc, 0xdd,
  0x03, 0xde, 0xff, 0xdd, 0x01, 0xde, 0xff, 0xdd, 0x01, 0xde, 0xfe, 0xdd,
  0x03, 0xde, 0xfd, 0xdd, 0x02, 0xde, 0xff, 0xdd, 0x01, 0xde, 0xff, 0xdd,
  0x01, 0xdf, 0xff, 0xde, 0x00, 0xdf, 0x02, 0xdf, 0xfe, 0xde, 0x01, 0xdf,
  0x00, 0xe0, 0xff, 0xdf, 0x01, 0xe0, 0x01, 0xe0, 0xfe, 0xe0, 0x02, 0xe1,
  0xfe, 0xe0, 0x02, 0xe1, 0xfe, 0xe1, 0x02, 0xe2, 0xfe, 0xe1, 0x02, 0xe2,
  0xff, 0xe2, 0x00, 0xe3, 0xff, 0xe2, 0x02, 0xe4, 0xfe, 0xe3, 0x02, 0xe4,
  0xfe, 0xe4, 0x01, 0xe5, 0x00, 0xe5, 0x00, 0xe6, 0x00, 0xe6, 0x00, 0xe7,
  0x00, 0xe7, 0x00, 0xe8, 0x00, 0xe8, 0x00, 0xe9, 0x01, 0xe9, 0xff, 0xe9,
  0xff, 0xea, 0x03, 0xeb, 0xfc, 0xeb, 0x04, 0xec, 0xfd, 0xec, 0x01, 0xee,
  0x00, 0xef, 0x00, 0xef, 0xff, 0xef, 0x02, 0xf1, 0xfe, 0xf1, 0x02, 0xf3,
  0xfe, 0xf3, 0x01, 0xf5, 0x00, 0xf5, 0x01, 0xf6, 0xfe, 0xf6, 0x02, 0xf8,
  0xfe, 0xf8, 0x02, 0xfa, 0xfe, 0xfa, 0x02, 0xfc, 0xfe, 0xfc, 0x02, 0xfe,
  0xfe, 0xfe, 0x02, 0x00, 0xfe, 0x01, 0x02, 0x03, 0xfe, 0x03, 0x02, 0x05,
  0xfe, 0x05, 0x01, 0x07, 0x00, 0x08, 0x00, 0x09, 0x00, 0x0a, 0xff, 0x0a,
  0x00, 0x0c, 0x01, 0x0d, 0x00, 0x0e, 0xff, 0x0e, 0x01, 0x10, 0xfe, 0x10,
  0x03, 0x12, 0xfe, 0x12, 0x01, 0x13, 0xfe, 0x13, 0x03, 0x15, 0xfc, 0x15,
  0x06, 0x17, 0xf9, 0x16, 0x06, 0x18, 0xfb, 0x18, 0x04, 0x19, 0xfe, 0x19,
  0x00, 0x1a, 0x02, 0x1b, 0xfc, 0x1b, 0x04, 0x1c, 0xfe, 0x1c, 0x00, 0x1d,
  0x01, 0x1d, 0xfe, 0x1d, 0x02, 0x1e, 0xff, 0x1d, 0x01, 0x1f, 0xfe, 0x1e,
  0x03, 0x1f, 0xfc, 0x1f, 0x04, 0x20, 0xfd, 0x1f, 0x03, 0x20, 0xfd, 0x20,
  0x02, 0x21, 0xfe, 0x20, 0x03, 0x21, 0xfd, 0x20, 0x03, 0x21, 0xfc, 0x20,
  0x04, 0x21, 0xfc, 0x20, 0x05, 0x21, 0xfb, 0x20, 0x05, 0x21, 0xfb, 0x20,
  0x03, 0x21, 0x00, 0x21, 0xfe, 0x20, 0x03, 0x21, 0xfd, 0x20, 0x02, 0x21,
  0xff, 0x1f, 0x00, 0x20, 0x01, 0x20, 0xfe, 0x1f, 0x02, 0x20, 0xfe, 0x1f,
  0x02, 0x1f, 0xff, 0x1e, 0x00, 0x1f, 0x00, 0x1f, 0x00, 0x1f, 0x00, 0x1e,
  0x01, 0x1e, 0xfe, 0x1d, 0x02, 0x1e, 0xff, 0x1c, 0xff, 0x1c, 0x03, 0x1d,
  0xfc, 0x1c, 0x03, 0x1c, 0xff, 0x1b, 0x00, 0x1c, 0x00, 0x1c, 0x01, 0x1b,
  0xfe, 0x1a, 0x01, 0x1a, 0x01, 0x1a, 0xfe, 0x19, 0x02, 0x19, 0xff, 0x18,
  0xff, 0x17, 0x02, 0x18, 0xfe, 0x16, 0x01, 0x17, 0x01, 0x16, 0xfd, 0x15,
  0x04, 0x15, 0xfc, 0x13, 0x03, 0x14, 0xfe, 0x12, 0x02, 0x12, 0xfe, 0x10,
  0x02, 0x10, 0xfe, 0x0f, 0x01, 0x0f, 0x00, 0x0e, 0x00, 0x0d, 0x00, 0x0c,
  0xff, 0x0a, 0x02, 0x0a, 0xfe, 0x08, 0x01, 0x08, 0x00, 0x07, 0x00, 0x06,
  0xff, 0x03, 0x02, 0x03, 0xfe, 0x01, 0x01, 0x01, 0x00, 0x00, 0x00, 0xff,
  0xff, 0xfc, 0x02, 0xfc, 0xfe, 0xfa, 0x01, 0xfa, 0x00, 0xf9, 0xff, 0xf7,
  0x02, 0xf7, 0xff, 0xf5, 0x00, 0xf4, 0x00, 0xf3, 0x00, 0xf2, 0x00, 0xf1,
  0x00, 0xf0, 0x01, 0xef, 0xfe, 0xed, 0x02, 0xed, 0xfe, 0xeb, 0x02, 0xeb,
  0xff, 0xe9, 0x00, 0xe9, 0x01, 0xe9, 0xfe, 0xe7, 0x03, 0xe7, 0xfd, 0xe5,
  0x03, 0xe5, 0xfd, 0xe4, 0x02, 0xe4, 0x00, 0xe4, 0xfe, 0xe2, 0x03, 0xe3,
  0xfd, 0xe1, 0x02, 0xe2, 0xff, 0xe0, 0x00, 0xe1, 0x00, 0xe1, 0x01, 0xe0,
  0xff, 0xdf, 0x00, 0xe0, 0x01, 0xe0, 0xfe, 0xde, 0x03, 0xdf, 0xfd, 0xde,
  0x02, 0xdf, 0xfe, 0xde, 0x02, 0xde, 0xff, 0xdd, 0x01, 0xde, 0xfe, 0xdd,
  0x03, 0xde, 0xfc, 0xdd, 0x05, 0xde, 0xfb, 0xdd, 0x04, 0xdf, 0xfe, 0xde,
  0x01, 0xdf, 0xff, 0xde, 0x01, 0xdf, 0xff, 0xde, 0x01, 0xdf, 0x00, 0xdf,
  0xff, 0xdf, 0x01, 0xe0, 0x00, 0xe0, 0xfe, 0xdf, 0x04, 0xe0, 0xfc, 0xe0,
  0x03, 0xe1, 0xfe, 0xe0, 0x01, 0xe1, 0x00, 0xe2, 0x00, 0xe2, 0xff, 0xe1,
  0x02, 0xe2, 0xfe, 0xe2, 0x02, 0xe3, 0xfe, 0xe3, 0x01, 0xe4, 0x00, 0xe4,
  0x00, 0xe5, 0x00, 0xe5, 0xff, 0xe5, 0x01, 0xe6, 0xff, 0xe6, 0x02, 0xe7,
  0xfd, 0xe7, 0x03, 0xe8, 0xfd, 0xe8, 0x02, 0xe9, 0x00, 0xea, 0xff, 0xea,
  0x01, 0xeb, 0xff, 0xeb, 0x01, 0xed, 0xff, 0xed, 0x02, 0xee, 0xfd, 0xee,
  0x03, 0xf0, 0xfd, 0xf0, 0x04, 0xf1, 0xfc, 0xf1, 0x03, 0xf3, 0xfe, 0xf3,
  0x01, 0xf5, 0x00, 0xf6, 0x00, 0xf7, 0xff, 0xf7, 0x02, 0xf9, 0xfe, 0xf9,
  0x01, 0xfb, 0x01, 0xfc, 0xfd, 0xfc, 0x04, 0xff, 0xfc, 0xff, 0x04, 0x01,
  0xfd, 0x01, 0x01, 0x03, 0x00, 0x04, 0x00, 0x05, 0x01, 0x06, 0xfe, 0x06,
  0x02, 0x09, 0xfe, 0x09, 0x02, 0x0b, 0xff, 0x0b, 0xff, 0x0c, 0x02, 0x0e,
  0xfe, 0x0e, 0x02, 0x10, 0xfe, 0x10, 0x02, 0x12, 0xfe, 0x12, 0x02, 0x14,
  0xfe, 0x14, 0x02, 0x15, 0xfe, 0x15, 0x02, 0x17, 0xfe, 0x17, 0x01, 0x19,
  0x01, 0x19, 0xfe, 0x19, 0x01, 0x1a, 0x00, 0x1b, 0x00, 0x1c, 0x00, 0x1c,
  0x00, 0x1d, 0x00, 0x1d, 0x00, 0x1d, 0x00, 0x1e, 0x00, 0x1e, 0x00, 0x1f,
  0x00, 0x1f, 0x00, 0x1f, 0x00, 0x20, 0x00, 0x20, 0x00, 0x20, 0x00, 0x20,
  0x00, 0x21, 0x01, 0x21, 0xfe, 0x20, 0x02, 0x21, 0xfd, 0x20, 0x05, 0x21,
  0xfa, 0x20, 0x06, 0x21, 0xfa, 0x20, 0x05, 0x21, 0xfc, 0x20, 0x04, 0x21,
  0xfc, 0x20, 0x04, 0x21, 0xfc, 0x20, 0x04, 0x21, 0xfd, 0x20, 0x02, 0x21,
  0xff, 0x20, 0x00, 0x20, 0x01, 0x20, 0xfe, 0x1f, 0x03, 0x20, 0xfc, 0x1f,
  0x05, 0x20, 0xfb, 0x1f, 0x04, 0x1f, 0xfd, 0x1e, 0x02, 0x1f, 0xff, 0x1e,
  0x01, 0x1e, 0xff, 0x1d, 0x01, 0x1e, 0xfe, 0x1d, 0x03, 0x1d, 0xfd, 0x1c,
  0x02, 0x1d, 0xff, 0x1c, 0x00, 0x1c, 0x01, 0x1c, 0x00, 0x1c, 0xff, 0x1a,
  0x01, 0x1b, 0xfe, 0x19, 0x04, 0x1a, 0xfc, 0x19, 0x03, 0x19, 0xfe, 0x18,
  0x00, 0x18, 0x02, 0x17, 0xfe, 0x16, 0x02, 0x16, 0xfd, 0x14, 0x03, 0x15,
  0xfd, 0x13, 0x04, 0x14, 0xfd, 0x12, 0x01, 0x12, 0x00, 0x11, 0xff, 0x10,
  0x02, 0x10, 0xfe, 0x0e, 0x01, 0x0e, 0xff, 0x0c, 0x02, 0x0c, 0xfd, 0x0a,
  0x03, 0x0a, 0xfe, 0x09, 0x01, 0x09, 0x00, 0x07, 0xfe, 0x05, 0x03, 0x05,
  0xfd, 0x03, 0x04, 0x03, 0xfb, 0x01, 0x05, 0x01, 0xfc, 0xff, 0x03, 0xff,
  0xfe, 0xfc, 0x01, 0xfc, 0xff, 0xfa, 0x02, 0xfb, 0xfe, 0xf8, 0x02, 0xf8,
  0xfe, 0xf6, 0x01, 0xf6, 0xff, 0xf4, 0x01, 0xf4, 0xff, 0xf2, 0x02, 0xf2,
  0xfd, 0xf0, 0x03, 0xf0, 0xfd, 0xed, 0x02, 0xed, 0x00, 0xed, 0xff, 0xeb,
  0x01, 0xeb, 0x00, 0xea, 0xfe, 0xe8, 0x04, 0xe8, 0xfb, 0xe6, 0x05, 0xe7,
  0xfd, 0xe5, 0x01, 0xe6, 0x00, 0xe5, 0xfe, 0xe3, 0x03, 0xe3, 0xfe, 0xe2,
  0x02, 0xe3, 0xfe, 0xe1, 0x01, 0xe1, 0x00, 0xe1, 0x00, 0xe1, 0x00, 0xe0,
  0x00, 0xe0, 0x00, 0xe0, 0x00, 0xdf, 0x00, 0xdf, 0x00, 0xdf, 0x00, 0xde,
  0x01, 0xde, 0xfd, 0xdd, 0x03, 0xde, 0xfe, 0xdd, 0x01, 0xde, 0x01, 0xde,
  0xfd, 0xdc, 0x03, 0xdd, 0xfe, 0xdc, 0x02, 0xdd, 0xfe, 0xdd, 0x01, 0xde,
  0xff, 0xdd, 0x02, 0xdd, 0xfe, 0xdc, 0x02, 0xde, 0xfd, 0xdd, 0x03, 0xde,
  0xfe, 0xdd, 0x01, 0xde, 0x00, 0xde, 0xfe, 0xdd, 0x04, 0xdf, 0xfc, 0xde,
  0x03, 0xdf, 0xfe, 0xde, 0x01, 0xdf, 0xff, 0xdf, 0x02, 0xe0, 0xfe, 0xdf,
  0x01, 0xe0, 0x00, 0xe0, 0xff, 0xe0, 0x02, 0xe1, 0xfd, 0xe0, 0x04, 0xe1,
  0xfb, 0xe1, 0x05, 0xe2, 0xfd, 0xe1, 0x01, 0xe2, 0x00, 0xe3, 0x00, 0xe3,
  0xff, 0xe2, 0x03, 0xe4, 0xfd, 0xe3, 0x02, 0xe4, 0xff, 0xe4, 0x00, 0xe5,
  0x01, 0xe5, 0x00, 0xe6, 0xff, 0xe5, 0x01, 0xe7, 0xff, 0xe6, 0x01, 0xe8,
  0x00, 0xe8, 0xff, 0xe8, 0x01, 0xe9, 0xff, 0xe9, 0x00, 0xeb, 0x01, 0xec,
  0xff, 0xeb, 0x01, 0xed, 0xff, 0xec, 0x01, 0xee, 0xff, 0xee, 0x01, 0xf0,
  0x00, 0xf1, 0xff, 0xf0, 0x02, 0xf2, 0xfe, 0xf2, 0x01, 0xf4, 0x01, 0xf5,
  0xfe, 0xf5, 0x03, 0xf7, 0xfd, 0xf7, 0x01, 0xf9, 0x01, 0xfa, 0xfe, 0xfa,
  0x03, 0xfc, 0xfe, 0xfc, 0x00, 0xfe, 0x01, 0xff, 0xfe, 0xff, 0x03, 0x01,
  0xfe, 0x01, 0x01, 0x04, 0x00, 0x05, 0xff, 0x05, 0x01, 0x07, 0x00, 0x08,
  0xff, 0x08, 0x01, 0x0a, 0xff, 0x0a, 0x01, 0x0c, 0xff, 0x0c, 0x01, 0x0e,
  0xff, 0x0e, 0x00, 0x10, 0x01, 0x11, 0xff, 0x11, 0x01, 0x13, 0xff, 0x13,
  0x00, 0x14, 0x01, 0x15, 0xfe, 0x15, 0x03, 0x17, 0xfd, 0x17, 0x02, 0x19,
  0xff, 0x18, 0x01, 0x1a, 0xff, 0x19, 0x01, 0x1b, 0xff, 0x1a, 0x02, 0x1c,
  0xfe, 0x1b, 0x02, 0x1d, 0xfe, 0x1c, 0x02, 0x1d, 0xfe, 0x1d, 0x02, 0x1e,
  0xfe, 0x1e, 0x02, 0x1f, 0xfe, 0x1e, 0x01, 0x1f, 0x00, 0x1f, 0x00, 0x20,
  0x00, 0x20, 0xff, 0x1f, 0x01, 0x21, 0xff, 0x20, 0x02, 0x21, 0xfe, 0x20,
  0x01, 0x21, 0x00, 0x21, 0xff, 0x20, 0x02, 0x21, 0xfe, 0x20, 0x01, 0x21,
  0x00, 0x21, 0xff, 0x20, 0x01, 0x21, 0x01, 0x21, 0xfd, 0x20, 0x03, 0x21,
  0xfd, 0x20, 0x03, 0x21, 0xfe, 0x20, 0x01, 0x20, 0xff, 0x1f, 0x01, 0x20,
  0x00, 0x20, 0x00, 0x20, 0x00, 0x1f, 0xff, 0x1e, 0x01, 0x1f, 0x00, 0x1f,
  0xff, 0x1e, 0x02, 0x1e, 0xfe, 0x1d, 0x01, 0x1e, 0x00, 0x1d, 0xff, 0x1c,
  0x01, 0x1d, 0x00, 0x1c, 0xff, 0x1b, 0x02, 0x1c, 0xfd, 0x1b, 0x03, 0x1b,
  0xfd, 0x1a, 0x03, 0x1a, 0xfe, 0x19, 0x01, 0x19, 0x00, 0x19, 0xff, 0x18,
  0x01, 0x18, 0xff, 0x16, 0x02, 0x17, 0xfe, 0x15, 0x02, 0x16, 0xfe, 0x14,
  0x01, 0x14, 0xff, 0x13, 0x02, 0x13, 0xfe, 0x11, 0x02, 0x11, 0xfe, 0x0f,
  0x02, 0x0f, 0xfe, 0x0d, 0x02, 0x0e, 0xfe, 0x0b, 0x01, 0x0b, 0x01, 0x0a,
  0xfd, 0x09, 0x04, 0x09, 0xfc, 0x06, 0x04, 0x06, 0xfc, 0x04, 0x04, 0x04,
  0xfc, 0x02, 0x03, 0x02, 0x00, 0x01, 0xfe, 0xff, 0x03, 0xfe, 0xfd, 0xfc,
  0x01, 0xfc, 0x01, 0xfb, 0xff, 0xf9, 0x01, 0xf8, 0x05, 0xf7, 0x10, 0xf6,
  0x16, 0xf5, 0x24, 0xf4, 0x2e, 0xf3, 0x3e, 0xf2, 0x4a, 0xf1, 0x5e, 0xf0,
  0x6d, 0xef, 0x83, 0xee, 0x96, 0xed, 0xad, 0xec, 0xc6, 0xeb, 0xdd, 0xea,
  0xfa, 0xe9, 0x08, 0xea, 0x27, 0xe9, 0x45, 0xe8, 0x63, 0xe7, 0x79, 0xe7,
  0x96, 0xe6, 0xbf, 0xe5, 0xcf, 0xe5, 0xf6, 0xe4, 0x0c, 0xe5, 0x31, 0xe4,
  0x48, 0xe4, 0x74, 0xe3, 0x86, 0xe3, 0xa0, 0xe3, 0xca, 0xe2, 0xe4, 0xe2,
  0xf7, 0xe2, 0x14, 0xe3, 0x25, 0xe3, 0x5a, 0xe2, 0x70, 0xe2, 0x87, 0xe2,
  0xa2, 0xe2, 0xb7, 0xe2, 0xd0, 0xe2, 0xe8, 0xe2, 0x1d, 0xe2, 0x39, 0xe2,
  0x2c, 0xe3, 0x48, 0xe3, 0x60, 0xe3, 0x73, 0xe3, 0x93, 0xe3, 0xa0, 0xe3,
  0xc3, 0xe3, 0xd1, 0xe3, 0xf1, 0xe3, 0x02, 0xe4, 0x1f, 0xe4, 0x0c, 0xe5,
  0x22, 0xe5, 0x3c, 0xe5, 0x50, 0xe5, 0x6a, 0xe5, 0x53, 0xe6, 0x6a, 0xe6,
  0x81, 0xe6, 0x95, 0xe6, 0xb0, 0xe6, 0x91, 0xe7, 0xab, 0xe7, 0xbe, 0xe7,
  0xa4, 0xe8, 0xb7, 0xe8, 0xce, 0xe8, 0xad, 0xe9, 0xc2, 0xe9, 0xa0, 0xea,
  0xb6, 0xea, 0xc6, 0xea, 0xa6, 0xeb, 0xb5, 0xeb, 0x90, 0xec, 0xa3, 0xec,
  0x79, 0xed, 0x52, 0xee, 0x5f, 0xee, 0x36, 0xef, 0x43, 0xef, 0x17, 0xf0,
  0xe7, 0xf0, 0xb6, 0xf1, 0xc3, 0xf1, 0x91, 0xf2, 0x5a, 0xf3, 0x27, 0xf4,
  0xee, 0xf4, 0xb4, 0xf5, 0x7c, 0xf6, 0x82, 0xf6, 0x4a, 0xf7, 0x06, 0xf8,
  0xcf, 0xf8, 0x83, 0xf9, 0x4c, 0xfa, 0xff, 0xfa, 0xbf, 0xfb, 0x77, 0xfc,
  0xe4, 0xfd, 0x98, 0xfe, 0x4d, 0xff, 0x00, 0x00, 0xb1, 0x00, 0x14, 0x02,
  0xbd, 0x02, 0x6f, 0x03, 0x14, 0x04, 0xc3, 0x04, 0x68, 0x05, 0x0e, 0x06,
  0x62, 0x07, 0x01, 0x08, 0xa5, 0x08, 0x45, 0x09, 0xe3, 0x09, 0x80, 0x0a,
  0x1d, 0x0b, 0xb5, 0x0b, 0x50, 0x0c, 0xe7, 0x0c, 0x7d, 0x0d, 0x10, 0x0e,
  0xa7, 0x0e, 0x90, 0x0e, 0x29, 0x0f, 0xb1, 0x0f, 0xa4, 0x0f, 0x30, 0x10,
  0x1b, 0x10, 0xab, 0x10, 0x91, 0x10, 0x21, 0x11, 0x07, 0x11, 0x92, 0x11,
  0x7a, 0x11, 0x00, 0x12, 0xec, 0x11, 0xd2, 0x11, 0x59, 0x12, 0x3f, 0x12,
  0x2a, 0x12, 0x14, 0x12, 0x90, 0x12, 0x7c, 0x12, 0x63, 0x12, 0xe0, 0x12,
  0xc5, 0x12, 0xb1, 0x12, 0x97, 0x12, 0x7f, 0x12, 0x69, 0x12, 0x4e, 0x12,
  0x3b, 0x12, 0x1e, 0x12, 0x0b, 0x12, 0xef, 0x11, 0xd9, 0x11, 0xc3, 0x11,
  0xa7, 0x11, 0x94, 0x11, 0x78, 0x11, 0x64, 0x11, 0x48, 0x11, 0x35, 0x11,
  0x18, 0x11, 0x06, 0x11, 0xe8, 0x10, 0x53, 0x10, 0x38, 0x10, 0x24, 0x10,
  0x0b, 0x10, 0xf4, 0x0f, 0xdd, 0x0f, 0x4a, 0x0f, 0x2f, 0x0f, 0x1f, 0x0f,
  0x01, 0x0f, 0xf1, 0x0e, 0x5e, 0x0e, 0x47, 0x0e, 0x34, 0x0e, 0x1c, 0x0e,
  0x8f, 0x0d, 0x7d, 0x0d, 0x61, 0x0d, 0x57, 0x0d, 0xc0, 0x0c, 0xba, 0x0c,
  0x99, 0x0c, 0x1b, 0x0c, 0x02, 0x0c, 0x81, 0x0b, 0x6c, 0x0b, 0xec, 0x0a,
  0xd6, 0x0a, 0x5a, 0x0a, 0x44, 0x0a, 0x39, 0x0a, 0xb5, 0x09, 0x3e, 0x09,
  0x2a, 0x09, 0xb3, 0x08, 0x3b, 0x08, 0xc0, 0x07, 0xb8, 0x07, 0x3e, 0x07,
  0xcd, 0x06, 0x5d, 0x06, 0x4c, 0x06, 0xe3, 0x05, 0x6e, 0x05, 0x06, 0x05,
  0x98, 0x04, 0x30, 0x04, 0xc5, 0x03, 0x61, 0x03, 0xf7, 0x02, 0x97, 0x02,
  0x33, 0x02, 0xd0, 0x01, 0x72, 0x01, 0x13, 0x01, 0xb4, 0x00, 0x02, 0x00,
  0xa6, 0xff, 0x4e, 0xff, 0xf9, 0xfe, 0xa3, 0xfe, 0x4e, 0xfe, 0xfe, 0xfd,
  0xac, 0xfd, 0x5d, 0xfd, 0x10, 0xfd, 0x70, 0xfc, 0x24, 0xfc, 0xde, 0xfb,
  0x94, 0xfb, 0x51, 0xfb, 0x09, 0xfb, 0xca, 0xfa, 0x84, 0xfa, 0x47, 0xfa,
  0x07, 0xfa, 0xca, 0xf9, 0x8d, 0xf9, 0x56, 0xf9, 0x62, 0xf9, 0x2e, 0xf9,
  0xf3, 0xf8, 0xc2, 0xf8, 0x8a, 0xf8, 0xa0, 0xf8, 0x6e, 0xf8, 0x82, 0xf8,
  0x51, 0xf8, 0x27, 0xf8, 0x35, 0xf8, 0x53, 0xf8, 0x23, 0xf8, 0x3a, 0xf8,
  0x12, 0xf8, 0x29, 0xf8, 0xff, 0xf7, 0x1d, 0xf8, 0x2d, 0xf8, 0x4c, 0xf8,
  0x24, 0xf8, 0x3e, 0xf8, 0x57, 0xf8, 0x6e, 0xf8, 0x8a, 0xf8, 0x9e, 0xf8,
  0xb9, 0xf8, 0xd2, 0xf8, 0xb1, 0xf8, 0xd3, 0xf8, 0xe1, 0xf8, 0x06, 0xf9,
  0x14, 0xf9, 0x36, 0xf9, 0x49, 0xf9, 0x67, 0xf9, 0xac, 0xf9, 0xc9, 0xf9,
  0xdc, 0xf9, 0xfa, 0xf9, 0x0d, 0xfa, 0x2b, 0xfa, 0x3e, 0xfa, 0x87, 0xfa,
  0x9a, 0xfa, 0xb4, 0xfa, 0xcb, 0xfa, 0xe4, 0xfa, 0x20, 0xfb, 0x3b, 0xfb,
  0x4f, 0xfb, 0x66, 0xfb, 0xa5, 0xfb, 0xb5, 0xfb, 0xd3, 0xfb, 0xe1, 0xfb,
  0xff, 0xfb, 0x31, 0xfc, 0x48, 0xfc, 0x5f, 0xfc, 0x91, 0xfc, 0xa6, 0xfc,
  0xbd, 0xfc, 0xcf, 0xfc, 0x01, 0xfd, 0x16, 0xfd, 0x27, 0xfd, 0x59, 0xfd,
  0x68, 0xfd, 0x7f, 0xfd, 0xa7, 0xfd, 0xba, 0xfd, 0xe5, 0xfd, 0xf3, 0xfd,
  0x1e, 0xfe, 0x2a, 0xfe, 0x53, 0xfe, 0x60, 0xfe, 0x83, 0xfe, 0x95, 0xfe,
  0xb0, 0xfe, 0xd5, 0xfe, 0xea, 0xfe, 0x0c, 0xff, 0x15, 0xff, 0x30, 0xff,
  0x48, 0xff, 0x5d, 0xff, 0x73, 0xff, 0x7d, 0xff, 0x8e, 0xff, 0xa3, 0xff,
  0xaf, 0xff, 0xc0, 0xff, 0xcb, 0xff, 0xd9, 0xff, 0xe1, 0xff, 0xea, 0xff,
  0xf2, 0xff, 0xf7, 0xff, 0xfc, 0xff, 0xff, 0xff, 0xff, 0xff
};
unsigned int HUM_wav_len = 129490;
